{"type":"FeatureCollection","features":[{"type":"Feature","properties":{"id":"usa","name":"United States","short":"USA","color":"#4E7191","status":"Confirmed","article":"../../polities/united-states/","geometry_model":"v0.10.4 shared-feature topology: approved border routes preserved; neighboring fills locally meet those same routes."},"geometry":{"type":"MultiPolygon","coordinates":[[[[-82.16460418701169,24.564371109008796],[-82.1586532592773,24.5477161407471],[-82.1152267456055,24.550094604492198],[-82.1021423339844,24.5851917266846],[-82.1414031982422,24.598279953002898],[-82.1437835693359,24.584596633911097],[-82.11106109619139,24.579837799072298],[-82.1140365600586,24.563777923584002],[-82.16460418701169,24.564371109008796]]],[[[-82.09811499999999,26.424958999999998],[-82.013713,26.454258],[-82.0625505625554,26.4701308685748],[-82.08842333921949,26.455182166539],[-82.16604158007759,26.4896791686658],[-82.25515883278649,26.7081601877066],[-82.268007,26.682790999999998],[-82.205523,26.566536],[-82.180717,26.476257],[-82.09811499999999,26.424958999999998]]],[[[-82.75885009765629,27.600469589233402],[-82.76469421386719,27.5893001556396],[-82.7559280395508,27.575551986694297],[-82.76005554199219,27.5827693939209],[-82.75885009765629,27.600469589233402]]],[[[-82.4385757446289,27.8396034240723],[-82.4322204589844,27.8222885131836],[-82.4312210083008,27.8386077880859],[-82.4385757446289,27.8396034240723]]],[[[-82.43768310546879,27.865123748779297],[-82.4242782592773,27.868217468261697],[-82.4246215820313,27.884199142456097],[-82.4354476928711,27.884199142456097],[-82.43768310546879,27.865123748779297]]],[[[-82.832405090332,28.1067161560059],[-82.8422012329102,28.1254024505615],[-82.8427429199219,28.111225128173796],[-82.832405090332,28.1067161560059]]],[[[-82.85243225097659,28.2101726531982],[-82.8405685424805,28.1630840301514],[-82.83798980712889,28.235435485839798],[-82.85243225097659,28.2101726531982]]],[[[-85.114268,29.688658],[-85.2225458520219,29.678039182603698],[-85.12491299999999,29.628432999999998],[-85.097218,29.633004],[-85.077237,29.670862],[-85.114268,29.688658]]],[[[-84.8133515416458,29.6870284849546],[-85.023501,29.597072999999998],[-85.097082,29.625214999999997],[-85.05103299999999,29.586928],[-84.957779,29.612634999999997],[-84.77695399999999,29.692190999999998],[-84.7137471191971,29.7413904003701],[-84.696726,29.76993],[-84.8133515416458,29.6870284849546]]],[[[-84.67468261718749,29.7862339019775],[-84.5799865722656,29.8068561553955],[-84.57397460937501,29.8305721282959],[-84.67468261718749,29.7862339019775]]],[[[-88.313323,30.230024],[-88.074854,30.249119],[-88.124658,30.28364],[-88.141143,30.255024],[-88.313323,30.230024]]],[[[-88.0533752441406,30.506986618042003],[-88.02398681640629,30.4903163909912],[-88.0349884033203,30.522453308105497],[-88.0533752441406,30.506986618042003]]],[[[-81.37526339789719,24.719052399219002],[-81.40276915559929,24.7491006515763],[-81.4310085488078,24.7517608839825],[-81.432031708102,24.7229075987665],[-81.4512672289357,24.7474635903608],[-81.45904329350239,24.7073554735986],[-81.5124000217807,24.7037373192917],[-81.53532349861379,24.6795403155108],[-81.56291656740001,24.6929123464056],[-81.58292254096301,24.658731937461],[-81.6870166108875,24.5925335877597],[-81.7987967827779,24.5956757314318],[-81.81289,24.546467999999997],[-81.602998,24.586444],[-81.51116499999999,24.625135],[-81.49857999999999,24.66498],[-81.470411,24.641985],[-81.414187,24.647167],[-81.395096,24.621062],[-81.298369,24.654325999999998],[-81.319282,24.701238],[-81.37526339789719,24.719052399219002]]],[[[-81.24323199999999,24.673997999999997],[-81.26000599999999,24.674847999999997],[-81.281778,24.65375],[-81.24323199999999,24.673997999999997]]],[[[-81.0503587558149,24.721029033005298],[-80.912042,24.76505],[-80.910431,24.782324],[-81.125371,24.708291],[-81.108041,24.688592],[-81.078439,24.692382],[-81.0503587558149,24.721029033005298]]],[[[-81.3422775268555,24.7383003234863],[-81.3032531738281,24.7140293121338],[-81.2974014282227,24.716732025146502],[-81.2984924316406,24.747817993164098],[-81.32463836669919,24.7672100067139],[-81.3422775268555,24.7383003234863]]],[[[-80.906874,24.783744],[-80.89264906450309,24.7859911207437],[-80.88401999999999,24.790414],[-80.89054,24.791677999999997],[-80.906874,24.783744]]],[[[-80.780564,24.840519999999998],[-80.850338,24.8026],[-80.796053,24.81194],[-80.780564,24.840519999999998]]],[[[-80.7046585083008,24.8986186981201],[-80.6970977783203,24.908584594726598],[-80.6998443603516,24.9089298248291],[-80.7046585083008,24.8986186981201]]],[[[-80.460652,25.078903999999998],[-80.545971,25.01477],[-80.570813,24.962215],[-80.621658,24.944264999999998],[-80.641306,24.914310999999998],[-80.7669654999999,24.836157999999998],[-80.571668,24.953659],[-80.47386999999999,25.060253],[-80.377084,25.130487],[-80.204197986347,25.4122438212951],[-80.174543837688,25.518405736936398],[-80.2142804079244,25.4169884999067],[-80.24630692893209,25.3986029015337],[-80.2925674081957,25.3143850680828],[-80.3681855355473,25.2823585714982],[-80.33378671115001,25.253890574534],[-80.3497999716538,25.2105954917473],[-80.3871642040211,25.198140738047197],[-80.3954673693234,25.150694072609298],[-80.4394028983185,25.1284527921804],[-80.43357499999999,25.106316999999997],[-80.4671779815741,25.0912650386347],[-80.460652,25.078903999999998]]],[[[-94.0875836738112,41.42269484334918],[-94.27271579191842,41.18607823905651],[-94.32670845385563,40.96853521165846],[-94.4666198154435,40.864327580847544],[-94.62866521688316,40.77572748019312],[-94.97892220526955,40.466674302345666],[-95.3390413347537,40.38378185561015],[-95.55531738198515,40.43015339288969],[-95.56675858879662,40.4621538404058],[-95.69184933420193,40.471213010607514],[-95.0476734,39.7691762],[-94.265625,38.6984375],[-94.03125,38.475],[-93.6210938,38.175],[-92.6492188,37.5757813],[-92.1648437,37.3414063],[-91.334375,37.0460938],[-89.5527381,36.560715],[-89.572422,36.5178661],[-89.5510623,36.4362741],[-89.6631886,36.2434087],[-89.6854893,36.2338668],[-89.6741714,36.0958252],[-89.7310257,36.0],[-89.9145161,36.0193548],[-90.65,35.4],[-90.9519737,34.4881579],[-91.0572205,34.3413849],[-91.0638885,34.2297211],[-90.9537025,34.1374639],[-91.0,34.0162048],[-91.0419082,33.9991885],[-91.0377443,33.9275251],[-91.0675018,33.8561854],[-91.0523212,33.8179875],[-91.0677795,33.7902832],[-91.1482473,33.7485107],[-91.1572266,33.5808334],[-91.0936029,33.1734458],[-90.9307692,33.0923077],[-90.8384615,32.8153846],[-90.7155533,32.678894],[-90.7841901,32.5729503],[-90.7319412,32.5663834],[-90.8288892,32.5000852],[-90.6923077,32.3769231],[-90.5538462,31.9615385],[-89.9914622,31.359239],[-89.7932899,31.1207877],[-89.7463913,31.0325012],[-89.7264675,30.9805801],[-89.7833405,30.8236084],[-89.6929268,30.7792683],[-89.6693103,30.6030259],[-89.7376351,30.526169],[-89.676384,30.4625015],[-89.668602,30.4024963],[-89.6308348,30.3392164],[-89.6105576,30.1816711],[-89.5373303,30.195532],[-89.52012534696395,30.172253491877452],[-89.4574966430664,30.177078247070312],[-89.35416412353516,30.369613647460938],[-88.85794067382812,30.388389587402344],[-88.93013763427734,30.430580139160156],[-88.1366958618164,30.31072235107422],[-88.03667223354512,30.65346983377333],[-88.00839599999999,30.684956],[-87.97512069657013,30.67117878390686],[-87.91011047363281,30.412139892578125],[-87.75844075426767,30.294691693563333],[-87.91721342791509,30.25204720337201],[-87.936041,30.261468999999998],[-88.03022003173828,30.221694946289062],[-87.80055999999999,30.229364999999998],[-87.295422,30.323503],[-87.206254,30.320943],[-86.750906,30.391880999999998],[-86.49495276975748,30.382807508806813],[-85.7352933036422,30.12299901318966],[-85.60117799999999,30.056341999999997],[-85.31647491455078,29.834197998046875],[-85.35722223055386,29.687713792208974],[-85.40515942578087,29.82548728347417],[-85.39246879339119,29.8709140374593],[-85.41464233398438,29.85552978515625],[-85.397871,29.740498],[-85.344768,29.654792999999998],[-85.121473,29.715854],[-84.993264,29.714961],[-84.92916305904944,29.76218060351618],[-84.87849692227785,29.773896839106108],[-84.901781,29.735723],[-84.888031,29.722406],[-84.72670265743241,29.808998338479263],[-84.34652709960938,29.89691162109375],[-84.339426,29.946006999999998],[-84.42537764772551,29.98313916636612],[-84.3420463216374,29.9671014099034],[-84.36196199999999,29.987738999999998],[-84.36254895874303,30.04069883995389],[-84.31877844073652,30.0687665209624],[-84.277168,30.060263],[-84.2564387241854,30.103791229421198],[-84.237014,30.085559999999997],[-84.19852999999999,30.087937],[-84.20558938203669,30.114323467765498],[-84.1749994112653,30.095763260780497],[-84.179149,30.073186999999997],[-84.09771594207928,30.094458472875292],[-83.68642299999999,29.923734999999997],[-83.58451808261029,29.804949662815567],[-83.57895469383979,29.7683779837496],[-83.51238459536916,29.716338767312365],[-83.40518696121137,29.584654043311794],[-83.4002521956967,29.517241948824697],[-83.31688370949874,29.4761797339533],[-83.06344866186677,29.16485267378365],[-83.053207,29.130838999999998],[-83.00771673594312,29.16409517698808],[-82.91754618742472,29.168620014876154],[-82.80473599999999,29.146624],[-82.816925,29.076214999999998],[-82.7597039200126,29.054192335496296],[-82.764055,28.999706999999997],[-82.7378722912684,28.995703158029798],[-82.688864,28.905609],[-82.73544311523438,28.85497283935547],[-82.7010302444849,28.7972236872704],[-82.7123725931978,28.7209206141101],[-82.6687217360295,28.695658110158497],[-82.6730849952529,28.6373013703331],[-82.654138,28.590836999999997],[-82.665055,28.484434],[-82.762643,28.219013],[-82.80509699999999,28.172181],[-82.78343945488623,28.088673541234694],[-82.8153007323473,27.989604133865686],[-82.8134350018171,28.0371599885727],[-82.8354245489331,28.094840869784196],[-82.82314664870984,27.965208053537328],[-82.85377502441406,27.869972229003906],[-82.746223,27.731306],[-82.733076,27.612972],[-82.69809099999999,27.638858],[-82.721622,27.663908],[-82.718822,27.692007],[-82.63982,27.703906999999997],[-82.622723,27.779868],[-82.586519,27.816703],[-82.59743668166844,27.853644474077953],[-82.58377838134766,27.880775451660156],[-82.72012199999999,27.936398999999998],[-82.6786064705673,27.9937150935647],[-82.6639807174107,27.997130510332166],[-82.5374984741211,27.83374786376953],[-82.475273,27.820991],[-82.48167838927344,27.8808205270206],[-82.45046416579946,27.907143250001848],[-82.41148490755948,27.89735822939917],[-82.43198,27.768092],[-82.482305,27.742649],[-82.477638,27.723004],[-82.514265,27.705588],[-82.570607,27.608881999999998],[-82.686421,27.497214999999997],[-82.74574799999999,27.538833999999998],[-82.28516829982911,26.819161339339043],[-82.259867,26.717398],[-82.2333107392387,26.7840535723304],[-82.1786904886567,26.772554571621498],[-82.14706825063429,26.789803067114],[-82.1752407984716,26.9168670344183],[-82.1079716281687,26.9576884908346],[-82.0631255443449,26.950214128675004],[-82.09625244140625,26.916641235351562],[-82.0780541866327,26.720198337285414],[-82.09302292613289,26.6656138625214],[-82.1390189289687,26.702985613432798],[-82.1735159422373,26.701835716704398],[-82.1815652416194,26.6817124626783],[-82.13786903224029,26.6374413272186],[-82.10567183471201,26.4839296683114],[-82.0717497586659,26.4925539160576],[-82.0671501717524,26.5132521240188],[-82.0246038591017,26.5126771756546],[-82.01377868652344,26.487442016601562],[-81.969509,26.476505],[-81.868983,26.378648],[-81.833142,26.294518],[-81.80464172363281,26.08916473388672],[-81.747834,25.994273],[-81.73208618164062,25.910804748535156],[-81.68480000000001,25.847205],[-81.64680871177639,25.896960438030344],[-81.52766527699269,25.901530948032],[-81.4175359233831,25.8649536868451],[-81.3527305415376,25.8220151661929],[-81.34040560806508,25.786630645971098],[-81.3618748838003,25.772715386075397],[-81.34607799999999,25.721473],[-81.290328,25.687506],[-81.253951,25.638181],[-81.20438899999999,25.538908],[-81.208201,25.504936999999998],[-81.168652,25.463848],[-81.150508,25.387255],[-81.117265,25.354953],[-81.14810299999999,25.332793],[-81.170907,25.245856999999997],[-81.133567,25.156295],[-81.079859,25.118796999999997],[-80.99917599999999,25.124222],[-80.900577,25.139668999999998],[-80.900066,25.162034],[-80.87545999999999,25.174321],[-80.82652999999999,25.160477999999998],[-80.8074806362341,25.1819745437846],[-80.8022664656025,25.1409129500599],[-80.79118635301019,25.1617696325868],[-80.77749915510189,25.1350470080993],[-80.76446372852249,25.159162547271002],[-80.7037179384977,25.139115238892003],[-80.6816105571848,25.1732929496828],[-80.6569422555892,25.1682159667886],[-80.66923559221901,25.1378365893872],[-80.6339899922939,25.176829365162],[-80.65922438460599,25.179549954440898],[-80.6458761077888,25.1890049838531],[-80.6108368811438,25.198460013265098],[-80.619024,25.177328],[-80.55410670467079,25.2090273990788],[-80.5363090022479,25.1973476568638],[-80.5203590270902,25.220787958131197],[-80.495341,25.199462999999998],[-80.4931495738725,25.2251565668995],[-80.39446904182171,25.2530611988178],[-80.3741163744736,25.317350488982598],[-80.31035991348149,25.373100324032798],[-80.33942099203959,25.499427059842798],[-80.2403760785126,25.7242056505721],[-80.1727645814128,25.737846561713496],[-80.176916164064,25.685062161929597],[-80.1549720876202,25.6654904118618],[-80.1220559499682,25.817912829753098],[-80.109566,26.087165],[-80.03886299999999,26.569347],[-80.031362,26.796339],[-80.093909,27.018587],[-80.253665,27.37979],[-80.383695,27.740045],[-80.56643199999999,28.09563],[-80.60687399999999,28.336484],[-80.525094,28.459453999999997],[-80.57291412353516,28.582504272460938],[-81.20944366457479,29.66214262975461],[-81.385505,30.273840999999997],[-81.410809,30.482039],[-81.447087,30.503678999999998],[-81.42742,30.69802],[-81.51130900349007,30.722614078377184],[-81.40511322021484,30.976722717285156],[-81.46971893310547,30.90522003173828],[-81.54753112792969,31.084579467773438],[-81.42830657958984,31.013748168945312],[-81.43499755859375,31.340438842773438],[-81.20214080810547,31.479942321777344],[-81.35294342041016,31.533309936523438],[-81.19711303710938,31.579139709472656],[-81.32672119140625,31.666244506835938],[-81.17961120605469,31.592498779296875],[-81.30044555664062,31.789138793945312],[-81.16458129882812,31.7308349609375],[-81.08963775634766,31.88330078125],[-81.18841552734375,31.928726196289062],[-80.99160766601562,31.859275817871094],[-80.83899688720703,32.15422058105469],[-80.6693344116211,32.215667724609375],[-80.82683563232422,32.49730682373047],[-80.6175537109375,32.25572204589844],[-80.45652770996094,32.40814208984375],[-80.6062240600586,32.50580596923828],[-80.00189208984375,32.60480499267578],[-79.86961364746094,32.736663818359375],[-79.93499755859375,32.849578857421875],[-79.8475570678711,32.75457763671875],[-79.53424835205078,33.03502655029297],[-79.36833190917969,33.009033203125],[-79.17472076416016,33.18817138671875],[-79.27913665771484,33.35572052001953],[-79.17236328125,33.204917907714844],[-79.09088897705078,33.47660827636719],[-78.7774429321289,33.76660919189453],[-78.38533020019531,33.91102600097656],[-78.01669311523438,33.888275146484375],[-77.9603042602539,34.18138885498047],[-77.89766693115234,34.056556701660156],[-77.13060760498047,34.76246643066406],[-77.09972381591797,34.674110412597656],[-76.68702697753906,34.80308532714844],[-76.61669158935547,34.707054138183594],[-76.62088775634766,34.810394287109375],[-76.51505279541016,34.717864990234375],[-76.33086395263672,34.88539123535156],[-76.26127624511719,35.007476806640625],[-76.37836456298828,35.039581298828125],[-76.31794738769531,34.959136962890625],[-76.4441909790039,34.91294860839844],[-76.46585845947266,35.07794189453125],[-76.49163818359375,34.96205139160156],[-76.755859375,34.89788818359375],[-76.97586059570312,35.000389099121094],[-76.71338653564453,35.004554748535156],[-76.46624755859375,35.26246643066406],[-76.99552917480469,35.483642578125],[-76.57505798339844,35.387115478515625],[-76.65213775634766,35.549163818359375],[-76.4737777709961,35.539222717285156],[-76.58797454833984,35.50749969482422],[-76.53172302246094,35.39955139160156],[-76.15413665771484,35.32624816894531],[-75.88214111328125,35.632171630859375],[-75.7278060913086,35.625526428222656],[-75.8493881225586,35.97491455078125],[-75.99116516113281,35.89008331298828],[-76.03419494628906,35.64875030517578],[-76.05830383300781,35.992889404296875],[-76.73705291748047,35.93330383300781],[-76.72416687011719,36.120361328125],[-76.51333618164062,36.0062255859375],[-76.30297088623047,36.09832763671875],[-76.45755767822266,36.20124816894531],[-76.06416320800781,36.1453857421875],[-76.21002960205078,36.3004150390625],[-75.91136169433594,36.163116455078125],[-75.94886016845703,36.27647399902344],[-75.79641723632812,36.071533203125],[-76.05874633789062,36.5133056640625],[-76.04589080810547,36.594581604003906],[-75.90074920654297,36.48760986328125],[-75.95594024658203,36.72074890136719],[-75.53841400146484,35.776695251464844],[-75.99661254882812,36.92317199707031],[-76.29252624511719,36.97041320800781],[-76.28705596923828,36.83966827392578],[-76.3558578491211,36.9254150390625],[-76.52619171142578,36.858245849609375],[-76.68505859375,37.19783020019531],[-76.98605346679688,37.242332458496094],[-76.64910888671875,37.219970703125],[-76.4308853149414,36.967918395996094],[-76.30669403076172,36.99705505371094],[-76.29286193847656,37.12858581542969],[-76.62071990966797,37.30127716064453],[-76.80924987792969,37.53199768066406],[-76.50382995605469,37.24552917480469],[-76.3681640625,37.273223876953125],[-76.45183563232422,37.430137634277344],[-76.27469635009766,37.31077575683594],[-76.26066589355469,37.45246887207031],[-76.41410827636719,37.522918701171875],[-76.29863739013672,37.56108093261719],[-76.54988861083984,37.621246337890625],[-76.92961120605469,37.98394775390625],[-76.36305236816406,37.60822296142578],[-76.23764038085938,37.890838623046875],[-76.60597229003906,38.15058135986328],[-76.99102783203125,38.20249938964844],[-77.04444122314453,38.40171813964844],[-77.33775329589844,38.34503173828125],[-77.23611450195312,38.662384033203125],[-77.24825286865234,38.378082275390625],[-77.02586364746094,38.499305725097656],[-76.92786407470703,38.292755126953125],[-76.32377624511719,38.03741455078125],[-76.56697082519531,38.770172119140625],[-76.55127716064453,38.95100402832031],[-76.45172119140625,38.94200134277344],[-76.58533477783203,39.071250915527344],[-76.39546966552734,39.01641845703125],[-76.6310806274414,39.26074981689453],[-76.44347381591797,39.19502258300781],[-76.49263763427734,39.303749084472656],[-76.40247344970703,39.24847412109375],[-76.36841583251953,39.39991760253906],[-76.28294372558594,39.30003356933594],[-76.28030395507812,39.44989013671875],[-76.23005676269531,39.349220275878906],[-76.09049987792969,39.55796813964844],[-75.9479751586914,39.59246826171875],[-76.01130676269531,39.44927978515625],[-75.87616729736328,39.53947448730469],[-76.18744659423828,39.3211669921875],[-76.28121948242188,39.148109436035156],[-76.11113739013672,39.08406066894531],[-76.22252655029297,38.97013854980469],[-76.3143081665039,39.03783416748047],[-76.37921905517578,38.85235595703125],[-76.23149871826172,38.964195251464844],[-76.10966491699219,38.88330078125],[-76.1716079711914,38.745445251464844],[-76.30094146728516,38.829833984375],[-76.34222412109375,38.67144775390625],[-76.29005432128906,38.81416320800781],[-76.02994537353516,38.57819366455078],[-75.93963623046875,38.6766357421875],[-76.01264190673828,38.564720153808594],[-76.29463958740234,38.631248474121094],[-76.19144439697266,38.557029724121094],[-76.34269714355469,38.495941162109375],[-76.22772216796875,38.30772399902344],[-76.22730255126953,38.394248962402344],[-76.0340576171875,38.21672058105469],[-75.97669219970703,38.367889404296875],[-75.96002960205078,38.23371887207031],[-75.84333038330078,38.40119934082031],[-75.91791534423828,38.26580810546875],[-75.80374908447266,38.254974365234375],[-75.95207977294922,38.175804138183594],[-75.748779296875,38.088279724121094],[-75.8995590209961,37.97328186035156],[-75.64125061035156,37.975830078125],[-75.9429702758789,37.5675048828125],[-75.84124755859375,37.557472229003906],[-76.02422332763672,37.303138732910156],[-75.94830322265625,37.119529724121094],[-75.90296936035156,37.349998474121094],[-75.09122467041016,38.32916259765625],[-75.17797088623047,38.41416931152344],[-75.06419372558594,38.507057189941406],[-75.0875015258789,38.32374572753906],[-75.05291748046875,38.410003662109375],[-75.05794525146484,38.60664367675781],[-75.194580078125,38.589141845703125],[-75.08875274658203,38.624114990234375],[-75.14833068847656,38.69291687011719],[-75.06130981445312,38.61000061035156],[-75.09041595458984,38.79997253417969],[-75.31461334228516,38.92828369140625],[-75.59124755859375,39.464141845703125],[-75.53713989257812,39.731666564941406],[-75.41166687011719,39.802886962890625],[-75.54208374023438,39.46502685546875],[-75.13752746582031,39.1778564453125],[-74.89913940429688,39.1695556640625],[-74.97216796875,38.93830871582031],[-74.8625259399414,38.942054748535156],[-74.65047454833984,39.19996643066406],[-74.68291473388672,39.32749938964844],[-74.41083526611328,39.362083435058594],[-74.43294525146484,39.555023193359375],[-74.30752563476562,39.508750915527344],[-74.16039276123047,39.704139709472656],[-73.98005676269531,40.383697509765625],[-74.29088592529297,40.509002685546875],[-73.58919525146484,41.04289245605469],[-72.9056396484375,41.301307678222656],[-71.48230743408203,41.35902404785156],[-71.40505981445312,41.81938934326172],[-71.30085754394531,41.64842224121094],[-71.15933227539062,41.72052764892578],[-71.1945571899414,41.45277404785156],[-70.70941925048828,41.753692626953125],[-70.60847473144531,41.76472473144531],[-70.66041564941406,41.51502990722656],[-69.96685791015625,41.6531982421875],[-70.05655670166016,42.04161071777344],[-70.24608612060547,42.06538391113281],[-70.0953598022461,42.03199768066406],[-70.0068359375,41.80955505371094],[-70.33430480957031,41.70869445800781],[-70.7173080444336,41.99522399902344],[-70.59664154052734,42.00575256347656],[-70.76113891601562,42.251251220703125],[-70.95974731445312,42.24407958984375],[-71.05919647216797,42.37077331542969],[-70.59019470214844,42.63655090332031],[-70.76516723632812,42.639251708984375],[-70.86602783203125,42.81382751464844],[-70.56158447265625,43.32258605957031],[-70.19566345214844,43.56500244140625],[-70.25978088378906,43.71647644042969],[-69.95060729980469,43.862030029296875],[-70.0250244140625,43.73008728027344],[-69.88888549804688,43.89860534667969],[-69.85639190673828,43.70458221435547],[-69.78028106689453,43.742637634277344],[-69.83119201660156,43.98063659667969],[-69.913330078125,43.92127990722656],[-69.79019165039062,44.08992004394531],[-69.80455780029297,43.91180419921875],[-69.6764144897461,43.97325134277344],[-69.71060943603516,43.854217529296875],[-69.66152954101562,43.97474670410156],[-69.6044692993164,43.813331604003906],[-69.5437240600586,44.02497100830078],[-69.5133056640625,43.83338928222656],[-69.38716888427734,44.077415466308594],[-69.30780792236328,43.955169677734375],[-69.16564178466797,44.07069396972656],[-69.2109146118164,43.93255615234375],[-69.04360961914062,44.08528137207031],[-69.00430297851562,44.43138885498047],[-68.80833435058594,44.46772766113281],[-68.82569122314453,44.66644287109375],[-68.74150085449219,44.56147766113281],[-68.82492065429688,44.309967041015625],[-68.52200317382812,44.228416442871094],[-68.58177947998047,44.41047668457031],[-68.26766967773438,44.4566650390625],[-68.31791687011719,44.53660583496094],[-68.22264099121094,44.46397399902344],[-68.2443618774414,44.58641815185547],[-68.05889129638672,44.33161163330078],[-67.95955657958984,44.400001525878906],[-68.02491760253906,44.48814392089844],[-67.9000015258789,44.395721435546875],[-67.78980255126953,44.607444763183594],[-67.7421646118164,44.497161865234375],[-67.56647491455078,44.533172607421875],[-67.56588745117188,44.663116455078125],[-67.25816345214844,44.62767028808594],[-66.9487533569336,44.81663513183594],[-67.10208129882812,44.89666748046875],[-67.15997314453125,44.814361572265625],[-67.16349792480469,44.948692321777344],[-66.9820556640625,44.91166687011719],[-67.18716430664062,45.226470947265625],[-67.07975006103516,45.07494354248047],[-66.96919250488281,45.182891845703125],[-66.85710906982422,45.121665954589844],[-66.88835906982422,45.04124450683594],[-66.46333312988281,45.1695556640625],[-66.45833587646484,45.05872344970703],[-66.06666564941406,45.27125549316406],[-65.90669250488281,45.19538879394531],[-64.779052734375,45.59486389160156],[-64.5693359375,45.83061218261719],[-64.67835998535156,45.97594451904297],[-64.49244689941406,45.81055450439453],[-64.55191802978516,45.72505187988281],[-64.33799743652344,45.88066864013672],[-64.2594985961914,45.75672149658203],[-64.38258361816406,45.79747009277344],[-64.94369506835938,45.330169677734375],[-63.37725067138672,45.36088562011719],[-64.17266845703125,45.18988800048828],[-64.1034164428711,45.002471923828125],[-64.35991668701172,45.09991455078125],[-64.32836151123047,45.297889709472656],[-64.49563598632812,45.336692810058594],[-64.39897155761719,45.297393798828125],[-66.1116943359375,44.498695373535156],[-66.20333099365234,44.376251220703125],[-65.84700012207031,44.571533203125],[-66.12708282470703,44.331634521484375],[-66.17050170898438,43.800193786621094],[-66.01374816894531,43.680999755859375],[-65.93499755859375,43.86375427246094],[-65.72919464111328,43.492889404296875],[-65.57505798339844,43.56707763671875],[-65.46927642822266,43.45039367675781],[-65.46416473388672,43.60124969482422],[-65.33880615234375,43.537498474121094],[-65.3800277709961,43.743751525878906],[-65.0291976928711,43.69538879394531],[-65.04255676269531,43.824615478515625],[-64.83480834960938,43.81439208984375],[-64.84469604492188,43.93296813964844],[-64.55149841308594,44.07066345214844],[-64.61599731445312,44.1556396484375],[-64.3691635131836,44.26091766357422],[-64.43819427490234,44.345359802246094],[-64.24541473388672,44.25907897949219],[-64.34330749511719,44.36555480957031],[-64.21316528320312,44.38055419921875],[-64.3733901977539,44.44877624511719],[-64.30569458007812,44.566192626953125],[-64.0796127319336,44.470054626464844],[-64.06510925292969,44.63471984863281],[-63.8883056640625,44.69044494628906],[-63.93878173828125,44.504974365234375],[-63.64839172363281,44.431251525878906],[-63.520416259765625,44.504112243652344],[-63.662498474121094,44.72627258300781],[-63.449249267578125,44.58708190917969],[-63.45172119140625,44.68035888671875],[-63.282470703125,44.625389099121094],[-63.12755584716797,44.789581298828125],[-63.049163818359375,44.67124938964844],[-63.068359375,44.77452850341797],[-62.80335998535156,44.70957946777344],[-62.87922668457031,44.813720703125],[-62.54591369628906,44.7862548828125],[-62.54499816894531,44.92291259765625],[-62.45752716064453,44.82038879394531],[-61.88499450683594,45.0262451171875],[-61.95830535888672,45.09539031982422],[-61.65419006347656,45.08955383300781],[-61.79505920410156,45.24455261230469],[-61.60089111328125,45.144554138183594],[-60.960418701171875,45.32249450683594],[-61.4925537109375,45.36872100830078],[-61.22883605957031,45.483360290527344],[-61.49082946777344,45.694610595703125],[-61.960052490234375,45.62291717529297],[-61.90924835205078,45.88288879394531],[-62.467559814453125,45.637916564941406],[-63.1104736328125,45.808135986328125],[-63.28135681152344,45.7078857421875],[-63.38597106933594,45.75794219970703],[-63.25055694580078,45.80992126464844],[-64.10091400146484,46.014556884765625],[-63.79072570800781,46.13749694824219],[-64.55830383300781,46.21038818359375],[-64.55999755859375,46.36541748046875],[-64.7092514038086,46.314605712890625],[-64.61903381347656,46.354949951171875],[-64.69088745117188,46.52705383300781],[-64.60880279541016,46.45916748046875],[-64.71875,46.688331604003906],[-64.87171936035156,46.647918701171875],[-64.91091918945312,46.74208068847656],[-64.81627655029297,46.725830078125],[-64.9905014038086,46.83747100830078],[-64.79685974121094,47.07463836669922],[-65.41889190673828,47.070281982421875],[-64.96316528320312,47.28150177001953],[-64.77803039550781,47.65736389160156],[-64.85655975341797,47.68919372558594],[-64.66566467285156,47.71641540527344],[-65.19349670410156,47.818115234375],[-65.66958618164062,47.601226806640625],[-65.83086395263672,47.91007995605469],[-66.36833190917969,48.07292175292969],[-66.79550170898438,47.987060546875],[-65.90335845947266,48.207054138183594],[-65.2433853149414,48.01122283935547],[-64.31669616699219,48.41791534423828],[-64.20463562011719,48.524139404296875],[-64.27216339111328,48.61750030517578],[-64.16627502441406,48.62580871582031],[-64.55461120605469,48.87831115722656],[-64.16255950927734,48.74871826171875],[-64.2004165649414,48.85749816894531],[-64.60333251953125,49.11125183105469],[-65.3266372680664,49.25286102294922],[-66.17172241210938,49.20708465576172],[-68.18413543701172,48.63542175292969],[-69.51194763183594,47.944557189941406],[-70.50033569335938,47.01185607910156],[-71.19344329833984,46.81305694580078],[-71.15543700635925,46.83657051653408],[-71.1775152,46.8326811],[-71.1899376,46.8224691],[-71.2215342,46.7739521],[-71.3031204,46.7382261],[-71.712079,46.6582958],[-71.8891385,46.6775138],[-72.0096171,46.5828945],[-72.1868002,46.5390354],[-72.2514794,46.4437143],[-72.543,46.343],[-72.4721549,46.0495822],[-72.3601635,45.7631306],[-72.2373271,45.3534384],[-72.262424,45.3099126],[-72.4064895,45.20003],[-72.4651083,45.1238892],[-72.8179214,44.5073015],[-72.892625,44.1440503],[-72.8365653,43.8848681],[-72.8396698,43.5568698],[-73.050171,43.3566297],[-73.2122164,43.101388],[-73.2406849,43.0174947],[-73.2845724,42.7017704],[-73.9693835,42.5645493],[-74.1844544,42.4916278],[-74.2099886,42.4599686],[-74.1884581,42.1723366],[-74.2316974,42.136711],[-74.408819,42.0815371],[-74.5712712,42.000555],[-74.6580126,41.9902148],[-75.4056677,42.0643846],[-75.8021116,42.1772041],[-76.2497584,42.184583],[-76.4600424,42.0965832],[-76.5255313,42.0902707],[-77.5385608,42.262951],[-78.1431308,42.3219217],[-78.2303869,42.2984752],[-78.3855703,42.1967025],[-78.4671945,42.1654892],[-79.0768623,42.1653312],[-79.4265489,42.3490679],[-79.6347117,42.4338555],[-79.6255548,42.5572001],[-80.6073426,42.3686871],[-81.2637816,42.2169585],[-81.456445,42.1462062],[-81.8920966,41.937797],[-82.1031334,41.8695377],[-82.3261877,41.8529833],[-82.9049104,41.8757808],[-83.0760975,41.9010602],[-83.1077909,41.9318768],[-83.1439118,42.046787],[-83.1253821,42.2565029],[-83.0668871,42.3167307],[-82.8351653,42.3852955],[-82.5195107,42.6081633],[-82.4987321,42.7006246],[-82.4646248,42.7579023],[-82.4570847,42.9145747],[-82.2222432,43.3324832],[-82.1438979,43.5895905],[-82.1668455,44.0742684],[-82.2594847,44.6067754],[-82.3973202,45.0604482],[-82.563734,45.387712],[-82.6700271,45.4725051],[-82.8710729,45.5673049],[-83.873334,45.8963086],[-83.8986455,45.9266175],[-83.8852994,46.0142852],[-83.9539778,46.0546219],[-84.1067208,46.2222934],[-84.1033459,46.2730738],[-84.140011,46.3755996],[-84.1114339,46.4968466],[-84.1268063,46.5301865],[-84.1941821,46.5390749],[-84.268804,46.4959004],[-84.3742339,46.5091092],[-84.4440731,46.4885606],[-84.4677171,46.4634261],[-84.5583413,46.4679577],[-84.7737946,46.6473766],[-84.8425631,46.8897802],[-84.9867542,46.8761487],[-85.7380815194237,47.477076615416664],[-86.4,47.65],[-87.2,47.75],[-88.0,47.7],[-88.8,47.55],[-89.55,47.25],[-90.05,46.9],[-90.4184249929223,46.56598858406484],[-90.23,46.25],[-90.18,46.05],[-90.32,45.73],[-90.7,45.33],[-91.3,44.95],[-91.38521362759923,44.852802875176536],[-91.36980303810884,44.77843524815733],[-91.3242327547347,44.72741363124672],[-91.14773357120964,44.624432053342304],[-91.02462218140398,44.52843849094299],[-91.00840743878774,44.48719120427387],[-91.02740562503948,44.42986459619505],[-91.17174098491674,44.358281978472235],[-91.22700809119004,44.31368340445183],[-91.24833202496934,44.25429705191714],[-91.17163757569296,44.23609843160831],[-91.23408218729011,44.07462133855207],[-91.21884355850705,44.007008907181294],[-91.13265618634232,43.96499725939892],[-91.20050500507351,43.909662080497775],[-91.19399256939165,43.80908915302909],[-91.24659134349794,43.76279488412059],[-91.16,43.1],[-91.02007631904003,42.71022711712427],[-91.12118760471098,42.69197067143596],[-91.17948528663148,42.633464658103655],[-91.74335403322584,42.26946721499764],[-91.88314030810886,42.15256808672086],[-91.8099208308857,42.10393920853314],[-91.87271449992524,42.038501170753136],[-92.06480039135936,41.92736891937692],[-92.30412790038079,41.831315434622425],[-92.5352643432143,41.77168365047451],[-92.64756080101355,41.77972269162596],[-92.80019323429987,41.73514283527325],[-93.18431645528649,41.75483637300152],[-93.82770962326578,41.67782196930096],[-93.94164147593725,41.53369058143476],[-94.0875836738112,41.42269484334918]],[[-87.85888076778572,30.240687253830625],[-87.860085,30.240288999999997],[-87.87178847539892,30.23925648339896],[-87.85888076778572,30.240687253830625]],[[-85.37796,29.709621],[-85.40519902073977,29.82424003804875],[-85.36676705936141,29.69689846616351],[-85.37796,29.709621]]],[[[-73.19664001464844,40.887054443359375],[-73.48505401611328,40.94789123535156],[-74.00066375732422,40.6973876953125],[-74.00575256347656,40.57177734375],[-73.74461364746094,40.63417053222656],[-73.93916320800781,40.544586181640625],[-72.63333129882812,40.799560546875],[-72.49041748046875,40.869110107421875],[-72.62210845947266,40.93083190917969],[-72.23066711425781,41.160919189453125],[-73.19664001464844,40.887054443359375]]],[[[-60.80207824707031,45.959999084472656],[-60.750335693359375,46.075775146484375],[-60.991302490234375,45.99583435058594],[-60.901222229003906,46.085777282714844],[-60.414947509765625,46.2933349609375],[-60.621002197265625,46.206939697265625],[-60.35028076171875,46.61408233642578],[-60.3074951171875,46.86253356933594],[-60.5155029296875,46.9046630859375],[-60.413307189941406,47.039276123046875],[-60.61830139160156,47.03302764892578],[-61.554473876953125,46.04005432128906],[-61.29252624511719,45.547889709472656],[-60.42253112792969,45.642059326171875],[-59.84630584716797,45.99833679199219],[-59.96739196777344,46.03572082519531],[-59.817138671875,46.18241882324219],[-60.12513732910156,46.268310546875],[-60.310890197753906,46.148582458496094],[-60.20319366455078,46.24993896484375],[-60.291412353515625,46.34233093261719],[-60.6658935546875,46.0721435546875],[-60.31919860839844,46.210777282714844],[-60.79624938964844,45.95832824707031],[-60.37567138671875,46.02227783203125],[-60.73919677734375,45.799583435058594],[-60.740081787109375,45.688720703125],[-61.163726806640625,45.71080780029297],[-60.911224365234375,45.86830139160156],[-61.0,45.92872619628906],[-60.80207824707031,45.959999084472656]]],[[[-63.95835876464844,46.47007751464844],[-63.83233642578125,46.579803466796875],[-64.11547088623047,46.77082824707031],[-63.97533416748047,46.88041687011719],[-64.0,47.05830383300781],[-64.40294647216797,46.72410583496094],[-64.38752746582031,46.615386962890625],[-64.0783920288086,46.64958190917969],[-64.13874816894531,46.402442932128906],[-63.748809814453125,46.3939208984375],[-63.81394958496094,46.319976806640625],[-63.65492248535156,46.22247314453125],[-63.22474670410156,46.13166809082031],[-63.142669677734375,46.208251953125],[-63.294525146484375,46.20488739013672],[-63.02308654785156,46.301612854003906],[-63.12733459472656,46.20769500732422],[-62.87675476074219,46.144744873046875],[-63.04466247558594,46.0550537109375],[-62.49419403076172,45.98124694824219],[-62.57366943359375,46.02880859375],[-62.469085693359375,46.146278381347656],[-62.61833190917969,46.23814392089844],[-62.41377258300781,46.213111877441406],[-62.49021911621094,46.27061462402344],[-62.3697509765625,46.354942321777344],[-61.972557067871094,46.45341491699219],[-62.98408508300781,46.36027526855469],[-63.66880798339844,46.570892333984375],[-63.71949768066406,46.4390869140625],[-63.95835876464844,46.47007751464844]]]]}},{"type":"Feature","properties":{"id":"cl","name":"Caesar's Legions","short":"CL","color":"#743E4E","status":"Confirmed · v0.12 feature/rivers shared topology","article":"../../polities/caesars-legions/","geometry_model":"v0.10.4 shared-feature topology: approved border routes preserved; neighboring fills locally meet those same routes."},"geometry":{"type":"MultiPolygon","coordinates":[[[[-97.13999939971588,25.96638488746709],[-97.13999938964844,25.966384887695312],[-97.14501591136654,25.966271166956357],[-97.13999939971588,25.96638488746709]]],[[[-97.2625046,25.9636078],[-97.14501591234172,25.966271179468755],[-97.14968504934748,26.026180748528557],[-97.14501591136654,25.966271166956357],[-97.1526107788086,26.063720703125],[-97.29785919189453,25.985107421875],[-97.18885803222656,26.07074737548828],[-97.44550323486328,26.37493896484375],[-97.56632995605469,26.84661102294922],[-97.47044372558594,26.859054565429688],[-97.56716918945312,26.968246459960938],[-97.42211151123047,27.2633056640625],[-97.78211212158203,27.281639099121094],[-97.65547180175781,27.30413818359375],[-97.73258209228516,27.414581298828125],[-97.6058349609375,27.287025451660156],[-97.505859375,27.470382690429688],[-97.498779296875,27.30999755859375],[-97.40458679199219,27.330810546875],[-97.24461364746094,27.69080352783203],[-97.37836456298828,27.63622283935547],[-97.31124877929688,27.712493896484375],[-97.47880554199219,27.819137573242188],[-97.38127899169922,27.835800170898438],[-97.52461242675781,27.87335968017578],[-97.19086456298828,27.822891235351562],[-97.01994323730469,28.103302001953125],[-97.193359375,27.97125244140625],[-97.19277954101562,28.170166015625],[-96.97919464111328,28.128753662109375],[-96.91586303710938,28.268753051757812],[-96.90753173828125,28.127883911132812],[-96.78377532958984,28.229995727539062],[-96.80419158935547,28.479583740234375],[-96.66919708251953,28.313751220703125],[-96.40125274658203,28.44330596923828],[-96.64044189453125,28.57330322265625],[-96.66339111328125,28.722030639648438],[-96.4616928100586,28.666275024414062],[-96.48835754394531,28.56707763671875],[-96.373779296875,28.62413787841797],[-96.44169616699219,28.7703857421875],[-96.36499786376953,28.62628173828125],[-96.16252899169922,28.762916564941406],[-96.22838592529297,28.57788848876953],[-95.97350311279297,28.65814208984375],[-96.217529296875,28.4903564453125],[-95.1225814819336,29.068359375],[-95.21527862548828,29.020217895507812],[-95.19041442871094,29.213531494140625],[-94.80924987792969,29.3651123046875],[-95.07494354248047,29.547607421875],[-94.99150085449219,29.714248657226562],[-94.72697448730469,29.789276123046875],[-94.78097534179688,29.529190063476562],[-94.46861267089844,29.557357788085938],[-94.77149963378906,29.360809326171875],[-93.84219360351562,29.678916931152344],[-93.93761444091797,29.783447265625],[-93.8629150390625,29.99047088623047],[-93.75819396972656,29.966026306152344],[-93.90682983398438,29.7955322265625],[-93.83541870117188,29.693084716796875],[-93.34703063964844,29.804527282714844],[-92.3235855102539,29.532333374023438],[-92.00575256347656,29.612388610839844],[-92.20586395263672,29.75225067138672],[-91.82880401611328,29.832748413085938],[-91.88363647460938,29.712608337402344],[-91.60816955566406,29.754806518554688],[-91.55435943603516,29.51660919189453],[-91.40088653564453,29.636886596679688],[-91.43019104003906,29.52252197265625],[-91.31616973876953,29.488418579101562],[-91.25105285644531,29.635162353515625],[-91.13044738769531,29.21680450439453],[-90.8582763671875,29.088272094726562],[-90.4449691772461,29.34986114501953],[-90.2574462890625,29.255775451660156],[-90.24185943603516,29.086639404296875],[-90.11494445800781,29.140716552734375],[-90.02422332763672,29.43061065673828],[-90.19605255126953,29.569107055664062],[-89.76669311523438,29.47955322265625],[-89.82669067382812,29.31121826171875],[-89.62335968017578,29.326248168945312],[-89.40666961669922,29.08625030517578],[-89.2870864868164,29.123275756835938],[-89.41416931152344,28.9195556640625],[-89.26002502441406,29.112060546875],[-89.15164184570312,29.000167846679688],[-88.99864196777344,29.18260955810547],[-89.125,29.18291473388672],[-89.20085906982422,29.352920532226562],[-89.56083679199219,29.39288330078125],[-89.70794677734375,29.5625],[-89.6137466430664,29.574188232421875],[-89.66755676269531,29.69122314453125],[-89.56291961669922,29.657470703125],[-89.63922119140625,29.763717651367188],[-89.42749786376953,29.676254272460938],[-89.53128051757812,29.786636352539062],[-89.42500305175781,29.727920532226562],[-89.47003173828125,29.817054748535156],[-89.41666412353516,29.747886657714844],[-89.23794555664062,29.887466430664062],[-89.48005676269531,29.953781127929688],[-89.44499969482422,30.062911987304688],[-89.61172485351562,29.872085571289062],[-89.81085968017578,29.915390014648438],[-89.7433853149414,30.17627716064453],[-90.15174865722656,30.022415161132812],[-90.39308166503906,30.069854736328125],[-90.40755462646484,30.212417602539062],[-90.1995849609375,30.385719299316406],[-89.65249633789062,30.16205596923828],[-89.52012534696395,30.172253491877452],[-89.5373303,30.195532],[-89.6105576,30.1816711],[-89.6308348,30.3392164],[-89.668602,30.4024963],[-89.676384,30.4625015],[-89.7376351,30.526169],[-89.6693103,30.6030259],[-89.6929268,30.7792683],[-89.7833405,30.8236084],[-89.7264675,30.9805801],[-89.7932899,31.1207877],[-89.9914622,31.359239],[-90.5538462,31.9615385],[-90.6923077,32.3769231],[-90.8288892,32.5000852],[-90.7319412,32.5663834],[-90.7841901,32.5729503],[-90.7155533,32.678894],[-90.8384615,32.8153846],[-90.9307692,33.0923077],[-91.0936029,33.1734458],[-91.1572266,33.5808334],[-91.1482473,33.7485107],[-91.0677795,33.7902832],[-91.0523212,33.8179875],[-91.0675018,33.8561854],[-91.0377443,33.9275251],[-91.0419082,33.9991885],[-91.0,34.0162048],[-90.9537025,34.1374639],[-91.0638885,34.2297211],[-91.0572205,34.3413849],[-90.9519737,34.4881579],[-90.65,35.4],[-89.9145161,36.0193548],[-89.7310257,36.0],[-89.6741714,36.0958252],[-89.6854893,36.2338668],[-89.6631886,36.2434087],[-89.5510623,36.4362741],[-89.572422,36.5178661],[-89.5527381,36.560715],[-91.334375,37.0460938],[-92.1648437,37.3414063],[-92.6492188,37.5757813],[-93.6210938,38.175],[-94.03125,38.475],[-94.265625,38.6984375],[-95.0476734,39.7691762],[-95.69184933420193,40.471213010607514],[-95.690518,40.4727529],[-95.6986349,40.4797701],[-95.7084112,40.5202766],[-95.7374376,40.5293161],[-95.7651489,40.5691767],[-95.7738953,40.6572266],[-95.8356424,40.6876469],[-95.8272219,40.8997741],[-95.8625831,41.0184831],[-95.8905961,41.0515106],[-96.005261,41.061794],[-96.0886078,41.054718],[-96.1710606,41.0159616],[-96.2413024,41.0238357],[-96.3512968,41.2340859],[-96.5207547,41.1198113],[-97.2,40.95],[-98.0,40.83],[-98.1285758,40.9888734],[-98.3768857,40.8144951],[-98.6266081,40.7334035],[-98.91441,40.66791],[-99.0825955,40.6679035],[-99.3747233,40.5754638],[-99.72625,40.44125],[-100.02,40.31],[-100.0332868,40.2874731],[-100.604064,40.1819387],[-100.7822266,40.223053],[-101.0104248,40.1638718],[-101.3294449,40.1169434],[-101.4758377,40.0574951],[-101.5003028,40.0315495],[-101.6371622,40.1445946],[-102.15,40.1],[-102.7681818,40.1363636],[-104.50625,40.3140625],[-104.703125,40.309375],[-104.815625,40.2625],[-104.984375,40.0375],[-105.0265625,39.9359375],[-105.016875,39.810625],[-105.100625,39.775625],[-106.389,40.059],[-106.35758809655793,39.99501355122491],[-106.388002,40.0467339],[-106.5571176,39.9289086],[-106.592356,39.8824575],[-106.674564,39.8792405],[-106.7379625,39.9049405],[-106.8304835,39.8838456],[-106.9039152,39.8404329],[-107.0990409,39.6166393],[-107.1937483,39.5761213],[-107.3056675,39.5509716],[-107.4841666,39.5644539],[-107.7955167,39.5167501],[-107.9782872,39.4601913],[-108.1893846,39.3167232],[-108.2175985,39.2872928],[-108.2376001,39.2053275],[-108.3267863,39.1031667],[-108.4361665,39.0552044],[-108.5506068,39.0559654],[-108.353125,38.3525],[-108.0820312,36.51875],[-108.0078125,35.625],[-108.0060938,33.8184844],[-108.13,32.761],[-106.5663834,31.8180542],[-106.491951,31.7533417],[-106.390831,31.7447205],[-106.214447,31.4752731],[-106.0,31.3886871],[-105.7702713,31.1761017],[-105.5977707,31.0800018],[-105.5472794,31.0],[-105.3897171,30.8622284],[-105.0,30.6767197],[-104.9872284,30.6222153],[-104.8925018,30.5597153],[-104.855835,30.4060974],[-104.6822128,30.1875],[-104.6930466,30.0],[-104.5400009,29.6711044],[-104.0,29.3138733],[-103.7794495,29.2688904],[-103.726387,29.1933289],[-103.5430527,29.1491699],[-103.4719467,29.0683289],[-103.3038254,29.0],[-103.1136322,29.0],[-103.1036072,29.0591736],[-103.0,29.1491699],[-102.8625031,29.2241669],[-102.8991699,29.2580566],[-102.8825073,29.3524933],[-102.8194427,29.3966675],[-102.7969513,29.5180588],[-102.6702805,29.7427826],[-102.3850021,29.7697296],[-102.3058395,29.8894501],[-102.0975037,29.8027802],[-101.6252823,29.7663879],[-101.5347214,29.8144531],[-101.531395,29.7641754],[-101.4050064,29.7727814],[-101.3061142,29.6311111],[-101.0,29.3733978],[-100.7936096,29.2572174],[-100.7627792,29.1705475],[-100.6683273,29.113327],[-100.6284866,29.0],[-100.6238937,28.9199982],[-100.5294418,28.8274994],[-100.4788895,28.6736145],[-100.3250046,28.5047226],[-100.3566666,28.4808273],[-100.2825089,28.2813873],[-100.0713806,28.1511078],[-99.994751,28.0],[-99.9319458,27.9786072],[-99.8577728,27.7980652],[-99.7116623,27.6650009],[-99.5908279,27.6388931],[-99.5049973,27.5702744],[-99.472496,27.4005432],[-99.5183334,27.3083344],[-99.4377823,27.2436066],[-99.4555588,27.0577698],[-99.172226,26.5608292],[-99.089447,26.4952774],[-99.0999908,26.4150009],[-99.0,26.3861847],[-98.7994537,26.3688812],[-98.652504,26.2411041],[-98.444725,26.2261047],[-98.1966705,26.058609],[-97.7822266,26.0638885],[-97.6139603,26.0],[-97.4122238,25.8422241],[-97.3494492,25.8488922],[-97.3519516,25.9125061],[-97.2625046,25.9636078]],[[-95.73484495489883,40.43176098738393],[-95.69184931328408,40.47121298781078],[-95.76553113298827,40.40360392156013],[-95.73484495489883,40.43176098738393]]],[[[-95.69184915537359,40.4712131327065],[-95.6918492917873,40.471213007535816],[-95.69184926524744,40.47121300561378],[-95.69184915537359,40.4712131327065]]]]}},{"type":"Feature","properties":{"id":"uta","name":"United Tribes of America","short":"UTA","color":"#AD7C3D","status":"Confirmed","article":"../../polities/united-tribes-of-america/","geometry_model":"v0.10.4 shared-feature topology: approved border routes preserved; neighboring fills locally meet those same routes."},"geometry":{"type":"Polygon","coordinates":[[[-83.32951702054962,49.48579302333667],[-83.22334548962691,49.79107774653753],[-83.21527099609375,49.89222717285156],[-83.17154353118065,49.87674749602386],[-83.1711121,49.9277802],[-83.3124257,49.9348303],[-84.176578,50.3229322],[-84.2875793,50.3211261],[-84.3463254,50.4073828],[-84.4072144,50.4555082],[-84.5820684,50.5025872],[-84.8,50.6],[-85.9087455,51.3381819],[-85.9427795,51.4274979],[-85.9377716,51.63847],[-86.1336693,51.7535591],[-86.2916641,51.7758331],[-86.3905685,51.729484],[-88.0005219,52.1476727],[-88.0322266,52.2163849],[-88.0834324,52.2341555],[-88.20224,52.2430372],[-88.2821329,52.1819235],[-88.4438858,52.1991577],[-88.4935635,52.2727228],[-92.1880859,53.2626953],[-92.2611084,53.2605591],[-92.3088379,53.302946],[-94.9960265,54.1985811],[-95.4047852,54.3619141],[-95.4738343,54.4048299],[-95.586113,54.3866653],[-95.6039044,54.443264],[-98.0056982,55.4028919],[-99.9166916,56.4767703],[-100.0059562,56.4934016],[-100.0663377,56.5597794],[-102.1,57.7],[-107.1,57.5],[-110.0,59.2],[-109.25,59.62],[-111.5,60.2],[-112.3701548,60.4559279],[-112.4430618,60.4247208],[-112.4580057,60.5243963],[-112.5161057,60.4769516],[-112.5642989,60.5389322],[-112.7161235,60.5615145],[-112.8257223,60.61157],[-112.9477595,60.6258116],[-113.2,60.7],[-113.7,60.9],[-114.6157818,61.2036404],[-116.0073102,61.5007696],[-119.0,61.75],[-120.5731702,61.8236959],[-120.6791611,61.7830658],[-120.7725738,61.8184476],[-121.189003,61.8641968],[-121.2716949,61.8275498],[-121.3846648,61.8868386],[-121.4144209,61.7866995],[-121.4411458,61.7554861],[-121.4454348,61.6532733],[-121.5595485,61.6210688],[-121.6247396,61.5449653],[-121.6330228,61.4419835],[-121.8448026,61.3749219],[-121.8539062,61.2821875],[-122.1039232,60.9971451],[-123.2524426,60.3269905],[-123.3677339,60.3067898],[-123.5193334,60.2215028],[-123.7278201,60.1513848],[-123.8234815,60.0369611],[-124.2732839,59.8133581],[-124.313032,59.7291067],[-124.5035193,59.7452157],[-124.5793904,59.671956],[-124.6630092,59.6436121],[-124.6505508,59.5538864],[-124.7656496,59.5270462],[-124.8445277,59.3930041],[-124.9050577,59.3687246],[-125.0113469,59.3631613],[-125.0802465,59.2364703],[-125.0571425,59.1003112],[-124.5051597,58.5549032],[-124.3457527,57.6624097],[-124.1529566,57.3280471],[-124.1576494,57.2660524],[-124.0939014,57.2223623],[-123.8429391,56.7860094],[-123.9140047,56.0356511],[-123.4928197,55.6283846],[-123.1189405,55.1477919],[-122.7403647,54.6015069],[-122.6155414,54.2675303],[-122.5432476,54.2080377],[-122.6014697,54.0494889],[-122.6574173,54.0],[-122.6894887,53.91418],[-122.7508316,53.8600006],[-122.7052894,53.7661891],[-122.7218571,53.6794625],[-122.6761093,53.6411133],[-122.7180557,53.5519485],[-122.6669388,53.5041733],[-122.5541863,53.196225],[-122.5452805,53.0899963],[-122.5694504,53.0625],[-122.5134659,53.0],[-122.4431956,52.8647599],[-122.4745293,52.741521],[-122.4621097,52.630374],[-122.4794388,52.5536118],[-122.4306074,52.5001942],[-122.3641739,52.3619385],[-122.4298857,52.2988571],[-122.3861333,51.9653333],[-122.3989903,51.7343344],[-122.3211181,51.6599396],[-122.2739157,51.5132359],[-122.2136361,51.4332912],[-122.222834,51.2870003],[-122.1775432,51.2528623],[-122.1416626,51.1841583],[-122.044633,51.1461754],[-121.9144873,51.0144384],[-121.9130344,50.9943538],[-121.9899554,50.9464286],[-121.9177856,50.6744537],[-121.8535862,50.6090008],[-121.9121094,50.53125],[-121.85,50.2],[-121.5353462,49.4674772],[-121.5911026,49.3491669],[-121.4909848,49.3621069],[-121.4283371,49.3941727],[-121.4707721,49.2604035],[-121.4190309,49.01319],[-121.5681224,48.7574914],[-121.8256749,48.6326557],[-121.7726119,48.545026],[-121.8711117,48.5238576],[-122.0789035,48.5262323],[-122.2550198,48.4883765],[-122.3908775,48.3669631],[-122.45312402487853,48.36410705942443],[-122.38224792480469,48.314918518066406],[-122.5346908569336,48.24742126464844],[-122.51141357421875,48.132415771484375],[-122.3584976196289,48.05699920654297],[-122.4788589477539,48.17741394042969],[-122.38177490234375,48.23199462890625],[-122.1796646118164,48.01411437988281],[-122.41041564941406,47.677528381347656],[-122.27302551269531,47.64837646484375],[-122.24918365478516,47.75498962402344],[-122.20097351074219,47.50666809082031],[-122.43755340576172,47.66291809082031],[-122.32624816894531,47.348304748535156],[-122.54755401611328,47.319557189941406],[-122.69098663330078,47.08753967285156],[-122.89830780029297,47.14668273925781],[-122.90779876708984,47.0465087890625],[-122.92515563964844,47.1492919921875],[-123.01468658447266,47.06730651855469],[-122.93746185302734,47.18890380859375],[-123.08492279052734,47.097320556640625],[-122.93806457519531,47.19989013671875],[-123.09435272216797,47.2125244140625],[-122.9333267211914,47.20616149902344],[-122.82671356201172,47.405372619628906],[-122.76892852783203,47.168357849121094],[-122.62671661376953,47.40940856933594],[-122.6955795288086,47.286033630371094],[-122.59200286865234,47.256744384765625],[-122.49458312988281,47.51166534423828],[-122.69377899169922,47.52916717529297],[-122.69249725341797,47.64875030517578],[-122.59297180175781,47.59330749511719],[-122.6546401977539,47.744171142578125],[-122.47044372558594,47.75666809082031],[-122.61335754394531,47.942054748535156],[-122.56719207763672,47.823272705078125],[-123.12188720703125,47.39064025878906],[-122.84229278564453,47.433807373046875],[-123.15855407714844,47.35350036621094],[-122.85919189453125,47.827056884765625],[-122.81255340576172,47.68122100830078],[-122.6104736328125,47.88749694824219],[-122.75680541992188,48.14530944824219],[-122.88671875,47.99127960205078],[-122.91761016845703,48.09619140625],[-123.98180389404297,48.16532897949219],[-124.73127746582031,48.38166809082031],[-124.67900085449219,47.96549987792969],[-124.42533111572266,47.736167907714844],[-124.17385864257812,46.927337646484375],[-124.1207504272461,47.04119873046875],[-123.8062515258789,46.97166442871094],[-124.13835906982422,46.90553283691406],[-124.09197235107422,46.72766876220703],[-123.8187484741211,46.690834045410156],[-123.96125030517578,46.63749694824219],[-123.95255279541016,46.36961364746094],[-124.06683349609375,46.63630676269531],[-124.08830261230469,46.27063751220703],[-123.43130493164062,46.244171142578125],[-123.58783024412051,46.20607723201121],[-123.2,46.17],[-122.7,45.85],[-122.0,45.65],[-121.52,45.71],[-120.0,45.6],[-119.0,45.45],[-118.2,45.2],[-117.2,45.4],[-116.4,45.65],[-116.0,46.3],[-115.2,46.8],[-114.5,46.8],[-114.2,46.5],[-113.8,46.15],[-113.5,45.65],[-112.7,45.25],[-112.2,44.95],[-111.0,44.8],[-111.2,44.3],[-111.0,43.1],[-111.0,42.4],[-111.2,41.1],[-110.2,40.6],[-109.3,40.45],[-108.9,40.95],[-107.6,40.55],[-106.389,40.059],[-105.100625,39.775625],[-105.016875,39.810625],[-105.0265625,39.9359375],[-104.984375,40.0375],[-104.815625,40.2625],[-104.703125,40.309375],[-104.50625,40.3140625],[-102.7681818,40.1363636],[-102.15,40.1],[-101.6371622,40.1445946],[-101.5003028,40.0315495],[-101.4758377,40.0574951],[-101.3294449,40.1169434],[-101.0104248,40.1638718],[-100.7822266,40.223053],[-100.604064,40.1819387],[-100.0332868,40.2874731],[-100.02,40.31],[-99.72625,40.44125],[-99.3747233,40.5754638],[-99.0825955,40.6679035],[-98.91441,40.66791],[-98.6266081,40.7334035],[-98.3768857,40.8144951],[-98.1285758,40.9888734],[-98.0,40.83],[-97.2,40.95],[-96.5207547,41.1198113],[-96.3512968,41.2340859],[-96.2413024,41.0238357],[-96.1710606,41.0159616],[-96.0886078,41.054718],[-96.005261,41.061794],[-95.8905961,41.0515106],[-95.8625831,41.0184831],[-95.8272219,40.8997741],[-95.8356424,40.6876469],[-95.7738953,40.6572266],[-95.7651489,40.5691767],[-95.7374376,40.5293161],[-95.7084112,40.5202766],[-95.69184926524744,40.47121300561378],[-95.56675858879662,40.4621538404058],[-95.55531738198515,40.43015339288969],[-95.3390413347537,40.38378185561015],[-94.97892220526955,40.466674302345666],[-94.62866521688316,40.77572748019312],[-94.4666198154435,40.864327580847544],[-94.32670845385563,40.96853521165846],[-94.27271579191842,41.18607823905651],[-94.0875836738112,41.42269484334918],[-93.94164147593725,41.53369058143476],[-93.82770962326578,41.67782196930096],[-93.18431645528649,41.75483637300152],[-92.80019323429987,41.73514283527325],[-92.64756080101355,41.77972269162596],[-92.5352643432143,41.77168365047451],[-92.30412790038079,41.831315434622425],[-92.06480039135936,41.92736891937692],[-91.87271449992524,42.038501170753136],[-91.8099208308857,42.10393920853314],[-91.88314030810886,42.15256808672086],[-91.74335403322584,42.26946721499764],[-91.17948528663148,42.633464658103655],[-91.12118760471098,42.69197067143596],[-91.02007631904003,42.71022711712427],[-91.16,43.1],[-91.24659134349794,43.76279488412059],[-91.19399256939165,43.80908915302909],[-91.20050500507351,43.909662080497775],[-91.13265618634232,43.96499725939892],[-91.21884355850705,44.007008907181294],[-91.23408218729011,44.07462133855207],[-91.17163757569296,44.23609843160831],[-91.24833202496934,44.25429705191714],[-91.22700809119004,44.31368340445183],[-91.17174098491674,44.358281978472235],[-91.02740562503948,44.42986459619505],[-91.00840743878774,44.48719120427387],[-91.02462218140398,44.52843849094299],[-91.14773357120964,44.624432053342304],[-91.3242327547347,44.72741363124672],[-91.36980303810884,44.77843524815733],[-91.38521362759923,44.852802875176536],[-91.3,44.95],[-90.7,45.33],[-90.32,45.73],[-90.18,46.05],[-90.23,46.25],[-90.4184249929223,46.56598858406484],[-90.05,46.9],[-89.55,47.25],[-88.8,47.55],[-88.0,47.7],[-87.2,47.75],[-86.4,47.65],[-85.73808146383064,47.47707660089322],[-85.2,47.75],[-84.85,47.95],[-84.15429716633504,48.28688996439994],[-84.160504639945,48.354537530172465],[-84.28599820085383,48.657725088580904],[-83.74807756935712,48.973092513444776],[-83.51824589395011,49.28560892344471],[-83.43009097459124,49.43958649396506],[-83.32951702054962,49.48579302333667]]]}},{"type":"Feature","properties":{"id":"iroquois","name":"Iroquois Confederacy","short":"Iroquois","color":"#72558D","status":"Confirmed","article":"../../polities/iroquois-confederacy/","geometry_model":"v0.10.4 shared-feature topology: approved border routes preserved; neighboring fills locally meet those same routes."},"geometry":{"type":"Polygon","coordinates":[[[-72.5190414,46.2213024],[-72.543,46.343],[-73.11,46.05],[-73.3,46.35],[-73.92,46.68],[-74.7,47.15],[-75.8,47.55],[-76.8,47.8],[-78.0,48.15],[-80.6,48.8],[-82.2,49.55],[-83.21354087749114,49.8908719560261],[-83.22334548962691,49.79107774653753],[-83.32951702054962,49.48579302333667],[-83.43009097459124,49.43958649396506],[-83.51824589395011,49.28560892344471],[-83.74807756935712,48.973092513444776],[-84.28599820085383,48.657725088580904],[-84.160504639945,48.354537530172465],[-84.15429716633504,48.28688996439994],[-84.85,47.95],[-85.2,47.75],[-85.73808151942372,47.47707661541668],[-84.9867542,46.8761487],[-84.8425631,46.8897802],[-84.7737946,46.6473766],[-84.5583413,46.4679577],[-84.4677171,46.4634261],[-84.4440731,46.4885606],[-84.3742339,46.5091092],[-84.268804,46.4959004],[-84.1941821,46.5390749],[-84.1268063,46.5301865],[-84.1114339,46.4968466],[-84.140011,46.3755996],[-84.1033459,46.2730738],[-84.1067208,46.2222934],[-83.9539778,46.0546219],[-83.8852994,46.0142852],[-83.8872099,45.905785],[-82.7628693,45.5212132],[-82.5847053,45.4098018],[-82.4755194,45.2383328],[-82.3389271,44.8948775],[-82.2267058,44.4559807],[-82.1571183,43.9802872],[-82.1460204,43.5725109],[-82.2222432,43.3324832],[-82.4570847,42.9145747],[-82.4646248,42.7579023],[-82.4987321,42.7006246],[-82.5195107,42.6081633],[-82.8351653,42.3852955],[-83.0668871,42.3167307],[-83.1253821,42.2565029],[-83.1439118,42.046787],[-83.1175738,41.949629],[-83.0768867,41.9012916],[-82.9270023,41.8778377],[-82.3510076,41.8532024],[-82.1031334,41.8695377],[-81.8920966,41.937797],[-81.456445,42.1462062],[-81.2637816,42.2169585],[-80.6073426,42.3686871],[-79.6255548,42.5572001],[-79.6347117,42.4338555],[-79.4265489,42.3490679],[-79.0768623,42.1653312],[-78.4671945,42.1654892],[-78.3855703,42.1967025],[-78.2303869,42.2984752],[-78.1431308,42.3219217],[-77.5385608,42.262951],[-76.5255313,42.0902707],[-76.4600424,42.0965832],[-76.2497584,42.184583],[-75.8021116,42.1772041],[-75.4056677,42.0643846],[-74.6580126,41.9902148],[-74.5712712,42.000555],[-74.408819,42.0815371],[-74.2316974,42.136711],[-74.1884581,42.1723366],[-74.2099886,42.4599686],[-74.1844544,42.4916278],[-73.9693835,42.5645493],[-73.2845724,42.7017704],[-73.2406849,43.0174947],[-73.2122164,43.101388],[-73.050171,43.3566297],[-72.8396698,43.5568698],[-72.8365653,43.8848681],[-72.892625,44.1440503],[-72.8179214,44.5073015],[-72.4651083,45.1238892],[-72.4064895,45.20003],[-72.262424,45.3099126],[-72.2373271,45.3534384],[-72.5190414,46.2213024]]]}},{"type":"Feature","properties":{"id":"vinland","name":"Vinland","short":"Vinland","color":"#718A9B","status":"Confirmed","article":"../../polities/vinland/","geometry_model":"v0.10.4 shared-feature topology: approved border routes preserved; neighboring fills locally meet those same routes."},"geometry":{"type":"MultiPolygon","coordinates":[[[[-95.5185546875,68.67483520507812],[-95.1554183959961,68.87055969238281],[-95.8260269165039,68.88253021240234],[-95.98902893066406,69.22552490234375],[-96.15613555908203,69.04105377197266],[-96.26019287109375,69.34850311279297],[-97.25677490234375,69.70800018310547],[-97.37652587890625,69.57807922363281],[-97.3804702758789,69.75599670410156],[-97.95935821533203,69.904052734375],[-98.34227752685547,69.61257934570312],[-97.97066497802734,69.43621826171875],[-98.53069305419922,69.59327697753906],[-98.38075256347656,69.4516372680664],[-98.5868911743164,69.4469985961914],[-98.35214233398438,69.30408477783203],[-99.2219467163086,69.15283203125],[-99.1727523803711,69.05955505371094],[-99.26205444335938,69.16605377197266],[-99.50541687011719,69.09053039550781],[-99.4066390991211,68.89641571044922],[-99.1667251586914,68.82819366455078],[-99.02008056640625,68.87297058105469],[-99.22222137451172,68.97613525390625],[-96.54194641113281,68.45166778564453],[-95.82978057861328,68.60502624511719],[-95.75475311279297,68.75939178466797],[-95.5290298461914,68.76483154296875],[-95.5185546875,68.67483520507812]]],[[[-111.22066497802734,72.46908569335938],[-111.57880401611328,72.37525177001953],[-111.46194458007812,72.31644439697266],[-112.04027557373047,72.27583312988281],[-111.42825317382812,72.46886444091797],[-111.18611145019531,72.72666931152344],[-112.78816986083984,72.99441528320312],[-113.1044692993164,73.00900268554688],[-113.60124969482422,72.77400207519531],[-113.4250259399414,72.67455291748047],[-114.52483367919922,72.57605743408203],[-114.19219207763672,72.69811248779297],[-114.32550048828125,72.75655364990234],[-113.92986297607422,72.82402801513672],[-113.94110870361328,73.16539001464844],[-114.48005676269531,73.37647247314453],[-117.31822204589844,72.9253921508789],[-118.49766540527344,72.5042495727539],[-118.53816986083984,72.39324951171875],[-118.1078872680664,72.3338851928711],[-118.08930969238281,72.23577880859375],[-118.57485961914062,72.1691665649414],[-119.12239074707031,71.77216339111328],[-118.88502502441406,71.58372497558594],[-117.74372100830078,71.66952514648438],[-117.9482192993164,71.6056137084961],[-117.65863800048828,71.56388854980469],[-118.20030975341797,71.52022552490234],[-118.2340316772461,71.39453125],[-117.50758361816406,71.38330841064453],[-117.54589080810547,71.5082778930664],[-117.32866668701172,71.46869659423828],[-117.40816497802734,71.38427734375],[-115.0374755859375,71.53414154052734],[-118.32978057861328,71.0441665649414],[-118.3663330078125,70.94039154052734],[-117.68399810791016,70.63158416748047],[-115.91867065429688,70.58296966552734],[-116.01464080810547,70.53827667236328],[-113.82096862792969,70.71580505371094],[-111.44347381591797,70.34239196777344],[-112.53663635253906,70.19774627685547],[-114.48828125,70.32344055175781],[-117.36466979980469,70.03927612304688],[-117.26036071777344,69.78722381591797],[-116.5951919555664,69.5643310546875],[-116.5006103515625,69.40753173828125],[-113.37552642822266,69.16919708251953],[-113.710693359375,69.17463684082031],[-113.55435943603516,68.99908447265625],[-113.66416931152344,68.81547546386719],[-113.0143051147461,68.52183532714844],[-113.18802642822266,68.46113586425781],[-110.3254165649414,68.5778579711914],[-109.01139068603516,68.72877502441406],[-108.51669311523438,68.89025115966797],[-108.61508178710938,68.94538879394531],[-107.34752655029297,69.0143051147461],[-106.59441375732422,69.49541473388672],[-106.3058090209961,69.404052734375],[-106.38133239746094,69.1764144897461],[-104.88430786132812,69.0840835571289],[-105.24433135986328,68.96666717529297],[-105.12455749511719,68.89600372314453],[-104.53072357177734,68.86360931396484],[-104.35030364990234,68.97274780273438],[-103.42072296142578,68.77774810791016],[-102.89852905273438,68.79619598388672],[-101.77246856689453,69.0078353881836],[-101.70852661132812,69.15972137451172],[-101.89866638183594,69.27877807617188],[-102.21316528320312,69.21863555908203],[-101.91480255126953,69.41302490234375],[-102.29116821289062,69.51608276367188],[-102.83460998535156,69.39710998535156],[-103.17608642578125,69.10377502441406],[-102.99613952636719,69.49500274658203],[-103.13060760498047,69.42255401611328],[-103.17144775390625,69.58055877685547],[-103.52188873291016,69.70466613769531],[-102.57575225830078,69.54203033447266],[-102.4701919555664,69.6973648071289],[-102.66464233398438,69.77194213867188],[-102.32858276367188,69.75846862792969],[-102.24080657958984,69.91625213623047],[-102.1014175415039,69.82344055175781],[-102.03491973876953,69.94147491455078],[-101.92466735839844,69.7439193725586],[-101.65386199951172,69.67402648925781],[-101.4346923828125,69.9352798461914],[-101.30635833740234,69.67244720458984],[-100.95291900634766,69.66722106933594],[-100.98161315917969,70.18819427490234],[-101.50975036621094,70.1114730834961],[-101.5211410522461,70.269775390625],[-101.87797546386719,70.25336456298828],[-102.84210968017578,70.51022338867188],[-103.0104751586914,70.6856689453125],[-103.10297393798828,70.58980560302734],[-102.88408660888672,70.49897003173828],[-103.53385925292969,70.58758544921875],[-103.99166870117188,70.7630844116211],[-104.06038665771484,70.92463684082031],[-104.48652648925781,71.02935791015625],[-104.61460876464844,71.12811279296875],[-104.38597106933594,71.18283081054688],[-104.48163604736328,71.34674835205078],[-104.263916015625,71.35588836669922],[-104.30091857910156,71.59733581542969],[-104.7838363647461,71.85974884033203],[-105.29411315917969,72.46797180175781],[-105.489501953125,72.88957977294922],[-105.28119659423828,72.82627868652344],[-106.7620849609375,73.29949951171875],[-107.02091979980469,73.3074722290039],[-107.01897430419922,73.16944122314453],[-108.0,73.35216522216797],[-108.0992202758789,73.27230834960938],[-107.8683090209961,73.19369506835938],[-108.24610900878906,73.17283630371094],[-107.76789093017578,72.16163635253906],[-107.20574951171875,71.92633056640625],[-107.46360778808594,71.88616943359375],[-107.2471923828125,71.81147003173828],[-107.81466674804688,71.72613525390625],[-107.75536346435547,71.60322570800781],[-108.22474670410156,71.73091888427734],[-108.15130615234375,71.96505737304688],[-108.3381118774414,71.93724822998047],[-108.63969421386719,72.3308334350586],[-108.58380889892578,72.55022430419922],[-109.01205444335938,72.56944274902344],[-109.04005432128906,72.74871826171875],[-109.36580657958984,72.7474136352539],[-109.90086364746094,72.97528076171875],[-110.7271957397461,72.96216583251953],[-110.1739730834961,72.8179702758789],[-110.23442077636719,72.72938537597656],[-109.7344970703125,72.72433471679688],[-110.29299926757812,72.67308044433594],[-109.90555572509766,72.59727478027344],[-109.78091430664062,72.47977447509766],[-110.23819732666016,72.55583190917969],[-109.74552917480469,72.42855834960938],[-110.48999786376953,72.5076904296875],[-110.29413604736328,72.4263916015625],[-110.68350219726562,72.57494354248047],[-111.0715560913086,72.3955307006836],[-111.0086669921875,72.28158569335938],[-111.35336303710938,72.339111328125],[-111.22066497802734,72.46908569335938]]],[[[-101.89986419677734,72.48152923583984],[-101.78155517578125,72.29780578613281],[-101.4504165649414,72.2401351928711],[-101.2103042602539,72.34783172607422],[-100.92044067382812,72.16444396972656],[-100.59880828857422,72.17972564697266],[-99.64744567871094,71.76941680908203],[-99.2138900756836,71.35186004638672],[-98.68961334228516,71.27935791015625],[-98.1784439086914,71.42407989501953],[-98.03736114501953,71.54141998291016],[-98.49730682373047,71.72953033447266],[-98.21986389160156,71.8953628540039],[-98.36397552490234,71.74444580078125],[-98.18241882324219,71.64561462402344],[-97.4852523803711,71.6137466430664],[-96.47280883789062,71.89861297607422],[-96.7398910522461,71.91911315917969],[-96.46416473388672,72.04533386230469],[-96.86016845703125,72.04016876220703],[-96.45597076416016,72.11189270019531],[-96.52716827392578,72.28097534179688],[-96.84805297851562,72.32147216796875],[-96.26983642578125,72.41444396972656],[-96.52210998535156,72.75597381591797],[-97.172607421875,72.59950256347656],[-97.00355529785156,72.74183654785156],[-97.41783142089844,72.86602783203125],[-97.28083038330078,72.96941375732422],[-98.05867004394531,73.03438568115234],[-98.41525268554688,72.8725814819336],[-98.48894500732422,73.0090560913086],[-97.67424774169922,73.32069396972656],[-97.16297149658203,73.35900115966797],[-97.19538879394531,73.47563934326172],[-97.70686340332031,73.54044342041016],[-97.17805480957031,73.56261444091797],[-96.95794677734375,73.74849700927734],[-97.194580078125,73.8578872680664],[-97.84466552734375,73.86658477783203],[-97.75880432128906,73.9167251586914],[-99.16588592529297,73.68907928466797],[-99.83916473388672,73.94705963134766],[-100.26736450195312,73.91564178466797],[-99.8348617553711,73.88197326660156],[-100.03780364990234,73.76947021484375],[-100.8588638305664,73.84038543701172],[-101.12527465820312,73.73280334472656],[-100.53922271728516,73.60810852050781],[-100.42505645751953,73.40741729736328],[-100.8997802734375,73.60624694824219],[-101.62244415283203,73.49571990966797],[-100.95713806152344,73.27669525146484],[-100.34016418457031,73.32096862792969],[-100.39208221435547,73.40569305419922],[-99.7750244140625,73.21089172363281],[-100.52266693115234,73.23239135742188],[-100.5086669921875,73.08130645751953],[-100.23760986328125,73.14363861083984],[-100.02008056640625,72.94241333007812],[-100.290771484375,72.90031433105469],[-100.29183197021484,73.0308609008789],[-100.46424865722656,73.02283477783203],[-100.1657485961914,72.7873306274414],[-101.26744079589844,72.71330261230469],[-101.50438690185547,72.92163848876953],[-102.2284164428711,73.09278106689453],[-102.52130889892578,73.02275085449219],[-102.68624877929688,72.6929702758789],[-101.89986419677734,72.48152923583984]]],[[[-121.67771911621094,71.46336364746094],[-121.34835815429688,71.37769317626953],[-120.63188934326172,71.49208068847656],[-120.36505889892578,71.6965560913086],[-120.33422088623047,71.99810791015625],[-120.12186431884766,72.15985870361328],[-120.2336654663086,72.27216339111328],[-119.78685760498047,72.22575378417969],[-119.28902435302734,72.36621856689453],[-119.10285949707031,72.64805603027344],[-115.79411315917969,73.34158325195312],[-115.32241821289062,73.54080963134766],[-117.62544250488281,74.25102996826172],[-118.76000213623047,74.2131118774414],[-119.12625122070312,73.99578094482422],[-119.08272552490234,74.2074966430664],[-119.7911376953125,74.1155014038086],[-119.66458129882812,74.24116516113281],[-121.45122528076172,74.55655670166016],[-124.7341079711914,74.35050201416016],[-124.19158172607422,73.88127899169922],[-123.75174713134766,73.75260925292969],[-124.86846923828125,73.0973892211914],[-124.44036102294922,72.94380950927734],[-125.12483215332031,72.87010955810547],[-124.9111099243164,72.56866455078125],[-125.32894134521484,72.48274993896484],[-125.78277587890625,72.132080078125],[-125.69552612304688,72.04566955566406],[-125.99069213867188,71.96600341796875],[-125.27583312988281,71.96683502197266],[-123.9671401977539,71.66564178466797],[-123.10108184814453,71.07902526855469],[-121.67771911621094,71.46336364746094]]],[[[-106.07852935791016,73.28402709960938],[-105.30872344970703,72.85869598388672],[-105.31697082519531,72.96172332763672],[-105.0467529296875,72.99480438232422],[-104.52405548095703,73.33572387695312],[-104.49949645996094,73.59288787841797],[-105.29816436767578,73.76908111572266],[-106.55733489990234,73.70819091796875],[-107.0094985961914,73.4708023071289],[-106.07852935791016,73.28402709960938]]],[[[-103.80171966552734,75.36569213867188],[-104.21927642822266,75.4447250366211],[-104.49669647216797,75.41458129882812],[-104.91180419921875,75.12702941894531],[-104.43277740478516,75.03392028808594],[-103.58405303955078,75.16694641113281],[-103.80171966552734,75.36569213867188]]],[[[-106.0,75.05255889892578],[-105.61697387695312,75.36380767822266],[-105.71125030517578,75.49949645996094],[-105.36438751220703,75.64997100830078],[-105.42491912841797,75.85394287109375],[-106.56964111328125,76.069580078125],[-106.86944580078125,75.97547149658203],[-106.87557983398438,75.83930969238281],[-106.56664276123047,75.80494689941406],[-106.86225128173828,75.77386474609375],[-106.84083557128906,75.6504135131836],[-107.03360748291016,75.90130615234375],[-108.0,75.78752899169922],[-107.60266876220703,76.00252532958984],[-108.48219299316406,76.0395278930664],[-108.03636169433594,76.27508544921875],[-108.57250213623047,76.41764068603516],[-108.71363830566406,76.63866424560547],[-108.3822250366211,76.7248306274414],[-109.10761260986328,76.82611083984375],[-109.7598876953125,76.48480224609375],[-110.41525268554688,76.35505676269531],[-109.26180267333984,76.10552978515625],[-109.22933197021484,76.0240249633789],[-110.04988861083984,75.89886474609375],[-108.80113983154297,75.70252990722656],[-108.8397216796875,75.5647201538086],[-109.0516357421875,75.5564193725586],[-108.88536071777344,75.4804458618164],[-111.22416687011719,75.5167465209961],[-111.60530853271484,75.81536102294922],[-111.43655395507812,75.84691619873047],[-112.22396850585938,75.81655883789062],[-111.68311309814453,75.9189682006836],[-112.40274810791016,76.04550170898438],[-112.40047454833984,76.1808090209961],[-112.97383117675781,76.2735824584961],[-113.9818344116211,76.19589233398438],[-114.1659164428711,76.47672271728516],[-114.89580535888672,76.52149963378906],[-115.89905548095703,76.29042053222656],[-114.62750244140625,76.17013549804688],[-116.21622467041016,76.19752502441406],[-116.6141357421875,76.12149810791016],[-116.44550323486328,75.97652435302734],[-116.73091888427734,75.90508270263672],[-114.78233337402344,75.89749908447266],[-116.80469512939453,75.80386352539062],[-117.21739196777344,75.58149719238281],[-115.0074691772461,75.69924926757812],[-116.00902557373047,75.48805236816406],[-117.2459716796875,75.47477722167969],[-117.66380310058594,75.25211334228516],[-116.69080352783203,75.1177749633789],[-116.2171401977539,75.21416473388672],[-116.29238891601562,75.10655975341797],[-116.00358581542969,75.12619018554688],[-116.24238586425781,75.06147003173828],[-115.55982971191406,74.99461364746094],[-115.6631088256836,75.1374740600586],[-115.23149871826172,75.18644714355469],[-115.08702850341797,74.9717788696289],[-114.4522476196289,75.06144714355469],[-114.2744140625,75.1729965209961],[-114.60836029052734,75.2804183959961],[-114.15880584716797,75.22355651855469],[-114.03011322021484,75.47480773925781],[-113.87313842773438,75.37744140625],[-113.30230712890625,75.42144775390625],[-113.8060302734375,75.32516479492188],[-113.91786193847656,75.18013763427734],[-113.63758087158203,75.19303131103516],[-113.9173355102539,75.05241394042969],[-112.76219177246094,75.12566375732422],[-112.64922332763672,75.28600311279297],[-112.2852783203125,75.2084732055664],[-112.39038848876953,75.12752532958984],[-110.91075134277344,75.22958374023438],[-111.58599853515625,75.00947570800781],[-112.94080352783203,74.97188568115234],[-114.42655944824219,74.69580841064453],[-113.52391815185547,74.4292221069336],[-112.35769653320312,74.42433166503906],[-108.79850006103516,75.073974609375],[-108.3546371459961,74.91844177246094],[-107.9310302734375,74.93119049072266],[-107.75414276123047,75.10011291503906],[-107.65621948242188,74.97628021240234],[-107.20053100585938,74.91349792480469],[-106.0,75.05255889892578]]],[[[-117.47675323486328,76.04841613769531],[-117.65953063964844,76.1280288696289],[-118.71041870117188,75.89064025878906],[-119.40855407714844,75.60861206054688],[-118.5677490234375,75.50174713134766],[-117.47675323486328,76.04841613769531]]],[[[-98.86502838134766,76.67050170898438],[-98.45092010498047,76.65458679199219],[-98.55596923828125,76.58427429199219],[-99.06900024414062,76.57772064208984],[-98.83171844482422,76.43157958984375],[-99.12699890136719,76.46019744873047],[-99.0562515258789,76.39197540283203],[-99.65780639648438,76.63202667236328],[-100.98505401611328,76.50316619873047],[-99.82508087158203,76.28158569335938],[-100.44022369384766,76.21780395507812],[-99.41058349609375,76.15991973876953],[-100.23419189453125,76.1316146850586],[-99.87921905517578,75.94058227539062],[-99.45527648925781,75.96849822998047],[-99.91380310058594,75.87342071533203],[-100.59789276123047,76.07919311523438],[-100.37205505371094,76.1187515258789],[-100.7030029296875,76.08983612060547],[-100.60580444335938,76.1385269165039],[-101.13153076171875,76.24097442626953],[-101.28752899169922,76.41677856445312],[-101.89672088623047,76.44774627685547],[-102.17082977294922,76.23572540283203],[-101.35391998291016,76.25113677978516],[-101.90985870361328,76.070556640625],[-101.28878021240234,76.01061248779297],[-101.61044311523438,75.92727661132812],[-101.3602523803711,75.77705383300781],[-100.91741943359375,75.81266784667969],[-101.29350280761719,75.74888610839844],[-102.1541976928711,75.88233184814453],[-102.35649871826172,75.78121948242188],[-102.04374694824219,75.6991958618164],[-102.86033630371094,75.62886047363281],[-102.60433197021484,75.49991607666016],[-99.62989044189453,75.6913070678711],[-100.03819274902344,75.55669403076172],[-99.80302429199219,75.54547119140625],[-100.30024719238281,75.52266693115234],[-99.65902709960938,75.51080322265625],[-100.77928161621094,75.35505676269531],[-99.96541595458984,75.24008178710938],[-100.54119110107422,75.19802856445312],[-100.36697387695312,75.02458190917969],[-99.40744018554688,74.9901351928711],[-99.3369140625,75.08333587646484],[-99.34547424316406,74.9878921508789],[-97.97313690185547,75.0238037109375],[-98.07308197021484,75.22602844238281],[-97.84564208984375,75.10874938964844],[-97.55867004394531,75.15802764892578],[-98.00830841064453,75.28138732910156],[-97.88391876220703,75.32688903808594],[-98.13336181640625,75.3068618774414],[-97.7861099243164,75.43049621582031],[-98.06324768066406,75.49224853515625],[-97.73872375488281,75.46138763427734],[-97.70172119140625,75.56819152832031],[-97.26327514648438,75.39808654785156],[-97.37202453613281,75.69027709960938],[-97.93560791015625,75.73419189453125],[-97.54755401611328,75.87000274658203],[-97.66510772705078,76.48764038085938],[-98.492919921875,76.68472290039062],[-98.86502838134766,76.67050170898438]]],[[[-102.66752624511719,76.11663818359375],[-102.65286254882812,76.29822540283203],[-104.28394317626953,76.23069763183594],[-104.4622802734375,76.12369537353516],[-102.66752624511719,76.11663818359375]]],[[[-104.46800231933594,76.39430236816406],[-104.03925323486328,76.35536193847656],[-104.38285827636719,76.33483123779297],[-103.5141372680664,76.31363677978516],[-102.99183654785156,76.44930267333984],[-104.02194213867188,76.58088684082031],[-104.02616882324219,76.66974639892578],[-104.66222381591797,76.60099792480469],[-104.46800231933594,76.39430236816406]]],[[[-120.37410736083984,76.80738830566406],[-121.20094299316406,76.69061279296875],[-121.49036407470703,76.44697570800781],[-122.32083129882812,76.42158508300781],[-123.02877807617188,76.08899688720703],[-122.49674987792969,76.15450286865234],[-122.72660827636719,76.11861419677734],[-122.4419174194336,76.11688995361328],[-122.70852661132812,76.01930236816406],[-122.58135986328125,75.93861389160156],[-121.85285949707031,76.04894256591797],[-121.28514099121094,75.90691375732422],[-120.92047119140625,75.9520263671875],[-120.85405731201172,76.21333312988281],[-120.66114044189453,76.00605773925781],[-120.38277435302734,75.97330474853516],[-120.46363830566406,75.82994079589844],[-119.75824737548828,75.87635803222656],[-119.46941375732422,76.01074981689453],[-119.81852722167969,76.11219024658203],[-119.53236389160156,76.12117004394531],[-119.7056655883789,76.34700012207031],[-119.45491790771484,76.35055541992188],[-119.04521942138672,76.09210968017578],[-118.94894409179688,76.27224731445312],[-118.5376968383789,76.33580780029297],[-118.92516326904297,76.52635955810547],[-118.31744384765625,76.55883026123047],[-118.46186065673828,76.72605895996094],[-117.8385009765625,76.82930755615234],[-118.05535888671875,76.41366577148438],[-117.52302551269531,76.27444458007812],[-117.06838989257812,76.30633544921875],[-117.03780364990234,76.54558563232422],[-115.866943359375,76.69847106933594],[-116.36861419677734,76.93516540527344],[-115.71282958984375,76.94852447509766],[-116.39722442626953,77.15352630615234],[-115.35099792480469,77.31419372558594],[-116.3995590209961,77.5593032836914],[-117.0,77.43869018554688],[-116.60600280761719,77.3911361694336],[-117.1493911743164,77.36555480957031],[-116.98760986328125,77.29474639892578],[-117.86763763427734,77.39167022705078],[-119.21333312988281,77.31130981445312],[-120.37410736083984,76.80738830566406]]],[[[-104.72833251953125,77.1151351928711],[-104.34024810791016,77.23794555664062],[-105.0,77.40780639648438],[-105.19686126708984,77.6308364868164],[-105.96299743652344,77.7655258178711],[-105.43269348144531,77.22211456298828],[-104.72833251953125,77.1151351928711]]],[[[-112.03755950927734,77.3296127319336],[-110.87947082519531,77.4080810546875],[-110.13761138916016,77.5320816040039],[-110.0361099243164,77.74771881103516],[-110.91422271728516,77.864501953125],[-110.0,77.92013549804688],[-109.55341339111328,78.07814025878906],[-113.16847229003906,77.9253921508789],[-113.19783020019531,77.5243911743164],[-112.03755950927734,77.3296127319336]]],[[[-111.44344329833984,78.2695541381836],[-111.15547180175781,78.39252471923828],[-110.3592529296875,78.27525329589844],[-109.39447021484375,78.31269073486328],[-109.22469329833984,78.48219299316406],[-110.71221923828125,78.76155853271484],[-113.22563934326172,78.41061401367188],[-113.02141571044922,78.27755737304688],[-112.16594696044922,78.3727798461914],[-111.44344329833984,78.2695541381836]]],[[[-104.43608093261719,78.266357421875],[-102.77444458007812,78.39646911621094],[-102.61127471923828,78.2425308227539],[-101.0155029296875,78.19635772705078],[-100.27022552490234,77.81561279296875],[-99.0,77.90467071533203],[-98.91583251953125,78.064697265625],[-99.79755401611328,78.30535888671875],[-99.48088836669922,78.58699798583984],[-100.03775024414062,78.63533020019531],[-99.8746109008789,78.70314025878906],[-100.35655975341797,78.83430480957031],[-101.20114135742188,78.8042221069336],[-100.96177673339844,78.9403305053711],[-101.85444641113281,79.08997344970703],[-102.38241577148438,79.0179443359375],[-102.56202697753906,78.867919921875],[-102.86213684082031,79.2347183227539],[-103.72577667236328,79.36405944824219],[-105.45169067382812,79.33672332763672],[-105.60935974121094,79.03136444091797],[-104.6850814819336,79.025390625],[-104.98625183105469,78.7967529296875],[-104.10472106933594,78.9822769165039],[-103.8248062133789,78.89824676513672],[-104.19589233398438,78.76988983154297],[-103.29902648925781,78.73497009277344],[-104.02967071533203,78.6294174194336],[-103.38330841064453,78.61885833740234],[-103.54486083984375,78.49705505371094],[-104.96683502197266,78.52972412109375],[-104.43608093261719,78.266357421875]]],[[[-81.81600189208984,53.17236328125],[-82.0377197265625,52.99983215332031],[-80.69480895996094,52.68536376953125],[-80.7629165649414,52.92585754394531],[-81.11902618408203,53.19535827636719],[-81.81600189208984,53.17236328125]]],[[[-78.87958526611328,56.30694580078125],[-78.92236328125,56.428443908691406],[-79.25294494628906,56.630615234375],[-79.40733337402344,56.21122741699219],[-79.6451644897461,56.0863037109375],[-79.41146850585938,56.44233703613281],[-79.45083618164062,56.561279296875],[-79.53863525390625,56.2667236328125],[-80.0,55.899078369140625],[-79.82180786132812,55.922889709472656],[-79.86035919189453,55.82836151123047],[-79.51080322265625,56.13285827636719],[-79.77855682373047,55.776222229003906],[-79.61499786376953,55.90852355957031],[-79.49269104003906,55.85905456542969],[-79.13197326660156,56.239227294921875],[-79.28133392333984,55.849884033203125],[-78.94010925292969,56.39152526855469],[-79.20508575439453,55.86033630371094],[-78.87958526611328,56.30694580078125]]],[[[-135.56149291992188,69.1141357421875],[-135.9963911659852,69.2],[-135.93885803222656,69.07775115966797],[-135.25643920898438,68.92871856689453],[-135.64744567871094,68.87858581542969],[-135.11981201171875,68.65499877929688],[-135.2949676513672,68.6399154663086],[-136.13807678222656,68.88227844238281],[-136.39887595007878,68.8936484587836],[-135.6112892777428,68.42607068699677],[-135.4950104,68.4308395],[-135.4848124,68.3848272],[-135.4473847,68.344694],[-135.225,68.283],[-135.1138124,68.305185],[-135.0841675,68.2325058],[-134.9788894,68.2289129],[-134.8670094,68.1757963],[-134.7656574,68.2260642],[-134.7072296,68.1549988],[-134.6027965,68.0831309],[-134.4180344,68.0275786],[-134.4366608,67.964447],[-134.2102121,67.9937935],[-134.1295592,68.0270718],[-134.0541055,67.9191252],[-132.4603172,67.4396802],[-132.4189841,67.3159552],[-132.1382462,67.3535174],[-132.1117182,67.3265502],[-131.8834325,67.363384],[-131.8463333,67.2381712],[-130.0,66.5],[-129.2762334,66.1381167],[-129.2009211,66.0785206],[-129.0582344,66.0754732],[-129.0117623,66.0077186],[-129.0131928,65.9025297],[-128.8527849,65.825556],[-128.7814162,65.7620313],[-128.6701996,65.7321914],[-128.5166056,65.6219877],[-128.2436933,65.6216258],[-128.2089644,65.606468],[-128.0850067,65.6258011],[-127.8506944,65.5326859],[-127.6419837,65.5282999],[-127.5879974,65.4657974],[-127.6521553,65.3257314],[-126.0,64.5],[-125.7355957,64.3237305],[-125.7274784,64.1947218],[-125.5622763,64.1853045],[-125.4508735,64.2179062],[-125.4112251,64.1086518],[-125.3514597,64.0676398],[-125.3276577,63.9444715],[-125.1192025,63.9413194],[-125.0,63.9849701],[-125.0172463,63.8435919],[-123.366922,62.7441767],[-123.2238957,62.6997509],[-123.1323804,62.5946336],[-123.0001557,62.5000802],[-122.4048942,62.2691711],[-122.373868,62.1363198],[-122.3211366,62.1440145],[-122.1810153,62.0932982],[-121.6310531,61.9739944],[-121.5801867,61.9403106],[-121.5503598,61.9474972],[-121.4831618,61.9077749],[-121.3402751,61.8752466],[-121.2716949,61.8275498],[-121.189003,61.8641968],[-120.7725738,61.8184476],[-120.6791611,61.7830658],[-120.5731702,61.8236959],[-119.0,61.75],[-116.0,61.5],[-114.6,61.2],[-113.7,60.9],[-113.2,60.7],[-112.9477595,60.6258116],[-112.8257223,60.61157],[-112.7161235,60.5615145],[-112.5642989,60.5389322],[-112.5161057,60.4769516],[-112.4580057,60.5243963],[-112.4430618,60.4247208],[-112.3701548,60.4559279],[-111.5,60.2],[-109.25,59.62],[-110.0,59.2],[-107.1,57.5],[-102.1,57.7],[-100.0663377,56.5597794],[-100.0059562,56.4934016],[-99.9166916,56.4767703],[-98.0056982,55.4028919],[-95.6039044,54.443264],[-95.586113,54.3866653],[-95.4738343,54.4048299],[-95.4047852,54.3619141],[-94.9960265,54.1985811],[-92.3088379,53.302946],[-92.2611084,53.2605591],[-92.1880859,53.2626953],[-88.4935635,52.2727228],[-88.4438858,52.1991577],[-88.2821329,52.1819235],[-88.20224,52.2430372],[-88.0834324,52.2341555],[-88.0322266,52.2163849],[-88.0005219,52.1476727],[-86.3905685,51.729484],[-86.2916641,51.7758331],[-86.1336693,51.7535591],[-85.9377716,51.63847],[-85.9427795,51.4274979],[-85.9087455,51.3381819],[-84.8,50.6],[-84.5820684,50.5025872],[-84.4689647,50.4833493],[-84.3992714,50.4508123],[-84.2875793,50.3211261],[-84.176578,50.3229322],[-83.3124257,49.9348303],[-83.1711121,49.9277802],[-83.17154353118065,49.87674749602386],[-82.2,49.55],[-80.6,48.8],[-78.0,48.15],[-76.8,47.8],[-75.8,47.55],[-74.7,47.15],[-73.92,46.68],[-73.3,46.35],[-73.11,46.05],[-72.543,46.343],[-72.2514794,46.4437143],[-72.1868002,46.5390354],[-72.0096171,46.5828945],[-71.8891385,46.6775138],[-71.712079,46.6582958],[-71.2397196,46.7615],[-71.1798118,46.8318708],[-70.7157211303711,47.108612060546875],[-70.49569702148438,47.43975067138672],[-70.22911071777344,47.488861083984375],[-69.90625,47.76902770996094],[-69.70549774169922,48.10166931152344],[-69.98919677734375,48.257362365722656],[-69.67835998535156,48.13871765136719],[-69.12872314453125,48.57830810546875],[-69.05921936035156,48.77122497558594],[-68.6366958618164,48.900390625],[-68.74713897705078,48.94163513183594],[-68.38671875,49.14208221435547],[-68.46336364746094,49.04371643066406],[-68.1925277709961,49.10124969482422],[-68.32463836669922,49.18663787841797],[-68.12916564941406,49.27203369140625],[-67.37669372558594,49.31788635253906],[-67.15130615234375,49.80250549316406],[-66.63835906982422,50.18791198730469],[-66.45255279541016,50.125],[-66.54255676269531,50.20997619628906],[-66.45669555664062,50.26788330078125],[-66.11502838134766,50.183692932128906],[-65.96499633789062,50.284584045410156],[-63.79669189453125,50.30705261230469],[-63.400054931640625,50.20208740234375],[-62.76838684082031,50.31291198730469],[-61.592559814453125,50.176666259765625],[-61.73663330078125,50.08538818359375],[-61.013336181640625,50.24455261230469],[-60.183387756347656,50.28289031982422],[-60.188331604003906,50.19127655029297],[-59.4324951171875,50.53582763671875],[-59.265838623046875,50.75666809082031],[-59.01246643066406,50.735809326171875],[-59.00752258300781,51.01249694824219],[-58.90089416503906,51.05744934082031],[-58.9000244140625,50.930419921875],[-58.83586120605469,51.07916259765625],[-58.77836608886719,51.00958251953125],[-58.527557373046875,51.16749572753906],[-58.690032958984375,51.26124572753906],[-58.42835998535156,51.313720703125],[-58.329193115234375,51.246665954589844],[-58.57916259765625,51.22413635253906],[-58.341644287109375,51.19622039794922],[-58.294219970703125,51.33247375488281],[-58.00999450683594,51.307861328125],[-57.71669006347656,51.51708221435547],[-57.6983642578125,51.420387268066406],[-57.24339294433594,51.50377655029297],[-56.95835876464844,51.42375183105469],[-56.705833435058594,51.663307189941406],[-55.89086151123047,51.961669921875],[-55.99092102050781,52.02583312988281],[-55.83172607421875,52.000389099121094],[-55.692527770996094,52.08833312988281],[-55.787498474121094,52.20246887207031],[-55.62080383300781,52.21746826171875],[-56.25080871582031,52.44999694824219],[-55.81666564941406,52.33625030517578],[-55.627532958984375,52.4449462890625],[-56.54083251953125,52.60327911376953],[-55.76586151123047,52.59330749511719],[-55.92250061035156,52.63999938964844],[-55.774139404296875,52.69330596923828],[-56.19422149658203,52.83161163330078],[-55.80591583251953,52.836639404296875],[-55.88252258300781,53.00917053222656],[-56.149192810058594,52.9891357421875],[-55.75250244140625,53.13336181640625],[-55.85588836669922,53.204139709472656],[-55.74419403076172,53.25166320800781],[-55.92755126953125,53.29997253417969],[-55.80088806152344,53.33497619628906],[-56.27925109863281,53.556640625],[-56.02002716064453,53.498695373535156],[-56.02671813964844,53.57872009277344],[-56.72752380371094,53.681610107421875],[-56.40496826171875,53.71539306640625],[-56.483360290527344,53.78874969482422],[-57.021697998046875,53.71455383300781],[-57.37168884277344,53.425384521484375],[-57.32086181640625,53.59330749511719],[-57.53422546386719,53.584136962890625],[-57.114227294921875,53.740028381347656],[-57.23753356933594,53.821693420410156],[-57.072471618652344,53.809112548828125],[-57.41999816894531,54.19038391113281],[-58.17505645751953,54.237884521484375],[-58.41583251953125,54.1300048828125],[-58.15338897705078,54.10044860839844],[-58.85499572753906,53.949554443359375],[-59.101722717285156,53.67707824707031],[-59.916717529296875,53.528717041015625],[-59.794219970703125,53.48493957519531],[-60.27497100830078,53.273773193359375],[-60.772499084472656,53.24580383300781],[-60.02919006347656,53.4375],[-60.15089416503906,53.52330780029297],[-60.01753234863281,53.71247100830078],[-60.12171936035156,53.76371765136719],[-58.61335754394531,54.03874969482422],[-58.389068603515625,54.21742248535156],[-59.593360900878906,54.037109375],[-58.24671936035156,54.246246337890625],[-58.086692810058594,54.38288879394531],[-57.60166931152344,54.38285827636719],[-57.410919189453125,54.463279724121094],[-57.705833435058594,54.48246765136719],[-57.334197998046875,54.580810546875],[-58.18919372558594,54.74833679199219],[-57.84080505371094,54.81163787841797],[-57.990806579589844,54.787445068359375],[-57.943359375,54.930389404296875],[-58.39672088623047,54.735443115234375],[-58.973358154296875,54.82708740234375],[-58.899169921875,54.912498474121094],[-59.03422546386719,54.89585876464844],[-58.899169921875,54.94419860839844],[-59.05250549316406,55.00080871582031],[-58.950889587402344,55.10913848876953],[-59.028411865234375,55.15455627441406],[-59.404998779296875,54.96868896484375],[-59.14086151123047,55.149169921875],[-59.19664001464844,55.239532470703125],[-59.935028076171875,54.74455261230469],[-59.4158935546875,55.15833282470703],[-59.98753356933594,55.10746765136719],[-59.73747253417969,55.205833435058594],[-59.77833557128906,55.33538818359375],[-60.35502624511719,54.96455383300781],[-60.03338623046875,55.26622009277344],[-60.300079345703125,55.11041259765625],[-60.135887145996094,55.26997375488281],[-60.25172424316406,55.27372741699219],[-60.695831298828125,54.986663818359375],[-60.34422302246094,55.23164367675781],[-60.62086486816406,55.154998779296875],[-60.352500915527344,55.41911315917969],[-60.18914031982422,55.43169403076172],[-60.339996337890625,55.494529724121094],[-60.51588439941406,55.337501525878906],[-60.30589294433594,55.57746887207031],[-60.4566650390625,55.49708557128906],[-60.39588928222656,55.609161376953125],[-60.5308837890625,55.595001220703125],[-60.32258605957031,55.777496337890625],[-60.49424743652344,55.80413818359375],[-60.66999816894531,55.54875183105469],[-60.595001220703125,55.81208801269531],[-60.95341491699219,55.726226806640625],[-60.72589111328125,55.83580780029297],[-61.201751708984375,55.86455535888672],[-61.07091522216797,55.88746643066406],[-61.143310546875,55.97874450683594],[-61.75331115722656,55.96455383300781],[-61.28758239746094,56.02410888671875],[-61.29844665527344,56.12458801269531],[-61.4925537109375,56.06663513183594],[-61.32086181640625,56.22413635253906],[-62.02674865722656,56.22627258300781],[-62.10002899169922,56.29374694824219],[-61.580810546875,56.282501220703125],[-62.22425079345703,56.47163391113281],[-61.65083312988281,56.53919219970703],[-62.539222717285156,56.75580596923828],[-61.67169189453125,56.61872100830078],[-61.93424987792969,56.80580139160156],[-61.347503662109375,56.951637268066406],[-61.36250305175781,57.0999755859375],[-61.731666564941406,57.156219482421875],[-61.63996887207031,57.237083435058594],[-61.98588562011719,57.21080780029297],[-61.80589294433594,57.37419128417969],[-61.95835876464844,57.43035888671875],[-62.532554626464844,57.4891357421875],[-61.89250183105469,57.63249969482422],[-62.16258239746094,57.83000183105469],[-61.94505310058594,57.78205871582031],[-61.944976806640625,57.91619873046875],[-62.67919921875,57.92913818359375],[-62.32086181640625,58.021636962890625],[-62.524169921875,58.09083557128906],[-62.44999694824219,58.172889709472656],[-63.355865478515625,57.969139099121094],[-63.051727294921875,58.15705871582031],[-62.60749816894531,58.19081115722656],[-62.920806884765625,58.19994354248047],[-62.609222412109375,58.311614990234375],[-62.70585632324219,58.404945373535156],[-62.557586669921875,58.47997283935547],[-63.16999816894531,58.362060546875],[-63.09416198730469,58.46080780029297],[-63.28172302246094,58.465362548828125],[-63.60755920410156,58.29167175292969],[-63.33580780029297,58.462501525878906],[-63.55589294433594,58.464141845703125],[-63.46424865722656,58.54747009277344],[-63.166748046875,58.5062255859375],[-62.852500915527344,58.7008056640625],[-63.089141845703125,58.66410827636719],[-62.899169921875,58.78416442871094],[-63.023277282714844,58.89625549316406],[-63.17503356933594,58.76371765136719],[-63.14585876464844,58.87666320800781],[-63.34913635253906,58.86500549316406],[-63.13922119140625,58.92750549316406],[-63.354217529296875,59.026641845703125],[-63.1383056640625,59.05455780029297],[-64.05088806152344,59.0191650390625],[-63.91664123535156,59.08622741699219],[-63.58833312988281,59.061279296875],[-63.35755920410156,59.19749450683594],[-63.46421813964844,59.17832946777344],[-63.391639709472656,59.282081604003906],[-63.63252258300781,59.21333312988281],[-63.535003662109375,59.34205627441406],[-63.805084228515625,59.23872375488281],[-63.70258331298828,59.369171142578125],[-64.06253051757812,59.38160705566406],[-63.72252655029297,59.51411437988281],[-63.98229217529297,59.60887145996094],[-64.12586212158203,59.521636962890625],[-63.91255187988281,59.66911315917969],[-64.25840759277344,59.74354553222656],[-63.94419860839844,59.75666809082031],[-64.30088806152344,59.94163513183594],[-64.17250061035156,60.0374755859375],[-64.4866943359375,59.892913818359375],[-64.39424896240234,59.9808349609375],[-64.53925323486328,60.00419616699219],[-64.38922119140625,60.0133056640625],[-64.36419677734375,60.130828857421875],[-64.69916534423828,60.02497100830078],[-64.3625259399414,60.17333221435547],[-64.72755432128906,60.2691650390625],[-64.3675308227539,60.246665954589844],[-64.84844207763672,60.37291717529297],[-64.77922058105469,60.29247283935547],[-64.9625015258789,60.25663757324219],[-64.8492202758789,60.220001220703125],[-65.01791381835938,60.15833282470703],[-64.9625244140625,60.088279724121094],[-65.14483642578125,60.051109313964844],[-65.00172424316406,59.8966064453125],[-65.14385986328125,59.96452331542969],[-65.23161315917969,59.92155456542969],[-65.12200164794922,59.86358642578125],[-65.27449798583984,59.87769317626953],[-65.13410949707031,59.779945373535156],[-65.32160949707031,59.864837646484375],[-65.53666687011719,59.745697021484375],[-65.39064025878906,59.500274658203125],[-65.01388549804688,59.38346862792969],[-65.5145263671875,59.482391357421875],[-65.31002807617188,59.24468994140625],[-65.55083465576172,59.38658142089844],[-65.47022247314453,59.14086151123047],[-65.74766540527344,59.27052307128906],[-65.64008331298828,59.074195861816406],[-65.31547546386719,59.04572296142578],[-65.59319305419922,59.05792236328125],[-65.36347198486328,58.92253112792969],[-65.77027893066406,59.04644775390625],[-65.66461181640625,58.935890197753906],[-65.99888610839844,58.90574645996094],[-65.71208190917969,58.80366516113281],[-66.08641815185547,58.818359375],[-65.8181381225586,58.572471618652344],[-66.07164001464844,58.357421875],[-65.970947265625,58.272666931152344],[-66.09505462646484,58.36180114746094],[-65.92647552490234,58.62294006347656],[-66.37694549560547,58.854827880859375],[-66.62308502197266,58.479217529296875],[-66.8554458618164,58.419776916503906],[-66.93878173828125,58.51225280761719],[-67.09044647216797,58.332977294921875],[-67.46005249023438,58.296142578125],[-67.67466735839844,58.015106201171875],[-67.76030731201172,58.47132873535156],[-67.85197448730469,58.230499267578125],[-68.10822296142578,58.08233642578125],[-67.8455581665039,58.30836486816406],[-68.00763702392578,58.584861755371094],[-68.17888641357422,58.487693786621094],[-68.3121109008789,58.0909423828125],[-68.68477630615234,58.00257873535156],[-68.33638763427734,58.118865966796875],[-68.21662139892578,58.38447570800781],[-68.34847259521484,58.781585693359375],[-68.63380432128906,58.91102600097656],[-69.2544174194336,58.90380859375],[-69.8128890991211,58.58269500732422],[-69.78022003173828,58.7100830078125],[-69.93008422851562,58.689697265625],[-69.90730285644531,58.78338623046875],[-70.25555419921875,58.7772216796875],[-69.7889175415039,58.82763671875],[-69.84638977050781,59.05994415283203],[-69.65777587890625,58.94203186035156],[-69.68108367919922,58.80810546875],[-69.54611206054688,58.809112548828125],[-69.4377212524414,58.904693603515625],[-69.4939193725586,59.07861328125],[-69.34549713134766,59.09446716308594],[-69.53880310058594,59.152442932128906],[-69.23422241210938,59.222862243652344],[-69.23802947998047,59.32294464111328],[-69.76116943359375,59.321556091308594],[-69.62030792236328,59.3905029296875],[-69.74114227294922,59.51246643066406],[-69.49880981445312,59.667755126953125],[-69.67871856689453,59.685302734375],[-69.54133605957031,59.871551513671875],[-69.71749877929688,59.966644287109375],[-70.87472534179688,60.04591369628906],[-69.6173095703125,60.071441650390625],[-69.5826644897461,60.222412109375],[-69.76547241210938,60.30530548095703],[-69.65985870361328,60.35594177246094],[-69.82044219970703,60.508140563964844],[-69.62425231933594,60.581443786621094],[-69.69447326660156,60.69541931152344],[-69.35819244384766,60.81427764892578],[-69.50408172607422,61.06764221191406],[-69.89741516113281,60.799278259277344],[-70.1461410522461,60.88177490234375],[-70.13583374023438,61.0919189453125],[-70.40985870361328,61.00721740722656],[-70.75113677978516,61.084999084472656],[-70.72486114501953,61.00238800048828],[-70.98603057861328,61.12799835205078],[-71.436279296875,61.11991882324219],[-71.44355773925781,61.22505187988281],[-71.61969757080078,61.15355682373047],[-71.57941436767578,61.254302978515625],[-71.7988052368164,61.27386474609375],[-71.64083099365234,61.327110290527344],[-71.91441345214844,61.39202880859375],[-71.56966400146484,61.404693603515625],[-71.8665542602539,61.423553466796875],[-71.55458068847656,61.61719512939453],[-71.9403076171875,61.70863342285156],[-71.96074676513672,61.597251892089844],[-72.27072143554688,61.57416534423828],[-71.98102569580078,61.66230773925781],[-72.2598876953125,61.78511047363281],[-72.10800170898438,61.79472351074219],[-72.19319152832031,61.86466979980469],[-72.57930755615234,61.950469970703125],[-72.58782958984375,61.8038330078125],[-72.7945556640625,61.82171630859375],[-72.58058166503906,61.96925354003906],[-72.60702514648438,62.11138916015625],[-72.93516540527344,62.119140625],[-73.69474792480469,62.48219299316406],[-74.71160888671875,62.25205993652344],[-74.53219604492188,62.10694885253906],[-75.34183502197266,62.31689453125],[-75.89888763427734,62.164642333984375],[-75.5631103515625,62.27305603027344],[-77.42788696289062,62.58189392089844],[-78.09016418457031,62.36260986328125],[-78.1945571899414,62.25469970703125],[-78.00802612304688,61.70622253417969],[-77.4834976196289,61.53319549560547],[-77.81291961669922,61.461639404296875],[-77.70744323730469,61.17619323730469],[-78.22647094726562,60.783782958984375],[-77.50944519042969,60.84039306640625],[-77.77266693115234,60.76069641113281],[-77.58069610595703,60.75439453125],[-77.83880615234375,60.63694763183594],[-77.58119201660156,60.53846740722656],[-77.77967071533203,60.38855743408203],[-77.44271850585938,60.11827850341797],[-77.64530944824219,60.05891418457031],[-77.195556640625,60.04371643066406],[-77.46544647216797,59.91572570800781],[-77.28069305419922,59.79766845703125],[-77.56869506835938,59.75511169433594],[-77.47750091552734,59.63969421386719],[-77.81158447265625,59.707916259765625],[-77.69985961914062,59.54058837890625],[-77.9482192993164,59.40477752685547],[-77.64019775390625,59.37230682373047],[-78.15264129638672,59.19972229003906],[-78.10116577148438,59.11394500732422],[-78.48332977294922,58.901527404785156],[-78.53666687011719,58.776275634765625],[-78.42622375488281,58.73841857910156],[-78.5863037109375,58.77522277832031],[-78.49617004394531,58.649192810058594],[-78.6006088256836,58.677528381347656],[-77.21880340576172,58.02186584472656],[-77.00199890136719,58.02105712890625],[-77.2018051147461,58.000526428222656],[-76.80872344970703,57.649444580078125],[-76.57733154296875,57.18855285644531],[-76.5254135131836,56.37574768066406],[-76.67119598388672,56.19366455078125],[-76.59288787841797,56.15880584716797],[-77.19744110107422,55.66752624511719],[-77.11724853515625,55.66722106933594],[-77.78422546386719,55.269439697265625],[-77.63155364990234,55.2781982421875],[-79.76136016845703,54.63433837890625],[-79.50497436523438,54.589027404785156],[-79.59202575683594,54.55241394042969],[-79.51274871826172,54.36436462402344],[-79.34477996826172,54.31697082519531],[-79.48094177246094,54.29353332519531],[-79.27983093261719,54.23808288574219],[-79.39447021484375,54.17677307128906],[-79.03197479248047,54.16975402832031],[-79.17802429199219,54.08441162109375],[-78.962890625,54.007781982421875],[-79.15238952636719,53.94755554199219],[-78.90802764892578,53.819366455078125],[-79.08760833740234,53.70689392089844],[-78.99658203125,53.674583435058594],[-79.06744384765625,53.58855438232422],[-78.88288879394531,53.555633544921875],[-79.135498046875,53.500579833984375],[-78.9346694946289,53.39641571044922],[-78.98958587646484,53.01850128173828],[-78.70024871826172,52.877418518066406],[-78.7925796508789,52.815338134765625],[-78.70532989501953,52.77021789550781],[-78.87094116210938,52.74066162109375],[-78.71197509765625,52.677581787109375],[-78.76541900634766,52.55622100830078],[-78.50027465820312,52.48896789550781],[-78.57969665527344,52.25358581542969],[-78.40597534179688,52.233001708984375],[-78.55908203125,52.23272705078125],[-78.65694427490234,51.988807678222656],[-79.04572296142578,51.763031005859375],[-78.68961334228516,51.49261474609375],[-78.89450073242188,51.39380645751953],[-78.8594741821289,51.17256164550781],[-78.98141479492188,51.46180725097656],[-79.2645263671875,51.52203369140625],[-79.31133270263672,51.66386413574219],[-79.73497009277344,51.370086669921875],[-79.6465835571289,51.25202941894531],[-79.75780487060547,51.13255310058594],[-80.36885833740234,51.334861755371094],[-80.6288070678711,51.27052307128906],[-80.4306411743164,51.38844299316406],[-80.5685806274414,51.700889587402344],[-81.04055786132812,52.04002380371094],[-81.5888900756836,52.22966766357422],[-81.4666976928711,52.236419677734375],[-81.59544372558594,52.28118896484375],[-81.54247283935547,52.440834045410156],[-82.33078002929688,52.94383239746094],[-82.11157989501953,53.27141571044922],[-82.21602630615234,53.589080810546875],[-82.12555694580078,53.818695068359375],[-82.45349884033203,54.20111083984375],[-82.19847106933594,54.804168701171875],[-82.32649993896484,55.15135955810547],[-82.30913543701172,55.05278015136719],[-83.88905334472656,55.29469299316406],[-85.20858001708984,55.2354736328125],[-85.12594604492188,55.332054138183594],[-85.90203094482422,55.65452575683594],[-87.60922241210938,56.01316833496094],[-87.96871948242188,56.45811462402344],[-88.82319641113281,56.83863830566406],[-89.94127655029297,56.99949645996094],[-90.80316925048828,57.32319641113281],[-92.81185913085938,56.913917541503906],[-92.42816925048828,57.35094451904297],[-93.17675018310547,58.737030029296875],[-94.20158386230469,58.789031982421875],[-94.25675201416016,58.40599822998047],[-94.20816802978516,58.80816650390625],[-94.42353057861328,58.70366668701172],[-94.59666442871094,58.94189453125],[-94.96888732910156,59.059356689453125],[-94.79708099365234,59.07963562011719],[-94.80355834960938,59.26800537109375],[-94.66441345214844,59.35113525390625],[-94.83061218261719,59.64105224609375],[-94.73999786376953,59.763885498046875],[-94.84610748291016,59.96763610839844],[-94.64297485351562,60.382110595703125],[-94.75719451904297,60.51564025878906],[-94.55891418457031,60.532081604003906],[-94.16852569580078,61.06547546386719],[-93.982666015625,61.09233093261719],[-94.11599731445312,61.13752746582031],[-93.9657211303711,61.13441467285156],[-94.10980224609375,61.158973693847656],[-94.0076675415039,61.164833068847656],[-94.0693359375,61.29161071777344],[-93.80435943603516,61.337005615234375],[-93.99085998535156,61.458221435546875],[-93.29369354248047,61.725616455078125],[-93.66641998291016,61.75856018066406],[-93.26144409179688,61.73486328125],[-93.61863708496094,61.84696960449219],[-93.48258209228516,61.87760925292969],[-93.64122009277344,61.95307922363281],[-93.33233642578125,61.875831604003906],[-93.38163757324219,61.9486083984375],[-93.1973876953125,61.94281005859375],[-93.41902923583984,62.04435729980469],[-93.15858459472656,61.97105407714844],[-92.95899963378906,62.10089111328125],[-93.27205657958984,62.17561340332031],[-92.7741928100586,62.17094421386719],[-93.05908203125,62.328216552734375],[-92.74833679199219,62.30500030517578],[-92.5294418334961,62.166717529296875],[-92.5459976196289,62.31425476074219],[-92.78263854980469,62.373077392578125],[-92.66552734375,62.38421630859375],[-92.73241424560547,62.48527526855469],[-92.5826644897461,62.39141845703125],[-92.09205627441406,62.414581298828125],[-92.54316711425781,62.45361328125],[-92.5981674194336,62.591644287109375],[-91.8505859375,62.5721435546875],[-92.4000244140625,62.83961486816406],[-91.38636016845703,62.780555725097656],[-90.77705383300781,62.904945373535156],[-90.62921905517578,63.15819549560547],[-90.67986297607422,63.35725402832031],[-91.376220703125,63.470611572265625],[-91.72975158691406,63.711639404296875],[-92.46294403076172,63.51722717285156],[-92.08513641357422,63.68433380126953],[-93.36469268798828,63.96710968017578],[-93.42333221435547,63.88972473144531],[-93.17771911621094,63.805328369140625],[-93.94877624511719,63.91766357421875],[-93.51797485351562,63.987884521484375],[-93.80767059326172,64.21438598632812],[-93.36138916015625,63.980865478515625],[-91.40335845947266,63.71282958984375],[-90.65032958984375,63.44541931152344],[-90.89108276367188,63.56941223144531],[-90.20138549804688,63.605918884277344],[-89.96258544921875,63.78966522216797],[-90.19280242919922,63.98699951171875],[-89.82447052001953,63.921142578125],[-89.98027801513672,64.16217041015625],[-89.24578094482422,63.933502197265625],[-89.07066345214844,63.97132873535156],[-89.22074890136719,64.11355590820312],[-88.75753021240234,63.98069763183594],[-88.11316680908203,64.14544677734375],[-87.81177520751953,64.51030731201172],[-87.5562744140625,64.56864166259766],[-87.48638916015625,64.75150299072266],[-87.29621887207031,64.74852752685547],[-86.91053009033203,65.14083099365234],[-87.28497314453125,65.26911163330078],[-89.03522491455078,65.32328033447266],[-89.81500244140625,65.75814056396484],[-90.92353057861328,65.92591857910156],[-89.73394775390625,65.8229751586914],[-89.99583435058594,65.93791961669922],[-89.7189712524414,65.9273910522461],[-89.82177734375,65.99241638183594],[-88.37711334228516,65.62744140625],[-88.83908081054688,65.6455307006836],[-88.0161361694336,65.34464263916016],[-87.34019470214844,65.32027435302734],[-86.52141571044922,65.66119384765625],[-86.41908264160156,65.90814208984375],[-85.85783386230469,66.15930938720703],[-86.63864135742188,66.32377624511719],[-86.76944732666016,66.53994750976562],[-85.92350006103516,66.4759750366211],[-85.42414093017578,66.5977783203125],[-85.22394561767578,66.26472473144531],[-85.11335754394531,66.34019470214844],[-84.34422302246094,66.15266418457031],[-84.62811279296875,66.32483673095703],[-84.47347259521484,66.4070816040039],[-83.8070297241211,66.14360809326172],[-83.65850067138672,66.20833587646484],[-84.2060546875,66.59764099121094],[-84.10708618164062,66.68521881103516],[-84.75538635253906,66.89866638183594],[-84.59574890136719,66.94041442871094],[-85.17730712890625,66.91016387939453],[-84.57810974121094,66.97760772705078],[-84.11094665527344,66.70133209228516],[-83.91014099121094,66.9167251586914],[-83.9574966430664,66.5865249633789],[-83.62325286865234,66.5250244140625],[-83.55010986328125,66.33955383300781],[-82.57546997070312,66.56488800048828],[-82.35691833496094,66.73249816894531],[-82.12666320800781,66.7066421508789],[-81.88627624511719,66.9810562133789],[-81.46499633789062,66.99708557128906],[-81.18841552734375,67.45439147949219],[-82.09205627441406,67.91007995605469],[-82.15030670166016,68.10600280761719],[-81.97266387939453,68.21005249023438],[-82.24752807617188,68.12586212158203],[-82.24227905273438,68.29428100585938],[-82.49246978759766,68.3153076171875],[-82.00688934326172,68.34439086914062],[-82.64369201660156,68.43846893310547],[-82.47450256347656,68.44474792480469],[-82.55455780029297,68.52527618408203],[-82.19047546386719,68.45761108398438],[-82.25152587890625,68.54411315917969],[-81.9391098022461,68.40780639648438],[-81.23796844482422,68.64005279541016],[-81.3663330078125,68.87619018554688],[-82.0415267944336,68.88141632080078],[-81.24752807617188,69.08430480957031],[-81.32174682617188,69.19908142089844],[-82.25360870361328,69.24346923828125],[-82.11919403076172,69.29338836669922],[-82.39064025878906,69.40225219726562],[-82.20114135742188,69.39524841308594],[-83.25530242919922,69.53741455078125],[-82.44208526611328,69.49188995361328],[-82.73735809326172,69.57311248779297],[-82.21338653564453,69.6358871459961],[-85.54225158691406,69.86194610595703],[-85.18575286865234,69.78646850585938],[-85.49974822998047,69.75541687011719],[-85.34422302246094,69.56986236572266],[-85.52263641357422,69.4842529296875],[-85.3058090209961,69.4395523071289],[-85.48500061035156,69.4124984741211],[-85.31478118896484,69.3020248413086],[-85.45466613769531,69.26008605957031],[-84.51383209228516,69.0159683227539],[-85.14739227294922,68.9538345336914],[-84.95075225830078,68.88866424560547],[-85.15447235107422,68.8219985961914],[-84.7112808227539,68.72822570800781],[-85.62088775634766,68.73705291748047],[-85.8713607788086,68.04313659667969],[-86.09827423095703,68.01296997070312],[-86.5016098022461,67.69769287109375],[-86.51227569580078,67.3340835571289],[-86.86164093017578,67.40933227539062],[-87.0768051147461,67.32694244384766],[-86.84725189208984,67.16080474853516],[-87.05508422851562,67.2584457397461],[-87.25653076171875,67.0975570678711],[-87.318359375,67.18560791015625],[-87.49972534179688,67.1070556640625],[-87.54655456542969,67.19230651855469],[-87.3369140625,67.26355743408203],[-88.11775207519531,67.67575073242188],[-88.39183044433594,67.98574829101562],[-88.3812484741211,68.28724670410156],[-88.17727661132812,68.38263702392578],[-88.18213653564453,68.24755859375],[-87.91555786132812,68.19985961914062],[-87.78260803222656,68.31439208984375],[-87.9273910522461,68.72699737548828],[-88.22589111328125,68.91891479492188],[-88.96427917480469,69.24197387695312],[-89.33091735839844,69.24463653564453],[-89.75460815429688,68.96394348144531],[-89.88827514648438,68.3861083984375],[-90.2483901977539,68.18672180175781],[-90.29911041259766,68.3558349609375],[-90.55000305175781,68.32430267333984],[-90.28546905517578,68.37577819824219],[-90.59574890136719,68.45877838134766],[-90.42977905273438,68.83538818359375],[-90.59178161621094,68.8060531616211],[-90.43374633789062,68.88833618164062],[-90.61714172363281,68.91913604736328],[-90.63230895996094,69.08071899414062],[-91.42744445800781,69.35832977294922],[-90.92361450195312,69.35633087158203],[-91.09627532958984,69.2796401977539],[-90.85283660888672,69.24788665771484],[-90.59505462646484,69.42108154296875],[-90.7042465209961,69.4586410522461],[-90.34913635253906,69.45927429199219],[-91.60541534423828,69.50994110107422],[-91.21566772460938,69.6058578491211],[-91.38627624511719,69.66474914550781],[-91.75894165039062,69.47505950927734],[-92.2528076171875,69.6669692993164],[-92.876220703125,69.69088745117188],[-91.93305969238281,70.0209732055664],[-92.57927703857422,70.0826416015625],[-92.27430725097656,70.18746948242188],[-92.35780334472656,70.24449920654297],[-91.97235870361328,70.12178039550781],[-91.50497436523438,70.18391418457031],[-91.6893310546875,70.19886016845703],[-91.73041534423828,70.37274932861328],[-92.07661437988281,70.29846954345703],[-91.95911407470703,70.37544250488281],[-92.28861236572266,70.4981918334961],[-92.14336395263672,70.59986114501953],[-92.99947357177734,70.84447479248047],[-92.8169174194336,70.8625259399414],[-92.94999694824219,71.34969329833984],[-93.78253173828125,71.64508056640625],[-93.68499755859375,71.76699829101562],[-94.1729965209961,71.80455780029297],[-94.39230346679688,71.66967010498047],[-94.32910919189453,71.81116485595703],[-94.59258270263672,71.7554702758789],[-94.48901245154842,71.9822521622717],[-94.04644775390625,71.9895248413086],[-94.02894592285156,72.0705795288086],[-94.22252655029297,72.052001953125],[-93.45191955566406,72.4411392211914],[-93.75955963134766,72.7485580444336],[-94.29286193847656,72.77413940429688],[-92.09952545166016,72.74072265625],[-91.33769226074219,73.20686340332031],[-91.66727447509766,73.2265853881836],[-91.26116943359375,73.26100158691406],[-90.97441864013672,73.55388641357422],[-90.76344299316406,73.55883026123047],[-90.1868896484375,73.91519165039062],[-91.54103088378906,74.03116607666016],[-92.32653045654297,73.9449691772461],[-92.5965805053711,74.11430358886719],[-93.48741912841797,74.1784439086914],[-95.29086303710938,73.9931411743164],[-95.28530883789062,73.87905883789062],[-94.6026382446289,73.67066955566406],[-95.30266571044922,73.77972412109375],[-95.70069122314453,73.68888854980469],[-95.48377990722656,73.1352767944336],[-95.6578598022461,73.11338806152344],[-95.67033386230469,72.8050537109375],[-95.11438751220703,72.46453094482422],[-95.1600570678711,72.13427734375],[-94.76097106933594,72.16183471679688],[-95.19022369384766,72.10861206054688],[-95.1806640625,71.97088623046875],[-94.7857089473638,71.97737653979904],[-95.18180847167969,71.95532989501953],[-95.18755340576172,71.83969116210938],[-94.57910919189453,71.86199951171875],[-95.22511291503906,71.83464050292969],[-95.20905303955078,71.73347473144531],[-95.90027618408203,71.60438537597656],[-95.81716918945312,71.5096664428711],[-95.16913604736328,71.52310943603516],[-95.50003051757812,71.46675109863281],[-95.52469635009766,71.28216552734375],[-96.03108215332031,71.4207763671875],[-96.47286224365234,71.27227783203125],[-96.3431396484375,71.14705657958984],[-96.53766632080078,71.13036346435547],[-96.32978057861328,71.08621978759766],[-96.59989166259766,70.8237533569336],[-95.76828002929688,70.53150177001953],[-96.21941375732422,70.56969451904297],[-96.53544616699219,70.32638549804688],[-96.47744750976562,70.09410858154297],[-96.04991912841797,69.94216918945312],[-96.18585968017578,69.86225128173828],[-95.75003051757812,69.73802947998047],[-95.64250183105469,69.81969451904297],[-94.83977508544922,69.55986022949219],[-94.55805969238281,69.7084732055664],[-94.2836685180664,69.439697265625],[-93.52619171142578,69.53099822998047],[-93.57408142089844,69.36308288574219],[-93.34183502197266,69.37747192382812],[-93.82685852050781,69.16319274902344],[-93.8558578491211,69.26242065429688],[-93.57038116455078,69.4205093383789],[-94.2608871459961,69.32180786132812],[-94.29963684082031,69.16191864013672],[-94.00216674804688,69.14971923828125],[-94.57797241210938,68.97486114501953],[-94.61585998535156,68.75166320800781],[-94.0743637084961,68.76005554199219],[-93.7889175415039,68.88705444335938],[-94.05496978759766,68.85194396972656],[-93.82221984863281,69.01422119140625],[-93.56505584716797,68.8558578491211],[-93.75166320800781,68.61746978759766],[-93.45558166503906,68.57947540283203],[-94.02072143554688,68.45652770996094],[-94.18083190917969,68.26396942138672],[-94.73169708251953,68.04528045654297],[-95.46839141845703,68.06275177001953],[-95.6923599243164,67.73175048828125],[-95.28944396972656,67.53113555908203],[-95.38272094726562,67.46441650390625],[-95.13597106933594,67.28369140625],[-95.30397033691406,67.16647338867188],[-95.8282470703125,67.1624984741211],[-95.55533599853516,67.39236450195312],[-96.23497009277344,67.24713897705078],[-96.07072448730469,67.48544311523438],[-96.44611358642578,67.46585845947266],[-96.31136322021484,67.70600128173828],[-96.12405395507812,67.64180755615234],[-96.19966888427734,67.8306655883789],[-95.88227844238281,68.3010025024414],[-96.6677474975586,68.00630950927734],[-96.79875183105469,68.09305572509766],[-96.64497375488281,68.0838851928711],[-96.36788940429688,68.32050323486328],[-96.5738296508789,68.17852783203125],[-96.6558609008789,68.29164123535156],[-97.02433013916016,68.2806396484375],[-96.96121978759766,68.34847259521484],[-97.30374908447266,68.50711059570312],[-97.58927917480469,68.49466705322266],[-97.47105407714844,68.41302490234375],[-97.91169738769531,68.56238555908203],[-97.68885803222656,68.35658264160156],[-98.68096923828125,68.39883422851562],[-98.29241943359375,68.18058013916016],[-98.34452819824219,68.0816421508789],[-98.42127990722656,68.19452667236328],[-98.56177520751953,68.15258026123047],[-98.0828628540039,67.8381118774414],[-97.9666976928711,67.99058532714844],[-97.6344985961914,68.02352905273438],[-97.355224609375,67.8733901977539],[-97.20649719238281,67.9502182006836],[-97.1919174194336,67.70114135742188],[-97.01560974121094,67.78700256347656],[-97.01342010498047,67.68321990966797],[-97.40452575683594,67.58358001708984],[-97.311279296875,67.52002716064453],[-97.42627716064453,67.57963562011719],[-97.20146942138672,67.6604995727539],[-97.90477752685547,67.69369506835938],[-98.56388854980469,68.10563659667969],[-98.71502685546875,67.96419525146484],[-98.3173599243164,67.79391479492188],[-98.69227600097656,67.81524658203125],[-98.8862533569336,67.68816375732422],[-100.65347290039062,67.85383605957031],[-101.51638793945312,67.65491485595703],[-101.94039154052734,67.80088806152344],[-102.21675109863281,67.65936279296875],[-103.34744262695312,68.00455474853516],[-103.38410949707031,68.15860748291016],[-103.78125,68.0257797241211],[-104.48072052001953,68.0248031616211],[-104.58366394042969,68.261474609375],[-105.5350570678711,68.40938568115234],[-105.27375030517578,68.46174621582031],[-105.54560852050781,68.6937484741211],[-105.43069458007812,68.73580932617188],[-106.18891906738281,68.94674682617188],[-108.2574462890625,68.63194274902344],[-108.81133270263672,68.26583099365234],[-108.412109375,68.3356704711914],[-108.36283111572266,68.11519622802734],[-107.5599136352539,68.16664123535156],[-107.87266540527344,68.25614166259766],[-107.80386352539062,68.3495864868164],[-107.21772003173828,68.25978088378906],[-106.93294525146484,68.42858123779297],[-106.5179443359375,68.29289245605469],[-106.44677734375,68.408447265625],[-106.61883544921875,68.47408294677734],[-106.37777709960938,68.50738525390625],[-106.56558227539062,68.52955627441406],[-105.62625122070312,68.63735961914062],[-105.73921966552734,68.41483306884766],[-106.42808532714844,68.34210968017578],[-106.49594116210938,68.24394226074219],[-106.3245849609375,68.18819427490234],[-106.59178161621094,68.25922393798828],[-106.78480529785156,68.23219299316406],[-106.73322296142578,68.09822082519531],[-107.68035888671875,68.05332946777344],[-107.6360855102539,67.9306640625],[-108.02877807617188,67.77525329589844],[-107.56961059570312,67.50013732910156],[-107.7115249633789,67.40330505371094],[-107.52655792236328,67.20586395263672],[-107.04391479492188,67.1379165649414],[-107.43219757080078,67.06002807617188],[-107.06647491455078,66.81861114501953],[-107.43428039550781,66.98347473144531],[-107.386474609375,66.81644439697266],[-107.5568618774414,66.83875274658203],[-107.67888641357422,66.9631118774414],[-107.45996856689453,66.92069244384766],[-107.62435913085938,67.08080291748047],[-107.60591888427734,66.9625015258789],[-107.73930358886719,67.01736450195312],[-107.7626953125,66.96155548095703],[-107.67030334472656,66.75575256347656],[-107.78813934326172,66.77041625976562],[-107.20669555664062,66.34725189208984],[-108.59980773925781,67.15127563476562],[-108.17472076416016,67.00289154052734],[-107.85355377197266,67.0390853881836],[-107.96430969238281,67.2833023071289],[-108.26416778564453,67.41483306884766],[-108.33816528320312,67.31683349609375],[-108.37291717529297,67.45066833496094],[-108.46802520751953,67.34649658203125],[-108.6586685180664,67.63999938964844],[-108.82833099365234,67.35258483886719],[-109.02330780029297,67.72599792480469],[-109.70536041259766,67.7179183959961],[-109.6532211303711,67.80294036865234],[-109.96805572509766,67.85063934326172],[-110.03602600097656,68.01091766357422],[-111.02772521972656,67.76338958740234],[-111.90288543701172,67.75638580322266],[-111.86608123779297,67.66819763183594],[-111.97222137451172,67.75394439697266],[-112.98822021484375,67.67080688476562],[-115.09774780273438,67.80255889892578],[-115.71369171142578,67.91133117675781],[-115.09061431884766,68.00822448730469],[-115.2485580444336,68.18885803222656],[-114.7286376953125,68.18049621582031],[-115.0205307006836,68.2890853881836],[-114.00252532958984,68.2385025024414],[-113.88872528076172,68.3979721069336],[-114.97783660888672,68.87100219726562],[-115.92138671875,69.01313781738281],[-115.81619262695312,68.93294525146484],[-116.32714080810547,68.95796966552734],[-115.97677612304688,68.80583190917969],[-117.06966400146484,68.87860870361328],[-118.69441986083984,69.23322296142578],[-119.97792053222656,69.34822082519531],[-121.88016510009766,69.81725311279297],[-122.96005249023438,69.83032989501953],[-123.37994384765625,69.41213989257812],[-124.37427520751953,69.3359146118164],[-124.54166412353516,69.40833282470703],[-124.03333282470703,69.67935943603516],[-124.51002502441406,69.72480773925781],[-124.38188934326172,69.85047149658203],[-124.52727508544922,69.95532989501953],[-124.32438659667969,70.047607421875],[-124.6764144897461,70.14228057861328],[-124.52574920654297,70.20053100585938],[-124.75430297851562,70.18333435058594],[-124.75555419921875,70.10289001464844],[-124.41860961914062,70.04005432128906],[-125.2209701538086,70.00577545166016],[-124.63774871826172,69.97872161865234],[-124.87496948242188,69.96977996826172],[-125.07749938964844,69.78385925292969],[-125.30083465576172,69.81197357177734],[-124.7896957397461,69.70530700683594],[-125.3891372680664,69.67405700683594],[-125.47850036621094,69.59703063964844],[-125.14044189453125,69.47672271728516],[-125.64569091796875,69.41083526611328],[-125.12699890136719,69.44383239746094],[-125.4869155883789,69.39730834960938],[-125.35247039794922,69.37516784667969],[-125.46446990966797,69.31138610839844],[-126.31505584716797,69.53569030761719],[-127.27983093261719,70.30500030517578],[-128.04014587402344,70.57730865478516],[-128.20474243164062,70.35116577148438],[-127.91319274902344,70.37938690185547],[-128.1238555908203,70.34664154052734],[-127.55461120605469,70.21827697753906],[-128.34107971191406,70.12550354003906],[-128.2344970703125,69.92080688476562],[-128.98883056640625,69.72289276123047],[-128.926025390625,69.6507797241211],[-129.1687774658203,69.70169067382812],[-129.17567443847656,69.82035827636719],[-128.91883850097656,69.8316650390625],[-128.92727661132812,69.9600830078125],[-130.33966064453125,69.68560791015625],[-130.88099670410156,69.30591583251953],[-130.91644287109375,69.59696960449219],[-129.43016052246094,70.03663635253906],[-129.66796875,70.2556381225586],[-129.8871612548828,70.06130981445312],[-130.68850708007812,70.13561248779297],[-130.98121643066406,70.07352447509766],[-131.2010498046875,69.81849670410156],[-131.35316467285156,69.97186279296875],[-131.99444580078125,69.70108032226562],[-132.9071044921875,69.64646911621094],[-133.0211181640625,69.35969543457031],[-133.0401611328125,69.4576644897461],[-134.2058868408203,69.2479476928711],[-133.75010681152344,69.53216552734375],[-134.13760375976562,69.5199203491211],[-134.16885375976562,69.64055633544922],[-134.49844360351562,69.70883178710938],[-134.53504943847656,69.41755676269531],[-135.51197814941406,69.38964080810547],[-135.1923828125,69.24541473388672],[-135.85374450683594,69.30230712890625],[-135.56149291992188,69.1141357421875]]],[[[-79.60155487060547,62.420166015625],[-79.92185974121094,62.382781982421875],[-80.19921875,62.16166687011719],[-80.2647476196289,61.877471923828125],[-79.72152709960938,61.59580993652344],[-79.30735778808594,62.020057678222656],[-79.27938842773438,62.25538635253906],[-79.60155487060547,62.420166015625]]],[[[-81.86627960205078,62.91410827636719],[-82.26078033447266,62.99311065673828],[-83.48369598388672,62.87516784667969],[-83.95219421386719,62.464942932128906],[-83.72296905517578,62.13636016845703],[-83.42430877685547,62.24885559082031],[-83.1344985961914,62.16761016845703],[-81.9566650390625,62.711082458496094],[-81.86627960205078,62.91410827636719]]],[[[-77.50336456298828,63.196197509765625],[-77.64555358886719,63.42121887207031],[-78.54005432128906,63.43055725097656],[-78.0020523071289,63.112335205078125],[-77.50336456298828,63.196197509765625]]],[[[-84.91022491455078,65.21446990966797],[-85.00530242919922,65.42224884033203],[-85.27094268798828,65.52394104003906],[-85.02508544921875,65.61196899414062],[-85.17652893066406,65.80158233642578],[-85.59494018554688,65.91336059570312],[-85.99502563476562,65.71119689941406],[-86.12838745117188,64.91989135742188],[-86.39530944824219,64.58505249023438],[-86.1788330078125,64.08875274658203],[-87.20930480957031,63.71513366699219],[-87.16505432128906,63.575469970703125],[-86.92283630371094,63.547088623046875],[-85.6798095703125,63.713279724121094],[-85.61552429199219,63.17877960205078],[-85.2110595703125,63.10675048828125],[-84.58213806152344,63.29016876220703],[-84.2842788696289,63.62080383300781],[-83.60563659667969,63.76878356933594],[-83.66603088378906,64.00616455078125],[-83.52811431884766,64.10163879394531],[-83.00419616699219,64.18133544921875],[-83.14277648925781,63.967140197753906],[-82.36458587646484,63.892417907714844],[-82.49411010742188,63.6572265625],[-82.07447052001953,63.68330383300781],[-81.0,63.437530517578125],[-80.13541412353516,63.77516174316406],[-80.65355682373047,63.869834899902344],[-80.47205352783203,63.89405822753906],[-80.92111206054688,64.12239074707031],[-80.92972564697266,63.96864318847656],[-81.39488983154297,64.08411407470703],[-81.98783111572266,63.97880554199219],[-81.58863830566406,64.12699890136719],[-81.82524871826172,64.54853057861328],[-83.20114135742188,64.93277740478516],[-83.39402770996094,65.1385269165039],[-84.11477661132812,65.2020263671875],[-84.13922119140625,65.33914184570312],[-84.50894165039062,65.47908020019531],[-84.91022491455078,65.21446990966797]]],[[[-83.51577758789062,65.69905853271484],[-83.78144073486328,65.80699920654297],[-83.67363739013672,65.93433380126953],[-84.44058227539062,66.14266967773438],[-84.0,65.75641632080078],[-83.6626968383789,65.74994659423828],[-83.79850006103516,65.64167022705078],[-83.17180633544922,65.70713806152344],[-83.51577758789062,65.69905853271484]]],[[[-86.34188842773438,67.9496078491211],[-86.40938568115234,68.20380401611328],[-86.64833068847656,68.30247497558594],[-86.97435760498047,68.09955596923828],[-86.84024810791016,67.99563598632812],[-86.88722229003906,67.82975006103516],[-86.56678009033203,67.72441864013672],[-86.34188842773438,67.9496078491211]]],[[[-78.60094451904297,69.26777648925781],[-79.41603088378906,68.92314147949219],[-79.25421905517578,68.8375244140625],[-78.81397247314453,68.91494750976562],[-78.46849822998047,69.22975158691406],[-78.21202850341797,69.29521942138672],[-78.71772003173828,69.3455810546875],[-78.60094451904297,69.26777648925781]]],[[[-90.11688995361328,71.9330825805664],[-89.77347564697266,71.76713562011719],[-89.99991607666016,71.45427703857422],[-89.66033172607422,71.30599975585938],[-87.83480834960938,71.26325225830078],[-87.75655364990234,71.1373062133789],[-87.01258087158203,71.0025863647461],[-84.82855224609375,71.27239227294922],[-84.91752624511719,71.4231948852539],[-85.48513793945312,71.51983642578125],[-86.35038757324219,71.96524810791016],[-86.45899963378906,72.20549774169922],[-86.2342758178711,72.41596984863281],[-86.74844360351562,72.72624969482422],[-85.92202758789062,73.36544036865234],[-84.8316421508789,73.74372100830078],[-85.2205810546875,73.81961059570312],[-86.55783081054688,73.85724639892578],[-88.008056640625,73.65094757080078],[-88.84977722167969,73.33769226074219],[-88.60702514648438,73.28044128417969],[-89.14922332763672,73.18299865722656],[-89.41200256347656,72.83438873291016],[-89.2369155883789,72.78297424316406],[-89.56771850585938,72.79474639892578],[-89.46888732910156,72.6626968383789],[-89.73069763183594,72.62039184570312],[-89.92733001708984,72.42327880859375],[-89.9004135131836,72.19344329833984],[-89.56739044189453,72.17422485351562],[-90.02616882324219,72.06610870361328],[-90.11688995361328,71.9330825805664]]],[[[-80.87464141845703,73.55052947998047],[-80.67461395263672,73.48416900634766],[-80.86174774169922,73.47908020019531],[-80.88036346435547,73.3368911743164],[-80.14833068847656,73.23119354248047],[-79.99555969238281,72.86560821533203],[-79.33555603027344,72.73855590820312],[-78.22049713134766,72.90105438232422],[-76.05438995361328,72.86111450195312],[-76.3219985961914,72.97472381591797],[-76.24983215332031,73.09300231933594],[-76.60152435302734,73.14064025878906],[-76.70469665527344,73.32599639892578],[-77.40980529785156,73.55358123779297],[-80.8121109008789,73.75430297851562],[-80.87464141845703,73.55052947998047]]],[[[-96.12066650390625,75.417724609375],[-95.82450103759766,75.38030242919922],[-96.4415283203125,75.20730590820312],[-96.61685943603516,75.0],[-96.22672271728516,74.91055297851562],[-96.07221984863281,75.03074645996094],[-95.89691925048828,74.82772064208984],[-95.27146911621094,74.80699920654297],[-95.0780258178711,74.68233489990234],[-93.48452758789062,74.67516326904297],[-93.47891998291016,75.26399993896484],[-94.50155639648438,75.61994171142578],[-95.29644775390625,75.6092758178711],[-95.79083251953125,75.50802612304688],[-95.6965560913086,75.41019439697266],[-96.12066650390625,75.417724609375]]],[[[-85.55269622802734,74.68538665771484],[-85.24372100830078,74.48725128173828],[-85.0,74.6939468383789],[-84.90327453613281,74.50008392333984],[-83.59080505371094,74.54191589355469],[-83.31336212158203,74.75849914550781],[-83.5124740600586,74.9030532836914],[-83.04558563232422,74.787109375],[-82.90652465820312,74.5516128540039],[-81.76486206054688,74.46880340576172],[-80.21163940429688,74.5999984741211],[-80.36972045898438,74.93852996826172],[-79.96822357177734,74.81358337402344],[-79.3486099243164,74.88855743408203],[-79.5947494506836,75.02024841308594],[-80.31383514404297,74.93489074707031],[-80.36849975585938,75.01644134521484],[-79.50822448730469,75.22624969482422],[-79.57158660888672,75.4574203491211],[-80.37108612060547,75.45758056640625],[-79.93191528320312,75.5356674194336],[-81.28816986083984,75.65058135986328],[-81.10147094726562,75.76569366455078],[-84.01200103759766,75.82266998291016],[-84.6906967163086,75.69691467285156],[-84.525390625,75.62533569335938],[-86.150390625,75.51358032226562],[-85.54483032226562,75.40433502197266],[-86.55364227294922,75.36080932617188],[-86.3538589477539,75.4207763671875],[-87.25955963134766,75.6159439086914],[-87.5500259399414,75.44683074951172],[-87.73435974121094,75.5761947631836],[-88.24510955810547,75.4703598022461],[-88.76480865478516,75.6846923828125],[-88.93152618408203,75.4288330078125],[-89.18658447265625,75.58210754394531],[-89.7018051147461,75.5501937866211],[-89.23577880859375,75.6201400756836],[-89.14466857910156,75.76516723632812],[-89.77758026123047,75.78905487060547],[-89.65286254882812,75.88700103759766],[-89.93219757080078,76.0068588256836],[-90.55158233642578,75.89561462402344],[-90.44022369384766,75.98194122314453],[-90.79611206054688,75.99825286865234],[-91.20053100585938,75.81716918945312],[-90.94947052001953,75.99849700927734],[-91.15430450439453,76.017333984375],[-90.19408416748047,76.06197357177734],[-90.87052917480469,76.0653076171875],[-90.65880584716797,76.11930847167969],[-91.42780303955078,76.14716339111328],[-91.27391815185547,76.20635986328125],[-91.61883544921875,76.2645034790039],[-90.10580444335938,76.13088989257812],[-90.46282958984375,76.17727661132812],[-89.19561004638672,76.23583221435547],[-91.47196960449219,76.4527816772461],[-90.47305297851562,76.4683609008789],[-90.97077941894531,76.65194702148438],[-93.1181411743164,76.62039184570312],[-93.55313873291016,76.38705444335938],[-93.18052673339844,76.7431411743164],[-93.69047546386719,76.9171142578125],[-95.69366455078125,77.06952667236328],[-96.80122375488281,76.983642578125],[-96.81974792480469,76.85717010498047],[-96.30488586425781,76.75450134277344],[-96.88600158691406,76.8213882446289],[-96.92991638183594,76.71305847167969],[-96.04530334472656,76.55416870117188],[-95.6141128540039,76.60942077636719],[-96.10658264160156,76.51683044433594],[-94.81072235107422,76.3143310546875],[-95.40291595458984,76.23100280761719],[-93.09085845947266,76.36219024658203],[-92.67647552490234,76.00910949707031],[-92.11438751220703,75.85244750976562],[-92.0050277709961,75.58838653564453],[-92.42578125,75.43155670166016],[-92.50749969482422,75.21710968017578],[-92.04203033447266,75.09288787841797],[-92.25544738769531,75.07450103759766],[-91.89372253417969,74.70361328125],[-91.11741638183594,74.62635803222656],[-91.2342758178711,74.73088836669922],[-90.75641632080078,74.88500213623047],[-91.01577758789062,74.70372009277344],[-89.98114013671875,74.52947235107422],[-89.17886352539062,74.59394073486328],[-89.09741973876953,74.83538818359375],[-88.85710906982422,74.6566390991211],[-88.55085754394531,74.90736389160156],[-88.3115005493164,74.77263641357422],[-88.56160736083984,74.50305938720703],[-87.71558380126953,74.45513916015625],[-87.30821990966797,74.54383087158203],[-86.61338806152344,74.46649932861328],[-86.79802703857422,74.6133041381836],[-86.4486083984375,74.47652435302734],[-86.1804428100586,74.61105346679688],[-86.12855529785156,74.47875213623047],[-85.60283660888672,74.49732971191406],[-85.55269622802734,74.68538665771484]]],[[[-90.0,77.5445556640625],[-90.87633514404297,77.66058349609375],[-91.248779296875,77.57066345214844],[-91.16422271728516,77.36653137207031],[-90.35050201416016,77.19766998291016],[-89.64888763427734,77.31194305419922],[-90.0,77.5445556640625]]],[[[-96.33047485351562,77.60444641113281],[-95.84494018554688,77.46485900878906],[-93.564697265625,77.44227600097656],[-93.09302520751953,77.66464233398438],[-95.47183227539062,77.81578063964844],[-96.33047485351562,77.60444641113281]]],[[[-97.95188903808594,78.22205352783203],[-96.8481674194336,78.10791778564453],[-97.79367065429688,78.03336334228516],[-97.00824737548828,77.91691589355469],[-97.12930297851562,77.80583190917969],[-95.09972381591797,77.95297241210938],[-94.89466857910156,78.10935974121094],[-95.43644714355469,78.2328872680664],[-94.86660766601562,78.38666534423828],[-96.30036163330078,78.52716827392578],[-96.17771911621094,78.63014221191406],[-96.54902648925781,78.68355560302734],[-98.15411376953125,78.8173599243164],[-98.39389038085938,78.72166442871094],[-98.03658294677734,78.5433349609375],[-98.41938781738281,78.5058364868164],[-97.95188903808594,78.22205352783203]]],[[[-92.29685974121094,79.2060317993164],[-90.3332748413086,79.2437515258789],[-93.40608215332031,79.1624984741211],[-94.19702911376953,78.99808502197266],[-93.89727783203125,78.83296966552734],[-93.0247802734375,78.76296997070312],[-93.82258605957031,78.77105712890625],[-93.29533386230469,78.58135986328125],[-91.66024780273438,78.56800079345703],[-92.98747253417969,78.47538757324219],[-92.17377471923828,78.32194519042969],[-92.0550537109375,78.2033920288086],[-90.3441390991211,78.142333984375],[-90.30980682373047,78.27471923828125],[-90.7645263671875,78.3235855102539],[-90.25894165039062,78.33489227294922],[-89.47628021240234,78.14900207519531],[-90.06060791015625,78.48686218261719],[-89.96219635009766,78.61264038085938],[-88.86255645751953,78.14655303955078],[-88.5449447631836,78.39974975585938],[-88.8046646118164,78.60591888427734],[-88.19522094726562,78.45255279541016],[-87.88524627685547,78.55897521972656],[-88.38175201416016,78.66044616699219],[-88.10505676269531,78.68077850341797],[-88.15975189208984,78.99508666992188],[-87.73483276367188,79.09317016601562],[-87.99791717529297,78.80841827392578],[-87.61319732666016,78.64205932617188],[-86.97135925292969,78.8862533569336],[-86.98860931396484,79.05525207519531],[-86.68878173828125,78.95777893066406],[-84.87960815429688,79.26875305175781],[-85.70391845703125,79.61958312988281],[-86.03416442871094,79.43897247314453],[-86.36094665527344,79.65219116210938],[-87.435302734375,79.53227996826172],[-86.9356689453125,79.91941833496094],[-87.4818344116211,79.83238983154297],[-87.00761413574219,79.94261169433594],[-87.2534408569336,80.07888793945312],[-88.25858306884766,80.15355682373047],[-87.56160736083984,80.17536163330078],[-87.61494445800781,80.40641784667969],[-88.62149810791016,80.38372039794922],[-88.3411636352539,80.07772064208984],[-89.11558532714844,80.21830749511719],[-89.0689697265625,80.48341369628906],[-90.74858093261719,80.56136322021484],[-90.55661010742188,80.63986206054688],[-91.8050537109375,81.1630859375],[-93.49263763427734,81.37969207763672],[-94.36033630371094,81.25089263916016],[-93.17988586425781,81.21258544921875],[-93.10436248779297,81.08992004394531],[-94.24541473388672,81.11266326904297],[-93.8062744140625,81.02989196777344],[-94.34835815429688,80.96199798583984],[-94.87249755859375,81.0590591430664],[-95.50199890136719,80.81324768066406],[-93.83352661132812,80.70510864257812],[-94.60230255126953,80.6386947631836],[-93.76660919189453,80.52024841308594],[-95.97010803222656,80.58244323730469],[-96.04808044433594,80.48705291748047],[-95.2320556640625,80.37486267089844],[-96.61961364746094,80.35091400146484],[-95.9247817993164,80.19308471679688],[-95.21211242675781,80.24394226074219],[-95.70372009277344,80.17208099365234],[-95.33946990966797,80.1183090209961],[-94.07611083984375,80.18297576904297],[-94.78863525390625,80.0871353149414],[-94.38966369628906,79.97933197021484],[-96.67825317382812,80.14630889892578],[-96.62505340576172,80.04305267333984],[-96.30555725097656,80.04838562011719],[-96.59508514404297,79.96438598632812],[-96.13578033447266,79.90744018554688],[-96.63410949707031,79.87977600097656],[-95.73741912841797,79.63417053222656],[-94.3316421508789,79.76936340332031],[-94.58291625976562,79.62777709960938],[-95.76885986328125,79.5376968383789],[-95.77188873291016,79.40916442871094],[-95.24888610839844,79.40569305419922],[-95.14569091796875,79.2738037109375],[-94.40491485595703,79.43144226074219],[-93.866943359375,79.39700317382812],[-94.27530670166016,79.2679443359375],[-93.33819580078125,79.45269775390625],[-93.37947082519531,79.33702850341797],[-92.99444580078125,79.38591766357422],[-93.13102722167969,79.4858627319336],[-92.2530288696289,79.45144653320312],[-92.61536407470703,79.38238525390625],[-92.13733673095703,79.3413314819336],[-91.12566375732422,79.39321899414062],[-92.59991455078125,79.29946899414062],[-92.29685974121094,79.2060317993164]]],[[[-58.23713684082031,49.393310546875],[-58.217559814453125,49.23374938964844],[-57.936279296875,49.24085998535156],[-58.1116943359375,49.15455627441406],[-57.85292053222656,49.17747497558594],[-58.15374755859375,49.1199951171875],[-57.892913818359375,48.955780029296875],[-58.06847381591797,48.97203063964844],[-58.161720275878906,49.062110900878906],[-58.36589050292969,49.055419921875],[-58.407554626464844,49.13035583496094],[-58.71630859375,48.56321716308594],[-58.97119140625,48.63066864013672],[-58.768585205078125,48.790496826171875],[-59.270362854003906,48.466583251953125],[-58.27461242675781,48.513275146484375],[-59.41224670410156,47.896278381347656],[-59.273887634277344,47.84283447265625],[-59.31060791015625,47.62211608886719],[-59.16761016845703,47.56480407714844],[-58.629302978515625,47.61494445800781],[-58.5364990234375,47.72655487060547],[-58.422279357910156,47.64002990722656],[-58.31730651855469,47.78910827636719],[-58.36102294921875,47.650779724121094],[-58.026832580566406,47.74143981933594],[-57.662445068359375,47.596527099609375],[-57.347862243652344,47.64208221435547],[-57.2828369140625,47.768585205078125],[-57.34344482421875,47.587310791015625],[-57.18682861328125,47.6971435546875],[-57.143165588378906,47.57539367675781],[-56.87005615234375,47.53582763671875],[-56.871192932128906,47.63325500488281],[-56.80999755859375,47.531639099121094],[-56.713722229003906,47.56971740722656],[-56.77796936035156,47.648834228515625],[-56.52857971191406,47.61505126953125],[-56.520973205566406,47.717750549316406],[-56.51616668701172,47.6141357421875],[-56.32666778564453,47.62586212158203],[-56.32685852050781,47.788360595703125],[-56.316497802734375,47.62705993652344],[-56.169639587402344,47.63494873046875],[-56.17022705078125,47.87080383300781],[-56.11541748046875,47.74852752685547],[-56.01941680908203,47.80230712890625],[-56.13502502441406,47.734527587890625],[-56.05308532714844,47.69952392578125],[-55.84294128417969,47.78863525390625],[-55.790283203125,47.9644775390625],[-55.70780944824219,47.89483642578125],[-55.82472229003906,47.7816162109375],[-55.73927307128906,47.80577850341797],[-55.933387756347656,47.657196044921875],[-55.624473571777344,47.682861328125],[-56.1312255859375,47.46427917480469],[-55.74827575683594,47.593170166015625],[-55.94102478027344,47.43852233886719],[-55.729637145996094,47.570831298828125],[-55.775054931640625,47.44841766357422],[-55.583587646484375,47.58038330078125],[-55.67347717285156,47.427528381347656],[-55.585777282714844,47.40150451660156],[-55.412994384765625,47.47999572753906],[-55.397613525390625,47.72233581542969],[-55.12794494628906,47.67858123779297],[-55.14128112792969,47.574920654296875],[-54.70375061035156,47.67163848876953],[-55.99113464355469,46.95338439941406],[-55.74580383300781,46.84564208984375],[-55.20155334472656,46.99888610839844],[-54.840057373046875,47.431060791015625],[-54.6314697265625,47.387664794921875],[-54.40885925292969,47.613525390625],[-54.61561584472656,47.361000061035156],[-54.429443359375,47.427886962890625],[-54.226776123046875,47.88360595703125],[-54.08544921875,47.87913513183594],[-53.90074920654297,47.60577392578125],[-53.924774169921875,47.42277526855469],[-53.7939453125,47.439056396484375],[-54.00764465332031,47.316497802734375],[-53.924110412597656,47.266387939453125],[-54.200416564941406,46.82110595703125],[-53.96110534667969,46.84913635253906],[-53.553192138671875,47.21849822998047],[-53.555023193359375,47.12577819824219],[-53.42655944824219,47.16914367675781],[-53.658668518066406,46.988922119140625],[-53.51416778564453,46.97975158691406],[-53.66166687011719,46.82600402832031],[-53.62506103515625,46.641334533691406],[-53.35533142089844,46.766082763671875],[-53.40460968017578,46.68852233886719],[-53.27977752685547,46.743194580078125],[-53.161529541015625,46.62571716308594],[-52.952911376953125,46.78660583496094],[-52.960693359375,47.00566864013672],[-52.85247039794922,47.06910705566406],[-52.95405578613281,47.09400177001953],[-52.62168884277344,47.5244140625],[-52.793670654296875,47.809967041015625],[-53.129669189453125,47.38658142089844],[-53.186309814453125,47.57208251953125],[-53.28257751464844,47.54724884033203],[-53.08180236816406,47.938140869140625],[-52.84788513183594,48.100830078125],[-52.920860290527344,48.17285919189453],[-53.308387756347656,48.004554748535156],[-53.55989074707031,47.51911163330078],[-53.94269561767578,47.855918884277344],[-53.79380798339844,47.774192810058594],[-53.61213684082031,48.054168701171875],[-53.957557678222656,48.02452850341797],[-53.673805236816406,48.05994415283203],[-53.935028076171875,48.077911376953125],[-53.96339416503906,48.232887268066406],[-53.643310546875,48.17372131347656],[-53.00288391113281,48.546661376953125],[-53.08583068847656,48.70372009277344],[-53.2608642578125,48.522056579589844],[-53.45091247558594,48.626220703125],[-53.65083312988281,48.3870849609375],[-53.598358154296875,48.533721923828125],[-53.85002899169922,48.36872100830078],[-53.829139709472656,48.47624969482422],[-54.19874572753906,48.384971618652344],[-53.63294219970703,48.65333557128906],[-53.845855712890625,48.757057189941406],[-54.037498474121094,48.67622375488281],[-53.85502624511719,48.84124755859375],[-54.23625183105469,48.749168395996094],[-53.72877502441406,48.99913787841797],[-53.87255859375,49.03791809082031],[-53.60419464111328,49.034584045410156],[-53.657081604003906,49.13330078125],[-53.50413513183594,49.283721923828125],[-54.069976806640625,49.482086181640625],[-54.19999694824219,49.37458801269531],[-54.37672424316406,49.44041442871094],[-54.498390197753906,49.256248474121094],[-54.47919464111328,49.57038879394531],[-54.840087890625,49.272056579589844],[-54.85749816894531,49.416221618652344],[-55.05083465576172,49.218780517578125],[-55.099998474121094,49.362060546875],[-55.08589172363281,49.270416259765625],[-55.31378173828125,49.19000244140625],[-55.19627380371094,49.12586212158203],[-55.39585876464844,49.042083740234375],[-55.159637451171875,49.544944763183594],[-55.34043884277344,49.535804748535156],[-55.25128173828125,49.404998779296875],[-55.32586669921875,49.30455780029297],[-55.31842041015625,49.41038513183594],[-55.46710968017578,49.35247039794922],[-55.33300018310547,49.45246887207031],[-55.45752716064453,49.42124938964844],[-55.405860900878906,49.50788879394531],[-55.58332824707031,49.35791778564453],[-55.544189453125,49.492919921875],[-55.687469482421875,49.381248474121094],[-55.84503173828125,49.531219482421875],[-56.14088439941406,49.4312744140625],[-55.82374572753906,49.60913848876953],[-55.97792053222656,49.5758056640625],[-55.84794616699219,49.689971923828125],[-56.18499755859375,49.574554443359375],[-56.04547119140625,49.69000244140625],[-56.14338684082031,49.69877624511719],[-55.47467041015625,49.96746826171875],[-55.77752685546875,49.917083740234375],[-56.026695251464844,50.0386962890625],[-56.209197998046875,49.9254150390625],[-56.07586669921875,50.07416534423828],[-56.160057067871094,50.15625],[-56.871337890625,49.54249572753906],[-56.78541564941406,49.69916534423828],[-56.922943115234375,49.754974365234375],[-56.639190673828125,50.109161376953125],[-56.749168395996094,50.13417053222656],[-56.61255645751953,50.12831115722656],[-56.43583679199219,50.33330535888672],[-56.5108642578125,50.41416931152344],[-56.41255187988281,50.37664031982422],[-56.13249969482422,50.635833740234375],[-56.184165954589844,50.88163757324219],[-56.098358154296875,50.721221923828125],[-55.7308349609375,51.09333801269531],[-55.77166748046875,51.21875],[-56.02085876464844,51.17497253417969],[-56.084251403808594,51.363304138183594],[-55.60502624511719,51.299583435058594],[-55.42250061035156,51.58494567871094],[-55.73838806152344,51.590415954589844],[-55.67675018310547,51.47535705566406],[-55.899169921875,51.5],[-55.90167236328125,51.6312255859375],[-56.724220275878906,51.326637268066406],[-56.989227294921875,51.051666259765625],[-56.90757751464844,51.016639709472656],[-57.105865478515625,51.01747131347656],[-56.97419738769531,50.88749694824219],[-57.410858154296875,50.70246887207031],[-57.15924835205078,50.621665954589844],[-57.375885009765625,50.60163879394531],[-57.832916259765625,49.91749572753906],[-57.66297149658203,49.82499694824219],[-57.82330322265625,49.867889404296875],[-57.96546936035156,49.68499755859375],[-57.705474853515625,49.455833435058594],[-57.896697998046875,49.439605712890625],[-57.98497009277344,49.56121826171875],[-58.23713684082031,49.393310546875]]],[[[-62.69916534423828,49.66041564941406],[-64.15252685546875,49.952056884765625],[-64.52130889892578,49.88166809082031],[-63.829193115234375,49.63789367675781],[-63.587501525878906,49.38622283935547],[-61.69963836669922,49.08497619628906],[-61.83332824707031,49.31455993652344],[-62.69916534423828,49.66041564941406]]],[[[-64.83505249023438,61.307945251464844],[-64.6225814819336,61.592498779296875],[-65.45502471923828,61.642913818359375],[-65.4558334350586,61.569976806640625],[-64.83505249023438,61.307945251464844]]],[[[-75.91899871826172,67.24591827392578],[-75.38102722167969,67.35289001464844],[-75.04230499267578,67.59764099121094],[-75.12958526611328,68.23855590820312],[-75.8939437866211,68.34527587890625],[-76.67285919189453,68.25444030761719],[-77.27972412109375,67.73178100585938],[-76.98905944824219,67.24569702148438],[-75.91899871826172,67.24591827392578]]],[[[-61.42669677734375,66.52127838134766],[-61.29252624511719,66.66744232177734],[-61.794166564941406,66.80916595458984],[-61.616668701171875,66.87124633789062],[-62.01750183105469,66.85247039794922],[-61.712554931640625,66.93000030517578],[-62.07994079589844,66.8895263671875],[-62.02674865722656,67.05291748046875],[-62.42919921875,66.92832946777344],[-62.30332946777344,66.72792053222656],[-62.56842041015625,66.95458221435547],[-62.76586151123047,66.93419647216797],[-62.73347473144531,66.65628051757812],[-62.90583801269531,66.64746856689453],[-62.84175109863281,66.96788787841797],[-63.35839080810547,66.89791870117188],[-63.43000030517578,66.69789123535156],[-63.448036193847656,66.88400268554688],[-63.809967041015625,66.80458068847656],[-63.24082946777344,66.9625015258789],[-63.28924560546875,67.1091079711914],[-62.959136962890625,67.21746826171875],[-63.11830139160156,67.3320541381836],[-63.81330871582031,66.900390625],[-63.90924835205078,66.99585723876953],[-63.52252960205078,67.10663604736328],[-63.50006103515625,67.23538970947266],[-64.55341339111328,67.12458038330078],[-64.72010803222656,67.00788879394531],[-64.62677764892578,67.13541412353516],[-63.95747375488281,67.26663970947266],[-64.7983627319336,67.19288635253906],[-64.23919677734375,67.2983627319336],[-64.79499816894531,67.36872100830078],[-63.95091247558594,67.34249877929688],[-64.2433853149414,67.45288848876953],[-64.0741958618164,67.56500244140625],[-64.30591583251953,67.61080932617188],[-64.29499816894531,67.72211456298828],[-64.65758514404297,67.6500015258789],[-64.36419677734375,67.73750305175781],[-64.52999877929688,67.81036376953125],[-65.23016357421875,67.64205932617188],[-65.0240249633789,67.81561279296875],[-65.25924682617188,67.75341796875],[-64.93083190917969,67.91752624511719],[-65.09635925292969,67.9209976196289],[-64.72166442871094,67.97792053222656],[-65.08625030517578,68.04341888427734],[-65.4254150390625,67.91727447509766],[-65.57213592529297,67.78144073486328],[-65.34283447265625,67.58877563476562],[-65.62955474853516,67.78839111328125],[-65.46427917480469,67.9897232055664],[-65.80352783203125,67.97305297851562],[-66.03289031982422,67.59661102294922],[-65.9306640625,67.86885833740234],[-66.15316772460938,67.921142578125],[-65.94044494628906,68.03266906738281],[-66.24177551269531,67.96167755126953],[-66.37422180175781,67.76814270019531],[-66.76005554199219,67.87850189208984],[-66.39244079589844,67.86530303955078],[-66.19144439697266,68.01338958740234],[-66.53536224365234,68.077392578125],[-66.31452941894531,68.12455749511719],[-66.6183090209961,68.13969421386719],[-66.74788665771484,67.93241882324219],[-66.68433380126953,68.13849639892578],[-67.05297088623047,67.99105834960938],[-66.76435852050781,68.238525390625],[-67.3376693725586,68.1897201538086],[-67.25800323486328,68.30461120605469],[-67.01902770996094,68.33100128173828],[-67.88280487060547,68.26919555664062],[-67.42036437988281,68.40325164794922],[-66.67388916015625,68.44689178466797],[-67.36572265625,68.41480255126953],[-67.24949645996094,68.48535919189453],[-67.67747497558594,68.57091522216797],[-67.95952606201172,68.40338897705078],[-67.94647216796875,68.56136322021484],[-68.74925231933594,68.57202911376953],[-68.06266784667969,68.68444061279297],[-69.40814208984375,68.81513977050781],[-67.77566528320312,68.78524780273438],[-68.5145263671875,68.8984146118164],[-67.9748306274414,68.86135864257812],[-68.56280517578125,68.98108673095703],[-67.7135009765625,69.02230834960938],[-68.1999740600586,69.15172576904297],[-68.8296127319336,69.10641479492188],[-69.0120849609375,68.97736358642578],[-68.92422485351562,69.1046142578125],[-69.0836410522461,69.11035919189453],[-68.50566864013672,69.20858001708984],[-68.98155975341797,69.23217010498047],[-68.08377838134766,69.22296905517578],[-68.92871856689453,69.33758544921875],[-69.25855255126953,69.26094055175781],[-69.04005432128906,69.35800170898438],[-66.70114135742188,69.17072296142578],[-66.77122497558594,69.3324966430664],[-68.73286437988281,69.59547424316406],[-70.06222534179688,69.54238891601562],[-68.33016967773438,69.62911224365234],[-67.9080581665039,69.78199768066406],[-67.20555877685547,69.7179183959961],[-67.25900268554688,69.97244262695312],[-67.78094482421875,70.25777435302734],[-68.16053009033203,70.31842041015625],[-68.36722564697266,70.17369079589844],[-68.22792053222656,70.10380554199219],[-69.40994262695312,69.78152465820312],[-69.74539184570312,69.8062744140625],[-70.023193359375,69.62117004394531],[-69.79005432128906,69.83308410644531],[-69.41102600097656,69.82902526855469],[-68.83169555664062,70.03652954101562],[-68.6763916015625,70.20733642578125],[-69.6358871459961,70.14997100830078],[-69.78958129882812,69.96080780029297],[-70.48596954345703,69.84363555908203],[-69.81991577148438,69.98921966552734],[-70.17797088623047,70.03233337402344],[-69.3931655883789,70.25908660888672],[-68.70777893066406,70.32763671875],[-68.54589080810547,70.4792251586914],[-68.43783569335938,70.37767028808594],[-68.28561401367188,70.52552795410156],[-69.4476089477539,70.79486083984375],[-70.05055236816406,70.56485748291016],[-70.39655303955078,70.61714172363281],[-70.28514099121094,70.49666595458984],[-70.61528015136719,70.45752716064453],[-70.3931655883789,70.51814270019531],[-70.45530700683594,70.63069152832031],[-69.8086929321289,70.81810760498047],[-69.88417053222656,70.88410949707031],[-71.00994110107422,70.63263702392578],[-71.54302978515625,70.02649688720703],[-71.16547393798828,70.54644775390625],[-71.5126953125,70.5838623046875],[-71.84439086914062,70.29569244384766],[-71.7300033569336,70.42244720458984],[-71.97252655029297,70.41997528076172],[-71.59841918945312,70.61647033691406],[-71.1872787475586,70.58838653564453],[-70.78800201416016,70.74241638183594],[-70.51797485351562,70.9245834350586],[-70.60427856445312,71.05897521972656],[-70.8359146118164,71.1155014038086],[-71.21741485595703,71.01480865478516],[-71.17974853515625,70.85663604736328],[-72.17819213867188,70.7814712524414],[-72.56583404541016,70.61555480957031],[-72.18538665771484,70.8409194946289],[-72.788330078125,70.8199462890625],[-72.33174896240234,70.88422393798828],[-72.0899429321289,71.0838851928711],[-71.47213745117188,71.06583404541016],[-71.15483093261719,71.27308654785156],[-71.56075286865234,71.50019073486328],[-72.54988861083984,71.66072082519531],[-73.37174987792969,70.98603057861328],[-73.24783325195312,71.22846984863281],[-73.04288482666016,71.26409912109375],[-73.32280731201172,71.35005950927734],[-73.85541534423828,71.04939270019531],[-73.38311004638672,71.38419342041016],[-73.52899932861328,71.47491455078125],[-73.62552642822266,71.36505889892578],[-73.57966613769531,71.57427978515625],[-73.85305786132812,71.53680419921875],[-74.20466613769531,71.19930267333984],[-74.01933288574219,71.44063568115234],[-74.30802917480469,71.40599822998047],[-73.96805572509766,71.46344757080078],[-74.0586929321289,71.53128051757812],[-73.71319580078125,71.77813720703125],[-74.2165298461914,71.59439086914062],[-74.09827423095703,71.73997497558594],[-74.51908111572266,71.65766906738281],[-74.74480438232422,71.53074645996094],[-74.61663818359375,71.37486267089844],[-75.047607421875,71.17877960205078],[-74.69219207763672,71.39488983154297],[-74.91558074951172,71.45033264160156],[-74.8382797241211,71.52197265625],[-75.13380432128906,71.47758483886719],[-74.61650085449219,71.65977478027344],[-75.37794494628906,71.5066909790039],[-74.9157485961914,71.66344451904297],[-75.36591339111328,71.68436431884766],[-74.24588775634766,71.82313537597656],[-74.20866394042969,72.06114196777344],[-75.08583068847656,72.1128921508789],[-75.52505493164062,71.98544311523438],[-75.88172149658203,71.70008087158203],[-76.1102523803711,71.70127868652344],[-75.82136535644531,71.75836944580078],[-75.59711456298828,71.989501953125],[-75.22566986083984,72.08197021484375],[-75.81891632080078,72.09850311279297],[-76.40105438232422,71.85922241210938],[-76.05400085449219,72.0723876953125],[-75.02536010742188,72.189697265625],[-75.15019226074219,72.49066925048828],[-75.80472564697266,72.58908081054688],[-76.07566833496094,72.47724914550781],[-76.12566375732422,72.59158325195312],[-76.73980712890625,72.72477722167969],[-77.57508087158203,72.76191711425781],[-78.41305541992188,72.5903091430664],[-78.55022430419922,72.43844604492188],[-77.00382995605469,72.13605499267578],[-77.58027648925781,72.18653106689453],[-77.64158630371094,72.10025024414062],[-77.65677642822266,72.20858001708984],[-78.42063903808594,72.33452606201172],[-78.41505432128906,72.17127990722656],[-78.59963989257812,72.36589050292969],[-78.8812484741211,72.2341079711914],[-77.67044067382812,71.81600189208984],[-77.7306137084961,71.74644470214844],[-78.12611389160156,71.96085357666016],[-78.26049041748047,71.92334747314453],[-77.86972045898438,71.77058410644531],[-78.18135833740234,71.82705688476562],[-78.48860931396484,72.08585357666016],[-78.85458374023438,72.1812515258789],[-78.929443359375,72.02161407470703],[-78.51036071777344,71.86558532714844],[-79.1883316040039,71.95989227294922],[-78.93683624267578,72.28060913085938],[-79.34705352783203,72.40780639648438],[-79.74160766601562,72.21847534179688],[-79.57905578613281,72.34469604492188],[-79.79042053222656,72.50472259521484],[-80.17394256591797,72.32636260986328],[-79.6816635131836,72.12936401367188],[-80.22550201416016,72.30413818359375],[-80.2165298461914,72.19416809082031],[-80.48925018310547,72.18258666992188],[-80.32649993896484,72.07183074951172],[-80.9623031616211,71.88394165039062],[-80.77811431884766,72.01969146728516],[-81.08294677734375,72.04513549804688],[-81.0141372680664,72.09432983398438],[-80.53572082519531,72.07130432128906],[-80.9925537109375,72.20330810546875],[-80.50189208984375,72.38194274902344],[-80.50900268554688,72.51499938964844],[-81.38655853271484,72.24114227294922],[-80.22569274902344,72.73619079589844],[-80.64533233642578,72.92947387695312],[-80.58030700683594,73.15316772460938],[-81.19219207763672,73.26325225830078],[-81.2032470703125,73.52972412109375],[-81.54805755615234,73.72402954101562],[-82.85172271728516,73.73583221435547],[-84.01113891601562,73.5070571899414],[-83.66033172607422,73.4447250366211],[-83.62283325195312,73.29966735839844],[-83.73108673095703,73.4221420288086],[-84.15758514404297,73.47955322265625],[-84.63597106933594,73.40319061279297],[-84.32394409179688,73.22416687011719],[-84.7618637084961,73.38844299316406],[-85.14494323730469,73.2155532836914],[-83.69841766357422,73.0072250366211],[-85.20974731445312,73.14888763427734],[-85.12772369384766,73.05016326904297],[-85.38899993896484,73.1425552368164],[-85.54299926757812,73.0330810546875],[-83.95155334472656,72.74713897705078],[-85.3226089477539,72.97575378417969],[-85.7016372680664,72.90472412109375],[-85.51744079589844,72.45880889892578],[-84.41633605957031,72.39019775390625],[-84.94652557373047,72.28919219970703],[-84.14888763427734,72.00655364990234],[-84.19902801513672,71.9350814819336],[-85.2258071899414,72.26660919189453],[-85.4935531616211,72.26000213623047],[-85.51469421386719,72.05874633789062],[-86.03874969482422,72.02108001708984],[-85.55860900878906,71.90064239501953],[-85.43363952636719,71.80921936035156],[-85.59864044189453,71.78669738769531],[-85.28813934326172,71.67705535888672],[-84.48080444335938,71.63742065429688],[-84.63561248779297,71.63938903808594],[-84.5250015258789,71.46286010742188],[-84.79119110107422,71.36552429199219],[-84.77241516113281,70.93297576904297],[-85.15164184570312,71.0865249633789],[-84.86335754394531,71.07511138916016],[-85.0,71.20497131347656],[-86.50297546386719,70.98055267333984],[-87.89991760253906,70.93641662597656],[-89.53083038330078,71.09102630615234],[-89.17192077636719,70.96436309814453],[-89.41686248779297,70.91191864013672],[-88.79255676269531,70.49810791015625],[-87.9146957397461,70.33833312988281],[-88.26777648925781,70.33619689941406],[-87.85813903808594,70.23997497558594],[-87.60839080810547,70.29122161865234],[-87.76355743408203,70.33538818359375],[-86.98786163330078,70.2883071899414],[-87.24880981445312,70.3848876953125],[-86.99236297607422,70.46724700927734],[-86.66280364990234,70.3191909790039],[-86.38177490234375,70.5282211303711],[-86.5582504272461,70.23919677734375],[-85.81927490234375,70.00933074951172],[-85.22758483886719,69.98650360107422],[-85.84977722167969,70.0481948852539],[-85.75191497802734,70.10852813720703],[-84.78446960449219,70.11572265625],[-84.81114196777344,70.03436279296875],[-84.29961395263672,69.98503112792969],[-83.0645523071289,70.0169448852539],[-82.1298599243164,69.79022216796875],[-81.72750091552734,69.9522476196289],[-83.0294418334961,70.3145523071289],[-81.57722473144531,69.9806137084961],[-80.932861328125,69.7211685180664],[-80.7890853881836,69.80030822753906],[-81.7284164428711,70.145751953125],[-79.95933532714844,70.02483367919922],[-80.03494262695312,69.94569396972656],[-79.67510986328125,69.86019134521484],[-78.79460906982422,69.88796997070312],[-78.6776351928711,70.05802917480469],[-78.943359375,70.3227767944336],[-79.600830078125,70.37442016601562],[-79.38602447509766,70.49383544921875],[-79.158447265625,70.4227523803711],[-78.98302459716797,70.62696838378906],[-79.15361022949219,70.63355255126953],[-79.01777648925781,70.68841552734375],[-78.70980834960938,70.5469970703125],[-78.8886947631836,70.59872436523438],[-79.06905364990234,70.47505950927734],[-78.725830078125,70.4546127319336],[-78.57733154296875,70.32113647460938],[-78.38077545166016,70.39064025878906],[-78.54846954345703,70.313720703125],[-78.38005828857422,70.20708465576172],[-77.6744155883789,70.2032241821289],[-77.627197265625,69.74861145019531],[-76.9933090209961,69.9887466430664],[-77.30872344970703,69.83580780029297],[-76.69164276123047,69.84400177001953],[-76.91999816894531,69.7921142578125],[-76.8375244140625,69.6911392211914],[-77.18883514404297,69.64197540283203],[-76.71930694580078,69.5616683959961],[-76.57372283935547,69.70502471923828],[-76.19566345214844,69.67253112792969],[-76.21597290039062,69.53477478027344],[-76.46013641357422,69.66397094726562],[-76.65205383300781,69.54360961914062],[-75.58821868896484,69.2356948852539],[-75.59486389160156,69.07917022705078],[-76.59972381591797,69.03453063964844],[-76.64655303955078,68.69491577148438],[-75.61872100830078,68.87374877929688],[-75.47247314453125,69.0270004272461],[-75.16180419921875,68.88794708251953],[-74.67752838134766,68.93514251708984],[-74.97905731201172,68.81608581542969],[-74.46466827392578,68.83403015136719],[-74.73516845703125,68.73699951171875],[-74.2308349609375,68.51930236816406],[-73.89202880859375,68.55735778808594],[-74.2062759399414,68.73141479492188],[-73.6606674194336,68.66480255126953],[-73.9632797241211,68.41580963134766],[-73.55085754394531,68.31375122070312],[-73.6361083984375,68.2509994506836],[-73.01052856445312,68.24116516113281],[-72.95608520507812,67.99097442626953],[-72.7820816040039,67.93941497802734],[-72.94183349609375,67.92913818359375],[-72.58039093017578,67.7652816772461],[-72.36946868896484,67.32183074951172],[-72.15269470214844,67.2703857421875],[-72.32978057861328,67.10822296142578],[-72.80538940429688,67.02222442626953],[-73.00469207763672,66.77872467041016],[-72.05171966552734,66.67019653320312],[-73.07160949707031,66.72069549560547],[-74.45783233642578,66.16516876220703],[-73.64108276367188,65.71639251708984],[-73.47161102294922,65.44774627685547],[-74.13558197021484,65.53369140625],[-74.53533172607422,65.32319641113281],[-74.72108459472656,65.44200134277344],[-75.10455322265625,65.39399719238281],[-75.15636444091797,65.25458526611328],[-75.95169067382812,65.32255554199219],[-75.8030014038086,65.23388671875],[-77.3764419555664,65.47149658203125],[-77.28133392333984,65.363525390625],[-77.52033233642578,65.31622314453125],[-77.30841827392578,65.180419921875],[-78.15032958984375,64.94972229003906],[-78.06844329833984,64.82666778564453],[-78.29855346679688,64.7042236328125],[-78.16278076171875,64.70105743408203],[-78.03013610839844,64.4273910522461],[-76.65508270263672,64.18880462646484],[-76.70111083984375,64.30380249023438],[-76.29308319091797,64.2728042602539],[-76.16122436523438,64.31147003173828],[-76.36822509765625,64.35505676269531],[-75.60797119140625,64.4501953125],[-75.85327911376953,64.61524963378906],[-74.46055603027344,64.38378143310547],[-74.69719696044922,64.53311157226562],[-74.43819427490234,64.56414031982422],[-74.97755432128906,64.78128051757812],[-74.70177459716797,64.76702880859375],[-74.60688781738281,64.90235900878906],[-74.67749786376953,64.71905517578125],[-74.38230895996094,64.56791687011719],[-74.42385864257812,64.66525268554688],[-74.22235870361328,64.56732940673828],[-74.1401138305664,64.74710845947266],[-74.03691864013672,64.71888732910156],[-74.02294158935547,64.59571838378906],[-74.15858459472656,64.56847381591797],[-73.94055938720703,64.51288604736328],[-74.12960815429688,64.54191589355469],[-74.00894165039062,64.3756103515625],[-74.1171646118164,64.3284683227539],[-73.99302673339844,64.31988525390625],[-73.91105651855469,64.49944305419922],[-73.66925048828125,64.45852661132812],[-73.92294311523438,64.60800170898438],[-73.43952941894531,64.60719299316406],[-73.39830780029297,64.5522232055664],[-73.68672180175781,64.55119323730469],[-73.57694244384766,64.31383514404297],[-73.5201416015625,64.5014419555664],[-73.26583099365234,64.54147338867188],[-73.28363800048828,64.66041564941406],[-73.14030456542969,64.57814025878906],[-73.48544311523438,64.39761352539062],[-73.31080627441406,64.3858871459961],[-73.36280822753906,64.26205444335938],[-73.1773910522461,64.33252716064453],[-73.07330322265625,64.1820297241211],[-72.85558319091797,64.16594696044922],[-72.9530029296875,64.03355407714844],[-72.5741958618164,64.02447509765625],[-72.6395263671875,63.84510803222656],[-72.3505859375,63.77989196777344],[-72.28450012207031,63.99769592285156],[-72.2522201538086,63.662109375],[-72.18553161621094,63.77403259277344],[-71.89250183105469,63.6380615234375],[-71.91280364990234,63.86719512939453],[-71.61372375488281,63.63471984863281],[-71.48958587646484,63.71339416503906],[-71.55633544921875,63.57096862792969],[-71.20002746582031,63.59422302246094],[-71.60177612304688,63.4102783203125],[-72.12088775634766,63.442138671875],[-71.71369171142578,63.406776428222656],[-71.84894561767578,63.34663391113281],[-71.62847137451172,63.263916015625],[-71.75714111328125,63.23506164550781],[-71.64108276367188,63.13325500488281],[-71.3461685180664,63.14961242675781],[-71.40361022949219,63.04841613769531],[-71.19963836669922,62.994476318359375],[-70.86763763427734,63.16144561767578],[-71.11636352539062,62.97869873046875],[-70.8185806274414,63.05694580078125],[-70.997802734375,62.949195861816406],[-70.16352844238281,62.741363525390625],[-69.86491394042969,62.906829833984375],[-69.9415283203125,62.77769470214844],[-69.37858581542969,62.76347351074219],[-69.58999633789062,62.65763854980469],[-69.34061431884766,62.52430725097656],[-69.2354736328125,62.641807556152344],[-69.22186279296875,62.44697570800781],[-68.85305786132812,62.352752685546875],[-68.77461242675781,62.47691345214844],[-68.80113983154297,62.33833312988281],[-68.70439147949219,62.404052734375],[-68.54313659667969,62.245941162109375],[-67.71316528320312,62.223663330078125],[-66.2762222290039,61.86277770996094],[-65.9483642578125,61.877105712890625],[-66.17958068847656,62.11747741699219],[-66.0062255859375,62.04783630371094],[-66.0639419555664,62.12444305419922],[-65.89202880859375,62.205833435058594],[-66.49472045898438,62.33747100830078],[-66.33747100830078,62.43885803222656],[-66.49024963378906,62.41608428955078],[-66.44116973876953,62.491111755371094],[-66.72291564941406,62.664886474609375],[-66.9915542602539,62.647552490234375],[-66.8780288696289,62.69085693359375],[-67.04708099365234,62.678863525390625],[-67.00702667236328,62.76557922363281],[-67.37989044189453,62.96391296386719],[-67.63627624511719,62.91481018066406],[-67.52677917480469,63.04283142089844],[-67.74827575683594,62.94752502441406],[-67.60575103759766,63.095855712890625],[-67.98925018310547,63.04986572265625],[-67.88938903808594,63.1392822265625],[-68.19969177246094,63.200416564941406],[-68.98339080810547,63.755859375],[-68.22994232177734,63.68519592285156],[-67.68852996826172,63.36894226074219],[-67.91516876220703,63.769500732421875],[-67.76533508300781,63.63255310058594],[-67.59930419921875,63.678443908691406],[-67.63261413574219,63.529945373535156],[-66.80789184570312,63.15327453613281],[-66.80549621582031,63.281524658203125],[-66.66564178466797,63.02508544921875],[-66.52913665771484,63.00328063964844],[-66.7417221069336,63.297279357910156],[-66.58858489990234,63.397857666015625],[-66.71241760253906,63.296142578125],[-66.45153045654297,63.03314208984375],[-66.05530548095703,62.94300079345703],[-66.2304458618164,63.23442077636719],[-66.10298919677734,63.048370361328125],[-65.822998046875,63.03785705566406],[-65.94667053222656,62.93914031982422],[-65.75480651855469,62.878448486328125],[-65.70616912841797,63.048362731933594],[-65.73278045654297,62.93035888671875],[-65.53886413574219,62.79780578613281],[-65.29844665527344,62.94005584716797],[-65.33619689941406,62.78239440917969],[-65.2030029296875,62.785919189453125],[-65.35449981689453,62.68577575683594],[-65.20314025878906,62.56422424316406],[-64.89752960205078,62.63166809082031],[-65.26828002929688,63.02082824707031],[-64.8066635131836,62.82539367675781],[-64.60255432128906,62.915802001953125],[-64.96424865722656,63.09828186035156],[-64.76252746582031,63.13166809082031],[-65.07905578613281,63.162384033203125],[-64.93413543701172,63.211692810058594],[-65.06744384765625,63.31422424316406],[-64.88422393798828,63.23249816894531],[-64.95752716064453,63.38746643066406],[-65.1530532836914,63.40144348144531],[-65.01625061035156,63.427032470703125],[-65.13674926757812,63.431671142578125],[-65.01921844482422,63.46177673339844],[-65.11577606201172,63.582275390625],[-65.01692199707031,63.60990905761719],[-65.31591796875,63.80519104003906],[-65.129638671875,63.781028747558594],[-64.76255798339844,63.32080078125],[-64.5167465209961,63.24205780029297],[-64.62750244140625,63.32496643066406],[-64.4925308227539,63.375030517578125],[-64.71258544921875,63.38664245605469],[-64.46755981445312,63.43080139160156],[-64.68421936035156,63.69166564941406],[-64.53336334228516,63.59541320800781],[-64.505859375,63.678306579589844],[-64.98080444335938,63.80914306640625],[-64.61260986328125,63.97666931152344],[-65.16813659667969,64.0074691772461],[-65.00719451904297,64.04763793945312],[-65.67144775390625,64.30310821533203],[-65.20108032226562,64.29360961914062],[-65.22538757324219,64.41102600097656],[-65.04019165039062,64.43074798583984],[-65.21125030517578,64.54138946533203],[-65.37163543701172,64.42089080810547],[-65.31391906738281,64.53702545166016],[-65.70835876464844,64.47166442871094],[-65.75169372558594,64.58697509765625],[-65.53008270263672,64.7213363647461],[-65.65188598632812,64.77752685546875],[-65.69325256347656,64.67900085449219],[-65.68675231933594,64.84844207763672],[-65.94811248779297,64.8735580444336],[-65.8003921508789,64.62966918945312],[-65.9449462890625,64.77244567871094],[-65.99188995361328,64.6617202758789],[-66.0165023803711,64.85663604736328],[-66.1465835571289,64.69868469238281],[-66.40516662597656,64.720947265625],[-66.31439208984375,64.61013793945312],[-66.4346694946289,64.72819519042969],[-66.11924743652344,64.86836242675781],[-66.67669677734375,65.04177856445312],[-66.73066711425781,64.72074890136719],[-66.76205444335938,65.06339263916016],[-66.93380737304688,65.04591369628906],[-66.74886322021484,65.17610931396484],[-67.11902618408203,65.05738830566406],[-66.91869354248047,65.23772430419922],[-67.25494384765625,65.17507934570312],[-67.10375213623047,65.31358337402344],[-67.41825103759766,65.34210968017578],[-67.04824829101562,65.42610931396484],[-67.4635009765625,65.49478149414062],[-67.2528076171875,65.52413940429688],[-67.31610870361328,65.66527557373047],[-67.75191497802734,65.636474609375],[-67.56346893310547,65.56363677978516],[-68.0155258178711,65.48486328125],[-67.93008422851562,65.5681381225586],[-68.05783081054688,65.57030487060547],[-67.8481674194336,65.64360809326172],[-67.99130249023438,65.7036361694336],[-67.78980255126953,65.77960968017578],[-68.26541900634766,65.74852752685547],[-68.04866790771484,65.82858276367188],[-68.32266998291016,65.92725372314453],[-68.16525268554688,65.94930267333984],[-68.36746978759766,66.07266998291016],[-67.80419158935547,65.87596893310547],[-67.76905822753906,65.99649810791016],[-67.4631118774414,65.89083099365234],[-67.17407989501953,65.91033172607422],[-67.13272094726562,66.01824951171875],[-67.8102798461914,66.24263763427734],[-67.6939468383789,66.2877197265625],[-67.98811340332031,66.5111083984375],[-67.27630615234375,66.26644134521484],[-67.11316680908203,66.31255340576172],[-67.43583679199219,66.44164276123047],[-67.12000274658203,66.44271850585938],[-67.51850128173828,66.56080627441406],[-67.52925109863281,66.65702819824219],[-67.13788604736328,66.48566436767578],[-66.85783386230469,66.56861114501953],[-67.17375183105469,66.67216491699219],[-66.7375259399414,66.59735870361328],[-66.86133575439453,66.53816986083984],[-66.66972351074219,66.45694732666016],[-66.76630401611328,66.37308502197266],[-66.42866516113281,66.41941833496094],[-66.54166412353516,66.2386703491211],[-65.9852523803711,66.10724639892578],[-65.57167053222656,66.23169708251953],[-65.48100280761719,66.38569641113281],[-65.53180694580078,66.2314682006836],[-65.96485900878906,66.04350280761719],[-65.87458038330078,65.9441146850586],[-64.95508575439453,66.06788635253906],[-64.69672393798828,66.2820816040039],[-64.35839080810547,66.3554458618164],[-64.74419403076172,66.21333312988281],[-64.79922485351562,65.97000122070312],[-65.35855865478516,65.91572570800781],[-65.50152587890625,65.74069213867188],[-64.80327606201172,65.72039031982422],[-65.33985900878906,65.56072235107422],[-64.72755432128906,65.64910888671875],[-65.15819549560547,65.49569702148438],[-65.0947494506836,65.38578033447266],[-64.41422271728516,65.4808349609375],[-64.92253112792969,65.3441390991211],[-64.69255828857422,65.33914184570312],[-64.92758178710938,65.28080749511719],[-64.62422180175781,65.25333404541016],[-64.75749969482422,65.19416809082031],[-64.5916976928711,65.09205627441406],[-64.21675109863281,65.4487533569336],[-64.38922119140625,65.17500305175781],[-64.11589050292969,65.24833679199219],[-64.28250122070312,65.09833526611328],[-64.10671997070312,65.03539276123047],[-63.81005859375,65.18458557128906],[-63.892555236816406,65.0250244140625],[-63.67089080810547,65.03250122070312],[-63.84910583496094,64.97086334228516],[-63.6199951171875,64.99288940429688],[-63.67591857910156,64.89830780029297],[-63.53675079345703,64.876220703125],[-63.570945739746094,65.0433349609375],[-63.45338439941406,64.97958374023438],[-63.349273681640625,65.04916381835938],[-63.48261260986328,65.08916473388672],[-63.33252716064453,65.13414001464844],[-63.52080535888672,65.19080352783203],[-63.33416748046875,65.2433090209961],[-63.57086181640625,65.3550033569336],[-63.40419006347656,65.38749694824219],[-63.76097106933594,65.48163604736328],[-63.302528381347656,65.42416381835938],[-63.69596862792969,65.55913543701172],[-63.38502502441406,65.52458190917969],[-63.39091491699219,65.6241683959961],[-63.74421691894531,65.66500091552734],[-63.34416198730469,65.6566390991211],[-63.52922058105469,65.92996978759766],[-63.25846862792969,65.632080078125],[-62.97166442871094,65.5746078491211],[-62.911773681640625,65.742919921875],[-62.676727294921875,65.5746078491211],[-62.61585998535156,65.67080688476562],[-62.849220275878906,65.75580596923828],[-62.569305419921875,65.73750305175781],[-62.857582092285156,65.89994049072266],[-62.289222717285156,65.79497528076172],[-62.484161376953125,65.90166473388672],[-62.410919189453125,65.96002960205078],[-62.82011413574219,66.01625061035156],[-62.949195861816406,66.14669036865234],[-62.32838439941406,65.95872497558594],[-61.949195861816406,66.0],[-62.48002624511719,66.21624755859375],[-62.71830749511719,66.18374633789062],[-62.89594268798828,66.33413696289062],[-62.70835876464844,66.20288848876953],[-62.31083679199219,66.29916381835938],[-62.68675231933594,66.39869689941406],[-62.60508728027344,66.438720703125],[-62.09672546386719,66.41041564941406],[-62.21089172363281,66.32585906982422],[-61.92327880859375,66.27291870117188],[-61.54338836669922,66.31869506835938],[-61.57177734375,66.40791320800781],[-61.995887756347656,66.39913940429688],[-61.557586669921875,66.44914245605469],[-61.80005645751953,66.60871887207031],[-62.19752502441406,66.61497497558594],[-61.998443603515625,66.68702697753906],[-61.42669677734375,66.52127838134766]]],[[[-74.35072326660156,68.18675231933594],[-74.78580474853516,68.00186157226562],[-74.40922546386719,67.7750244140625],[-73.4312744140625,67.75824737548828],[-73.40357971191406,67.97721862792969],[-74.25714111328125,68.06388854980469],[-74.35072326660156,68.18675231933594]]],[[[-54.230865478515625,69.91500091552734],[-54.855918884277344,69.94249725341797],[-54.93424987792969,69.82830810546875],[-54.37255859375,69.67086029052734],[-54.92344665527344,69.74710845947266],[-54.81172180175781,69.60292053222656],[-53.963470458984375,69.61458587646484],[-54.004249572753906,69.49166870117188],[-53.7484130859375,69.5254135131836],[-53.788330078125,69.45455932617188],[-53.34761047363281,69.58002471923828],[-53.59086608886719,69.46666717529297],[-53.38160705566406,69.444580078125],[-54.277587890625,69.43083190917969],[-53.56169128417969,69.23294067382812],[-51.85258483886719,69.64497375488281],[-51.98252868652344,69.79830932617188],[-52.73994445800781,69.92869567871094],[-53.31011199951172,70.2078857421875],[-54.3675537109375,70.33125305175781],[-54.82391357421875,70.22003173828125],[-54.7713623046875,70.04166412353516],[-54.230865478515625,69.91500091552734]]],[[[-25.408775329589844,70.9316635131836],[-25.738800048828125,70.98750305175781],[-25.721275329589844,71.09083557128906],[-27.079940795898438,70.89458465576172],[-27.92766571044922,70.64707946777344],[-28.146331787109375,70.47166442871094],[-25.293746948242188,70.65496826171875],[-25.49138641357422,70.78250122070312],[-25.408775329589844,70.9316635131836]]],[[[-63.7401123046875,76.15374755859375],[-63.396583557128906,76.38038635253906],[-62.818328857421875,76.3066635131836],[-62.720001220703125,76.188720703125],[-62.21678161621094,76.28622436523438],[-60.91017150878906,76.1636962890625],[-60.71680450439453,75.98960876464844],[-60.45689392089844,76.06625366210938],[-59.66160583496094,75.96330261230469],[-59.76011657714844,75.79705810546875],[-59.14680480957031,75.87374877929688],[-59.060028076171875,75.70044708251953],[-58.3651123046875,75.71247100830078],[-58.578338623046875,75.6691665649414],[-58.275001525878906,75.65997314453125],[-58.408416748046875,75.57333374023438],[-58.1417236328125,75.49747467041016],[-58.67832946777344,75.3499984741211],[-58.225189208984375,75.40499877929688],[-58.41505432128906,75.29747009277344],[-57.891693115234375,75.1750259399414],[-58.10839080810547,75.0875015258789],[-57.012664794921875,74.91958618164062],[-56.781333923339844,74.81163787841797],[-57.17118835449219,74.78253173828125],[-57.02366638183594,74.66999816894531],[-56.15119934082031,74.556640625],[-56.142608642578125,74.47041320800781],[-56.80877685546875,74.45166778564453],[-56.157470703125,74.41036224365234],[-56.72380065917969,74.34583282470703],[-56.238861083984375,74.2750244140625],[-57.3038330078125,74.10244750976562],[-56.07630920410156,74.27996826171875],[-56.29383850097656,74.10749816894531],[-56.101226806640625,74.0816421508789],[-56.41871643066406,74.07169342041016],[-55.92622375488281,74.04247283935547],[-56.09632873535156,73.97083282470703],[-55.58119201660156,73.8633041381836],[-55.928802490234375,73.86333465576172],[-55.488861083984375,73.72836303710938],[-55.92247009277344,73.76875305175781],[-56.01386260986328,73.68250274658203],[-55.81378173828125,73.67996978759766],[-56.053863525390625,73.65580749511719],[-55.04136657714844,73.36582946777344],[-55.44636535644531,73.2624740600586],[-55.09391784667969,73.18827819824219],[-55.69633483886719,73.05830383300781],[-54.746337890625,72.994140625],[-54.56394958496094,72.82746887207031],[-54.91880798339844,72.77913665771484],[-54.4564208984375,72.755859375],[-54.763946533203125,72.74166870117188],[-54.54130554199219,72.68499755859375],[-54.871360778808594,72.6633071899414],[-54.60127258300781,72.62000274658203],[-54.786224365234375,72.61333465576172],[-54.78382873535156,72.52166748046875],[-54.271331787109375,72.4883041381836],[-55.626220703125,72.4508056640625],[-54.693748474121094,72.36911010742188],[-55.42627716064453,72.09503173828125],[-55.26869201660156,72.0558090209961],[-55.593719482421875,72.02749633789062],[-55.250030517578125,71.92708587646484],[-54.641334533691406,72.01747131347656],[-54.39380645751953,72.24250030517578],[-54.63624572753906,71.99166870117188],[-55.868804931640625,71.6866683959961],[-55.556365966796875,71.64669036865234],[-55.52372741699219,71.47333526611328],[-54.82261657714844,71.35871887207031],[-53.907470703125,71.444580078125],[-53.88136291503906,71.57833099365234],[-54.12383270263672,71.64669036865234],[-53.78755187988281,71.6320571899414],[-53.931304931640625,71.7508316040039],[-53.396331787109375,71.85832977294922],[-53.926307678222656,72.3141098022461],[-53.57244873046875,72.35955810546875],[-53.8638916015625,72.31416320800781],[-53.40388488769531,72.02583312988281],[-53.370086669921875,71.77794647216797],[-52.71385955810547,71.994140625],[-53.277610778808594,71.71455383300781],[-52.14744567871094,71.61785888671875],[-51.70372009277344,71.74250030517578],[-51.847557067871094,71.59622192382812],[-53.00627899169922,71.42247009277344],[-51.36872100830078,71.48416900634766],[-52.28260803222656,71.35791778564453],[-52.5386962890625,71.16664123535156],[-51.69502258300781,71.36211395263672],[-51.516334533691406,71.30419158935547],[-52.22633361816406,71.1133041381836],[-51.240142822265625,71.14458465576172],[-51.50883483886719,71.05830383300781],[-50.93633270263672,71.0191650390625],[-51.96875,71.02586364746094],[-50.88133239746094,70.8874740600586],[-50.67505645751953,70.7062759399414],[-51.287498474121094,70.8104476928711],[-51.47633361816406,70.73666381835938],[-51.07014465332031,70.77124786376953],[-51.11761474609375,70.64875030517578],[-50.65119934082031,70.64252471923828],[-50.9464111328125,70.63658142089844],[-50.77130126953125,70.54164123535156],[-50.914947509765625,70.50294494628906],[-51.19755554199219,70.62374877929688],[-51.35871887207031,70.56416320800781],[-50.95008850097656,70.42124938964844],[-50.535003662109375,70.53044128417969],[-50.72132873535156,70.399169921875],[-50.56133270263672,70.33080291748047],[-51.55999755859375,70.42871856689453],[-52.927581787109375,70.76875305175781],[-54.13511657714844,70.83460998535156],[-54.616363525390625,70.65247344970703],[-53.904998779296875,70.38375091552734],[-52.842529296875,70.2745590209961],[-52.35505676269531,70.0495834350586],[-50.89122009277344,70.02833557128906],[-51.15510559082031,69.96125030517578],[-50.2449951171875,70.05210876464844],[-50.622528076171875,69.92747497558594],[-50.197662353515625,69.76580810546875],[-50.83344268798828,69.71125030517578],[-50.42591857910156,69.59416961669922],[-50.84327697753906,69.64707946777344],[-50.91747283935547,69.4949722290039],[-50.24421691894531,69.50833129882812],[-50.91844177246094,69.45874786376953],[-50.92588806152344,69.27246856689453],[-51.15419006347656,69.20580291748047],[-50.69671630859375,69.19705963134766],[-50.419944763183594,69.35124969482422],[-50.50169372558594,69.19291687011719],[-49.97252655029297,69.18000030517578],[-50.71080780029297,69.12577819824219],[-50.44671630859375,69.04792022705078],[-50.23847198486328,69.08374786376953],[-50.070831298828125,68.99246978759766],[-50.253387451171875,68.95455932617188],[-50.26347351074219,69.05127716064453],[-50.473304748535156,69.02122497558594],[-50.37168884277344,68.8953857421875],[-50.67011260986328,69.07205963134766],[-51.007476806640625,69.032470703125],[-50.74664306640625,69.13455963134766],[-51.10417175292969,69.13580322265625],[-51.21925354003906,68.88253021240234],[-50.980865478515625,68.92832946777344],[-51.307586669921875,68.73916625976562],[-50.686668395996094,68.82622528076172],[-51.002532958984375,68.71916961669922],[-50.68585968017578,68.63833618164062],[-50.84571838378906,68.60591888427734],[-50.660057067871094,68.5062255859375],[-51.05671691894531,68.69955444335938],[-51.03680419921875,68.57455444335938],[-51.853363037109375,68.50128173828125],[-52.01252746582031,68.55419158935547],[-51.826637268066406,68.63622283935547],[-52.249969482421875,68.64788818359375],[-52.43672180175781,68.56705474853516],[-51.98594665527344,68.5824966430664],[-52.66175079345703,68.52207946777344],[-52.39250183105469,68.51416778564453],[-52.80424499511719,68.42996978759766],[-52.72997283935547,68.35955810546875],[-53.47247314453125,68.30997467041016],[-52.54669189453125,68.3562240600586],[-52.9425048828125,68.22916412353516],[-52.47007751464844,68.30955505371094],[-52.46672058105469,68.1687240600586],[-51.36012268066406,68.29497528076172],[-51.647552490234375,68.40666961669922],[-50.801727294921875,68.50375366210938],[-51.41761016845703,68.24502563476562],[-50.94172668457031,68.16374969482422],[-51.440887451171875,68.18663787841797],[-50.33088684082031,67.92080688476562],[-53.33344268798828,68.188720703125],[-53.50419616699219,68.1441650390625],[-52.06761169433594,67.95417022705078],[-52.58332824707031,67.930419921875],[-53.2066650390625,68.0320816040039],[-53.26171875,67.97211456298828],[-52.917640686035156,67.96833038330078],[-53.286720275878906,67.95455932617188],[-53.069244384765625,67.8683090209961],[-53.31999969482422,67.8261947631836],[-53.483306884765625,67.88375091552734],[-53.280059814453125,67.79705810546875],[-53.73597717285156,67.79411315917969],[-53.56097412109375,67.71083068847656],[-53.79255676269531,67.57752990722656],[-53.68841552734375,67.47958374023438],[-53.006805419921875,67.75541687011719],[-51.610084533691406,67.97708129882812],[-52.375946044921875,67.81500244140625],[-51.719970703125,67.68455505371094],[-51.304222106933594,67.79750061035156],[-51.58332824707031,67.92791748046875],[-51.04011535644531,67.98202514648438],[-50.98506164550781,67.87124633789062],[-51.407554626464844,67.8683090209961],[-51.1884765625,67.74788665771484],[-50.62333679199219,67.83875274658203],[-50.946746826171875,67.84122467041016],[-50.776641845703125,67.89622497558594],[-50.25592041015625,67.850830078125],[-50.99339294433594,67.7179183959961],[-51.31425476074219,67.73750305175781],[-50.76835632324219,67.55958557128906],[-52.478363037109375,67.7754135131836],[-52.98844909667969,67.7320556640625],[-53.12347412109375,67.6386947631836],[-52.89585876464844,67.68499755859375],[-53.80760955810547,67.407470703125],[-53.81507873535156,67.18541717529297],[-53.151641845703125,67.34205627441406],[-53.22505187988281,67.28121948242188],[-52.13499450683594,67.4054183959961],[-51.45256042480469,67.33836364746094],[-52.15666198730469,67.382080078125],[-53.88261413574219,67.15583038330078],[-53.923362731933594,67.06705474853516],[-53.334136962890625,67.11580657958984],[-53.78330993652344,67.01461029052734],[-53.20416259765625,66.99580383300781],[-53.788330078125,67.0062484741211],[-53.66838836669922,66.92041778564453],[-52.40336608886719,66.98872375488281],[-52.50419616699219,66.907470703125],[-52.277442932128906,66.89749908447266],[-52.49586486816406,66.88497161865234],[-52.23252868652344,66.84080505371094],[-53.05841827392578,66.85211181640625],[-53.115028381347656,66.7562484741211],[-52.65911102294922,66.8016357421875],[-53.150054931640625,66.7129135131836],[-52.60258483886719,66.70996856689453],[-53.49336242675781,66.64544677734375],[-52.41752624511719,66.52333068847656],[-53.59507751464844,66.51958465576172],[-53.6234130859375,66.2387466430664],[-53.07749938964844,66.28997039794922],[-53.561668395996094,66.23208618164062],[-53.67083740234375,66.1191635131836],[-53.44921875,66.1491928100586],[-53.68260955810547,66.10830688476562],[-53.33677673339844,66.09791564941406],[-50.96174621582031,66.96878051757812],[-50.691749572753906,67.00791931152344],[-50.98506164550781,66.90205383300781],[-50.34747314453125,66.83999633789062],[-51.276695251464844,66.8429183959961],[-52.05083465576172,66.51419067382812],[-51.935081481933594,66.48872375488281],[-53.480865478515625,66.02913665771484],[-53.35258483886719,66.01667022705078],[-53.42497253417969,65.91874694824219],[-52.880859375,66.02246856689453],[-53.27752685546875,65.90499877929688],[-53.18330383300781,65.83875274658203],[-52.563331604003906,66.02288818359375],[-52.53752899169922,65.90496826171875],[-52.30677795410156,65.88788604736328],[-52.17835998535156,65.99788665771484],[-51.75758361816406,66.07328033447266],[-51.85761260986328,66.01836395263672],[-51.72505187988281,65.91703033447266],[-51.96666717529297,66.01041412353516],[-52.301727294921875,65.8270263671875],[-52.681671142578125,65.94039154052734],[-53.20416259765625,65.75250244140625],[-52.91502380371094,65.81205749511719],[-53.23594665527344,65.67583465576172],[-52.826751708984375,65.66039276123047],[-52.6925048828125,65.81500244140625],[-52.782501220703125,65.61746978759766],[-52.53752899169922,65.67416381835938],[-52.80085754394531,65.53997039794922],[-52.68511199951172,65.4828872680664],[-52.4517822265625,65.66789245605469],[-52.62591552734375,65.49250030517578],[-52.37255859375,65.56497192382812],[-52.48997497558594,65.37791442871094],[-51.89836120605469,65.54122161865234],[-51.81336212158203,65.68038940429688],[-51.23503112792969,65.81461334228516],[-50.46427917480469,65.67250061035156],[-51.62506103515625,65.71044158935547],[-51.828094482421875,65.62416076660156],[-51.70344543457031,65.57125091552734],[-52.575889587402344,65.30919647216797],[-52.43529510498047,65.25640106201172],[-52.50175476074219,65.17961120605469],[-52.34175109863281,65.33538818359375],[-52.1558837890625,65.27669525146484],[-52.288421630859375,65.18705749511719],[-51.97083282470703,65.31244659423828],[-52.220970153808594,65.15666961669922],[-51.974220275878906,65.17916870117188],[-52.277557373046875,65.08002471923828],[-52.000274658203125,64.98435974121094],[-52.230804443359375,64.907470703125],[-52.209999084472656,64.79708099365234],[-52.05000305175781,64.92041778564453],[-51.872581481933594,64.88996887207031],[-52.091644287109375,64.78205871582031],[-51.70661163330078,64.8620834350586],[-51.83085632324219,64.90247344970703],[-51.716644287109375,65.01457977294922],[-51.56085968017578,64.97830963134766],[-51.693359375,64.86788940429688],[-51.26580810546875,64.9933090209961],[-52.16752624511719,64.68333435058594],[-52.00166320800781,64.18791961669922],[-51.68421936035156,64.29080963134766],[-51.201751708984375,64.76288604736328],[-51.027557373046875,64.77246856689453],[-51.134971618652344,64.59703063964844],[-50.65252685546875,64.73494720458984],[-50.99674987792969,65.21788787841797],[-50.61589050292969,65.22003173828125],[-50.850830078125,65.11582946777344],[-50.581748962402344,64.74121856689453],[-49.98753356933594,64.82577514648438],[-50.252532958984375,64.6999740600586],[-50.03755187988281,64.67832946777344],[-50.17083740234375,64.62750244140625],[-50.1092529296875,64.52083587646484],[-49.6475830078125,64.33830261230469],[-50.55000305175781,64.6945571899414],[-50.91160583496094,64.5645523071289],[-50.205780029296875,64.43583679199219],[-50.403411865234375,64.37875366210938],[-50.72505187988281,64.44541931152344],[-50.605865478515625,64.37580871582031],[-50.92425537109375,64.40416717529297],[-51.06416320800781,64.27085876464844],[-50.87171936035156,64.25791931152344],[-50.95838928222656,64.21538543701172],[-51.75749969482422,64.16913604736328],[-51.05169677734375,64.12208557128906],[-50.393333435058594,64.35205841064453],[-50.5758056640625,64.19166564941406],[-50.18174743652344,64.24622344970703],[-50.095947265625,64.12666320800781],[-50.275054931640625,64.21041870117188],[-51.60508728027344,64.03205871582031],[-51.34761047363281,63.94749450683594],[-51.44667053222656,63.79624938964844],[-50.907554626464844,63.921661376953125],[-51.526695251464844,63.76042175292969],[-51.35089111328125,63.711669921875],[-51.55255126953125,63.668304443359375],[-51.36836242675781,63.593719482421875],[-51.226722717285156,63.645416259765625],[-51.41082763671875,63.53080749511719],[-51.17169189453125,63.49208068847656],[-51.085113525390625,63.656219482421875],[-50.505889892578125,63.65333557128906],[-51.107421875,63.60142517089844],[-51.09002685546875,63.51289367675781],[-50.760833740234375,63.51580810546875],[-51.242584228515625,63.43083190917969],[-51.1199951171875,63.35374450683594],[-51.04737854003906,63.45331573486328],[-51.06175231933594,63.35539245605469],[-50.16413879394531,63.377532958984375],[-51.1092529296875,63.3316650390625],[-50.957557678222656,63.231666564941406],[-51.025001525878906,63.13871765136719],[-50.77911376953125,63.247467041015625],[-50.90510559082031,63.116249084472656],[-50.054222106933594,63.21666717529297],[-50.625946044921875,63.08580780029297],[-50.48588562011719,63.0133056640625],[-50.581695556640625,62.95288848876953],[-50.15416717529297,62.99913787841797],[-50.384246826171875,62.86747741699219],[-50.36333465576172,62.77207946777344],[-50.163307189941406,62.952056884765625],[-49.69586181640625,63.04997253417969],[-50.14253234863281,62.93499755859375],[-50.270057678222656,62.686248779296875],[-49.87913513183594,62.837501525878906],[-50.31755065917969,62.48663330078125],[-50.00505065917969,62.332054138183594],[-49.747581481933594,62.412445068359375],[-49.5850830078125,62.37544250488281],[-49.8740234375,62.36015319824219],[-49.85005187988281,62.246246337890625],[-49.27922058105469,62.26496887207031],[-49.70750427246094,62.144134521484375],[-49.27919006347656,62.17083740234375],[-49.427581787109375,62.100830078125],[-49.33330535888672,62.069557189941406],[-49.70835876464844,62.107086181640625],[-49.45249938964844,62.069976806640625],[-49.714942932128906,61.96202850341797],[-49.16169738769531,62.00288391113281],[-49.03008270263672,62.20208740234375],[-49.08924865722656,62.063331604003906],[-48.837554931640625,62.070831298828125],[-49.470001220703125,61.92958068847656],[-49.375831604003906,61.919166564941406],[-49.497467041015625,61.80413818359375],[-49.223388671875,61.88877868652344],[-49.410888671875,61.749168395996094],[-49.248390197753906,61.69038391113281],[-49.21586608886719,61.83747100830078],[-48.83839416503906,61.98374938964844],[-49.19085693359375,61.69667053222656],[-48.90333557128906,61.775421142578125],[-49.10169219970703,61.60205078125],[-48.60746765136719,61.63163757324219],[-49.272552490234375,61.532470703125],[-48.900054931640625,61.53375244140625],[-49.12249755859375,61.513336181640625],[-49.03844451904297,61.437889099121094],[-48.36841583251953,61.60289001464844],[-48.519248962402344,61.518280029296875],[-48.26586151123047,61.52747344970703],[-49.089195251464844,61.384971618652344],[-48.31830596923828,61.37205505371094],[-48.61761474609375,61.25164031982422],[-48.457611083984375,61.26246643066406],[-48.56758117675781,61.21580505371094],[-48.481719970703125,61.16539001464844],[-47.92011260986328,61.31791687011719],[-48.215911865234375,61.17583465576172],[-48.00255584716797,61.205833435058594],[-48.08341979980469,61.07038879394531],[-47.76258850097656,61.182472229003906],[-47.910858154296875,61.00166320800781],[-47.644195556640625,60.99000549316406],[-47.967529296875,60.836639404296875],[-47.31585693359375,60.864166259765625],[-47.5792236328125,60.88080596923828],[-47.483360290527344,60.99372100830078],[-47.26496887207031,60.882080078125],[-47.04005432128906,60.97538757324219],[-46.569976806640625,60.89375305175781],[-46.650917053222656,60.9808349609375],[-46.535003662109375,60.932891845703125],[-46.406776428222656,61.077911376953125],[-46.20002746582031,60.974578857421875],[-46.12586212158203,61.01002502441406],[-46.28507995605469,61.07872009277344],[-45.815834045410156,61.12086486816406],[-46.11091613769531,61.24749755859375],[-45.770057678222656,61.327056884765625],[-45.87249755859375,61.20585632324219],[-45.61425018310547,61.13664245605469],[-46.11747741699219,60.96583557128906],[-46.02336120605469,60.89458465576172],[-45.48588562011719,61.08583068847656],[-45.51344299316406,61.24708557128906],[-45.386695861816406,61.082054138183594],[-45.21172332763672,61.19538879394531],[-45.48833465576172,60.98291778564453],[-45.98503112792969,60.89378356933594],[-46.21421813964844,60.8016357421875],[-45.839195251464844,60.8883056640625],[-46.23588562011719,60.73747253417969],[-46.00836181640625,60.71208190917969],[-45.925079345703125,60.840362548828125],[-45.698387145996094,60.76289367675781],[-45.396751403808594,61.000389099121094],[-45.19255065917969,60.909942626953125],[-45.9891357421875,60.564971923828125],[-45.830078125,60.49205780029297],[-45.794189453125,60.62164306640625],[-45.61341857910156,60.63958740234375],[-45.739166259765625,60.58000183105469],[-45.58758544921875,60.572471618652344],[-45.65919494628906,60.504974365234375],[-45.54502868652344,60.44038391113281],[-45.215087890625,60.76374816894531],[-45.29756164550781,60.643280029296875],[-45.12086486816406,60.68077850341797],[-45.497528076171875,60.46497344970703],[-45.064971923828125,60.63452911376953],[-45.20677947998047,60.39372253417969],[-44.628387451171875,60.710418701171875],[-45.17585754394531,60.12916564941406],[-44.8675537109375,60.1824951171875],[-44.46833801269531,60.538726806640625],[-44.742584228515625,60.280860900878906],[-44.54249572753906,60.24330139160156],[-45.11582946777344,60.05500030517578],[-44.88172149658203,60.128692626953125],[-44.69927978515625,59.9949951171875],[-44.66169738769531,60.09541320800781],[-44.60664367675781,59.954559326171875],[-44.46919250488281,60.152496337890625],[-44.28094482421875,60.13666534423828],[-44.294219970703125,60.311668395996094],[-44.181640625,60.217918395996094],[-44.11335754394531,60.35289001464844],[-44.00102233886719,60.285552978515625],[-44.16502380371094,60.136192321777344],[-43.139137268066406,60.07167053222656],[-43.35247039794922,60.20166778564453],[-43.11663818359375,60.21205139160156],[-43.21925354003906,60.24333190917969],[-43.12330627441406,60.29624938964844],[-43.615943908691406,60.28330993652344],[-43.33843994140625,60.428749084472656],[-43.81172180175781,60.50541687011719],[-43.83674621582031,60.42372131347656],[-44.19169616699219,60.61372375488281],[-43.64833068847656,60.519554138183594],[-43.73008728027344,60.69792175292969],[-43.6058349609375,60.51249694824219],[-43.253387451171875,60.4378662109375],[-43.16925048828125,60.466644287109375],[-43.354942321777344,60.52874755859375],[-42.87164306640625,60.54621887207031],[-43.22416687011719,60.56916809082031],[-42.86663818359375,60.571250915527344],[-42.81163787841797,60.66291809082031],[-42.943328857421875,60.587890625],[-43.309165954589844,60.650001525878906],[-42.98841857910156,60.614532470703125],[-42.82841491699219,60.72119140625],[-43.52922058105469,60.811668395996094],[-42.83003234863281,60.76622009277344],[-43.49755859375,60.90916442871094],[-42.978416442871094,60.852081298828125],[-42.767555236816406,60.89997100830078],[-42.82091522216797,61.00999450683594],[-42.7042236328125,61.05580139160156],[-43.629249572753906,61.124114990234375],[-42.63836669921875,61.085418701171875],[-43.187530517578125,61.205833435058594],[-42.5733642578125,61.18208312988281],[-42.656639099121094,61.25202941894531],[-43.25091552734375,61.326690673828125],[-42.646636962890625,61.28125],[-42.397499084472656,61.397499084472656],[-42.52674865722656,61.522857666015625],[-43.08088684082031,61.589942932128906],[-42.45494079589844,61.542083740234375],[-42.23255920410156,61.697471618652344],[-42.87413787841797,61.760833740234375],[-42.32011413574219,61.757110595703125],[-42.19586181640625,61.859161376953125],[-42.42924499511719,61.90583801269531],[-42.11083221435547,61.999168395996094],[-42.535888671875,61.931610107421875],[-42.29753112792969,62.09663391113281],[-42.26255798339844,62.28997039794922],[-42.99763488769531,62.5133056640625],[-42.147499084472656,62.37831115722656],[-42.56425476074219,62.46330261230469],[-42.32749938964844,62.46330261230469],[-42.386695861816406,62.55955505371094],[-43.15577697753906,62.74583435058594],[-42.700111389160156,62.666221618652344],[-42.70344543457031,62.772056579589844],[-42.65167236328125,62.670387268066406],[-42.61175537109375,62.75791931152344],[-42.5050048828125,62.688720703125],[-42.59258270263672,62.826637268066406],[-42.41755676269531,62.823333740234375],[-42.62586212158203,62.85160827636719],[-42.34002685546875,62.93621826171875],[-42.353416442871094,62.8004150390625],[-42.02996826171875,62.775421142578125],[-41.651695251464844,62.89872741699219],[-41.61924743652344,62.9832763671875],[-42.188331604003906,63.00288391113281],[-42.02583312988281,63.02747344970703],[-42.23753356933594,63.094139099121094],[-42.20249938964844,63.19914245605469],[-41.98002624511719,63.053749084472656],[-41.54249572753906,63.03333282470703],[-42.11338806152344,63.247894287109375],[-41.31083679199219,63.054107666015625],[-41.7991943359375,63.288307189941406],[-41.69258117675781,63.33252716064453],[-41.929222106933594,63.46417236328125],[-41.746612548828125,63.555442810058594],[-41.25164031982422,63.39038848876953],[-41.42169189453125,63.555419921875],[-41.15333557128906,63.37286376953125],[-41.02080535888672,63.41577911376953],[-41.301727294921875,63.56291198730469],[-40.776695251464844,63.48625183105469],[-40.74583435058594,63.578277587890625],[-41.64338684082031,63.76044464111328],[-41.511695861816406,63.8570556640625],[-41.0,63.6878662109375],[-40.509193420410156,63.68499755859375],[-40.62419128417969,63.915000915527344],[-40.852500915527344,63.93743896484375],[-40.61419677734375,63.95500183105469],[-40.58580780029297,64.10663604736328],[-40.88841247558594,64.16288757324219],[-41.01008605957031,64.07125091552734],[-41.56927490234375,64.2508316040039],[-40.34580993652344,64.34330749511719],[-40.649192810058594,64.45419311523438],[-40.58583068847656,64.66166687011719],[-41.177581787109375,64.93916320800781],[-40.950889587402344,64.9566650390625],[-41.13336181640625,65.13541412353516],[-40.66339111328125,65.02375030517578],[-40.58000183105469,65.1504135131836],[-40.21844482421875,64.98374938964844],[-39.9359130859375,65.07746887207031],[-40.056671142578125,65.17124938964844],[-39.68260955810547,65.23744201660156],[-39.87083435058594,65.350830078125],[-39.70927429199219,65.41163635253906],[-40.08422088623047,65.48002624511719],[-39.8975830078125,65.47830963134766],[-39.93011474609375,65.5645523071289],[-39.70008850097656,65.492919921875],[-39.56330871582031,65.66458129882812],[-39.38172149658203,65.525390625],[-39.11924743652344,65.56253051757812],[-39.24000549316406,65.7379150390625],[-38.87330627441406,65.50544738769531],[-38.771697998046875,65.6062240600586],[-38.530860900878906,65.55916595458984],[-38.686668395996094,65.68621826171875],[-38.193389892578125,65.61455535888672],[-38.047607421875,65.782470703125],[-38.27344512939453,65.79792022705078],[-38.43756103515625,65.97413635253906],[-37.96427917480469,65.92250061035156],[-37.940887451171875,66.06916809082031],[-38.125946044921875,66.08247375488281],[-37.69261169433594,66.25330352783203],[-38.17089080810547,66.34416961669922],[-37.871665954589844,66.4179458618164],[-37.15583801269531,66.30833435058594],[-37.775917053222656,66.03919219970703],[-37.64086151123047,65.9758071899414],[-37.805938720703125,65.86582946777344],[-37.66667175292969,65.9312515258789],[-37.20005798339844,65.74285888671875],[-37.302642822265625,65.82661437988281],[-37.08416748046875,65.84833526611328],[-37.457557678222656,65.97830963134766],[-37.10089111328125,65.87247467041016],[-37.25508117675781,66.09872436523438],[-37.10511016845703,65.96622467041016],[-37.03916931152344,66.06747436523438],[-36.99664306640625,65.85455322265625],[-36.50921630859375,65.97335815429688],[-36.60839080810547,66.07707977294922],[-36.32427978515625,66.07080841064453],[-36.37835693359375,65.97705841064453],[-36.095001220703125,65.91374969482422],[-35.926727294921875,66.08619689941406],[-35.73088836669922,66.07080841064453],[-35.964141845703125,66.09747314453125],[-35.697471618652344,66.11580657958984],[-35.771636962890625,66.20127868652344],[-35.58589172363281,66.11669158935547],[-35.744171142578125,66.21083068847656],[-35.54925537109375,66.25166320800781],[-35.799224853515625,66.25917053222656],[-35.677528381347656,66.32247161865234],[-35.88664245605469,66.44291687011719],[-35.228363037109375,66.23955535888672],[-35.0758056640625,66.2574691772461],[-35.29252624511719,66.30496978759766],[-35.166717529296875,66.40036010742188],[-35.038360595703125,66.27874755859375],[-34.79011535644531,66.3195571899414],[-34.47264099121094,66.52749633789062],[-34.660888671875,66.61580657958984],[-34.47416687011719,66.7391357421875],[-34.416717529296875,66.58457946777344],[-34.28755187988281,66.67583465576172],[-34.356666564941406,66.56791687011719],[-34.06419372558594,66.72666931152344],[-34.14497375488281,66.80958557128906],[-33.96086120605469,66.7574691772461],[-34.114166259765625,66.87919616699219],[-33.9058837890625,66.9683609008789],[-34.09260559082031,67.00330352783203],[-33.783355712890625,66.98455810546875],[-33.93922424316406,67.0250015258789],[-33.54583740234375,67.15333557128906],[-33.722557067871094,67.2358627319336],[-33.36761474609375,67.25917053222656],[-33.617523193359375,67.37249755859375],[-33.2908935546875,67.40247344970703],[-33.40416717529297,67.55083465576172],[-33.08589172363281,67.63999938964844],[-33.2342529296875,67.68250274658203],[-32.050804138183594,67.93583679199219],[-32.18583679199219,68.04247283935547],[-32.01091766357422,68.13999938964844],[-32.519248962402344,68.19744110107422],[-32.130889892578125,68.19247436523438],[-32.73591613769531,68.54080963134766],[-32.59172058105469,68.6445541381836],[-32.39502716064453,68.44036102294922],[-32.22425079345703,68.49833679199219],[-32.05674743652344,68.27458190917969],[-31.532608032226562,68.2574691772461],[-31.790771484375,68.21585845947266],[-31.626663208007812,68.08041381835938],[-31.346694946289062,68.17705535888672],[-31.4517822265625,68.11955261230469],[-30.9417724609375,68.07205963134766],[-31.161666870117188,68.21208190917969],[-30.50341796875,68.09369659423828],[-30.773391723632812,68.29541778564453],[-30.41497039794922,68.2520523071289],[-30.411666870117188,68.11961364746094],[-30.07508087158203,68.1370849609375],[-30.330917358398438,68.2874755859375],[-30.00836181640625,68.25961303710938],[-29.991775512695312,68.43458557128906],[-29.421775817871094,68.21708679199219],[-29.110855102539062,68.29086303710938],[-29.18677520751953,68.4054183959961],[-28.846725463867188,68.32627868652344],[-28.515060424804688,68.4695816040039],[-28.266693115234375,68.42961120605469],[-28.318389892578125,68.51705932617188],[-28.0250244140625,68.45955657958984],[-27.988357543945312,68.59455871582031],[-27.62505340576172,68.48210906982422],[-27.760833740234375,68.5333023071289],[-26.386688232421875,68.66791534423828],[-26.285079956054688,68.78791809082031],[-25.455970764160156,68.96749877929688],[-25.68585968017578,68.99749755859375],[-25.549301147460938,69.0316390991211],[-25.658447265625,69.10372161865234],[-25.301719665527344,69.01869201660156],[-25.338272094726562,69.1362533569336],[-25.03594207763672,69.11083221435547],[-25.000946044921875,69.21247100830078],[-25.233444213867188,69.2745590209961],[-24.620887756347656,69.26333618164062],[-24.76335906982422,69.42874908447266],[-24.098419189453125,69.4145278930664],[-24.099166870117188,69.524169921875],[-24.358444213867188,69.6012191772461],[-23.65496826171875,69.56622314453125],[-23.670860290527344,69.69833374023438],[-23.92505645751953,69.7562255859375],[-23.246665954589844,69.74955749511719],[-23.380050659179688,69.86038970947266],[-23.008392333984375,69.75875091552734],[-22.9034423828125,69.8187255859375],[-23.30500030517578,69.86372375488281],[-22.103836059570312,70.09916687011719],[-23.885086059570312,70.1371078491211],[-25.0550537109375,70.3687515258789],[-25.334976196289062,70.27874755859375],[-25.280166625976562,70.41960906982422],[-26.3399658203125,70.20207977294922],[-26.91497039794922,70.25291442871094],[-27.40166473388672,69.95124816894531],[-27.524993896484375,70.05874633789062],[-28.555160522460938,70.0445556640625],[-26.3387451171875,70.3874740600586],[-29.251304626464844,70.45913696289062],[-28.437469482421875,70.5320816040039],[-27.913833618164062,70.87919616699219],[-28.396331787109375,70.98750305175781],[-27.626327514648438,70.94499969482422],[-27.937469482421875,71.15538787841797],[-27.532608032226562,70.94039154052734],[-26.8026123046875,70.93791961669922],[-25.433692932128906,71.2750015258789],[-25.8975830078125,71.4937515258789],[-27.23999786376953,71.47708129882812],[-27.161277770996094,71.57333374023438],[-27.590110778808594,71.61125183105469],[-28.46002197265625,71.54541778564453],[-27.346389770507812,71.70586395263672],[-28.041336059570312,71.86833190917969],[-27.850082397460938,71.89125061035156],[-28.462608337402344,71.92461395263672],[-28.37010955810547,71.99871826171875],[-27.902557373046875,71.99288940429688],[-26.840133666992188,71.5554428100586],[-26.4251708984375,71.64289093017578],[-25.62249755859375,71.53461456298828],[-25.12010955810547,71.2945556640625],[-24.643890380859375,71.34752655029297],[-24.703720092773438,71.27249908447266],[-24.198776245117188,71.02413940429688],[-24.063720703125,70.6691665649414],[-23.37755584716797,70.45708465576172],[-22.626327514648438,70.44916534423828],[-22.490142822265625,70.86705780029297],[-22.423858642578125,70.46499633789062],[-22.072494506835938,70.5112533569336],[-21.952529907226562,70.40625],[-21.498687744140625,70.5199966430664],[-21.786392211914062,70.59085845947266],[-21.571197509765625,70.67666625976562],[-21.791221618652344,70.72252655029297],[-21.5386962890625,70.71497344970703],[-21.80127716064453,70.74166870117188],[-21.651275634765625,70.80249786376953],[-21.95880126953125,70.81416320800781],[-21.70135498046875,70.83416748046875],[-21.606277465820312,70.96749877929688],[-21.996383666992188,70.98416900634766],[-21.683692932128906,71.0766372680664],[-22.336273193359375,71.05249786376953],[-21.711410522460938,71.12000274658203],[-21.876251220703125,71.1925277709961],[-21.683860778808594,71.15164184570312],[-21.728836059570312,71.24833679199219],[-21.9464111328125,71.26750183105469],[-21.616363525390625,71.33496856689453],[-21.853744506835938,71.31169128417969],[-21.758750915527344,71.4933090209961],[-22.213836669921875,71.46746826171875],[-22.385025024414062,71.24705505371094],[-22.578689575195312,71.46497344970703],[-21.921279907226562,71.73828125],[-22.245025634765625,71.75538635253906],[-22.677581787109375,71.56208038330078],[-22.434967041015625,71.79122161865234],[-23.15496826171875,71.62877655029297],[-22.5386962890625,71.92416381835938],[-23.815078735351562,72.11042022705078],[-23.79638671875,72.24663543701172],[-24.619972229003906,72.4245834350586],[-25.231277465820312,72.34747314453125],[-25.512557983398438,72.11538696289062],[-25.256301879882812,72.39580535888672],[-26.333778381347656,72.38833618164062],[-24.58885955810547,72.48419189453125],[-24.853836059570312,72.56246948242188],[-24.721420288085938,72.68250274658203],[-25.264999389648438,72.8012466430664],[-26.207550048828125,72.72628021240234],[-26.642532348632812,72.5237808227539],[-26.311248779296875,72.73503112792969],[-27.46624755859375,72.8375015258789],[-26.672439575195312,72.86872100830078],[-26.162582397460938,72.78205871582031],[-25.165084838867188,72.92622375488281],[-25.096359252929688,73.06580352783203],[-26.422531127929688,73.1871109008789],[-27.254974365234375,73.12541961669922],[-27.492446899414062,72.9262466430664],[-27.408721923828125,73.11247253417969],[-27.716278076171875,73.1241683959961],[-26.353858947753906,73.23500061035156],[-27.327606201171875,73.49622344970703],[-26.0,73.23622131347656],[-25.38494873046875,73.44955444335938],[-24.69127655029297,73.50416564941406],[-25.762557983398438,73.9487533569336],[-24.477584838867188,73.53622436523438],[-24.501419067382812,73.7066650390625],[-24.142555236816406,73.80789184570312],[-22.799972534179688,73.54955291748047],[-22.227615356445312,73.6128921508789],[-22.787445068359375,73.53372192382812],[-24.093948364257812,73.67585754394531],[-23.40496826171875,73.4120864868164],[-22.402610778808594,73.24791717529297],[-21.574966430664062,73.37877655029297],[-21.567527770996094,73.47789001464844],[-20.411277770996094,73.47750091552734],[-20.55133056640625,73.70330810546875],[-20.292556762695312,73.85874938964844],[-21.72516632080078,74.06291961669922],[-21.941329956054688,73.97750091552734],[-21.827560424804688,73.64125061035156],[-21.92688751220703,73.87798309326172],[-22.48638916015625,74.05583190917969],[-22.188919067382812,74.10414123535156],[-22.373809814453125,74.163330078125],[-22.053916931152344,74.30083465576172],[-22.441253662109375,74.31253051757812],[-21.798751831054688,74.40750122070312],[-22.10888671875,74.60419464111328],[-21.674972534179688,74.44872283935547],[-20.390167236328125,74.45378112792969],[-20.220108032226562,74.29374694824219],[-19.645050048828125,74.23622131347656],[-18.968780517578125,74.48416900634766],[-19.386276245117188,74.55416870117188],[-19.402633666992188,74.68624877929688],[-19.724945068359375,74.58036041259766],[-21.060165405273438,74.6495590209961],[-20.611282348632812,74.73497009277344],[-20.631668090820312,75.05252838134766],[-21.772689819335938,74.95372009277344],[-22.454917907714844,75.17416381835938],[-21.767501831054688,74.97708129882812],[-21.163330078125,75.11708068847656],[-20.50677490234375,75.1370849609375],[-21.423385620117188,75.436279296875],[-22.501693725585938,75.54747009277344],[-21.398277282714844,75.45333099365234],[-22.103469848632812,75.6703872680664],[-20.68000030517578,75.29374694824219],[-20.13683319091797,75.33208465576172],[-19.981689453125,75.16664123535156],[-19.603363037109375,75.12875366210938],[-19.331748962402344,75.42169189453125],[-19.57508087158203,75.72333526611328],[-19.35169219970703,75.72166442871094],[-19.963363647460938,75.94127655029297],[-21.871688842773438,75.96746826171875],[-21.916778564453125,76.04460906982422],[-20.383392333984375,75.97955322265625],[-19.788360595703125,76.05249786376953],[-19.78502655029297,76.1633071899414],[-20.953384399414062,76.30208587646484],[-21.135223388671875,76.28497314453125],[-20.73011016845703,76.18372344970703],[-21.156753540039062,76.27952575683594],[-21.83660888671875,76.21375274658203],[-21.621688842773438,76.43333435058594],[-22.558334350585938,76.45999908447266],[-21.698333740234375,76.52497100830078],[-22.735137939453125,76.70413970947266],[-22.318466186523438,76.7574691772461],[-22.190139770507812,76.8879165649414],[-21.666748046875,76.62875366210938],[-20.768280029296875,76.81669616699219],[-21.68341064453125,76.8820571899414],[-20.54180908203125,76.89002990722656],[-21.283248901367188,76.89958190917969],[-21.066665649414062,76.95038604736328],[-19.859939575195312,76.9195556640625],[-18.553443908691406,76.69794464111328],[-18.281753540039062,76.81999969482422],[-18.404998779296875,77.33416748046875],[-18.9901123046875,77.38788604736328],[-18.9783935546875,77.21749877929688],[-19.44024658203125,77.24458312988281],[-19.830078125,77.40538787841797],[-20.83191680908203,77.41163635253906],[-20.003555297851562,77.45044708251953],[-21.10186004638672,77.54083251953125],[-20.241722106933594,77.55335998535156],[-20.941726684570312,77.65750122070312],[-20.730087280273438,77.74710845947266],[-18.985275268554688,77.6258316040039],[-19.171829223632812,77.73497009277344],[-20.88683319091797,78.01869201660156],[-21.411834716796875,77.66747283935547],[-21.986778259277344,77.67955780029297],[-21.388412475585938,78.10997009277344],[-21.841720581054688,78.14080810546875],[-21.394943237304688,78.157470703125],[-20.911720275878906,78.62666320800781],[-21.436805725097656,78.66039276123047],[-20.9251708984375,78.69000244140625],[-21.221778869628906,78.7008056640625],[-21.225051879882812,78.80833435058594],[-20.070022583007812,78.86955261230469],[-20.148468017578125,79.06749725341797],[-19.60186004638672,79.1266098022461],[-19.37352752685547,79.27955627441406],[-19.326690673828125,79.15869140625],[-19.121780395507812,79.18583679199219],[-19.048309326171875,79.29330444335938],[-19.603225708007812,79.32955932617188],[-19.881858825683594,79.14913940429688],[-19.675025939941406,79.66077423095703],[-19.290115356445312,79.78125],[-18.21666717529297,79.75044250488281],[-17.631576538085938,79.99747467041016],[-17.81500244140625,80.1362533569336],[-19.319915771484375,80.09791564941406],[-19.99688720703125,80.00482940673828],[-20.251861572265625,79.82247161865234],[-19.86505126953125,79.84330749511719],[-20.416885375976562,79.76203155517578],[-20.445083618164062,79.8633041381836],[-20.808387756347656,79.86166381835938],[-20.342559814453125,80.0958023071289],[-20.627670288085938,80.11250305175781],[-19.829917907714844,80.2945556640625],[-17.115081787109375,80.248779296875],[-16.107498168945312,80.51744079589844],[-19.920082092285156,80.66122436523438],[-20.830215454101562,80.4937744140625],[-20.755165100097656,80.55960845947266],[-21.277633666992188,80.57003021240234],[-20.080032348632812,80.69538879394531],[-18.615188598632812,80.62544250488281],[-17.919998168945312,80.83472442626953],[-16.03997039794922,80.72533416748047],[-15.88525390625,80.83541870117188],[-14.785057067871094,80.8945541381836],[-15.032890319824219,81.1308364868164],[-14.047531127929688,81.13664245605469],[-12.142166137695312,81.59355926513672],[-14.760055541992188,81.91952514648438],[-16.774612426757812,81.92952728271484],[-17.69886016845703,81.84880828857422],[-17.363525390625,81.6953353881836],[-17.971580505371094,81.72694396972656],[-18.134750366210938,81.63275146484375],[-17.733642578125,81.59764099121094],[-18.360031127929688,81.57444763183594],[-18.39825439453125,81.43458557128906],[-19.69391632080078,81.5596694946289],[-20.47772216796875,81.41930389404297],[-20.209747314453125,81.67316436767578],[-21.071609497070312,81.59014129638672],[-24.780776977539062,80.53333282470703],[-23.163604736328125,81.26980590820312],[-23.593643188476562,81.2578353881836],[-22.900306701660156,81.32638549804688],[-22.556503295898438,81.51447296142578],[-22.936080932617188,82.07089233398438],[-24.75994873046875,82.0],[-24.75269317626953,81.7112808227539],[-27.811355590820312,81.3994140625],[-28.474220275878906,81.48452758789062],[-26.1856689453125,81.75135803222656],[-26.156661987304688,81.98613739013672],[-29.629608154296875,82.00466918945312],[-34.103057861328125,81.65177917480469],[-34.272552490234375,81.81114196777344],[-31.42877197265625,82.08030700683594],[-32.80085754394531,82.18624877929688],[-25.773696899414062,82.16805267333984],[-23.21788787841797,82.3237533569336],[-21.92474365234375,82.62919616699219],[-24.21446990966797,82.85894775390625],[-24.82208251953125,82.75819396972656],[-24.861465454101562,82.91605377197266],[-26.9403076171875,82.77324676513672],[-25.646163940429688,83.01455688476562],[-26.24974822998047,83.16852569580078],[-29.435302734375,83.05044555664062],[-31.558944702148438,83.12944030761719],[-33.081634521484375,82.92797088623047],[-34.90821838378906,82.957275390625],[-35.18694305419922,82.70919036865234],[-35.117218017578125,82.88539123535156],[-36.147666931152344,82.92558288574219],[-36.88075256347656,82.71180725097656],[-36.814361572265625,82.92819213867188],[-33.889305114746094,83.05113983154297],[-34.83880615234375,83.16569519042969],[-33.42027282714844,83.06219482421875],[-31.73969268798828,83.18138885498047],[-28.25286102294922,83.14616394042969],[-26.948806762695312,83.23572540283203],[-26.799835205078125,83.34222412109375],[-29.053054809570312,83.4891357421875],[-29.81219482421875,83.4157485961914],[-30.193222045898438,83.47747039794922],[-29.72344207763672,83.51008605957031],[-31.735191345214844,83.60786437988281],[-35.3619384765625,83.57861328125],[-35.154388427734375,83.46766662597656],[-35.936859130859375,83.61911010742188],[-38.15422058105469,83.51667022705078],[-37.57386016845703,83.377197265625],[-38.860694885253906,83.53035736083984],[-39.04547119140625,83.3499755859375],[-40.100860595703125,83.45661163330078],[-40.056884765625,83.2576904296875],[-38.07231140136719,83.16169738769531],[-39.90116882324219,83.05197143554688],[-38.24016571044922,82.99583435058594],[-40.15361022949219,83.0203628540039],[-39.73597717285156,82.74199676513672],[-40.55994415283203,82.96477508544922],[-43.03375244140625,83.0761947631836],[-42.80358123779297,83.1937484741211],[-44.27044677734375,83.27505493164062],[-43.948890686035156,83.17961120605469],[-44.97163391113281,83.20655822753906],[-43.878387451171875,83.09224700927734],[-46.48997497558594,83.12928009033203],[-44.33863830566406,82.92072296142578],[-45.90777587890625,82.92847442626953],[-45.505027770996094,82.85277557373047],[-41.17688751220703,82.7221908569336],[-40.87957763671875,82.36333465576172],[-41.27677917480469,82.56522369384766],[-42.490638732910156,82.73594665527344],[-42.940643310546875,82.72853088378906],[-42.72639465332031,82.4790267944336],[-43.06627655029297,82.76188659667969],[-46.54533386230469,82.77886199951172],[-44.75508117675781,82.3397216796875],[-43.26750183105469,82.23332977294922],[-45.61894226074219,82.25902557373047],[-45.307891845703125,81.75597381591797],[-50.01997375488281,82.49302673339844],[-51.731666564941406,82.51472473144531],[-51.33088684082031,82.17827606201172],[-50.02930450439453,81.92208099365234],[-51.70550537109375,81.94422149658203],[-50.349884033203125,81.60350036621094],[-51.95355224609375,81.90658569335938],[-53.74546813964844,81.98322296142578],[-53.96583557128906,81.75852966308594],[-54.80525207519531,81.60455322265625],[-54.44264221191406,82.07308197021484],[-55.19452667236328,82.3304443359375],[-60.120277404785156,82.02366638183594],[-57.217498779296875,81.33413696289062],[-59.3477783203125,81.65744018554688],[-59.755165100097656,81.8562240600586],[-60.704833984375,81.9124984741211],[-61.8326416015625,81.78580474853516],[-61.327667236328125,81.51000213623047],[-61.86772155761719,81.34586334228516],[-61.337806701660156,81.1324462890625],[-61.787498474121094,80.99663543701172],[-63.47022247314453,81.20375061035156],[-63.78764343261719,81.13417053222656],[-63.107696533203125,80.73919677734375],[-64.08027648925781,81.11705780029297],[-65.83274841308594,80.70413970947266],[-65.60255432128906,80.65833282470703],[-66.05760955810547,80.67500305175781],[-67.46780395507812,80.34833526611328],[-67.01002502441406,80.05369567871094],[-64.51508331298828,80.0945816040039],[-64.2903060913086,80.29042053222656],[-63.84757995605469,80.14749908447266],[-65.07291412353516,80.01658630371094],[-64.05494689941406,79.88916778564453],[-65.08821868896484,79.85169219970703],[-64.7784423828125,79.53580474853516],[-66.00855255126953,79.11746978759766],[-67.32005310058594,79.16458129882812],[-69.04347229003906,79.03958129882812],[-69.44169616699219,78.94499969482422],[-68.96355438232422,78.83958435058594],[-69.39677429199219,78.90875244140625],[-70.9068603515625,78.71708679199219],[-70.98016357421875,78.60292053222656],[-72.38349914550781,78.5304183959961],[-72.83516693115234,78.35416412353516],[-72.71163940429688,78.19999694824219],[-73.06163787841797,78.17666625976562],[-71.91999816894531,77.89707946777344],[-71.1733627319336,77.88539123535156],[-71.2369155883789,77.76958465576172],[-69.94344329833984,77.86125183105469],[-70.66852569580078,77.70249938964844],[-69.43016815185547,77.75872039794922],[-70.28514099121094,77.57252502441406],[-69.3199691772461,77.47039031982422],[-68.5616683959961,77.51416778564453],[-68.68669128417969,77.67127990722656],[-68.33683013916016,77.5062484741211],[-67.47003173828125,77.52958679199219],[-66.66683197021484,77.70872497558594],[-66.17510986328125,77.60414123535156],[-66.03491973876953,77.45252990722656],[-66.64186096191406,77.42166900634766],[-66.16011047363281,77.25289154052734],[-67.37335968017578,77.38957977294922],[-69.11502838134766,77.27583312988281],[-66.1534423828125,77.19869232177734],[-66.3566665649414,77.11042022705078],[-70.18994140625,77.2437744140625],[-71.3616943359375,77.06419372558594],[-70.6318588256836,76.93746948242188],[-70.958251953125,76.89002990722656],[-70.58992004394531,76.7929458618164],[-69.69024658203125,77.02041625976562],[-69.51858520507812,76.994140625],[-70.04519653320312,76.82080841064453],[-67.91844177246094,76.68497467041016],[-67.98002624511719,76.58541870117188],[-69.61180877685547,76.4183349609375],[-68.43497467041016,76.15413665771484],[-68.52674865722656,76.09044647216797],[-66.47330474853516,75.91041564941406],[-67.28169250488281,76.1583023071289],[-66.85678100585938,76.2645263671875],[-66.40689086914062,76.08372497558594],[-66.17510986328125,76.27749633789062],[-65.7033920288086,76.27205657958984],[-65.5151138305664,76.23503112792969],[-65.87508392333984,76.09750366210938],[-65.42008209228516,76.0195541381836],[-65.3034439086914,76.17292022705078],[-64.57852935791016,76.12410736083984],[-64.66508483886719,76.26080322265625],[-64.40511322021484,76.21994018554688],[-64.3866958618164,76.35292053222656],[-64.12503051757812,76.31416320800781],[-64.11177825927734,76.14749908447266],[-63.7401123046875,76.15374755859375]]],[[[-24.526443481445312,72.83914184570312],[-24.358917236328125,72.58836364746094],[-22.537612915039062,72.13705444335938],[-22.146331787109375,72.14583587646484],[-22.026382446289062,72.26496887207031],[-22.7562255859375,72.43585968017578],[-21.990028381347656,72.38705444335938],[-21.93621826171875,72.48500061035156],[-23.152557373046875,72.83122253417969],[-24.526443481445312,72.83914184570312]]],[[[-21.86383056640625,72.7191390991211],[-22.18878173828125,72.81246948242188],[-21.906280517578125,72.92082977294922],[-22.484970092773438,73.00955963134766],[-24.568771362304688,72.98169708251953],[-24.527610778808594,72.88872528076172],[-22.962493896484375,72.84455871582031],[-22.605194091796875,72.68541717529297],[-21.86383056640625,72.7191390991211]]],[[[-24.429946899414062,73.02207946777344],[-22.849945068359375,73.15705871582031],[-24.82763671875,73.2953872680664],[-23.2088623046875,73.23413848876953],[-24.609939575195312,73.42961120605469],[-25.285110473632812,73.3995590209961],[-25.758804321289062,73.1933364868164],[-24.429946899414062,73.02207946777344]]],[[[-20.101417541503906,74.18746948242188],[-20.52996826171875,74.40621948242188],[-21.10595703125,74.44181823730469],[-22.003860473632812,74.25666809082031],[-21.280059814453125,74.08455657958984],[-20.101417541503906,74.18746948242188]]],[[[-18.215110778808594,75.22083282470703],[-17.824966430664062,75.3125],[-18.049972534179688,75.43205261230469],[-18.300079345703125,75.2762222290039],[-18.516860961914062,75.3812255859375],[-18.948272705078125,75.33580780029297],[-18.78502655029297,74.99786376953125],[-17.896774291992188,75.03375244140625],[-17.622390747070312,74.93238830566406],[-17.365081787109375,75.02583312988281],[-17.376724243164062,75.16041564941406],[-17.793472290039062,75.08625030517578],[-18.215110778808594,75.22083282470703]]],[[[-83.35391998291016,79.05355834960938],[-84.50650024414062,79.148193359375],[-84.70510864257812,79.0195541381836],[-82.53883361816406,78.8891372680664],[-81.48224639892578,79.05741882324219],[-81.70983123779297,78.86027526855469],[-83.25602722167969,78.84439086914062],[-82.20272064208984,78.73332977294922],[-82.58694458007812,78.70874786376953],[-82.34569549560547,78.56755828857422],[-83.69683074951172,78.8284683227539],[-85.07810974121094,78.92233276367188],[-86.85292053222656,78.73883056640625],[-87.1020278930664,78.5879135131836],[-86.8258056640625,78.54914093017578],[-87.52261352539062,78.40272521972656],[-87.50358581542969,78.21641540527344],[-87.06258392333984,78.20449829101562],[-87.48283386230469,78.12297058105469],[-86.69413757324219,78.12041473388672],[-85.82052612304688,78.38658142089844],[-86.26944732666016,78.06916809082031],[-85.45153045654297,78.101806640625],[-84.59652709960938,78.59539031982422],[-84.85608673095703,78.37564086914062],[-84.59308624267578,78.34652709960938],[-84.96502685546875,78.21575164794922],[-84.0086669921875,78.17516326904297],[-84.98703002929688,78.1761703491211],[-84.28886413574219,78.07897186279297],[-85.69438934326172,77.93460845947266],[-84.31058502197266,77.89472198486328],[-85.40953063964844,77.8411636352539],[-84.94100189208984,77.84577941894531],[-85.30569458007812,77.72966766357422],[-84.94905853271484,77.59880828857422],[-84.432861328125,77.75003051757812],[-84.78941345214844,77.52055358886719],[-83.69264221191406,77.52999877929688],[-82.77447509765625,78.0189437866211],[-82.29827880859375,78.07730865478516],[-83.23774719238281,77.57141876220703],[-83.848388671875,77.4626693725586],[-83.46585845947266,77.35527801513672],[-84.56214141845703,77.40380859375],[-84.46794128417969,77.29530334472656],[-85.81419372558594,77.41925048828125],[-85.96358489990234,77.70935821533203],[-86.42669677734375,77.83963775634766],[-88.22855377197266,77.85221862792969],[-88.23055267333984,77.65547180175781],[-87.62405395507812,77.48977661132812],[-87.72705841064453,77.3619155883789],[-86.84733581542969,77.36685943603516],[-87.23310852050781,77.30755615234375],[-86.86919403076172,77.26361083984375],[-87.2358627319336,77.20380401611328],[-86.61644744873047,77.18113708496094],[-88.56449890136719,77.09525299072266],[-89.52725219726562,76.84911346435547],[-89.3681411743164,76.7261962890625],[-89.66427612304688,76.57180786132812],[-88.89783477783203,76.40652465820312],[-88.6844711303711,76.60094451904297],[-88.59486389160156,76.39949798583984],[-88.70755767822266,76.71508026123047],[-88.47980499267578,76.81988525390625],[-88.41905975341797,76.39849853515625],[-87.40227508544922,76.35266876220703],[-87.52774810791016,76.62811279296875],[-87.4449462890625,76.4574203491211],[-86.68608093261719,76.34261322021484],[-86.64519500732422,76.4725570678711],[-86.28319549560547,76.52127838134766],[-86.61000061035156,76.6415023803711],[-86.2072525024414,76.52197265625],[-86.3947525024414,76.38783264160156],[-85.2469711303711,76.27899932861328],[-84.38253021240234,76.31586456298828],[-84.9796142578125,76.42163848876953],[-85.07447052001953,76.55419158935547],[-84.22164154052734,76.44674682617188],[-84.31869506835938,76.65628051757812],[-83.73591613769531,76.4310302734375],[-83.19908142089844,76.41380310058594],[-83.39677429199219,76.76188659667969],[-83.04049682617188,76.43274688720703],[-82.2669448852539,76.39391326904297],[-82.11894226074219,76.57074737548828],[-82.30230712890625,76.63641357421875],[-81.7816390991211,76.68869018554688],[-82.09577941894531,76.51425170898438],[-81.2256088256836,76.54944610595703],[-80.7570571899414,76.41666412353516],[-81.06563568115234,76.13153076171875],[-79.29330444335938,76.30061340332031],[-78.81297302246094,76.57244110107422],[-78.38994598388672,76.45735931396484],[-77.78947448730469,76.6721420288086],[-78.00511169433594,76.99166870117188],[-78.41505432128906,76.99633026123047],[-78.75763702392578,76.81710815429688],[-78.88563537597656,76.92825317382812],[-79.42827606201172,76.93869018554688],[-79.00519561767578,77.08847045898438],[-79.29010772705078,77.22213745117188],[-80.37374877929688,77.0723876953125],[-80.08000183105469,77.20002746582031],[-80.92716979980469,77.27547454833984],[-81.7994155883789,77.1747817993164],[-82.2110824584961,77.29916381835938],[-81.14791870117188,77.32855224609375],[-81.79399871826172,77.43946838378906],[-81.960693359375,77.6836929321289],[-80.76377868652344,77.3277816772461],[-78.72766876220703,77.31400299072266],[-77.6959457397461,77.59757995605469],[-78.40544128417969,77.90458679199219],[-78.18194580078125,77.97372436523438],[-75.86497497558594,77.9576644897461],[-75.58200073242188,78.1278305053711],[-76.88263702392578,78.21280670166016],[-75.6312484741211,78.19691467285156],[-75.00475311279297,78.32627868652344],[-76.63038635253906,78.52427673339844],[-74.57627868652344,78.58716583251953],[-74.91555786132812,78.8546371459961],[-76.42880249023438,78.84097290039062],[-75.71605682373047,78.9721908569336],[-77.57494354248047,78.97966766357422],[-78.16960906982422,78.76294708251953],[-77.66419219970703,79.01599884033203],[-78.86316680908203,79.06488800048828],[-76.08097076416016,79.07746887207031],[-78.24727630615234,79.16649627685547],[-75.97819519042969,79.1998062133789],[-75.73991394042969,79.07038879394531],[-74.43802642822266,79.03055572509766],[-74.7957763671875,79.1631088256836],[-74.49830627441406,79.23094177246094],[-77.59061431884766,79.23616790771484],[-77.30371856689453,79.26608276367188],[-78.04572296142578,79.35211181640625],[-77.15425109863281,79.322998046875],[-77.38561248779297,79.44261169433594],[-77.11302947998047,79.46083068847656],[-76.85816955566406,79.34564208984375],[-75.8371353149414,79.33977508544922],[-77.10113525390625,79.54425048828125],[-75.16105651855469,79.36919403076172],[-74.85427856445312,79.40652465820312],[-75.0846939086914,79.49986267089844],[-73.20144653320312,79.51655578613281],[-73.31708526611328,79.76728057861328],[-74.88908386230469,79.83905792236328],[-74.24658203125,79.88583374023438],[-72.89913940429688,79.8149185180664],[-72.69116973876953,79.67158508300781],[-71.46363830566406,79.72274780273438],[-70.85189056396484,79.8818588256836],[-71.3963851928711,79.92903137207031],[-70.4556655883789,80.0905532836914],[-72.27835845947266,80.05874633789062],[-71.83069610595703,80.10617065429688],[-72.36360931396484,80.21758270263672],[-71.61961364746094,80.10372161865234],[-70.10935974121094,80.18794250488281],[-69.90458679199219,80.2588882446289],[-70.45427703857422,80.34280395507812],[-70.7961654663086,80.55797576904297],[-70.21099853515625,80.33922576904297],[-69.49227905273438,80.37024688720703],[-67.61272430419922,80.9366683959961],[-64.59263610839844,81.40416717529297],[-64.65013885498047,81.55205535888672],[-70.01586151123047,81.08203125],[-69.58611297607422,81.17886352539062],[-70.18177795410156,81.17733001708984],[-66.61683654785156,81.51505279541016],[-68.7798080444336,81.51869201660156],[-68.36058044433594,81.54419708251953],[-69.2931137084961,81.7084732055664],[-68.27664184570312,81.55813598632812],[-65.81513977050781,81.62122344970703],[-65.28280639648438,81.6883316040039],[-66.05774688720703,81.69288635253906],[-65.31005859375,81.757080078125],[-64.33505249023438,81.71119689941406],[-64.30027770996094,81.80958557128906],[-63.840301513671875,81.78791809082031],[-61.1741943359375,82.2253646850586],[-61.11027526855469,82.3592758178711],[-62.26155090332031,82.52916717529297],[-63.41758728027344,82.43321990966797],[-62.944976806640625,82.57685852050781],[-63.98394775390625,82.71086120605469],[-63.565643310546875,82.8328628540039],[-64.41300201416016,82.75482940673828],[-64.88021850585938,82.90953063964844],[-65.13955688476562,82.75277709960938],[-65.71969604492188,82.84889221191406],[-68.58936309814453,82.622802734375],[-66.35630798339844,82.93516540527344],[-69.707275390625,82.9844970703125],[-69.62310791015625,83.10822296142578],[-72.55975341796875,83.19869232177734],[-77.08805847167969,83.12564086914062],[-78.10883331298828,82.9244155883789],[-78.02796936035156,82.80821990966797],[-78.4360580444336,82.8784408569336],[-78.10678100585938,82.94877624511719],[-79.37797546386719,82.97227478027344],[-81.81452941894531,82.79227447509766],[-82.35663604736328,82.67500305175781],[-82.6344985961914,82.35836029052734],[-80.41999816894531,82.04066467285156],[-85.18697357177734,82.48049926757812],[-86.8096923828125,82.28802490234375],[-86.06666564941406,82.23141479492188],[-86.86005401611328,82.19783020019531],[-84.80711364746094,82.01457977294922],[-84.50321960449219,81.88114166259766],[-84.86941528320312,81.9961929321289],[-84.75360870361328,81.87358093261719],[-85.15283203125,81.9979476928711],[-85.68958282470703,82.00096893310547],[-85.37535858154297,81.85128021240234],[-86.02497100830078,82.0191650390625],[-87.16552734375,81.95708465576172],[-87.96627807617188,82.12422180175781],[-89.0433349609375,81.98300170898438],[-88.87616729736328,81.81644439697266],[-89.2449722290039,81.94058227539062],[-89.23011016845703,81.78314208984375],[-89.61211395263672,81.90799713134766],[-90.57752990722656,81.87799835205078],[-91.8911361694336,81.65811157226562],[-91.39755249023438,81.51139068603516],[-90.69791412353516,81.67505645751953],[-89.50419616699219,81.62677764892578],[-90.80613708496094,81.4477767944336],[-90.40467071533203,81.36247253417969],[-88.24797058105469,81.58010864257812],[-87.21072387695312,81.49063873291016],[-88.60649871826172,81.5136947631836],[-89.92327880859375,81.33216857910156],[-88.87388610839844,81.24005889892578],[-90.2415542602539,81.19416809082031],[-89.69886016845703,81.00580596923828],[-84.64277648925781,81.28816986083984],[-85.75352478027344,81.07072448730469],[-89.41725158691406,80.91202545166016],[-87.49494171142578,80.62303161621094],[-85.65005493164062,81.04702758789062],[-82.30608367919922,81.1776123046875],[-85.67822265625,80.96563720703125],[-86.7126693725586,80.60077667236328],[-86.06177520751953,80.52933502197266],[-85.56849670410156,80.62163543701172],[-85.78639221191406,80.53138732910156],[-83.79325103759766,80.54194641113281],[-83.7826919555664,80.72785949707031],[-83.21366882324219,80.83914184570312],[-83.34341430664062,80.67827606201172],[-81.7336654663086,80.81539154052734],[-83.06930541992188,80.6415023803711],[-83.11519622802734,80.54000091552734],[-80.93241882324219,80.65377807617188],[-79.47049713134766,80.84761047363281],[-79.02635955810547,81.08683013916016],[-79.44197082519531,81.19789123535156],[-78.61027526855469,81.12169647216797],[-78.27508544921875,81.288330078125],[-76.84166717529297,81.45275115966797],[-78.42866516113281,81.16063690185547],[-78.96780395507812,80.87894439697266],[-76.45252990722656,80.87472534179688],[-79.99324798583984,80.6129150390625],[-78.08344268798828,80.56116485595703],[-83.19425201416016,80.32661437988281],[-82.28685760498047,80.04827880859375],[-81.4078598022461,79.94908142089844],[-81.51457977294922,79.714111328125],[-79.70430755615234,79.70586395263672],[-80.59789276123047,79.55982971191406],[-81.72572326660156,79.58541870117188],[-82.09408569335938,79.85227966308594],[-83.78280639648438,80.24708557128906],[-86.49674987792969,80.29808044433594],[-86.49208068847656,80.01708221435547],[-85.23136138916016,79.92566680908203],[-86.41533660888672,79.96522521972656],[-86.453857421875,79.77735900878906],[-85.14221954345703,79.64566802978516],[-84.3106918334961,79.18830871582031],[-83.92080688476562,79.2213363647461],[-83.99052429199219,79.13916778564453],[-83.35391998291016,79.05355834960938]]],[[[-45.64783477783203,82.06805419921875],[-45.94758605957031,82.22144317626953],[-45.28175354003906,82.39311218261719],[-46.935943603515625,82.6683349609375],[-48.46824645996094,82.6368637084961],[-47.67274475097656,82.3770523071289],[-45.64783477783203,82.06805419921875]]]]}},{"type":"Feature","properties":{"id":"alaska","name":"アラスカ","short":"アラスカ","color":"#B64B4B","status":"Confirmed","article":"","geometry_model":"v0.10.4 shared-feature topology: approved border routes preserved; neighboring fills locally meet those same routes."},"geometry":{"type":"MultiPolygon","coordinates":[[[[-174.2358856201172,52.24580383300781],[-175.0050506591797,52.02874755859375],[-174.1000518798828,52.10041809082031],[-174.20091247558594,52.21916198730469],[-174.00592041015625,52.360809326171875],[-174.32508850097656,52.381195068359375],[-174.45758056640625,52.31080627441406],[-174.2358856201172,52.24580383300781]]],[[[-167.79428100585938,53.52141571044922],[-168.34510803222656,53.48072052001953],[-168.43869018554688,53.33146667480469],[-168.3501739501953,53.2598876953125],[-168.6944122314453,53.228721618652344],[-168.86488342285156,52.94169616699219],[-169.1192169189453,52.82249450683594],[-167.85992431640625,53.373748779296875],[-167.79428100585938,53.52141571044922]]],[[[-166.6266326904297,54.00819396972656],[-167.0150604248047,53.964752197265625],[-167.16159057617188,53.83860778808594],[-166.70260620117188,53.72169494628906],[-166.8367156982422,53.70863342285156],[-166.790771484375,53.62816619873047],[-167.03919982910156,53.70960998535156],[-167.0010223388672,53.62324523925781],[-167.16700744628906,53.60296630859375],[-166.9486083984375,53.51316833496094],[-167.85516357421875,53.31024932861328],[-167.49671936035156,53.25641632080078],[-167.0,53.479026794433594],[-166.7519989013672,53.44102478027344],[-166.7980499267578,53.55760955810547],[-166.6627197265625,53.483642578125],[-166.66514587402344,53.598052978515625],[-166.5780487060547,53.530303955078125],[-166.54522705078125,53.65110778808594],[-166.2755889892578,53.685279846191406],[-166.34230041503906,53.787811279296875],[-166.6215057373047,53.738861083984375],[-166.240966796875,53.87852478027344],[-166.2716064453125,53.984466552734375],[-166.60850524902344,53.82910919189453],[-166.6266326904297,54.00819396972656]]],[[[-164.0016326904297,54.628753662109375],[-163.58839416503906,54.61041259765625],[-163.36996459960938,54.75041198730469],[-163.04750061035156,54.68914031982422],[-163.37416076660156,54.788307189941406],[-163.54100036621094,55.02874755859375],[-163.4540557861328,55.04199981689453],[-163.78208923339844,55.05735778808594],[-164.4866943359375,54.92127990722656],[-164.94918823242188,54.54164123535156],[-164.646728515625,54.38871765136719],[-164.0016326904297,54.628753662109375]]],[[[-135.05227661132812,56.815528869628906],[-135.21603393554688,56.67211151123047],[-135.0062713623047,56.75688934326172],[-135.14193725585938,56.61505126953125],[-134.97996520996094,56.72624969482422],[-135.061279296875,56.53047180175781],[-134.67010498046875,56.16038513183594],[-134.63421630859375,56.32830810546875],[-134.75425720214844,56.29083251953125],[-134.63258361816406,56.404144287109375],[-134.75416564941406,56.439971923828125],[-134.63580322265625,56.47413635253906],[-134.76089477539062,56.54164123535156],[-134.6783905029297,56.632057189941406],[-134.63424682617188,56.54083251953125],[-134.61595153808594,56.66747283935547],[-134.7525634765625,56.709136962890625],[-134.63583374023438,56.74085998535156],[-134.79913330078125,56.872467041015625],[-134.69761657714844,56.84832763671875],[-134.8426055908203,57.24913787841797],[-135.01425170898438,57.26080322265625],[-134.95428466796875,57.32746887207031],[-135.0808563232422,57.34080505371094],[-134.91419982910156,57.3316650390625],[-135.1999969482422,57.482887268066406],[-135.3992156982422,57.43330383300781],[-135.29588317871094,57.51080322265625],[-135.4366912841797,57.56208801269531],[-135.63414001464844,57.399139404296875],[-135.48585510253906,57.35497283935547],[-135.6959228515625,57.355804443359375],[-135.55502319335938,57.232887268066406],[-135.34754943847656,57.258331298828125],[-135.4258575439453,57.162498474121094],[-135.2808837890625,57.16413879394531],[-135.40419006347656,57.09832763671875],[-135.12158203125,56.9854736328125],[-135.40158081054688,56.952720642089844],[-135.1365203857422,56.92266845703125],[-135.3302764892578,56.8480224609375],[-135.39642333984375,56.88661193847656],[-135.30870056152344,56.77738952636719],[-135.10691833496094,56.829193115234375],[-135.27272033691406,56.73522186279297],[-135.05227661132812,56.815528869628906]]],[[[-153.97177124023438,56.74494934082031],[-153.55377197265625,56.9705810546875],[-153.70880126953125,57.06758117675781],[-153.49411010742188,57.066749572753906],[-153.54263305664062,57.177947998046875],[-152.9453887939453,57.24944305419922],[-153.156494140625,57.35997009277344],[-152.81460571289062,57.26244354248047],[-152.60000610351562,57.388916015625],[-153.04974365234375,57.43072509765625],[-152.9532470703125,57.52141571044922],[-152.32760620117188,57.426025390625],[-152.1538543701172,57.6219482421875],[-152.45506286621094,57.59588623046875],[-152.39324951171875,57.68824768066406],[-152.568603515625,57.702362060546875],[-152.3203582763672,57.83111572265625],[-152.6157989501953,57.924278259277344],[-152.7342987060547,57.81758117675781],[-153.29571533203125,57.99913787841797],[-153.0437469482422,57.819557189941406],[-153.47874450683594,57.8441162109375],[-153.3130340576172,57.718528747558594],[-153.49342346191406,57.77605438232422],[-153.50196838378906,57.62550354003906],[-153.62002563476562,57.88227844238281],[-153.8521728515625,57.87168884277344],[-153.90835571289062,57.701446533203125],[-153.5663299560547,57.60008239746094],[-153.88031005859375,57.64213562011719],[-153.67849731445312,57.534889221191406],[-153.85032653808594,57.57600402832031],[-153.63377380371094,57.27427673339844],[-153.93202209472656,57.53705596923828],[-154.10252380371094,57.52667236328125],[-153.97021484375,57.56041717529297],[-154.0283966064453,57.65460968017578],[-154.51675415039062,57.57958221435547],[-154.794189453125,57.28913879394531],[-154.58424377441406,57.25164031982422],[-154.5242156982422,56.99424743652344],[-154.27516174316406,56.95594787597656],[-154.31027221679688,56.84416198730469],[-154.10983276367188,57.11308288574219],[-154.4809112548828,57.11750030517578],[-153.97799682617188,57.12152862548828],[-154.1383819580078,56.99949645996094],[-153.73849487304688,57.139305114746094],[-153.97055053710938,56.95941162109375],[-153.7581329345703,56.99510955810547],[-154.14642333984375,56.75071716308594],[-153.97177124023438,56.74494934082031]]],[[[-134.93418884277344,57.75917053222656],[-135.45838928222656,57.73455810546875],[-135.32586669921875,57.747528076171875],[-135.90249633789062,58.00164031982422],[-135.07008361816406,57.77461242675781],[-134.95916748046875,57.81666564941406],[-135.22586059570312,57.94914245605469],[-134.93666076660156,57.84791564941406],[-134.9524688720703,58.03997039794922],[-135.41343688964844,58.147056579589844],[-135.67507934570312,57.94535827636719],[-135.834228515625,57.9891357421875],[-135.5408935546875,58.100830078125],[-135.79835510253906,58.288726806640625],[-135.96665954589844,58.174583435058594],[-136.16502380371094,58.221282958984375],[-136.10838317871094,58.06455993652344],[-136.35916137695312,58.22247314453125],[-136.2708282470703,58.10166931152344],[-136.4359130859375,58.08660888671875],[-136.0258026123047,57.84166717529297],[-136.3568115234375,58.00202941894531],[-136.26585388183594,57.89666748046875],[-136.42425537109375,57.82160949707031],[-135.91749572753906,57.58330535888672],[-136.00088500976562,57.544166564941406],[-135.8125762939453,57.44413757324219],[-136.03594970703125,57.518333435058594],[-135.84506225585938,57.38871765136719],[-135.54913330078125,57.47997283935547],[-135.840087890625,57.77122497558594],[-134.875,57.4637451171875],[-135.0,57.54875183105469],[-134.83917236328125,57.4808349609375],[-134.93418884277344,57.75917053222656]]],[[[-152.88174438476562,58.412078857421875],[-152.7191619873047,58.26244354248047],[-153.1065216064453,58.25921630859375],[-152.85092163085938,58.155860900878906],[-153.2234649658203,58.1639404296875],[-152.87197875976562,57.998443603515625],[-152.62416076660156,58.07746887207031],[-152.57174682617188,58.21788787841797],[-152.54666137695312,58.08372497558594],[-152.2709503173828,58.12580871582031],[-152.36924743652344,58.190834045410156],[-152.25338745117188,58.272056579589844],[-152.08338928222656,58.15208435058594],[-151.9815216064453,58.35160827636719],[-152.1383819580078,58.21708679199219],[-152.1267852783203,58.39872741699219],[-152.35671997070312,58.424560546875],[-152.4233856201172,58.30207824707031],[-152.49330139160156,58.466217041015625],[-152.88174438476562,58.412078857421875]]],[[[-123.16133117675781,49.01747131347656],[-122.86335754394531,49.087890625],[-122.67427825927734,48.73119354248047],[-122.49141693115234,48.752418518066406],[-122.4280014038086,48.59489440917969],[-122.56219482421875,48.58238983154297],[-122.47383117675781,48.45988464355469],[-122.70471954345703,48.49241638183594],[-122.48170409313407,48.36966211842089],[-122.4056771,48.3633351],[-122.2820549,48.4746787],[-122.2378454,48.4934944],[-122.0789035,48.5262323],[-121.8711117,48.5238576],[-121.7726119,48.545026],[-121.8256749,48.6326557],[-121.5681224,48.7574914],[-121.4190309,49.01319],[-121.4707721,49.2604035],[-121.4283371,49.3941727],[-121.4909848,49.3621069],[-121.5911026,49.3491669],[-121.5353462,49.4674772],[-121.85,50.2],[-121.9121094,50.53125],[-121.8535862,50.6090008],[-121.9177856,50.6744537],[-121.9899554,50.9464286],[-121.9130344,50.9943538],[-121.9144873,51.0144384],[-122.044633,51.1461754],[-122.1416626,51.1841583],[-122.1775432,51.2528623],[-122.222834,51.2870003],[-122.2136361,51.4332912],[-122.2739157,51.5132359],[-122.3211181,51.6599396],[-122.3989903,51.7343344],[-122.3861333,51.9653333],[-122.4298857,52.2988571],[-122.3641739,52.3619385],[-122.4306074,52.5001942],[-122.4794388,52.5536118],[-122.4621097,52.630374],[-122.4745293,52.741521],[-122.4431956,52.8647599],[-122.5134659,53.0],[-122.5694504,53.0625],[-122.5452805,53.0899963],[-122.5541863,53.196225],[-122.6669388,53.5041733],[-122.7180557,53.5519485],[-122.6761093,53.6411133],[-122.7218571,53.6794625],[-122.7052894,53.7661891],[-122.7508316,53.8600006],[-122.6894887,53.91418],[-122.6574173,54.0],[-122.6014697,54.0494889],[-122.5432476,54.2080377],[-122.6155414,54.2675303],[-122.7403647,54.6015069],[-123.1189405,55.1477919],[-123.4928197,55.6283846],[-123.9140047,56.0356511],[-123.8429391,56.7860094],[-124.0939014,57.2223623],[-124.1576494,57.2660524],[-124.1529566,57.3280471],[-124.3457527,57.6624097],[-124.5051597,58.5549032],[-125.0571425,59.1003112],[-125.0802465,59.2364703],[-125.0113469,59.3631613],[-124.9050577,59.3687246],[-124.8445277,59.3930041],[-124.7656496,59.5270462],[-124.6505508,59.5538864],[-124.6630092,59.6436121],[-124.5793904,59.671956],[-124.5035193,59.7452157],[-124.313032,59.7291067],[-124.2732839,59.8133581],[-123.8234815,60.0369611],[-123.7278201,60.1513848],[-123.5193334,60.2215028],[-123.3677339,60.3067898],[-123.2524426,60.3269905],[-122.1039232,60.9971451],[-121.8539062,61.2821875],[-121.8448026,61.3749219],[-121.6330228,61.4419835],[-121.6247396,61.5449653],[-121.5595485,61.6210688],[-121.4454348,61.6532733],[-121.4411458,61.7554861],[-121.4144209,61.7866995],[-121.3915452,61.883415],[-121.36556178644027,61.883016811544344],[-121.4831618,61.9077749],[-121.5503598,61.9474972],[-121.5801867,61.9403106],[-121.6310531,61.9739944],[-122.1810153,62.0932982],[-122.3211366,62.1440145],[-122.3774191,62.138276],[-122.4048942,62.2691711],[-123.0001557,62.5000802],[-123.1323804,62.5946336],[-123.2238957,62.6997509],[-123.366922,62.7441767],[-125.0172463,63.8435919],[-125.0,63.9849701],[-125.1192025,63.9413194],[-125.3276577,63.9444715],[-125.3514597,64.0676398],[-125.4112251,64.1086518],[-125.4508735,64.2179062],[-125.5622763,64.1853045],[-125.7274784,64.1947218],[-125.7355957,64.3237305],[-126.0,64.5],[-127.6521553,65.3257314],[-127.5879974,65.4657974],[-127.6419837,65.5282999],[-127.8506944,65.5326859],[-128.0850067,65.6258011],[-128.2089644,65.606468],[-128.2436933,65.6216258],[-128.5166056,65.6219877],[-128.6701996,65.7321914],[-128.7814162,65.7620313],[-128.8527849,65.825556],[-129.0131928,65.9025297],[-129.0117623,66.0077186],[-129.0582344,66.0754732],[-129.2009211,66.0785206],[-129.2762334,66.1381167],[-130.0,66.5],[-131.8463333,67.2381712],[-131.8834325,67.363384],[-132.1117182,67.3265502],[-132.1382462,67.3535174],[-132.4189841,67.3159552],[-132.4603172,67.4396802],[-134.0541055,67.9191252],[-134.1295592,68.0270718],[-134.2102121,67.9937935],[-134.4366608,67.964447],[-134.4180344,68.0275786],[-134.6027965,68.0831309],[-134.7072296,68.1549988],[-134.7656574,68.2260642],[-134.8670094,68.1757963],[-134.9788894,68.2289129],[-135.0841675,68.2325058],[-135.1138124,68.305185],[-135.225,68.283],[-135.4473847,68.344694],[-135.4848124,68.3848272],[-135.4950104,68.4308395],[-135.6112892777428,68.42607068699677],[-136.39887595007878,68.8936484587836],[-137.20399475097656,68.92874908447266],[-138.3911895751953,69.29203033447266],[-138.61444091796875,69.2300033569336],[-139.1207275390625,69.49905395507812],[-141.37771606445312,69.63491821289062],[-143.2550506591797,70.11788940429688],[-144.96347045898438,69.95955657958984],[-145.8600616455078,70.16542053222656],[-147.05746459960938,70.1429443359375],[-148.1075897216797,70.34371948242188],[-148.4949951171875,70.29788970947266],[-149.4649658203125,70.51705932617188],[-150.29263305664062,70.4195556640625],[-150.77255249023438,70.49871826171875],[-151.2000274658203,70.35205841064453],[-151.97128295898438,70.42752838134766],[-151.71017456054688,70.5562744140625],[-152.6038818359375,70.54580688476562],[-152.04635620117188,70.58000183105469],[-152.5688934326172,70.63249969482422],[-152.26258850097656,70.84044647216797],[-152.7074432373047,70.88288879394531],[-152.68756103515625,70.7921142578125],[-153.23260498046875,70.92377471923828],[-154.1875762939453,70.76875305175781],[-154.76380920410156,70.87080383300781],[-154.57882690429688,70.99747467041016],[-154.95761108398438,71.110107421875],[-155.02499389648438,71.02708435058594],[-155.07510375976562,71.13044738769531],[-155.28125,71.06580352783203],[-155.17799377441406,70.9816665649414],[-155.51571655273438,70.94058227539062],[-155.32603454589844,70.78736114501953],[-155.5125274658203,70.86172485351562],[-155.99746704101562,70.74983215332031],[-155.9326934814453,70.83580780029297],[-156.1588134765625,70.83777618408203],[-155.9525604248047,70.89588928222656],[-156.20399475097656,70.91596984863281],[-155.72308349609375,70.9838638305664],[-155.5689239501953,71.16161346435547],[-156.09255981445312,71.15791320800781],[-156.08255004882812,71.2387466430664],[-156.62159729003906,71.32433319091797],[-156.36378479003906,71.35749816894531],[-156.48507690429688,71.38872528076172],[-157.8167724609375,70.86683654785156],[-159.657470703125,70.79621887207031],[-160.10037231445312,70.60350036621094],[-159.7349395751953,70.48535919189453],[-159.84371948242188,70.31083679199219],[-160.18130493164062,70.34083557128906],[-159.90631103515625,70.46916961669922],[-160.19874572753906,70.46244049072266],[-159.9038543701172,70.5250015258789],[-160.12767028808594,70.60710906982422],[-160.9838104248047,70.31913757324219],[-160.9000244140625,70.27625274658203],[-162.06761169433594,70.1371078491211],[-161.65383911132812,70.24166870117188],[-161.9251708984375,70.2945556640625],[-162.32388305664062,70.1058349609375],[-162.25132751464844,70.038330078125],[-163.00816345214844,69.76177978515625],[-163.17910766601562,69.31446838378906],[-163.2861328125,69.27536010742188],[-163.14859008789062,69.4175033569336],[-163.9517822265625,68.9895248413086],[-166.2303924560547,68.87708282470703],[-166.3334503173828,68.44225311279297],[-166.84800720214844,68.33777618408203],[-166.21481323242188,68.26655578613281],[-164.1693115234375,67.62628173828125],[-163.6979217529297,67.10658264160156],[-161.65353393554688,67.02230834960938],[-161.48182678222656,66.94664001464844],[-161.71481323242188,66.93769073486328],[-161.88699340820312,66.71549987792969],[-161.4883575439453,66.52580261230469],[-160.94874572753906,66.65638732910156],[-160.26693725585938,66.63844299316406],[-160.2117462158203,66.45800018310547],[-160.5830535888672,66.35369110107422],[-161.17938232421875,66.53778076171875],[-161.58346557617188,66.44171905517578],[-162.06846618652344,66.64910888671875],[-162.0124969482422,66.78291320800781],[-162.47149658203125,66.9524154663086],[-162.62445068359375,66.85469055175781],[-161.89666748046875,66.52324676513672],[-161.91281127929688,66.35155487060547],[-161.14511108398438,66.33738708496094],[-160.9872283935547,66.22180938720703],[-161.09181213378906,66.11241912841797],[-161.060302734375,66.2302474975586],[-161.49313354492188,66.26174926757812],[-161.8974151611328,65.95822143554688],[-161.8426055908203,66.02391815185547],[-162.13328552246094,66.07894134521484],[-163.76097106933594,66.06133270263672],[-163.90016174316406,66.19647216796875],[-164.19483947753906,66.18636322021484],[-163.82760620117188,66.2651138305664],[-163.7516326904297,66.5517807006836],[-164.404052734375,66.58244323730469],[-165.87319946289062,66.21869659423828],[-165.4768829345703,66.1358871459961],[-166.27590942382812,66.16730499267578],[-167.04739379882812,65.8693618774414],[-167.53366088867188,65.82527923583984],[-167.54266357421875,65.7208023071289],[-168.10533142089844,65.68511199951172],[-168.0741424560547,65.57697296142578],[-167.4733123779297,65.41488647460938],[-166.05349731445312,65.25169372558594],[-166.36349487304688,65.27574920654297],[-166.7594757080078,65.11091613769531],[-166.91346740722656,65.15180206298828],[-166.8569793701172,65.28080749511719],[-166.96017456054688,65.16378021240234],[-166.4231719970703,64.91464233398438],[-166.4828643798828,64.7314682006836],[-166.2123565673828,64.57869720458984],[-165.01817321777344,64.43486022949219],[-164.74681091308594,64.46533203125],[-164.92552185058594,64.53033447265625],[-163.66094970703125,64.56719207763672],[-163.16766357421875,64.39591979980469],[-163.0330047607422,64.51644134521484],[-163.45347595214844,64.60974884033203],[-163.13438415527344,64.65286254882812],[-162.8454132080078,64.4917221069336],[-162.79383850097656,64.3233871459961],[-162.5413055419922,64.53152465820312],[-161.67605590820312,64.7828598022461],[-161.74728393554688,64.84541320800781],[-161.53256225585938,64.73735809326172],[-160.95724487304688,64.96991729736328],[-161.0953826904297,64.90171813964844],[-160.78628540039062,64.71785736083984],[-161.01699829101562,64.50297546386719],[-161.38650512695312,64.5350570678711],[-161.5360870361328,64.41744232177734],[-161.20008850097656,64.41555786132812],[-160.72869873046875,63.870750427246094],[-161.1430206298828,63.50347137451172],[-162.16342163085938,63.411277770996094],[-162.00425720214844,63.486610412597656],[-162.3133544921875,63.54371643066406],[-162.56666564941406,63.26788330078125],[-163.3082733154297,63.003753662109375],[-163.77330017089844,63.21788787841797],[-164.42672729492188,63.21160888671875],[-164.5921173095703,63.12444305419922],[-164.47006225585938,63.01666259765625],[-164.70372009277344,63.01496887207031],[-164.85989379882812,62.838417053222656],[-164.70802307128906,62.60942077636719],[-165.10218811035156,62.52330780029297],[-165.7120819091797,62.11061096191406],[-165.7417449951172,61.95399475097656],[-165.54258728027344,61.86274719238281],[-166.1047821044922,61.812530517578125],[-165.73338317871094,61.66119384765625],[-166.13226318359375,61.63581848144531],[-166.15121459960938,61.721168518066406],[-166.12513732910156,61.493499755859375],[-165.78009033203125,61.51477813720703],[-165.7167205810547,61.43925476074219],[-165.90541076660156,61.359222412109375],[-165.6149444580078,61.294189453125],[-165.56211853027344,61.08758544921875],[-165.3433380126953,61.074249267578125],[-165.3721466064453,61.194366455078125],[-165.13360595703125,61.24833679199219],[-165.1903839111328,61.121856689453125],[-165.01547241210938,61.13055419921875],[-165.06521606445312,61.05841827392578],[-164.78338623046875,61.13932800292969],[-165.19488525390625,60.98497009277344],[-165.12892150878906,60.91658020019531],[-164.95000454193988,60.90799301654664],[-164.9798583984375,60.71155548095703],[-165.42300415039062,60.55583190917969],[-164.9733123779297,60.539886474609375],[-165.14505004882812,60.45111083984375],[-164.70460510253906,60.294166564941406],[-164.52685546875,60.55072021484375],[-164.2020263671875,60.678863525390625],[-164.26739501953125,60.791526794433594],[-164.82837461647154,60.90215534488496],[-163.76185607910156,60.85096740722656],[-163.41824340820312,60.726470947265625],[-163.78125,60.57819366455078],[-163.77992248535156,60.75580596923828],[-163.9193115234375,60.78916931152344],[-164.4923095703125,60.554359436035156],[-164.42835998535156,60.481689453125],[-164.6566162109375,60.258636474609375],[-164.08177185058594,59.97332763671875],[-164.2182159423828,59.948081970214844],[-164.12802124023438,59.83655548095703],[-163.4333038330078,59.808441162109375],[-162.54144287109375,59.979888916015625],[-162.44810485839844,60.18775177001953],[-162.66702270507812,60.25457763671875],[-162.52064514160156,60.28302764892578],[-162.32371520996094,60.10839080810547],[-162.19544982910156,60.15760803222656],[-162.21141052246094,60.02153015136719],[-161.7076873779297,59.496612548828125],[-162.05938720703125,59.27105712890625],[-162.00811767578125,59.17747497558594],[-161.85450744628906,59.06019592285156],[-161.52096557617188,59.104583740234375],[-161.84344482421875,59.03669738769531],[-161.77325439453125,58.77052307128906],[-161.67892456054688,58.773834228515625],[-162.13619995117188,58.63391876220703],[-161.68280029296875,58.56085968017578],[-160.33924865722656,59.07725524902344],[-160.32827758789062,58.94480895996094],[-159.91888427734375,58.76850128173828],[-159.61627197265625,58.94561004638672],[-159.6526641845703,58.84019470214844],[-158.88511657714844,58.3917236328125],[-158.69708251953125,58.49219512939453],[-158.89500427246094,58.76164245605469],[-158.42835998535156,59.05302429199219],[-158.53941345214844,59.14158630371094],[-158.04168701171875,58.94916534423828],[-158.37808227539062,59.03575134277344],[-158.5621337890625,58.84117126464844],[-158.18881225585938,58.6116943359375],[-156.84165954589844,59.03569030761719],[-157.06797790527344,58.770057678222656],[-156.9051055908203,58.73493957519531],[-157.5355224609375,58.399139404296875],[-157.45411682128906,58.21216583251953],[-157.18310546875,58.203643798828125],[-157.5269775390625,58.204139709472656],[-157.61146545410156,58.05116271972656],[-157.70924377441406,57.636695861816406],[-157.40089416503906,57.486663818359375],[-157.6616668701172,57.44872283935547],[-157.73171997070312,57.56121826171875],[-158.34649658203125,57.2725830078125],[-158.69342041015625,56.97716522216797],[-158.61166381835938,56.7598876953125],[-158.95449829101562,56.84349822998047],[-160.33485412597656,56.2943115234375],[-160.58255004882812,55.91413879394531],[-160.24342346191406,55.852943420410156],[-160.25672912597656,55.76788330078125],[-160.7899932861328,55.88624572753906],[-160.65415954589844,55.73577880859375],[-160.79330444335938,55.71369934082031],[-161.025146484375,55.8963623046875],[-160.878662109375,56.000946044921875],[-161.80392456054688,55.89649963378906],[-162.5879364013672,55.45086669921875],[-162.43824768066406,55.30369567871094],[-162.63485717773438,55.392608642578125],[-162.9032440185547,55.271087646484375],[-162.86239624023438,55.18492126464844],[-163.08119201660156,55.178466796875],[-162.99993896484375,55.24993896484375],[-163.35308837890625,55.11024475097656],[-163.22085571289062,54.93580627441406],[-163.34255981445312,54.955833435058594],[-163.356689453125,54.811248779296875],[-163.02749633789062,54.948333740234375],[-163.2217559814453,55.03466796875],[-163.1833038330078,55.13911437988281],[-162.88174438476562,54.93372344970703],[-162.55258178710938,54.95750427246094],[-162.71705627441406,55.215972900390625],[-162.6451873779297,55.30335998535156],[-162.3518829345703,55.10841369628906],[-162.52516174316406,55.11775207519531],[-162.41529846191406,55.03333282470703],[-162.08316040039062,55.17521667480469],[-162.13499450683594,55.106361389160156],[-161.96205139160156,55.10624694824219],[-162.0540771484375,55.236915588378906],[-161.885498046875,55.21708679199219],[-161.57960510253906,55.62080383300781],[-161.1430206298828,55.539390563964844],[-161.4948272705078,55.487640380859375],[-161.50416564941406,55.35930633544922],[-161.2366943359375,55.35491943359375],[-160.9282989501953,55.523773193359375],[-160.67169189453125,55.46044921875],[-160.78758239746094,55.53080749511719],[-160.60174560546875,55.60791778564453],[-160.50344848632812,55.47705078125],[-160.3559112548828,55.608306884765625],[-160.42416381835938,55.66163635253906],[-160.1300811767578,55.663726806640625],[-159.81689453125,55.855865478515625],[-159.61000061035156,55.80908203125],[-159.7118682861328,55.65966796875],[-159.6348876953125,55.60816955566406],[-159.75186157226562,55.59947204589844],[-159.6000213623047,55.56317138671875],[-159.52516174316406,55.888946533203125],[-159.41685485839844,55.7864990234375],[-158.84828186035156,56.01405334472656],[-158.66769409179688,55.951080322265625],[-158.7204132080078,56.154144287109375],[-158.62091064453125,56.20111083984375],[-158.4564208984375,56.18952941894531],[-158.60171508789062,56.047393798828125],[-158.41485595703125,56.002838134765625],[-158.48971557617188,56.11369323730469],[-158.11331176757812,56.24066162109375],[-158.3379669189453,56.17930603027344],[-158.40817260742188,56.240997314453125],[-158.19796752929688,56.29077911376953],[-158.43649291992188,56.34519958496094],[-158.6766357421875,56.2681884765625],[-158.4079132080078,56.452720642089844],[-157.8649444580078,56.472694396972656],[-157.84091186523438,56.56727600097656],[-158.12635803222656,56.55072021484375],[-157.76107788085938,56.67919921875],[-157.465576171875,56.623809814453125],[-157.59893798828125,56.72022247314453],[-157.40296936035156,56.76258850097656],[-157.44224548339844,56.857330322265625],[-157.201416015625,56.76496887207031],[-156.95335388183594,56.98249816894531],[-156.82838439941406,56.897552490234375],[-156.7716064453125,57.0408935546875],[-156.55316162109375,56.97919464111328],[-156.6217498779297,57.05986022949219],[-156.36474609375,57.144775390625],[-156.3176727294922,57.2908935546875],[-156.5399932861328,57.32524871826172],[-156.18185424804688,57.48408508300781],[-156.02157592773438,57.43553161621094],[-156.037109375,57.56744384765625],[-155.73016357421875,57.54469299316406],[-155.77542114257812,57.640838623046875],[-155.5913543701172,57.65838623046875],[-155.61488342285156,57.792442321777344],[-155.30796813964844,57.72406005859375],[-155.3401336669922,57.8255615234375],[-155.08116149902344,57.87567138671875],[-155.03005981445312,58.02403259277344],[-154.5681915283203,58.023277282714844],[-154.60919189453125,58.124473571777344],[-154.44869995117188,58.092864990234375],[-154.48863220214844,58.20391845703125],[-154.34364318847656,58.080780029296875],[-154.2124786376953,58.13441467285156],[-154.30189514160156,58.19330596923828],[-154.1053009033203,58.282135009765625],[-154.35360717773438,58.28477478027344],[-154.00314331054688,58.375],[-154.09344482421875,58.48005676269531],[-153.9055633544922,58.60991668701172],[-153.5911865234375,58.63261413574219],[-153.24996948242188,58.852500915527344],[-153.70103454589844,59.07563781738281],[-154.16549682617188,59.01030731201172],[-154.2649383544922,59.140106201171875],[-153.9429931640625,59.36016845703125],[-154.1413116455078,59.37352752685547],[-153.5820770263672,59.55291748046875],[-153.7078857421875,59.634193420410156],[-153.4750213623047,59.64311218261719],[-153.4665069580078,59.7982177734375],[-153.3380889892578,59.72113800048828],[-153.41871643066406,59.635887145996094],[-153.0482177734375,59.692138671875],[-153.0032196044922,59.83003234863281],[-153.28024291992188,59.82836151123047],[-152.80999755859375,59.87705993652344],[-152.5715789794922,60.071441650390625],[-152.9951629638672,60.29991149902344],[-152.4156036376953,60.28705596923828],[-152.04991149902344,60.68122100830078],[-151.71083068847656,60.71080780029297],[-151.7442169189453,60.92333221435547],[-151.16824340820312,61.04583740234375],[-150.58132934570312,61.35993957519531],[-150.49000549316406,61.247222900390625],[-149.98692321777344,61.23652648925781],[-149.67672729492188,61.477500915527344],[-149.1533966064453,61.50297546386719],[-149.70924377441406,61.382362365722656],[-150.0789794921875,61.15730285644531],[-148.9691619873047,60.807472229003906],[-149.7667236328125,60.96875],[-150.19505310058594,60.9254150390625],[-150.39041137695312,61.040000915527344],[-151.41421508789062,60.719970703125],[-151.22918701171875,60.54750061035156],[-151.29757690429688,60.38499450683594],[-151.86671447753906,59.76069641113281],[-151.41058349609375,59.598167419433594],[-150.9299774169922,59.79150390625],[-151.19436645507812,59.56275177001953],[-151.4530792236328,59.53514099121094],[-151.29244995117188,59.409942626953125],[-151.7089385986328,59.471473693847656],[-151.9830780029297,59.254913330078125],[-151.74264526367188,59.156585693359375],[-151.4068603515625,59.27919006347656],[-151.1149444580078,59.208892822265625],[-151.3226318359375,59.310028076171875],[-151.02536010742188,59.32324981689453],[-150.96066284179688,59.19538879394531],[-150.9519500732422,59.308197021484375],[-150.5995635986328,59.426025390625],[-150.6631317138672,59.54133605957031],[-150.55992126464844,59.59564208984375],[-150.49855041503906,59.45477294921875],[-150.2257843017578,59.7296142578125],[-150.3607177734375,59.45893859863281],[-150.08314514160156,59.57836151123047],[-150.13482666015625,59.694000244140625],[-149.9422149658203,59.656280517578125],[-150.03341674804688,59.80250549316406],[-149.74061584472656,59.63655090332031],[-149.86825561523438,59.850860595703125],[-149.74729919433594,59.82280731201172],[-149.72332763671875,59.954193115234375],[-149.52590942382812,59.70500183105469],[-149.60382080078125,59.82633972167969],[-149.38714599609375,59.98277282714844],[-149.42674255371094,60.12291717529297],[-149.29141235351562,59.86643981933594],[-149.02505493164062,60.093719482421875],[-149.09849548339844,59.955055236816406],[-148.6346893310547,59.915802001953125],[-148.54669189453125,60.03202819824219],[-148.42633056640625,59.948890686035156],[-148.34591674804688,60.184165954589844],[-148.24002075195312,60.115386962890625],[-148.08761596679688,60.21417236328125],[-148.4451446533203,60.17958068847656],[-148.39085388183594,60.279945373535156],[-147.93588256835938,60.438331604003906],[-148.09754943847656,60.45330810546875],[-147.96083068847656,60.50080871582031],[-148.08335876464844,60.59619140625],[-148.28009033203125,60.43292236328125],[-148.4824676513672,60.54583740234375],[-148.18919372558594,60.608306884765625],[-148.22671508789062,60.76544189453125],[-148.43002319335938,60.61705780029297],[-148.36085510253906,60.76744079589844],[-148.6817169189453,60.652915954589844],[-148.44918823242188,60.79499816894531],[-148.7141876220703,60.78666687011719],[-148.3383331298828,60.80622100830078],[-148.41421508789062,60.84832763671875],[-148.3026123046875,60.83747100830078],[-148.16497802734375,61.06988525390625],[-148.41644287109375,61.05250549316406],[-148.1461639404297,61.12666320800781],[-148.0694122314453,61.00077819824219],[-147.72108459472656,61.276641845703125],[-148.06753540039062,60.93330383300781],[-147.60093688964844,60.84916687011719],[-147.7025604248047,60.95752716064453],[-147.5199737548828,61.154640197753906],[-147.54925537109375,60.90669250488281],[-147.41697692871094,61.016639709472656],[-147.38502502441406,60.87122344970703],[-147.2352294921875,61.013999938964844],[-147.16993713378906,60.931251525878906],[-146.95660400390625,61.05397033691406],[-146.97344970703125,60.930023193359375],[-146.60203552246094,61.14064025878906],[-146.3155517578125,61.133941650390625],[-146.2308349609375,61.08935546875],[-146.659423828125,61.0677490234375],[-146.47975158691406,61.00138854980469],[-146.6710205078125,61.03466796875],[-146.72007751464844,60.96586608886719],[-146.5567169189453,60.93658447265625],[-146.73849487304688,60.90821838378906],[-146.0530242919922,60.824806213378906],[-146.6566162109375,60.68489074707031],[-146.04513549804688,60.7957763671875],[-146.25830078125,60.62239074707031],[-145.60922241210938,60.660003662109375],[-145.9484405517578,60.45372009277344],[-145.42913818359375,60.46669006347656],[-145.5058135986328,60.396636962890625],[-145.3117218017578,60.334556579589844],[-144.87831115722656,60.457305908203125],[-144.9383544921875,60.286224365234375],[-144.19847106933594,60.191612243652344],[-143.97085571289062,60.045806884765625],[-144.2517547607422,60.02458190917969],[-142.800048828125,60.100807189941406],[-141.69332885742188,59.94952392578125],[-141.36907958984375,60.02278137207031],[-141.4112548828125,60.13983154296875],[-141.25999450683594,59.9637451171875],[-141.45338439941406,59.87541198730469],[-140.31497192382812,59.69203186035156],[-139.8151397705078,59.821197509765625],[-139.5149383544922,60.056640625],[-139.25518798828125,59.861167907714844],[-138.88577270507812,59.806640625],[-139.3026885986328,59.820777893066406],[-139.30020141601562,59.561195373535156],[-139.31272888183594,59.85411071777344],[-139.5051727294922,59.99119567871094],[-139.64100646972656,59.874114990234375],[-139.47267150878906,59.703277587890625],[-139.8627166748047,59.53575134277344],[-138.63668823242188,59.128692626953125],[-138.4199676513672,59.188690185546875],[-138.6192169189453,59.12489318847656],[-138.12661743164062,59.014495849609375],[-137.6752166748047,58.617523193359375],[-137.50564575195312,58.680389404296875],[-137.65835571289062,58.60902404785156],[-137.11224365234375,58.38177490234375],[-136.8101043701172,58.41791534423828],[-136.8575897216797,58.317474365234375],[-136.6866912841797,58.210357666015625],[-136.5675506591797,58.24583435058594],[-136.60838317871094,58.368751525878906],[-136.36924743652344,58.30247497558594],[-136.5926055908203,58.39166259765625],[-136.53009033203125,58.45288848876953],[-136.28497314453125,58.31541442871094],[-136.03921508789062,58.384971618652344],[-136.300048828125,58.66539001464844],[-136.55255126953125,58.60833740234375],[-136.35079956054688,58.68830871582031],[-136.6684112548828,58.85541534423828],[-137.1464385986328,58.831329345703125],[-136.919189453125,58.932472229003906],[-137.04808044433594,59.0675048828125],[-136.66839599609375,58.89288330078125],[-136.7089385986328,59.01397705078125],[-136.5917205810547,58.90875244140625],[-136.49681091308594,58.979583740234375],[-136.49085998535156,58.837501525878906],[-136.23675537109375,58.751220703125],[-136.10760498046875,58.863304138183594],[-136.2458953857422,58.924163818359375],[-136.1857147216797,59.068138122558594],[-136.05841064453125,58.85289001464844],[-135.76425170898438,58.885833740234375],[-136.0891876220703,58.823333740234375],[-135.83253479003906,58.60327911376953],[-135.92088317871094,58.38080596923828],[-135.478271484375,58.37628173828125],[-135.5133819580078,58.51374816894531],[-135.31588745117188,58.24583435058594],[-135.0908966064453,58.24082946777344],[-135.3814239501953,59.102027893066406],[-135.6352996826172,59.26530456542969],[-135.30311584472656,59.084136962890625],[-135.6343536376953,59.37225341796875],[-135.4001922607422,59.28797149658203],[-135.3495635986328,59.480751037597656],[-135.3429412841797,59.236473083496094],[-135.09104919433594,59.26039123535156],[-135.284423828125,59.19480895996094],[-135.0250244140625,58.73291778564453],[-134.926025390625,58.95503234863281],[-134.90927124023438,58.660804748535156],[-134.99266052246094,58.67835998535156],[-134.78269958496094,58.393310546875],[-134.14686584472656,58.20197296142578],[-134.09432983398438,58.4173583984375],[-133.7133331298828,58.53816223144531],[-134.0193328857422,58.401527404785156],[-134.05596923828125,58.06239318847656],[-133.8885498046875,57.9737548828125],[-133.64474487304688,58.15580749511719],[-133.75828552246094,58.05889129638672],[-133.6859130859375,57.93086242675781],[-133.85594177246094,57.95166778564453],[-133.6783905029297,57.78541564941406],[-133.57666015625,57.92797088623047],[-133.13577270507812,57.864227294921875],[-133.5734100341797,57.917945861816406],[-133.5891876220703,57.77008056640625],[-133.19497680664062,57.61463928222656],[-133.10488891601562,57.700439453125],[-133.1824493408203,57.605918884277344],[-132.89369201660156,57.49591827392578],[-133.6625213623047,57.71417236328125],[-133.6183319091797,57.57621765136719],[-133.3408660888672,57.593360900878906],[-133.51927185058594,57.54502868652344],[-133.34913635253906,57.442527770996094],[-133.4658966064453,57.358306884765625],[-133.05746459960938,57.35755920410156],[-133.20166015625,57.23960876464844],[-133.50332641601562,57.29124450683594],[-133.57249450683594,57.18333435058594],[-133.12991333007812,57.173805236816406],[-133.18902587890625,57.09086608886719],[-133.0,57.01769256591797],[-132.82025146484375,57.09669494628906],[-132.7940216064453,56.967529296875],[-132.9524383544922,56.990028381347656],[-132.78585815429688,56.83921813964844],[-132.37249755859375,56.82002258300781],[-132.5425262451172,56.700889587402344],[-132.06260681152344,56.720855712890625],[-132.3709716796875,56.595001220703125],[-132.1826629638672,56.380889892578125],[-131.96713256835938,56.38633728027344],[-131.89967346191406,56.2249755859375],[-131.49110412597656,56.23655700683594],[-131.9732208251953,56.17486572265625],[-131.9359130859375,55.977500915527344],[-132.0992431640625,55.849998474121094],[-132.0058135986328,55.77830505371094],[-132.2875213623047,55.763336181640625],[-132.18588256835938,55.58917236328125],[-131.97097778320312,55.49830627441406],[-132.04249572753906,55.68169403076172],[-131.81922912597656,55.66999816894531],[-131.8874969482422,55.74580383300781],[-131.76588439941406,55.8175048828125],[-131.92088317871094,55.864166259765625],[-131.74758911132812,55.88664245605469],[-131.8433837890625,55.93035888671875],[-131.03086853027344,56.10200500488281],[-131.22088623046875,55.98246765136719],[-130.9080352783203,55.712890625],[-130.705078125,55.75580596923828],[-130.90509033203125,55.69819641113281],[-130.87818908691406,55.55963897705078],[-130.69488525390625,55.63983154296875],[-130.67703247070312,55.55908203125],[-130.87477111816406,55.54600524902344],[-130.8865203857422,55.35497283935547],[-130.61778259277344,55.39594268798828],[-130.6266326904297,55.30005645751953],[-131.09588623046875,55.1925048828125],[-130.99607849121094,55.08477783203125],[-130.822021484375,55.194976806640625],[-130.7671661376953,55.09230041503906],[-130.47752380371094,55.335723876953125],[-130.6900634765625,55.01960754394531],[-130.98971557617188,55.068389892578125],[-130.8667449951172,54.77044677734375],[-130.737548828125,54.81999969482422],[-130.7484130859375,54.961334228515625],[-130.72019958496094,54.76374816894531],[-130.64341735839844,54.964691162109375],[-130.63096618652344,54.815834045410156],[-130.4734649658203,54.94963836669922],[-130.47927856445312,54.83839416503906],[-130.0020294189453,55.27738952636719],[-130.17738342285156,55.759246826171875],[-129.93310546875,55.94877624511719],[-130.14720153808594,55.74419403076172],[-129.90682983398438,55.28839111328125],[-130.1717987060547,55.07374572753906],[-130.09861755371094,54.98291778564453],[-129.92161560058594,55.12080383300781],[-130.012939453125,55.009307861328125],[-129.66082763671875,54.978302001953125],[-130.01864624023438,54.97547149658203],[-130.19180297851562,54.712921142578125],[-130.4425506591797,54.654144287109375],[-130.1167755126953,54.41783142089844],[-129.987548828125,54.51080322265625],[-130.1060333251953,54.40655517578125],[-129.987548828125,54.30413818359375],[-130.44847106933594,54.64872741699219],[-130.38427734375,54.462501525878906],[-130.48924255371094,54.3641357421875],[-130.2443389892578,54.39910888671875],[-130.15097045898438,54.28327941894531],[-130.3009796142578,54.20074462890625],[-130.13011169433594,54.147857666015625],[-129.86502075195312,54.235389709472656],[-129.55752563476562,54.22083282470703],[-129.9425506591797,54.18333435058594],[-129.8166961669922,54.02375030517578],[-130.05593872070312,54.14825439453125],[-130.1108856201172,53.94999694824219],[-129.31521606445312,53.37122344970703],[-129.30763244628906,53.64744567871094],[-128.68600463867188,53.99761199951172],[-128.713134765625,53.87574768066406],[-128.47988891601562,53.81317138671875],[-128.79666137695312,53.78483581542969],[-128.76988220214844,53.54736328125],[-128.5446319580078,53.42736053466797],[-128.37246704101562,53.5074462890625],[-128.12127685546875,53.491363525390625],[-128.00100708007812,53.33985900878906],[-128.363525390625,53.478416442871094],[-128.52638244628906,53.40753173828125],[-128.47500610351562,53.32569885253906],[-128.81642150878906,53.56828308105469],[-128.98863220214844,53.54499816894531],[-128.841552734375,53.474693298339844],[-128.85316467285156,53.26899719238281],[-128.4304656982422,53.09510803222656],[-128.55352783203125,53.070281982421875],[-128.43756103515625,52.814971923828125],[-128.0350799560547,52.91789245605469],[-128.1325225830078,52.768333435058594],[-127.83180236816406,52.73619079589844],[-128.1175537109375,52.75914001464844],[-128.41085815429688,52.29083251953125],[-128.28256225585938,52.264137268066406],[-128.050048828125,52.65208435058594],[-128.0292205810547,52.31999969482422],[-127.87010955810547,52.49583435058594],[-127.8764419555664,52.196250915527344],[-127.72330474853516,52.358055114746094],[-127.75702667236328,52.26911163330078],[-127.4151382446289,52.40644836425781],[-127.62774658203125,52.606475830078125],[-127.3431396484375,52.417327880859375],[-127.23835754394531,52.578643798828125],[-127.00411224365234,52.666221618652344],[-127.24494171142578,52.51313781738281],[-127.00894165039062,52.3050537109375],[-127.47205352783203,52.18897247314453],[-127.37486267089844,52.107421875],[-127.61274719238281,52.02874755859375],[-127.46138763427734,52.13197326660156],[-127.60800170898438,52.12181091308594],[-127.89913940429688,51.81916809082031],[-127.67835998535156,51.46208190917969],[-127.45913696289062,51.68336486816406],[-127.660888671875,51.70747375488281],[-127.45752716064453,51.695831298828125],[-127.36338806152344,51.870391845703125],[-127.45419311523438,51.66497039794922],[-127.24580383300781,51.681640625],[-127.50922393798828,51.624168395996094],[-127.56758117675781,51.48161315917969],[-127.24580383300781,51.40580749511719],[-127.57341766357422,51.47291564941406],[-127.78253173828125,51.32167053222656],[-127.06092071533203,51.35166931152344],[-127.60005950927734,51.30455780029297],[-127.785888671875,51.162498474121094],[-127.50833129882812,51.09539031982422],[-127.61585998535156,51.14500427246094],[-127.25005340576172,51.21122741699219],[-127.41255950927734,51.13580322265625],[-126.91002655029297,51.102996826171875],[-127.55752563476562,51.12666320800781],[-127.19752502441406,51.094139099121094],[-127.4691390991211,51.09080505371094],[-127.33995819091797,51.04735565185547],[-126.79374694824219,51.08149719238281],[-126.65660858154297,51.19591522216797],[-126.78191375732422,51.0675048828125],[-127.318359375,51.03289031982422],[-127.50338745117188,51.099609375],[-127.5308609008789,51.01416778564453],[-127.02835845947266,50.81788635253906],[-126.89580535888672,50.88664245605469],[-127.19088745117188,50.92913818359375],[-126.193359375,50.94794464111328],[-126.5859146118164,50.84916687011719],[-126.0199966430664,50.80705261230469],[-126.18330383300781,50.66786193847656],[-125.70913696289062,50.71666717529297],[-125.5367202758789,50.99622344970703],[-125.73002624511719,50.65956115722656],[-126.29916381835938,50.63166809082031],[-125.94002532958984,50.63789367675781],[-126.28416442871094,50.51660919189453],[-125.72502899169922,50.527915954589844],[-125.8191909790039,50.48997497558594],[-125.70674896240234,50.42124938964844],[-125.47169494628906,50.72125244140625],[-125.59588623046875,50.449195861816406],[-125.36669158935547,50.55792236328125],[-125.1175537109375,50.428306579589844],[-124.90491485595703,50.613250732421875],[-124.98163604736328,50.81138610839844],[-124.82152557373047,50.92919921875],[-124.920166015625,50.80244445800781],[-124.8633041381836,50.593414306640625],[-125.05095672607422,50.48130798339844],[-125.08088684082031,50.32416534423828],[-125.0066909790039,50.44627380371094],[-124.8280258178711,50.30755615234375],[-124.33980560302734,50.50677490234375],[-124.73674774169922,50.326446533203125],[-124.59341430664062,50.24247741699219],[-124.80863952636719,50.07672119140625],[-124.67121887207031,49.966644287109375],[-124.80830383300781,50.01074981689453],[-124.26583099365234,49.74205780029297],[-124.03594207763672,49.93372344970703],[-123.91963958740234,49.82666778564453],[-124.00880432128906,49.991668701171875],[-123.80194091796875,50.09491729736328],[-123.9917221069336,50.20906066894531],[-123.851806640625,50.162689208984375],[-123.74571990966797,50.087860107421875],[-123.97205352783203,49.98833465576172],[-123.86711120605469,49.91999816894531],[-123.94713592529297,49.774139404296875],[-123.83583068847656,49.68621826171875],[-123.7179183959961,49.78582763671875],[-123.80583190917969,49.62452697753906],[-123.52630615234375,49.70416259765625],[-123.79047393798828,49.60333251953125],[-123.75588989257812,49.48121643066406],[-124.01335906982422,49.75538635253906],[-123.96961212158203,49.51246643066406],[-123.52002716064453,49.38542175292969],[-123.49169158935547,49.51875305175781],[-123.17082977294922,49.69288635253906],[-123.29630279541016,49.369972229003906],[-123.03121948242188,49.30083465576172],[-123.26547241210938,49.269195556640625],[-123.07538604736328,49.11494445800781],[-123.16133117675781,49.01747131347656]]],[[[-166.8538818359375,60.20472717285156],[-167.4637451171875,60.21247100830078],[-167.3361053466797,60.065338134765625],[-166.192138671875,59.74861145019531],[-166.07977294921875,59.776084899902344],[-166.28335571289062,59.849082946777344],[-165.58444213867188,59.90519714355469],[-165.67630004882812,60.293418884277344],[-166.08457946777344,60.324668884277344],[-166.1499481201172,60.44305419921875],[-166.8538818359375,60.20472717285156]]],[[[-169.7683868408203,62.954559326171875],[-169.38172912597656,63.150360107421875],[-168.86241149902344,63.145668029785156],[-168.696533203125,63.300140380859375],[-170.02671813964844,63.478721618652344],[-170.3433837890625,63.6937255859375],[-171.49163818359375,63.59539031982422],[-171.37925720214844,63.6300048828125],[-171.7442169189453,63.78413391113281],[-171.85430908203125,63.486663818359375],[-171.4450225830078,63.30705261230469],[-170.8550262451172,63.412078857421875],[-169.97166442871094,63.142059326171875],[-169.7683868408203,62.954559326171875]]],[[[-127.30916595458984,50.193328857421875],[-127.09500122070312,50.14625549316406],[-127.19583129882812,50.022499084472656],[-127.07749938964844,50.024139404296875],[-127.26197052001953,49.96516418457031],[-127.17033386230469,49.869171142578125],[-126.9419174194336,49.859893798828125],[-126.94280242919922,49.986724853515625],[-126.91144561767578,49.868194580078125],[-126.85230255126953,49.97088623046875],[-126.65149688720703,49.898223876953125],[-126.59080505371094,49.69408416748047],[-126.44110870361328,49.79283142089844],[-126.49949645996094,49.68513488769531],[-126.23302459716797,49.65022277832031],[-126.568359375,49.57988739013672],[-126.54669189453125,49.38221740722656],[-126.40533447265625,49.47425079345703],[-126.2594985961914,49.348052978515625],[-126.29591369628906,49.511749267578125],[-126.21717071533203,49.40080261230469],[-126.03485870361328,49.455055236816406],[-126.0270004272461,49.321533203125],[-125.89749908447266,49.4195556640625],[-125.97169494628906,49.227081298828125],[-125.76752471923828,49.367919921875],[-125.7874984741211,49.13958740234375],[-125.59874725341797,49.20661163330078],[-125.7308349609375,49.07621765136719],[-125.91380310058594,49.13993835449219],[-125.48336029052734,48.91791534423828],[-125.36091613769531,49.04541778564453],[-125.22195434570312,49.04051208496094],[-125.32213592529297,49.01249694824219],[-125.21260833740234,48.9437255859375],[-125.19747161865234,49.09955596923828],[-125.18669128417969,48.99041748046875],[-124.91413879394531,48.984527587890625],[-124.82669067382812,49.25535583496094],[-124.85710906982422,49.005027770996094],[-125.21871948242188,48.78916931152344],[-123.65428161621094,48.312835693359375],[-123.26555633544922,48.452415466308594],[-123.43841552734375,48.69952392578125],[-123.54808044433594,48.509918212890625],[-123.58799743652344,48.84242248535156],[-123.85800170898438,49.021636962890625],[-123.7580795288086,48.98741149902344],[-123.77166748046875,49.128753662109375],[-124.79005432128906,49.46211242675781],[-124.9796371459961,49.682472229003906],[-124.85961151123047,49.70747375488281],[-125.38916778564453,50.127532958984375],[-125.44505310058594,50.335418701171875],[-126.8683853149414,50.52958679199219],[-127.90335845947266,50.87455749511719],[-128.4323272705078,50.78547668457031],[-128.04833984375,50.44230651855469],[-128.00460815429688,50.53886413574219],[-127.55921936035156,50.554168701171875],[-128.01121520996094,50.65313720703125],[-127.41925048828125,50.605804443359375],[-127.6108627319336,50.52583312988281],[-127.43333435058594,50.337921142578125],[-127.5816650390625,50.48955535888672],[-127.93916320800781,50.46417236328125],[-127.97750091552734,50.32499694824219],[-127.72252655029297,50.295806884765625],[-127.8641357421875,50.28997039794922],[-127.729248046875,50.24082946777344],[-127.91752624511719,50.114166259765625],[-127.43499755859375,50.18708801269531],[-127.51422119140625,50.12164306640625],[-127.34666442871094,50.019554138183594],[-127.30916595458984,50.193328857421875]]],[[[-128.8949737548828,53.16258239746094],[-129.09939575195312,53.189918518066406],[-129.20196533203125,52.96172332763672],[-129.09103393554688,52.901527404785156],[-128.903076171875,53.02958679199219],[-129.03677368164062,52.85411071777344],[-129.1368865966797,52.87266540527344],[-129.00047302246094,52.69731140136719],[-128.79501342773438,52.67993927001953],[-128.66082763671875,52.96916198730469],[-128.78921508789062,52.645782470703125],[-128.6308135986328,52.60913848876953],[-128.82928466796875,52.514137268066406],[-128.4991912841797,52.43083190917969],[-128.54421997070312,52.67500305175781],[-128.6325225830078,52.64250183105469],[-128.57652282714844,53.096168518066406],[-129.0400848388672,53.30952453613281],[-128.8949737548828,53.16258239746094]]],[[[-131.2659149169922,52.11830139160156],[-131.2899932861328,52.237060546875],[-131.1933135986328,52.118751525878906],[-131.0449981689453,52.162078857421875],[-131.88421630859375,52.75917053222656],[-131.65756225585938,52.80833435058594],[-132.0005340576172,52.88041687011719],[-131.8941650390625,52.91082763671875],[-132.0308380126953,53.05413818359375],[-131.61566162109375,53.02838897705078],[-131.64199829101562,53.10661315917969],[-131.81675720214844,53.26074981689453],[-132.0850067138672,53.14872741699219],[-132.32916259765625,53.22663879394531],[-131.97177124023438,53.27680969238281],[-131.88560485839844,53.768310546875],[-131.64891052246094,54.177947998046875],[-132.19918823242188,54.05085754394531],[-132.092529296875,53.90167236328125],[-132.2191925048828,53.771636962890625],[-132.13919067382812,53.69830322265625],[-132.48666381835938,53.56452941894531],[-132.35418701171875,53.67413330078125],[-132.67425537109375,53.67913818359375],[-132.1564483642578,53.849761962890625],[-132.18020629882812,54.01725769042969],[-132.43496704101562,54.101226806640625],[-132.67335510253906,53.94538879394531],[-132.58583068847656,54.12077331542969],[-133.08969116210938,54.18333435058594],[-133.1266632080078,53.776695251464844],[-132.8191680908203,53.60166931152344],[-132.9941864013672,53.562469482421875],[-132.42086791992188,53.336639404296875],[-132.77085876464844,53.32661437988281],[-132.5583953857422,53.33038330078125],[-132.7225341796875,53.25331115722656],[-132.50672912597656,53.28289031982422],[-132.59259033203125,53.19244384765625],[-132.35589599609375,53.14580535888672],[-132.58255004882812,53.0816650390625],[-132.11224365234375,52.98847198486328],[-132.3586883544922,52.94474792480469],[-132.1136932373047,52.740753173828125],[-132.0861358642578,52.85850524902344],[-131.9725799560547,52.79502868652344],[-131.9199676513672,52.712890625],[-132.1082000732422,52.72633361816406],[-131.517578125,52.4124755859375],[-131.5775604248047,52.34333801269531],[-131.2659149169922,52.11830139160156]]],[[[-129.934326171875,53.415748596191406],[-130.56419372558594,53.62249755859375],[-130.00196838378906,53.213775634765625],[-129.76431274414062,53.165000915527344],[-129.934326171875,53.415748596191406]]],[[[-129.4742431640625,53.36830139160156],[-129.3359375,53.366607666015625],[-130.2084503173828,53.91291809082031],[-130.29246520996094,53.82666778564453],[-129.5034942626953,53.20875549316406],[-129.4742431640625,53.36830139160156]]],[[[-132.104248046875,55.12080383300781],[-131.99583435058594,55.263275146484375],[-132.35418701171875,55.13249969482422],[-132.29092407226562,55.241668701171875],[-132.47091674804688,55.25910949707031],[-132.0941619873047,55.2691650390625],[-132.2734375,55.4195556640625],[-132.36007690429688,55.32708740234375],[-132.45755004882812,55.41667175292969],[-132.47091674804688,55.31581115722656],[-132.47592163085938,55.42333221435547],[-132.2808837890625,55.44413757324219],[-132.41172790527344,55.51622009277344],[-132.74249267578125,55.35913848876953],[-132.5283966064453,55.60624694824219],[-132.14413452148438,55.47083282470703],[-132.59249877929688,55.69667053222656],[-132.4558563232422,55.68086242675781],[-132.47085571289062,55.78497314453125],[-132.73585510253906,55.9832763671875],[-133.09922790527344,56.048362731933594],[-133.03924560546875,56.18494415283203],[-133.1758270263672,56.32746887207031],[-133.6195068359375,56.3594970703125],[-133.64085388183594,56.21247100830078],[-133.27252197265625,56.15333557128906],[-133.26693725585938,55.913665771484375],[-133.1373291015625,55.880889892578125],[-133.4066162109375,55.61497497558594],[-132.93588256835938,55.62750244140625],[-133.11317443847656,55.61247253417969],[-133.14999389648438,55.462249755859375],[-132.8825225830078,55.35417175292969],[-133.21644592285156,55.38511657714844],[-133.24472045898438,55.289695739746094],[-132.92166137695312,55.27955627441406],[-133.0163116455078,55.202415466308594],[-132.82508850097656,55.28044128417969],[-132.6684112548828,55.13789367675781],[-132.67088317871094,55.2750244140625],[-132.5449981689453,55.277915954589844],[-132.6558837890625,55.268280029296875],[-132.6359100341797,55.059165954589844],[-132.47755432128906,55.053306579589844],[-132.6158905029297,54.967498779296875],[-132.4199676513672,54.906219482421875],[-132.40005493164062,55.0828857421875],[-132.34754943847656,54.796661376953125],[-132.2324676513672,54.8016357421875],[-132.30755615234375,54.71580505371094],[-132.0183563232422,54.69122314453125],[-131.95474243164062,54.79136657714844],[-132.112548828125,54.899139404296875],[-131.97193908691406,54.90055847167969],[-132.07249450683594,54.94996643066406],[-131.9808349609375,55.03752899169922],[-132.3125762939453,54.982444763183594],[-132.0858612060547,55.038330078125],[-132.1783905029297,55.126251220703125],[-131.9925537109375,55.11083221435547],[-132.104248046875,55.12080383300781]]],[[[-131.36338806152344,55.6512451171875],[-131.27915954589844,55.43830871582031],[-131.467529296875,55.27916717529297],[-131.24008178710938,55.409584045410156],[-131.3292236328125,55.24330139160156],[-131.1617431640625,55.19627380371094],[-130.93031311035156,55.580413818359375],[-131.26341247558594,55.973724365234375],[-131.71421813964844,55.83836364746094],[-131.4942169189453,55.7874755859375],[-131.7242431640625,55.74827575683594],[-131.6258544921875,55.592498779296875],[-131.83258056640625,55.44830322265625],[-131.53338623046875,55.29289245605469],[-131.4667510986328,55.51622009277344],[-131.4100341796875,55.34625244140625],[-131.36338806152344,55.6512451171875]]],[[[-134.2808837890625,56.25830078125],[-134.1383819580078,56.00208282470703],[-134.19593811035156,56.18827819824219],[-134.0975341796875,56.17500305175781],[-134.0700225830078,56.32038879394531],[-133.97084045410156,56.08335876464844],[-133.88255310058594,56.22666931152344],[-133.9858856201172,56.36663818359375],[-133.83253479003906,56.32416534423828],[-133.9858856201172,56.50666809082031],[-133.8476104736328,56.57499694824219],[-133.94175720214844,56.617889404296875],[-133.6941680908203,56.600807189941406],[-133.73089599609375,56.77747344970703],[-133.88668823242188,56.811279296875],[-134.00088500976562,56.651641845703125],[-133.9459228515625,56.80577850341797],[-134.271728515625,56.937889099121094],[-134.1141357421875,56.84330749511719],[-134.4125518798828,56.853302001953125],[-134.39920043945312,56.72083282470703],[-134.20755004882812,56.675804138183594],[-134.27674865722656,56.62205505371094],[-134.08082580566406,56.643333435058594],[-134.32093811035156,56.55497741699219],[-134.03582763671875,56.500831604003906],[-134.05252075195312,56.34330749511719],[-134.18496704101562,56.44872283935547],[-134.294189453125,56.353302001953125],[-134.1675262451172,56.32746887207031],[-134.2808837890625,56.25830078125]]],[[[-133.6875762939453,56.8558349609375],[-133.657470703125,56.43580627441406],[-133.14913940429688,56.464996337890625],[-133.10252380371094,56.61830139160156],[-133.25921630859375,56.643310546875],[-133.3284454345703,56.892059326171875],[-133.00674438476562,56.603721618652344],[-132.994140625,56.93922424316406],[-133.89169311523438,57.09869384765625],[-134.03585815429688,57.061668395996094],[-133.72921752929688,56.88996887207031],[-133.8683624267578,56.84539031982422],[-133.6875762939453,56.8558349609375]]],[[[-134.7291717529297,58.1766357421875],[-134.81256103515625,58.04411315917969],[-134.6808319091797,57.611663818359375],[-134.58502197265625,57.506248474121094],[-134.33253479003906,57.591644287109375],[-134.56585693359375,57.47663879394531],[-134.3225555419922,57.33747100830078],[-134.58255004882812,57.39997100830078],[-134.44749450683594,57.306671142578125],[-134.6508331298828,57.23750305175781],[-134.6199951171875,57.01538848876953],[-134.28416442871094,57.14080810546875],[-134.300048828125,57.25538635253906],[-134.23497009277344,57.17124938964844],[-134.11253356933594,57.247467041015625],[-134.20008850097656,57.39710998535156],[-133.8825225830078,57.350830078125],[-134.11502075195312,57.507080078125],[-133.8559112548828,57.46080780029297],[-134.3108673095703,57.83332824707031],[-134.32015991210938,58.09783172607422],[-133.80593872070312,57.606666564941406],[-134.1792755126953,58.15736389160156],[-134.6967010498047,58.15956115722656],[-134.95838928222656,58.41041564941406],[-134.788330078125,58.09791564941406],[-134.7291717529297,58.1766357421875]]]]}},{"type":"Feature","properties":{"id":"ncr","name":"New California Republic","short":"NCR","color":"#D8B04C","status":"Confirmed","article":"../../polities/new-california-republic/","geometry_model":"v0.10.4 shared-feature topology: approved border routes preserved; neighboring fills locally meet those same routes."},"geometry":{"type":"MultiPolygon","coordinates":[[[[-116.36111450195312,31.240493774414062],[-116.33544158935547,30.96416473388672],[-116.06041717529297,30.80249786376953],[-116.00627899169922,30.364974975585938],[-115.99322509765625,30.506134033203125],[-115.81083679199219,30.299415588378906],[-115.6999740600586,29.754837036132812],[-114.36,29.73],[-114.42288110693774,29.899647958748762],[-114.5656967163086,30.011306762695312],[-114.64233496222356,30.491716200165655],[-114.8363995,31.004651],[-114.83727784717382,31.12439622204762],[-114.91938781738281,31.26324462890625],[-114.82329873596449,31.548359365605535],[-114.81601571190272,31.753797008539333],[-114.85091400146484,31.852386474609375],[-114.81275782739392,31.832622213197006],[-114.808498,32.5325394],[-114.7194443,32.7180634],[-115.01594801685424,32.90403529543483],[-114.7176304027685,32.71692569451069],[-114.6,33.6],[-115.3,33.65],[-116.3,34.05],[-117.8,34.35],[-118.1,34.65],[-118.45,35.13],[-118.3,36.6],[-119.4,37.6],[-119.7,38.2],[-120.1,39.1],[-121.0,40.2],[-120.3,41.2],[-120.4,41.9],[-120.7,42.5],[-121.2,43.4],[-121.5,44.2],[-121.6,44.9],[-121.52,45.71],[-122.0,45.65],[-122.7,45.85],[-123.2,46.17],[-123.58783024412052,46.20607723201121],[-123.81664276123047,46.150390625],[-124.02336120605469,46.22991943359375],[-123.86516571044922,45.49861145019531],[-123.97591400146484,45.489166259765625],[-124.02627563476562,44.4375],[-124.3337173461914,43.374298095703125],[-124.197998046875,43.4681396484375],[-124.17533111572266,43.383445739746094],[-124.38688659667969,43.330780029296875],[-124.56844329833984,42.83917236328125],[-124.40274810791016,42.625389099121094],[-124.41400146484375,42.25227355957031],[-124.20991516113281,41.99791717529297],[-124.25577545166016,41.77061462402344],[-124.06402587890625,41.44469451904297],[-124.13816833496094,40.92686462402344],[-124.4124984741211,40.44166564941406],[-124.36491394042969,40.26036071777344],[-123.85247039794922,39.83013916015625],[-123.7316665649414,38.92155456542969],[-122.97988891601562,38.26905822753906],[-123.02302551269531,37.994415283203125],[-122.52838897705078,37.81544494628906],[-122.43878173828125,37.88166809082031],[-122.5157470703125,38.12913513183594],[-122.25697326660156,38.06083679199219],[-122.4229736328125,37.94667053222656],[-122.10880279541016,37.49913787841797],[-122.3625259399414,37.59288787841797],[-122.47838592529297,37.80955505371094],[-122.40711212158203,37.19664001464844],[-122.13600158691406,36.96649932861328],[-121.86355590820312,36.931556701660156],[-121.8161392211914,36.680755615234375],[-121.98036193847656,36.580474853515625],[-121.9030532836914,36.30427551269531],[-121.28519439697266,35.664337158203125],[-120.88580322265625,35.431251525878906],[-120.88735961914062,35.23442077636719],[-120.64144134521484,35.13513946533203],[-120.6386947631836,34.55938720703125],[-120.45516967773438,34.44172668457031],[-119.56586456298828,34.414222717285156],[-119.13311004638672,34.09916687011719],[-118.53455352783203,34.03382873535156],[-118.413330078125,33.74205780029297],[-118.08924865722656,33.73622131347656],[-117.43502807617188,33.254249572753906],[-117.03844451904297,32.28338623046875],[-116.61477661132812,31.842941284179688],[-116.7490005493164,31.742279052734375],[-116.69364166259766,31.552749633789062],[-116.36111450195312,31.240493774414062]]],[[[-114.6392642525116,30.483431681255247],[-114.6310701667397,30.461324720683177],[-114.6384031,30.4811085],[-114.6392642525116,30.483431681255247]]]]}},{"type":"Feature","properties":{"id":"mde","name":"Mexica Double Eagle Empire","short":"MDE","color":"#3B784A","status":"Provisional southern edge","article":"../../polities/mexica-double-eagle-empire/","geometry_model":"v0.10.4 shared-feature topology: approved border routes preserved; neighboring fills locally meet those same routes."},"geometry":{"type":"MultiPolygon","coordinates":[[[[-111.7088851928711,24.3016357421875],[-111.69488525390625,24.372421264648438],[-111.74894714355469,24.442581176757812],[-111.8199691772461,24.468414306640625],[-111.84605407714844,24.517471313476562],[-112.02191925048828,24.52094268798828],[-111.87472534179688,24.439605712890625],[-111.7088851928711,24.3016357421875]]],[[[-112.21005249023438,24.998916625976562],[-112.30477905273438,24.793197631835938],[-112.26155853271484,24.74974822998047],[-112.26969146728516,24.801467895507812],[-112.15599822998047,24.74791717529297],[-112.13833618164062,24.683998107910156],[-112.176025390625,24.65308380126953],[-112.11569213867188,24.601531982421875],[-112.09855651855469,24.55511474609375],[-112.05855560302734,24.54052734375],[-112.07186126708984,24.58625030517578],[-112.1399154663086,24.63713836669922],[-112.1165542602539,24.68719482421875],[-112.17169189453125,24.79521942138672],[-112.22941589355469,24.826858520507812],[-112.21233367919922,24.84063720703125],[-112.2474136352539,24.840835571289062],[-112.17858123779297,24.871139526367188],[-112.18988800048828,24.957412719726562],[-112.15583038330078,24.97332763671875],[-112.17849731445312,25.039443969726562],[-112.15357971191406,25.144546508789062],[-112.12545013427734,25.210800170898438],[-112.1298599243164,25.275833129882812],[-112.21005249023438,24.998916625976562]]],[[[-112.14282989501953,24.804336547851562],[-112.13994598388672,24.94805908203125],[-112.12380728651654,24.977410827585622],[-112.10780798294867,24.884993685705354],[-112.12513732910156,24.87127685546875],[-112.0922948411762,24.795384771285125],[-112.11589050292969,24.806671142578125],[-112.12149810791016,24.78717041015625],[-112.09263610839844,24.776504516601562],[-112.091399888896,24.790215238029916],[-112.08008575439453,24.72486114501953],[-112.03546905517578,24.7540283203125],[-112.05297274082572,24.799673155985786],[-112.04569181153148,24.819763175150275],[-112.02999877929688,24.80249786376953],[-112.04582977294922,24.788299560546875],[-112.02083587646484,24.744247436523438],[-112.03202819824219,24.737525939941406],[-111.9566421508789,24.751693725585938],[-111.96281297099443,24.7722972458295],[-111.92165351455657,24.727054462742068],[-111.8134994506836,24.507553100585938],[-111.63927459716797,24.558807373046875],[-111.63630676269531,24.539947509765625],[-111.65499877929688,24.548858642578125],[-111.58563995361328,24.415191650390625],[-110.79824568128382,23.87976927900795],[-110.62266540527344,23.71155548095703],[-110.3283920288086,23.560272216796875],[-110.12676613199235,23.138978235672415],[-110.09046936035156,22.990806579589844],[-110.00875091552734,22.89238739013672],[-109.97103118896484,22.870834350585938],[-109.89622497558594,22.873947143554688],[-109.9136962890625,22.881057739257812],[-109.84722137451172,22.90093994140625],[-109.79783630371094,22.962806701660156],[-109.71558380126953,23.004364013671875],[-109.71160888671875,23.032554626464844],[-109.53822326660156,23.10675048828125],[-109.45905303955078,23.198333740234375],[-109.42391967773438,23.30883026123047],[-109.42591857910156,23.45410919189453],[-109.46706522302895,23.50587680588946],[-109.4683609008789,23.55561065673828],[-109.6976089477539,23.662307739257812],[-109.71444702148438,23.736251831054688],[-109.70016479492188,23.798583984375],[-109.76079589626195,23.857333744751518],[-109.82683563232422,24.06116485595703],[-109.92964172363281,24.031051635742188],[-109.93000030517578,24.00921630859375],[-109.93499755859375,24.033218383789062],[-109.99290818692516,24.07072275371992],[-110.01616668701172,24.171188354492188],[-110.17361450195312,24.253662109375],[-110.23558044433594,24.319610595703125],[-110.2310562133789,24.343719482421875],[-110.28514099121094,24.3564453125],[-110.33936309814453,24.318466186523438],[-110.30500030517578,24.178970336914062],[-110.41191864013672,24.108139038085938],[-110.32569122314453,24.176834106445312],[-110.68172454833984,24.35986328125],[-110.65599822998047,24.807052612304688],[-111.0179443359375,25.51580810546875],[-111.21346124364307,25.69103829643494],[-111.22130584716797,25.721664428710938],[-111.30713653564453,25.774993896484375],[-111.31544494628906,25.82916259765625],[-111.2921142578125,25.813278198242188],[-111.31844138771753,25.83743039098851],[-111.3480276950141,26.00083503361386],[-111.3215560913086,26.09771728515625],[-111.3935862982144,26.252454379003314],[-111.38580322265625,26.323974609375],[-111.41193400798664,26.353788449804167],[-111.4419174194336,26.519386291503906],[-111.56283069284915,26.64074663181715],[-111.56085968017578,26.69732666015625],[-111.81952667236328,26.898391723632812],[-111.8534164428711,26.876968383789062],[-111.823974609375,26.81952667236328],[-111.81819152832031,26.716384887695312],[-111.67830657958984,26.5860595703125],[-111.76594543457031,26.551834106445312],[-111.88585877589212,26.751830084619996],[-111.86113739013672,26.783775329589844],[-111.87191772460938,26.8328857421875],[-112.00702667236328,26.95391845703125],[-111.97811686562538,27.059235547303004],[-111.95964050292969,27.070053100585938],[-111.96755981445312,27.097694396972656],[-112.21739196777344,27.20813751220703],[-112.20066833496094,27.250808715820312],[-112.27423760541274,27.348871766686226],[-112.35600280761719,27.551300048828125],[-112.70394134521484,27.753494262695312],[-112.84574890136719,28.441162109375],[-112.90372467041016,28.47608184814453],[-112.95080337881548,28.467318797896553],[-113.10247039794922,28.505081176757812],[-113.12811279296875,28.634002685546875],[-113.15095008333749,28.654039014041953],[-113.1973876953125,28.796722412109375],[-113.25458526611328,28.840911865234375],[-113.31295309025387,28.79664097887356],[-113.34896850585938,28.796615600585938],[-113.38414001464844,28.940994262695312],[-113.41718678614976,28.929638002216638],[-113.43722534179688,28.961532592773438],[-113.4476089477539,28.94066619873047],[-113.48269653320312,28.948104858398438],[-113.47937138594946,28.908268758535467],[-113.52549743652344,28.892417907714844],[-113.55874409434156,29.009856407539992],[-113.5390853881836,29.06072235107422],[-113.59237656053483,29.128657713727343],[-113.63661193847656,29.284912109375],[-114.42288110693774,29.899647958748762],[-114.36,29.73],[-115.67,29.75],[-115.50458526611328,29.61505126953125],[-115.45330810546875,29.62244415283203],[-115.37860870361328,29.557388305664062],[-115.2477798461914,29.51244354248047],[-115.18916320800781,29.427444458007812],[-115.07125091552734,29.41583251953125],[-114.96546936035156,29.37322235107422],[-114.72956216834987,29.13985422002368],[-114.71761322021484,29.109161376953125],[-114.60852169988121,29.020116505932226],[-114.59208679199219,28.96844482421875],[-114.56810760498047,28.973800659179688],[-114.53221893310547,28.918670654296875],[-114.51235098117137,28.92498086934281],[-114.34933000726977,28.76371448454696],[-114.34683227539062,28.730224609375],[-114.29437429594611,28.709350259644207],[-114.27030944824219,28.660667419433594],[-114.24371599720496,28.659237194420918],[-114.04750061035156,28.465133666992188],[-114.127197265625,28.2576904296875],[-114.08917926838168,28.1563460698478],[-114.11602783203125,28.11499786376953],[-114.10639190673828,28.052780151367188],[-114.04766155426408,28.045672534565856],[-114.04088592529297,28.027610778808594],[-114.08112108745034,27.994092842875798],[-114.09416961669922,28.03624725341797],[-114.12041473388672,28.03736114501953],[-114.09294335288749,27.984244294634507],[-114.1399154663086,27.945114135742188],[-114.13963911335387,28.024941875403933],[-114.11508178710938,28.053466796875],[-114.13941955566406,28.088363647460938],[-114.26897430419922,27.942108154296875],[-114.27755737304688,27.903167724609375],[-114.26628112792969,27.88758087158203],[-114.20005798339844,27.915000915527344],[-114.18428114690431,27.942922187285276],[-114.16166687011719,27.952560424804688],[-114.15888580391078,27.908545596691397],[-114.16770935058594,27.947402954101562],[-114.1900863647461,27.916412353515625],[-114.15872092362481,27.90593610202013],[-114.15533609702138,27.852365798371746],[-114.17986297607422,27.821693420410156],[-114.14749908447266,27.72833251953125],[-114.12049865722656,27.706748962402344],[-114.04833221435547,27.7183837890625],[-114.06913757324219,27.80596923828125],[-113.95777893066406,27.656051635742188],[-114.02449798583984,27.663421630859375],[-114.02144622802734,27.679054260253906],[-114.06391906738281,27.694969177246094],[-114.08558654785156,27.67950439453125],[-114.03394317626953,27.672027587890625],[-114.07112547736254,27.61499039755529],[-114.10774993896484,27.601722717285156],[-114.09941864013672,27.62347412109375],[-114.14431411845665,27.64868688794978],[-114.31925201416016,27.873382568359375],[-114.49966430664062,27.772445678710938],[-115.05860900878906,27.861328125],[-115.08366394042969,27.84466552734375],[-115.00855255126953,27.718170166015625],[-114.7698370417449,27.579912075103124],[-114.73921966552734,27.52375030517578],[-114.61347735650617,27.482249640599743],[-114.51994323730469,27.423828125],[-114.49113667185286,27.339138544859257],[-114.48855590820312,27.228439331054688],[-114.44856893500918,27.213991943579707],[-114.43572235107422,27.176223754882812],[-114.05900536956489,27.043632020226777],[-114.0050277709961,26.970748901367188],[-113.95155334472656,26.9984130859375],[-113.85375213623047,26.971389770507812],[-113.76860751143691,26.876921823590163],[-113.7342758178711,26.798500061035156],[-113.68704022745726,26.78642293570512],[-113.65872475419238,26.755006922870255],[-113.70097351074219,26.78900146484375],[-113.62647247314453,26.719223022460938],[-113.5812759399414,26.704917907714844],[-113.5500259399414,26.719253540039062],[-113.51255798339844,26.78741455078125],[-113.44000244140625,26.831832885742188],[-113.41516876220703,26.814224243164062],[-113.447998046875,26.809112548828125],[-113.3996353149414,26.804916381835938],[-113.45747375488281,26.803390502929688],[-113.36555480957031,26.795669555664062],[-113.26819610595703,26.748550415039062],[-113.22141914749854,26.84970639183553],[-113.24555969238281,26.786056518554688],[-113.1866683959961,26.755050659179688],[-113.17009353662715,26.793970014526963],[-113.12958526611328,26.7982177734375],[-113.1495590209961,26.793670654296875],[-113.15411376953125,26.751724243164062],[-113.08844906463224,26.680087121344314],[-113.05858612060547,26.594329833984375],[-112.78858184814453,26.40338897705078],[-112.81844329833984,26.433502197265625],[-112.77801220952463,26.419633166127777],[-112.78739166259766,26.411300659179688],[-112.68358612060547,26.315689086914062],[-112.61666870117188,26.31561279296875],[-112.32987598777122,26.140605424793655],[-112.29521942138672,26.055831909179688],[-112.27410558305318,26.10588051458471],[-112.2389144897461,26.083969116210938],[-112.2699966430664,26.101531982421875],[-112.27991485595703,26.059829711914062],[-112.22166237066529,26.01324755056419],[-112.09016418457031,25.474197387695312],[-112.02146911621094,25.476058959960938],[-112.0048599243164,25.498077392578125],[-112.0153342759108,25.47245867255632],[-112.08946990966797,25.460609436035156],[-112.06755828857422,25.429275512695312],[-112.0875244140625,25.4337158203125],[-112.09600067138672,25.399444580078125],[-112.07186846874903,25.33418437033057],[-112.15174865722656,25.138809204101562],[-112.15650177001953,25.068748474121094],[-112.13904641417123,25.065436948011588],[-112.13169478887528,25.02297158724477],[-112.14752960205078,24.966552734375],[-112.18594360351562,24.957275390625],[-112.16146850585938,24.94977569580078],[-112.18411254882812,24.944076538085938],[-112.1598892211914,24.923805236816406],[-112.1750259399414,24.867721557617188],[-112.15814208984375,24.869972229003906],[-112.18919372558594,24.858665466308594],[-112.17608642578125,24.814109802246094],[-112.14730834960938,24.860031127929688],[-112.16080474853516,24.832473754882812],[-112.14282989501953,24.804336547851562]],[[-112.06494140625,24.76091766357422],[-112.08008575439453,24.72486114501953],[-112.06642353746741,24.76255883288374],[-112.06494140625,24.76091766357422]],[[-114.0733630460656,28.114184855635248],[-114.07597351074219,28.11474609375],[-114.07529219263105,28.11932737070417],[-114.0733630460656,28.114184855635248]],[[-113.61891686497194,26.72378587899821],[-113.60519641519677,26.732071703583184],[-113.5792236328125,26.711776733398438],[-113.61891686497194,26.72378587899821]],[[-113.1671371459961,26.992828369140625],[-113.200649497829,26.90446843535567],[-113.20039141391443,26.912446733159246],[-113.1671371459961,26.992828369140625]],[[-112.03685760498047,24.844139099121094],[-112.02469635009766,24.816360473632812],[-112.04392074177905,24.824650027340468],[-112.03685760498047,24.844139099121094]]],[[[-111.10077667236328,26.011383056640625],[-111.08455657958984,26.067832946777344],[-111.18941497802734,26.028915405273438],[-111.18211364746094,25.97332763671875],[-111.2379150390625,25.838333129882812],[-111.21002960205078,25.8004150390625],[-111.1312484741211,25.9866943359375],[-111.08125305175781,25.969161987304688],[-111.10077667236328,26.011383056640625]]],[[[-115.23149871826172,28.379135131835938],[-115.26422119140625,28.371078491210938],[-115.27999877929688,28.30577850341797],[-115.25172424316406,28.232467651367188],[-115.36580657958984,28.104080200195312],[-115.29338836669922,28.10577392578125],[-115.25521850585938,28.04352569580078],[-115.17933654785156,28.036392211914062],[-115.1507797241211,28.171470642089844],[-115.19164276123047,28.325607299804688],[-115.23149871826172,28.379135131835938]]],[[[-112.25977680890347,28.84843573052555],[-112.19144439697266,28.974998474121094],[-112.21819305419922,28.959503173828125],[-112.19591522216797,29.020858764648438],[-112.27015393833598,29.12947999373773],[-112.27433013916016,29.242584228515625],[-112.46424865722656,29.188331604003906],[-112.5873031616211,28.874053955078125],[-112.31519317626953,28.744140625],[-112.2566909790039,28.764862060546875],[-112.25977680890347,28.84843573052555]]],[[[-113.19078063964844,29.290863037109375],[-113.39258575439453,29.321609497070312],[-113.36722564697266,29.40155029296875],[-113.41139221191406,29.479080200195312],[-113.52994537353516,29.571502685546875],[-113.57405853271484,29.56658172607422],[-113.60997009277344,29.433975219726562],[-113.52738952636719,29.341522216796875],[-113.51828002929688,29.30072021484375],[-113.46646881103516,29.29327392578125],[-113.4298324584961,29.22222137451172],[-113.3283920288086,29.15258026123047],[-113.27108001708984,29.07508087158203],[-113.14238739013672,29.0015869140625],[-113.12591552734375,29.063995361328125],[-113.17585754394531,29.077301025390625],[-113.20244598388672,29.143081665039062],[-113.19078063964844,29.290863037109375]]],[[[-87.55535888671875,19.56999969482422],[-87.61325073242188,19.557525634765625],[-87.66522216796875,19.503219604492188],[-87.67778015136719,19.569107055664062],[-87.69203174759309,19.560938407259925],[-87.7435531616211,19.671859741210938],[-87.63355255126953,19.703079223632812],[-87.60056811018615,19.74934098836607],[-87.49144744873047,19.8084716796875],[-87.4674601707443,19.84977164525568],[-87.48435974121094,19.79736328125],[-87.46702575683594,19.77452850341797],[-87.46538273331304,19.823960899261127],[-87.42411041259766,19.88916778564453],[-87.46031432434027,19.976450255100936],[-87.45410919189453,20.16313934326172],[-87.19539916834167,20.515564388718055],[-87.10138702392578,20.586944580078125],[-86.87261199951172,20.844886779785156],[-86.8226089477539,21.006500244140625],[-86.80525207519531,21.033004760742188],[-86.78189086914062,21.027801513671875],[-86.76821386280726,21.09749313911485],[-86.73805236816406,21.138580322265625],[-87.03724670410156,21.590667724609375],[-87.20135129623067,21.440202282333573],[-87.21788787841797,21.448028564453125],[-87.22441864013672,21.419052124023438],[-87.26280975341797,21.443557739257812],[-87.30674740044938,21.438089462292545],[-87.83640652913105,21.56056549571926],[-87.95816802978516,21.606971740722656],[-88.13680267333984,21.630027770996094],[-88.62049865722656,21.524917602539062],[-88.66015495023512,21.489318580677157],[-89.11139920009418,21.367996450561634],[-89.66244506835938,21.29486083984375],[-89.85433197021484,21.249000549316406],[-89.99519348144531,21.177474975585938],[-90.0998306274414,21.15753173828125],[-90.28216552734375,21.05322265625],[-90.36416625976562,20.970779418945312],[-90.41741943359375,20.781639099121094],[-90.34319305419922,20.960693359375],[-90.32998243238832,20.93343696150079],[-90.4157485961914,20.764190673828125],[-90.45903015136719,20.713226318359375],[-90.45410919189453,20.645660400390625],[-90.49571990966797,20.51824951171875],[-90.48760783525192,20.0067289263753],[-90.52191925048828,19.99591064453125],[-90.48835754394531,19.96722412109375],[-90.48603057861328,19.907272338867188],[-90.65422058105469,19.774383544921875],[-90.70083618164062,19.690994262695312],[-90.71919250488281,19.363052368164062],[-91.45588684082031,18.867164611816406],[-91.51100158691406,18.78827667236328],[-91.4130859375,18.817413330078125],[-91.41647338867188,18.843246459960938],[-91.38136291503906,18.866531372070312],[-91.40583038330078,18.81494140625],[-91.38272094726562,18.78582763671875],[-91.34141540527344,18.767333984375],[-91.30227661132812,18.790664672851562],[-91.23139190673828,18.74866485595703],[-91.5562515258789,18.439666748046875],[-91.87623679257707,18.502075697366873],[-91.88314056396484,18.512222290039062],[-91.85913848876953,18.514022827148438],[-91.9080810546875,18.53502655029297],[-91.8998031616211,18.55816650390625],[-91.92491912841797,18.54802703857422],[-91.9625015258789,18.579635620117188],[-91.94924926757812,18.531471252441406],[-92.01158142089844,18.528472900390625],[-92.00971364095324,18.561241092102186],[-91.97586059570312,18.57891845703125],[-92.00749969482422,18.600082397460938],[-91.93293035040392,18.59827847782996],[-91.93897247314453,18.58655548095703],[-91.90547180175781,18.565719604492188],[-91.85233306884766,18.596328735351562],[-91.97628021240234,18.719024658203125],[-92.34508514404297,18.67919158935547],[-92.68402862548828,18.61919403076172],[-92.65235900878906,18.50341796875],[-92.7018051147461,18.602333068847656],[-93.14828046051866,18.431313675574902],[-93.44830322265625,18.447357177734375],[-93.85250091552734,18.295059204101562],[-93.77974700927734,18.307632446289062],[-93.58830261230469,18.394081115722656],[-93.68298947960875,18.32095639055346],[-93.69108581542969,18.340805053710938],[-93.76499938964844,18.313331604003906],[-93.75558471679688,18.264892578125],[-93.88044223763755,18.244650547648078],[-93.88813781738281,18.262466430664062],[-93.85810852050781,18.300827026367188],[-94.12933349609375,18.21746826171875],[-94.12691592859068,18.204691977828336],[-94.40736389160156,18.159225463867188],[-94.41683197021484,18.060806274414062],[-94.44255828857422,18.095443725585938],[-94.40975189208984,18.150558471679688],[-94.49287999095769,18.155486180911744],[-94.80147552490234,18.539688110351562],[-94.97333526611328,18.563331604003906],[-95.00680541992188,18.55816650390625],[-94.98844146728516,18.528221130371094],[-95.0072250366211,18.53675079345703],[-95.02430725097656,18.512527465820312],[-95.03099822998047,18.534774780273438],[-95.0084457397461,18.559860229492188],[-94.9872817993164,18.56158447265625],[-95.041748046875,18.583251953125],[-95.07483673095703,18.648330688476562],[-95.18580627441406,18.719139099121094],[-95.5907211303711,18.723304748535156],[-95.73577880859375,18.785171508789062],[-95.732666015625,18.738441467285156],[-95.66666412353516,18.720054626464844],[-95.72252655029297,18.728302001953125],[-95.76622009277344,18.754913330078125],[-95.80219268798828,18.749862670898438],[-95.80828094482422,18.7183837890625],[-95.85741424560547,18.716552734375],[-95.84674835205078,18.743331909179688],[-95.80828094482422,18.743972778320312],[-95.85330963134766,18.778945922851562],[-95.83924865722656,18.804222106933594],[-95.86433410644531,18.822471618652344],[-95.75350189208984,18.760833740234375],[-95.74246978759766,18.785720825195312],[-95.95346543271421,18.983276383720103],[-95.96988677978516,19.052474975585938],[-96.03714483017629,19.06162553681996],[-96.09995849453264,19.12043807078507],[-96.09400177001953,19.150802612304688],[-96.12386322021484,19.207473754882812],[-96.3058853149414,19.313247680664062],[-96.28485870361328,19.31060791015625],[-96.32241821289062,19.410804748535156],[-96.3127212524414,19.46405029296875],[-96.36900924083717,19.557445788444262],[-96.39238739013672,19.728111267089844],[-96.44680786132812,19.858413696289062],[-97.17072296142578,20.663055419921875],[-97.22755432128906,20.835777282714844],[-97.42889692500908,21.26721139355753],[-97.32502746582031,21.516693115234375],[-97.3223876953125,21.570526123046875],[-97.72819519042969,22.007247924804688],[-97.83821868896484,22.67724609375],[-97.89111328125,22.597503662109375],[-97.76008605957031,22.892715454101562],[-97.73497009277344,23.770614624023438],[-97.74458312988281,24.4508056640625],[-97.78125,24.421661376953125],[-97.79582977294922,24.31707763671875],[-97.82522394426405,24.403827686174232],[-97.79794311523438,24.415000915527344],[-97.83017599223663,24.418442502218078],[-97.84865377432637,24.472975371777242],[-97.80960845947266,24.517501831054688],[-97.8433609008789,24.492080688476562],[-97.86627960205078,24.524993896484375],[-97.8494862281519,24.548355007400694],[-97.83374786376953,24.5374755859375],[-97.84296041993414,24.557433000334807],[-97.82585906982422,24.581222534179688],[-97.82083129882812,24.548721313476562],[-97.80028158821789,24.552627251207564],[-97.77458190917969,24.502471923828125],[-97.74127960205078,24.486663818359375],[-97.70794677734375,24.657501220703125],[-97.73127746582031,24.671615600585938],[-97.71083068847656,24.687057495117188],[-97.73859591845971,24.67863665124107],[-97.71544647216797,24.777442932128906],[-97.73707400078374,24.787504495662073],[-97.70794677734375,24.810806274414062],[-97.73654470084938,24.825367084299515],[-97.72294616699219,24.871612548828125],[-97.73544311523438,24.90416717529297],[-97.70833587646484,24.856216430664062],[-97.68791961669922,24.874969482421875],[-97.70172119140625,24.883750915527344],[-97.67455291748047,24.88249969482422],[-97.6987533569336,24.90166473388672],[-97.63964080810547,24.928329467773438],[-97.70193086566977,24.95647027522007],[-97.72086334228516,24.988754272460938],[-97.75211334228516,24.979141235351562],[-97.71455383300781,25.014938354492188],[-97.73427581685037,25.03265144499474],[-97.70214080810547,25.077438354492188],[-97.69461059570312,25.151641845703125],[-97.78455352783203,25.13330078125],[-97.66958618164062,25.1766357421875],[-97.70297241210938,25.196670532226562],[-97.70838928222656,25.244522094726562],[-97.73002624511719,25.231246948242188],[-97.75919342041016,25.263717651367188],[-97.80960845947266,25.258277893066406],[-97.77127838134766,25.272476196289062],[-97.78579687415282,25.29287019400318],[-97.72044372558594,25.254974365234375],[-97.69044494628906,25.34166717529297],[-97.7074966430664,25.31041717529297],[-97.73877716064453,25.34832763671875],[-97.70255279541016,25.413803100585938],[-97.66505432128906,25.367996215820312],[-97.65558317304199,25.378281762165056],[-97.62549210556874,25.355525032660516],[-97.63713836669922,25.335052490234375],[-97.61250305175781,25.309608459472656],[-97.58108736319699,25.321943415399126],[-97.568359375,25.283721923828125],[-97.53502655029297,25.287109375],[-97.52210998535156,25.316749572753906],[-97.53850135968096,25.316738309784828],[-97.54653144318624,25.38520906427183],[-97.48294067382812,25.3616943359375],[-97.55280064519397,25.4386651698302],[-97.55838775634766,25.486305236816406],[-97.467529296875,25.42877197265625],[-97.45358168880094,25.44271958073031],[-97.43499755859375,25.41960906982422],[-97.41002655029297,25.424606323242188],[-97.45044708251953,25.357528686523438],[-97.42594316727559,25.369159185157063],[-97.5120849609375,25.118331909179688],[-97.50163733533093,25.10547092822493],[-97.51713562011719,25.10833740234375],[-97.52749633789062,25.01538848876953],[-97.19702911376953,25.642578125],[-97.15950012207031,25.767578125],[-97.13999939971588,25.96638488746709],[-97.2625046,25.9636078],[-97.3519516,25.9125061],[-97.3494492,25.8488922],[-97.4122238,25.8422241],[-97.6139603,26.0],[-97.7822266,26.0638885],[-98.1966705,26.058609],[-98.444725,26.2261047],[-98.652504,26.2411041],[-98.7994537,26.3688812],[-99.0,26.3861847],[-99.0999908,26.4150009],[-99.089447,26.4952774],[-99.172226,26.5608292],[-99.4555588,27.0577698],[-99.4377823,27.2436066],[-99.5183334,27.3083344],[-99.472496,27.4005432],[-99.5049973,27.5702744],[-99.5908279,27.6388931],[-99.7116623,27.6650009],[-99.8577728,27.7980652],[-99.9319458,27.9786072],[-99.994751,28.0],[-100.0713806,28.1511078],[-100.2825089,28.2813873],[-100.3566666,28.4808273],[-100.3250046,28.5047226],[-100.4788895,28.6736145],[-100.5294418,28.8274994],[-100.6238937,28.9199982],[-100.6284866,29.0],[-100.6683273,29.113327],[-100.7627792,29.1705475],[-100.7936096,29.2572174],[-101.0,29.3733978],[-101.3061142,29.6311111],[-101.4050064,29.7727814],[-101.531395,29.7641754],[-101.5347214,29.8144531],[-101.6252823,29.7663879],[-102.0975037,29.8027802],[-102.3058395,29.8894501],[-102.3850021,29.7697296],[-102.6702805,29.7427826],[-102.7969513,29.5180588],[-102.8194427,29.3966675],[-102.8825073,29.3524933],[-102.8991699,29.2580566],[-102.8625031,29.2241669],[-103.0,29.1491699],[-103.1036072,29.0591736],[-103.1136322,29.0],[-103.3038254,29.0],[-103.4719467,29.0683289],[-103.5430527,29.1491699],[-103.726387,29.1933289],[-103.7794495,29.2688904],[-104.0,29.3138733],[-104.5400009,29.6711044],[-104.6930466,30.0],[-104.6822128,30.1875],[-104.855835,30.4060974],[-104.8925018,30.5597153],[-104.9872284,30.6222153],[-105.0,30.6767197],[-105.3897171,30.8622284],[-105.5472794,31.0],[-105.5977707,31.0800018],[-105.7702713,31.1761017],[-106.0,31.3886871],[-106.214447,31.4752731],[-106.390831,31.7447205],[-106.491951,31.7533417],[-106.5663834,31.8180542],[-108.13,32.761],[-108.4854528,32.7003567],[-109.2192578,32.7041447],[-109.6515959,33.2170132],[-109.7108456,33.2525398],[-110.4418043,33.3498515],[-110.8235661,33.2811259],[-111.1242396,33.2875183],[-111.1989973,33.2508459],[-111.7870771,32.7915928],[-111.8839234,32.7508864],[-113.7106315,32.7499009],[-114.72,32.7],[-114.7194443,32.7180634],[-114.7841338,32.6077879],[-114.810197,32.513479],[-114.81136322021484,31.822280883789062],[-114.80103693531332,31.826550986699377],[-114.15875244140625,31.493858337402344],[-114.02255249023438,31.493331909179688],[-114.01154148108516,31.531102693191478],[-114.00238800048828,31.522247314453125],[-113.95844268798828,31.563247680664062],[-113.97083282470703,31.580245971679688],[-113.99822235107422,31.56072235107422],[-113.98080444335938,31.575607299804688],[-113.99302094904544,31.594633202155315],[-113.96519470214844,31.5859375],[-113.97391510009766,31.660171508789062],[-113.95700073242188,31.616470336914062],[-113.90149281655059,31.623544429410707],[-113.87553665320951,31.610417275605432],[-113.87283325195312,31.586334228515625],[-113.85484804181095,31.599954150517277],[-113.6590805053711,31.500946044921875],[-113.63150024414062,31.331497192382812],[-113.55164264177714,31.312249551979058],[-113.5471420288086,31.295860290527344],[-113.47700649716882,31.29426041093266],[-113.19729321777854,31.226842651589553],[-113.1185302734375,31.190582275390625],[-113.13524977815996,31.21188866123864],[-113.10724639892578,31.20513916015625],[-113.10117928527545,31.035751640317233],[-113.13216400146484,31.061416625976562],[-113.09861649607056,30.964201224039392],[-113.12760925292969,30.80975341796875],[-113.08841705322266,30.679443359375],[-112.85026507836986,30.32890524652583],[-112.8665542602539,30.2681884765625],[-112.81561279296875,30.261444091796875],[-112.76127624511719,30.197921752929688],[-112.75005340576172,29.915664672851562],[-112.43362251875055,29.548139800030164],[-112.43052673339844,29.518585205078125],[-112.38500213623047,29.491668701171875],[-112.42353057861328,29.376998901367188],[-112.41239166259766,29.345611572265625],[-112.3479995727539,29.31005859375],[-112.36405944824219,29.326751708984375],[-112.2344970703125,29.30535888671875],[-112.21938642767257,29.21978928823408],[-112.23171997070312,29.180747985839844],[-112.21164644572605,29.17595877994756],[-112.17488861083984,28.967803955078125],[-112.07494839400307,28.91459409741461],[-112.03380584716797,28.858413696289062],[-111.97589111328125,28.844833374023438],[-111.91796875,28.789306640625],[-111.92505645751953,28.81688690185547],[-111.90469360351562,28.795639038085938],[-111.89928310440725,28.821066933359333],[-111.87614442049248,28.80874750764069],[-111.89069366455078,28.79296875],[-111.8502197265625,28.794944763183594],[-111.95153045654297,28.757667541503906],[-111.71280670166016,28.457244873046875],[-111.45938873291016,28.35991668701172],[-111.4534437088591,28.377872052516317],[-111.43533325195312,28.372329711914062],[-111.4592514038086,28.35602569580078],[-111.45719146728516,28.31500244140625],[-111.39099884033203,28.27227783203125],[-111.37699890136719,28.220138549804688],[-111.34161376953125,28.207168579101562],[-111.33280944824219,28.160751342773438],[-111.25680541992188,28.055801391601562],[-111.2122802734375,28.042694091796875],[-111.10641479492188,27.936050415039062],[-110.94809808208309,27.91854686080262],[-110.96839141845703,27.90594482421875],[-110.95341491699219,27.867469787597656],[-110.92194366455078,27.88249969482422],[-110.8866958618164,27.83819580078125],[-110.8560562133789,27.899917602539062],[-110.9078598022461,27.89453125],[-110.88388129529326,27.911447029140437],[-110.68844659157564,27.88983969612508],[-110.6141128540039,27.8558349609375],[-110.64948324727234,27.88553189439008],[-110.5308609008789,27.851104736328125],[-110.50150299072266,27.869171142578125],[-110.51574356848906,27.845303190660573],[-110.56927490234375,27.84349822998047],[-110.60769653320312,27.811965942382812],[-110.56322479248047,27.79633331298828],[-110.61711120605469,27.77483367919922],[-110.6011962890625,27.735916137695312],[-110.58805847167969,27.755142211914062],[-110.5828493828079,27.732830341888285],[-110.60530853271484,27.7230224609375],[-110.6318359375,27.650726318359375],[-110.61665529877507,27.62345873981915],[-110.6286392211914,27.60736083984375],[-110.61225286839476,27.615551060943552],[-110.63019561767578,27.600143432617188],[-110.61152648925781,27.57171630859375],[-110.62433624267578,27.598968505859375],[-110.60477210857701,27.602114063359494],[-110.59422302246094,27.531661987304688],[-110.57241821289062,27.533828735351562],[-110.58097076416016,27.513778686523438],[-110.59319305419922,27.527114868164062],[-110.59361267089844,27.439132690429688],[-110.56819152832031,27.4591064453125],[-110.5758056640625,27.485809326171875],[-110.56602478027344,27.45916748046875],[-110.53177642822266,27.46044158935547],[-110.57347106933594,27.451614379882812],[-110.55936431884766,27.41747283935547],[-110.5368881225586,27.4310302734375],[-110.55819702148438,27.394577026367188],[-110.52703094482422,27.396942138671875],[-110.52427673339844,27.423194885253906],[-110.508056640625,27.413055419921875],[-110.53663635253906,27.373077392578125],[-110.48746381947116,27.391404023777184],[-110.46995094717806,27.359947269593793],[-110.48233032226562,27.325363159179688],[-110.4391098022461,27.304550170898438],[-110.52394104003906,27.291358947753906],[-110.42100465947236,27.257158786986583],[-110.32891845703125,27.166946411132812],[-110.3093032836914,27.156585693359375],[-110.33663940429688,27.182861328125],[-110.3068618774414,27.158309936523438],[-110.28097534179688,27.166358947753906],[-110.30616760253906,27.154327392578125],[-110.2830810546875,27.145004272460938],[-110.23308563232422,27.166275024414062],[-110.19022369384766,27.138412475585938],[-110.22280883789062,27.133392333984375],[-110.11344146728516,27.122467041015625],[-110.15528106689453,27.118362426757812],[-110.05982971191406,27.077301025390625],[-110.03433227539062,27.10991668701172],[-110.04905700683594,27.12469482421875],[-109.97450256347656,27.108810424804688],[-109.91998140616339,26.976112879222264],[-109.94083404541016,27.0098876953125],[-109.9501953125,26.995864868164062],[-109.90466694911063,26.938839443312734],[-109.83016967773438,26.757522583007812],[-109.67444610595703,26.67333221435547],[-109.67091369628906,26.690780639648438],[-109.63522338867188,26.6983642578125],[-109.65450286865234,26.692474365234375],[-109.49505615234375,26.670860290527344],[-109.57677459716797,26.701805114746094],[-109.51519775390625,26.702362060546875],[-109.55201112902705,26.726276077303936],[-109.43624877929688,26.713272094726562],[-109.43194580078125,26.671661376953125],[-109.4876937866211,26.682525634765625],[-109.41169759367284,26.657875096659396],[-109.26127624511719,26.318466186523438],[-109.25164031982422,26.474105834960938],[-109.23683166503906,26.399856567382812],[-109.19264221191406,26.357254028320312],[-109.1814193725586,26.378890991210938],[-109.20855712890625,26.40960693359375],[-109.18748599083291,26.397994094153972],[-109.15758514404297,26.33747100830078],[-109.13797624433771,26.339256467996716],[-109.14922332763672,26.314834594726562],[-109.12033081054688,26.3040771484375],[-109.13661193847656,26.29547119140625],[-109.09339141845703,26.286361694335938],[-109.12247467041016,26.24571990966797],[-109.11145324230193,26.2121740839798],[-109.16682546831723,26.25914823359488],[-109.14927673339844,26.272361755371094],[-109.16913604736328,26.277389526367188],[-109.15655517578125,26.3048095703125],[-109.21336364746094,26.342529296875],[-109.29105377197266,26.140167236328125],[-109.25791918940949,26.285552638813623],[-109.23583221435547,26.29913330078125],[-109.25102996826172,26.315780639648438],[-109.28663635253906,26.281692504882812],[-109.41497039794922,26.04986572265625],[-109.43402862548828,26.001968383789062],[-109.41279204463771,25.99755923299139],[-109.43583679199219,25.997886657714844],[-109.45205688476562,25.955833435058594],[-109.41416931152344,25.95874786376953],[-109.45044708251953,25.9483642578125],[-109.41021075509894,25.93557746269322],[-109.4304428100586,25.925827026367188],[-109.40844369629062,25.89314695208376],[-109.4304428100586,25.81749725341797],[-109.40699580260859,25.858380215432415],[-109.41958618164062,25.824996948242188],[-109.40472601816558,25.803878286896197],[-109.41586303710938,25.8187255859375],[-109.4354476928711,25.806640625],[-109.3996353149414,25.681640625],[-109.3504594613528,25.766628421420176],[-109.33997344970703,25.75457763671875],[-109.3300552368164,25.772056579589844],[-109.33502960205078,25.741226196289062],[-109.30257813802297,25.74007255635654],[-109.28293253391665,25.711078685318764],[-109.29460906982422,25.654998779296875],[-109.23672485351562,25.64288330078125],[-109.23674774169922,25.732887268066406],[-109.22416687011719,25.676223754882812],[-109.19974206506001,25.683105450224428],[-109.2033920288086,25.6571044921875],[-109.18375348701268,25.661007501590927],[-109.19288635253906,25.64752197265625],[-109.17387119876976,25.647349107621984],[-109.1004722397397,25.545903786993883],[-109.1187744140625,25.54247283935547],[-109.03922271728516,25.46125030517578],[-108.94391676956819,25.491596519048755],[-108.93836212158203,25.451194763183594],[-108.8944652907132,25.50734228507508],[-108.82249853242747,25.530257105094172],[-108.81586456298828,25.516250610351562],[-108.77749633789062,25.544586181640625],[-108.7651592131804,25.49676722068487],[-108.79039001464844,25.4649658203125],[-108.75696101739398,25.4649908373357],[-108.74827913304026,25.43133966668741],[-108.76461029052734,25.428306579589844],[-108.73921966552734,25.396224975585938],[-108.46779871491472,25.26833850757187],[-108.3891372680664,25.184585571289062],[-108.3797933584664,25.226872680497387],[-108.20732233611,25.1456088361473],[-108.16002655029297,25.10541534423828],[-108.12687868494461,25.107705887246432],[-108.04419708251953,25.068748474121094],[-108.02214050292969,24.897499084472656],[-108.00711059570312,24.863327026367188],[-107.98150144975243,24.867044638378083],[-108.0179443359375,24.84166717529297],[-107.96531212541558,24.735773296123647],[-108.04865450214453,24.773758671956156],[-108.0433578491211,24.791221618652344],[-108.06961059570312,24.783309936523438],[-107.9955825805664,24.64672088623047],[-107.80519104003906,24.532363891601562],[-107.93216660011869,24.628932518983405],[-107.86771166650333,24.610852722346337],[-107.79264068603516,24.558944702148438],[-107.78194427490234,24.571578979492188],[-107.74288940429688,24.530364990234375],[-107.75382995605469,24.498275756835938],[-107.71216583251953,24.49072265625],[-107.68521881103516,24.514022827148438],[-107.63864135742188,24.463882446289062],[-107.59358215332031,24.47052764892578],[-107.5868911743164,24.493392944335938],[-107.613525390625,24.515106201171875],[-107.53986358642578,24.518890380859375],[-107.49988555908203,24.3564453125],[-107.55828094482422,24.387969970703125],[-107.48747253417969,24.326553344726562],[-107.78622436523438,24.515274047851562],[-107.80780792236328,24.50902557373047],[-107.41664123535156,24.239028930664062],[-107.34124755859375,24.221633911132812],[-107.33285868384672,24.234799804729075],[-107.33769226074219,24.218643188476562],[-107.22746691924515,24.1362798580117],[-107.40010833740234,24.23474884033203],[-106.89749908447266,23.84522247314453],[-106.88316345214844,23.792800903320312],[-106.79586029052734,23.6788330078125],[-106.81058502197266,23.650161743164062],[-106.72191235485913,23.594494947684105],[-106.4288330078125,23.175994873046875],[-106.23159063708029,23.047767009388707],[-106.03927612304688,22.83660888671875],[-105.97344207763672,22.87994384765625],[-106.03494262695312,22.831581115722656],[-105.91319641724702,22.735114054377384],[-105.65521349756956,22.114926431158004],[-105.6500015258789,22.002220153808594],[-105.50997809058684,21.76578237938697],[-105.45105743408203,21.62413787841797],[-105.1903305053711,21.460914611816406],[-105.24964141845703,21.348892211914062],[-105.21818717694418,21.233369361266877],[-105.23938751220703,21.060195922851562],[-105.27610034982257,21.024812140960687],[-105.31591796875,21.035308837890625],[-105.332275390625,20.986221313476562],[-105.54033660888672,20.7701416015625],[-105.41352844238281,20.736000061035156],[-105.34105682373047,20.756057739257812],[-105.24678039550781,20.582359313964844],[-105.47826533630933,20.49334088117146],[-105.60536193847656,20.476882934570312],[-105.64651872073051,20.42863838889919],[-105.69527435302734,20.409889221191406],[-105.51930236816406,20.032470703125],[-105.03074645996094,19.385581970214844],[-104.87586212158203,19.277084350585938],[-104.8512619942907,19.293636112532244],[-104.80471397942975,19.269790610728897],[-104.81175231933594,19.23474884033203],[-104.74492090270158,19.23915996142606],[-104.65763854980469,19.194168090820312],[-104.69000244140625,19.199920654296875],[-104.69530487060547,19.174026489257812],[-104.5489746722128,19.13878111162039],[-103.8429183959961,18.777084350585938],[-103.50991821289062,18.312667846679688],[-102.27030944824219,17.947280883789062],[-102.1181640625,17.91986083984375],[-102.04801614386075,17.956762714239265],[-101.95014190673828,17.9609375],[-101.67013549804688,17.733612060546875],[-101.65919494628906,17.664138793945312],[-101.61319732666016,17.66021728515625],[-101.58071899414062,17.6197509765625],[-101.55791473388672,17.633865356445312],[-101.56138610839844,17.610191345214844],[-101.51559483781166,17.617390330139607],[-101.45056860803852,17.565981452246508],[-101.45761108398438,17.528915405273438],[-101.34373431328947,17.481519670705268],[-101.07172393798828,17.26647186279297],[-99.69258117675781,16.703170776367188],[-99.1109057153936,16.61145374617156],[-98.86091613769531,16.535667419433594],[-98.85258483886719,16.566665649414062],[-98.78388977050781,16.559890747070312],[-98.5695571899414,16.326553344726562],[-97.788330078125,15.95855712890625],[-97.20310974121094,15.903167724609375],[-97.06214141845703,15.840614318847656],[-97.03324890136719,15.796524047851562],[-96.85733032226562,15.722663879394531],[-96.69355743524328,15.697526060972068],[-96.56341552734375,15.645004272460938],[-96.24541473388672,15.667388916015625],[-95.78894716730854,15.880684123254689],[-95.5689468383789,15.9560546875],[-95.43922424316406,15.976387023925781],[-95.37091827392578,16.01727294921875],[-95.37841796875,16.04541778564453],[-95.34974670410156,16.07958221435547],[-95.27649688720703,16.10247039794922],[-95.25569742037669,16.129857610288237],[-95.14494323730469,16.181610107421875],[-94.31913757324219,16.139968872070312],[-94.05819702148438,16.005775451660156],[-93.76987613388339,15.892590720845206],[-93.61175881570236,15.786730483945687],[-92.19513702392578,14.505615234375],[-91.78758239746094,14.189224243164062],[-91.54227447509766,14.044807434082031],[-91.30533599853516,13.948837280273438],[-91.05386352539062,13.913223266601562],[-90.83168227549822,13.921456592890117],[-90.53022003173828,13.904029846191406],[-89.86299605950929,13.55],[-89.82258077167793,13.55],[-89.8106918334961,13.522247314453125],[-89.6810302734375,13.531585693359375],[-89.52758026123047,13.493247985839844],[-89.30330657958984,13.484222412109375],[-88.98071405722862,13.332948454503999],[-88.66728762215989,13.263703079314396],[-88.6332778930664,13.278251647949219],[-88.67082977294922,13.292472839355469],[-88.62919616699219,13.280693054199219],[-88.64099884033203,13.30816650390625],[-88.62088775634766,13.276390075683594],[-88.55158233642578,13.270057678222656],[-88.52447509765625,13.232444763183594],[-88.47755432128906,13.264053344726562],[-88.43466496887149,13.212309702425099],[-88.38414001464844,13.216690063476562],[-88.34164182359997,13.191758077306972],[-88.3554458618164,13.240608215332031],[-88.3258904215237,13.188278116383142],[-88.20131950936421,13.160756635789769],[-88.06141662597656,13.176498413085938],[-87.8991928100586,13.154136657714844],[-87.91213989257812,13.199607849121094],[-87.93482971191406,13.182746887207031],[-87.92549896240234,13.198944091796875],[-87.83158111572266,13.2366943359375],[-87.7776107788086,13.293418884277344],[-87.8675537109375,13.360969543457031],[-87.83924865722656,13.444831848144531],[-87.84178161621094,13.41705322265625],[-87.78446960449219,13.400253295898438],[-87.79766845703125,13.384109497070312],[-87.74366760253906,13.352828979492188],[-87.6776351928711,13.371139526367188],[-87.64986419677734,13.41583251953125],[-87.67272186279297,13.434776306152344],[-87.63580322265625,13.467361450195312],[-87.60702514648438,13.460891723632812],[-87.62586212158203,13.439720153808594],[-87.60150146484375,13.407112121582031],[-87.61988830566406,13.377113342285156],[-87.58513641357422,13.379997253417969],[-87.65608215332031,13.367584228515625],[-87.66114044189453,13.338470458984375],[-87.62728118896484,13.310081481933594],[-87.58677673339844,13.3050537109375],[-87.57416534423828,13.346778869628906],[-87.59363555908203,13.359024047851562],[-87.55477905273438,13.369499206542969],[-87.53244018554688,13.343475341796875],[-87.50186157226562,13.358917236328125],[-87.51069641113281,13.377059936523438],[-87.47980499267578,13.356277465820312],[-87.47883605957031,13.389579772949219],[-87.44171905517578,13.373443603515625],[-87.42263793945312,13.41644287109375],[-87.3768310546875,13.392387390136719],[-87.42544555664062,13.353446960449219],[-87.45869445800781,13.355751037597656],[-87.47819519042969,13.311836242675781],[-87.4629898071289,13.282180786132812],[-87.44280242919922,13.32086181640625],[-87.45891571044922,13.278640747070312],[-87.50027465820312,13.301582336425781],[-87.51736450195312,13.2611083984375],[-87.44808197021484,13.2342529296875],[-87.46492004394531,13.224113464355469],[-87.43991031045748,13.180044844771265],[-87.1,13.35],[-86.6,13.55],[-86.0,13.75],[-85.3,14.05],[-84.6,14.15],[-83.8,14.1],[-83.36606231523898,14.734216616189189],[-83.42597198486328,14.816612243652344],[-83.32677459716797,14.909858703613281],[-83.31313901692806,14.833592288351621],[-83.33580780029297,14.826530456542969],[-83.31001682296355,14.816129258745589],[-83.30413818359375,14.783248901367188],[-83.14158630371094,14.992996215820312],[-83.38516998291016,15.250862121582031],[-83.71755981445312,15.396720886230469],[-83.73735809326172,15.355751037597656],[-83.55322265625,15.280776977539062],[-83.63494110107422,15.304222106933594],[-83.70200629714314,15.220900183429581],[-83.7681655883789,15.19427490234375],[-83.78152465820312,15.280029296875],[-83.82492065429688,15.268363952636719],[-83.80249786376953,15.293304443359375],[-83.96927642822266,15.395774841308594],[-84.0497817993164,15.390052795410156],[-84.0440816356315,15.360921941441617],[-84.09249877929688,15.338363647460938],[-84.04469299316406,15.527496337890625],[-83.9534396535247,15.489165940892104],[-83.92416381835938,15.44244384765625],[-83.83655548095703,15.425750732421875],[-83.75736236572266,15.369888305664062],[-83.72747039794922,15.394248962402344],[-84.3048324584961,15.817359924316406],[-84.64733123779297,15.867530822753906],[-84.48486328125,15.812141418457031],[-84.5805293908674,15.791526454747373],[-84.6193618774414,15.81842041015625],[-84.6171646118164,15.786666870117188],[-84.65066528320312,15.776412963867188],[-84.67266845703125,15.810836791992188],[-84.65758514404297,15.86907958984375],[-85.02177429199219,15.9873046875],[-85.46536254882812,15.860610961914062],[-85.5988082718332,15.90206417839095],[-85.72814178466797,15.972335815429688],[-86.00780487060547,16.02911376953125],[-85.93722534179688,15.930809020996094],[-86.01970717907975,15.901922393476136],[-86.18025207519531,15.88983154296875],[-86.36061096191406,15.78253173828125],[-86.41673195789633,15.779894607800497],[-86.50321960449219,15.818557739257812],[-86.67705535888672,15.789192199707031],[-86.7826919555664,15.800857543945312],[-86.91166687011719,15.756637573242188],[-87.37572479248047,15.849250793457031],[-87.45669555664062,15.783164978027344],[-87.52063751220703,15.794113159179688],[-87.50980377197266,15.777442932128906],[-87.61983489990234,15.8824462890625],[-87.62744140625,15.906806945800781],[-87.60152435302734,15.930084228515625],[-87.64583587646484,15.906692504882812],[-87.64005279541016,15.876747131347656],[-87.72252655029297,15.925804138183594],[-87.77270731573931,15.896912592724647],[-87.83019256591797,15.900833129882812],[-87.95255279541016,15.865776062011719],[-87.96497344970703,15.84649658203125],[-87.93599700927734,15.839614868164062],[-87.94166564941406,15.815780639648438],[-88.04924774169922,15.784919738769531],[-88.14655303955078,15.681671142578125],[-88.59178161621094,15.964218139648438],[-88.6240005493164,15.965530395507812],[-88.61580657958984,15.936386108398438],[-88.49336242675781,15.844108581542969],[-88.55061340332031,15.841529846191406],[-88.5641098022461,15.861808776855469],[-88.55752563476562,15.809165954589844],[-88.62261199951172,15.6951904296875],[-88.64484545673825,15.709028927708484],[-88.6298599243164,15.755722045898438],[-88.7282485961914,15.818275451660156],[-88.76288604736328,15.806526184082031],[-88.74833679199219,15.829887390136719],[-88.79730224609375,15.862358093261719],[-88.88016510009766,15.861831665039062],[-88.90914154052734,15.896583557128906],[-88.93653106689453,15.890579223632812],[-88.91336059570312,15.906219482421875],[-88.83679512646071,16.063887808416833],[-88.74922180175781,16.139114379882812],[-88.73069763183594,16.17449951171875],[-88.74835968017578,16.217559814453125],[-88.58335876464844,16.239974975585938],[-88.36325073242188,16.512557983398438],[-88.2721976952941,16.790221653568643],[-88.25086212158203,16.804222106933594],[-88.26038363874004,16.826248286022395],[-88.21736145019531,16.957443237304688],[-88.30519104003906,17.231307983398438],[-88.18177795410156,17.497360229492188],[-88.29367065429688,17.620277404785156],[-88.23149871826172,17.717132568359375],[-88.20683288574219,17.924911499023438],[-88.15152740478516,17.967666625976562],[-88.1766357421875,17.973472595214844],[-88.15133666992188,17.974502563476562],[-88.105224609375,18.098472595214844],[-88.0931396484375,18.355224609375],[-88.0999984741211,18.37591552734375],[-88.13959752992295,18.358739392575618],[-88.398193359375,18.37830352783203],[-88.2966079711914,18.456558227539062],[-88.31634020076784,18.49144509961005],[-88.28563690185547,18.493301391601562],[-88.22822939277852,18.61323631055633],[-88.052001953125,18.856826782226562],[-88.08086395263672,18.478858947753906],[-87.93058013916016,18.4381103515625],[-87.8961410522461,18.217666625976562],[-87.8626937866211,18.2274169921875],[-87.87572479248047,18.214942932128906],[-87.83924865722656,18.188194274902344],[-87.45713806152344,19.317947387695312],[-87.48677825927734,19.326751708984375],[-87.50705283295038,19.300870003791452],[-87.49835968017578,19.335800170898438],[-87.60399380626876,19.26770350477633],[-87.70024871826172,19.234771728515625],[-87.5687059170993,19.399789125107553],[-87.53355407714844,19.398361206054688],[-87.44808197021484,19.469390869140625],[-87.41522216796875,19.592330932617188],[-87.45872497558594,19.646530151367188],[-87.43363039870022,19.585769405061537],[-87.5203857421875,19.594139099121094],[-87.49888610839844,19.572967529296875],[-87.53804933296995,19.548549765404847],[-87.55535888671875,19.56999969482422]],[[-87.46730274104942,19.822503860699513],[-87.46702575683594,19.77452850341797],[-87.4717788696289,19.819107055664062],[-87.46730274104942,19.822503860699513]],[[-87.57347106933594,19.285354614257812],[-87.57858970528822,19.2763950318088],[-87.5897067797373,19.272591537515883],[-87.57347106933594,19.285354614257812]],[[-87.54741668701172,19.40313720703125],[-87.56740694990907,19.40141864935438],[-87.55442789141786,19.41770057754436],[-87.54741668701172,19.40313720703125]],[[-87.46511197975765,19.832106855018324],[-87.44264221191406,19.892501831054688],[-87.4615397751733,19.939581050357074],[-87.42839050292969,19.898391723632812],[-87.46511197975765,19.832106855018324]],[[-88.64310024242432,21.493903932137595],[-88.63422393798828,21.50005340576172],[-88.63533317645516,21.4959921958405],[-88.64310024242432,21.493903932137595]],[[-93.14139556061762,18.415237250581015],[-93.1376619088874,18.382668225432038],[-93.14494633121036,18.41603944358276],[-93.14139556061762,18.415237250581015]],[[-97.44660949707031,21.35619354248047],[-97.42986297607422,21.3153076171875],[-97.43323319651876,21.277358754273198],[-97.49716307537243,21.426961826818463],[-97.48588562011719,21.455032348632812],[-97.51977423609884,21.479874473911522],[-97.77324676513672,22.073028564453125],[-97.62232971191406,21.78533172607422],[-97.37352752685547,21.526748657226562],[-97.38364210358503,21.465245669598254],[-97.44660949707031,21.35619354248047]],[[-109.27933502197266,26.272384643554688],[-109.27683746631422,26.27392032053443],[-109.28033719496793,26.268243685086897],[-109.27933502197266,26.272384643554688]],[[-107.94100189208984,24.724693298339844],[-107.9574508901103,24.73219034121765],[-107.9486960994338,24.73639062972284],[-107.94100189208984,24.724693298339844]],[[-109.08919525146484,25.52375030517578],[-109.09119350907203,25.533079575042628],[-109.08945143026169,25.530671833218896],[-109.08919525146484,25.52375030517578]],[[-107.29119110107422,24.232696533203125],[-107.29421997070312,24.214141845703125],[-107.32809238526622,24.2345592143367],[-107.29119110107422,24.232696533203125]],[[-107.19761447576684,24.119253006862877],[-107.17036437988281,24.11224365234375],[-107.1832504272461,24.160919189453125],[-107.14602661132812,24.143280029296875],[-107.15636444091797,24.107467651367188],[-107.05613708496094,24.038558959960938],[-107.19761447576684,24.119253006862877]]],[[[-88.57534025832635,13.243389126839546],[-88.59427642822266,13.262191772460938],[-88.61680934024838,13.252550900752551],[-88.57534025832635,13.243389126839546]]],[[[-83.36697387695312,14.765914916992188],[-83.33719635009766,14.78125],[-83.36675262451172,14.781639099121094],[-83.36697387695312,14.765914916992188]]],[[[-83.32749938964844,14.806556701660156],[-83.32933107370806,14.787900738426673],[-83.3169654930531,14.805973510153148],[-83.32749938964844,14.806556701660156]]],[[[-86.49047088623047,16.360694885253906],[-86.42158508300781,16.370864868164062],[-86.41007995605469,16.39166259765625],[-86.21324920654297,16.427688598632812],[-86.40961456298828,16.431556701660156],[-86.62232971191406,16.33049774169922],[-86.65691375732422,16.271530151367188],[-86.52497100830078,16.316802978515625],[-86.49047088623047,16.360694885253906]]],[[[-87.87361145019531,18.079750061035156],[-87.82350158691406,18.115943908691406],[-87.83758544921875,18.17505645751953],[-87.8621826171875,18.189895629882812],[-87.92089080810547,18.088943481445312],[-87.9044418334961,18.077194213867188],[-87.95185852050781,18.059921264648438],[-87.94241333007812,18.042251586914062],[-87.90208435058594,18.05236053466797],[-87.92578125,18.005584716796875],[-87.92869567871094,18.034225463867188],[-87.94672393798828,18.018470764160156],[-87.99539184570312,17.91082763671875],[-87.96419525146484,17.962921142578125],[-87.95375061035156,17.938308715820312],[-88.0,17.906356811523438],[-87.99500274658203,17.885421752929688],[-88.01058197021484,17.89947509765625],[-88.04164123535156,17.880142211914062],[-88.01969146728516,17.874114990234375],[-87.98046875,17.889999389648438],[-87.87361145019531,18.079750061035156]]],[[[-91.58638763427734,18.721389770507812],[-91.5191421508789,18.759689331054688],[-91.54569244384766,18.78900146484375],[-91.85305786132812,18.641555786132812],[-91.82096862792969,18.62230682373047],[-91.71778106689453,18.665802001953125],[-91.73075103759766,18.6466064453125],[-91.69791412353516,18.64385986328125],[-91.62772369384766,18.7171630859375],[-91.5761947631836,18.74494171142578],[-91.58638763427734,18.721389770507812]]],[[[-86.79255676269531,20.468215942382812],[-86.72747039794922,20.599136352539062],[-86.83894348144531,20.54327392578125],[-86.82772064208984,20.55657958984375],[-86.8707504272461,20.541580200195312],[-86.89646911621094,20.56903076171875],[-86.9258041381836,20.555023193359375],[-87.02999877929688,20.36083221435547],[-86.9933853149414,20.267471313476562],[-86.93025207519531,20.3115234375],[-86.79255676269531,20.468215942382812]]],[[[-87.34453484789739,21.563023231931595],[-87.39733123779297,21.51721954345703],[-87.39544677734375,21.497726440429688],[-87.33916473388672,21.521133422851562],[-87.24729617716095,21.49819745144063],[-87.34453484789739,21.563023231931595]]],[[[-83.0,21.60292948799679],[-83.19291687011719,21.62830352783203],[-83.0,21.465415954589844],[-83.0,21.60292948799679]]],[[[-106.56238555908203,21.678085327148438],[-106.66163635253906,21.69530487060547],[-106.63097381591797,21.599082946777344],[-106.532470703125,21.538917541503906],[-106.50505828857422,21.60388946533203],[-106.56238555908203,21.678085327148438]]],[[[-83.0,21.87813523940645],[-83.09378051757812,21.783309936523438],[-83.0,21.65426701177641],[-83.0,21.87813523940645]]],[[[-109.93424987792969,24.327362060546875],[-109.89060974121094,24.193191528320312],[-109.85913848876953,24.150802612304688],[-109.79730224609375,24.14105224609375],[-109.81322479248047,24.210556030273438],[-109.92822265625,24.380355834960938],[-109.93424987792969,24.327362060546875]]],[[[-108.1421127319336,25.04913330078125],[-108.12458038330078,24.97669219970703],[-108.1570816040039,24.967529296875],[-108.12877655029297,24.96416473388672],[-108.14630889892578,24.961639404296875],[-108.11416625976562,24.910415649414062],[-108.12000274658203,24.951217651367188],[-108.07544708251953,24.847503662109375],[-108.09046936035156,24.838333129882812],[-108.05252838134766,24.82372283935547],[-108.0737533569336,24.889968872070312],[-108.04582977294922,24.84124755859375],[-108.0370864868164,24.928329467773438],[-108.0604476928711,24.99749755859375],[-108.1421127319336,25.04913330078125]]],[[[-110.64519500732422,24.91944122314453],[-110.58078002929688,24.89019775390625],[-110.5989990234375,24.873855590820312],[-110.53624725341797,24.890060424804688],[-110.58999633789062,25.02850341796875],[-110.67377471923828,25.053253173828125],[-110.71477508544922,25.100830078125],[-110.71819305419922,25.03338623046875],[-110.68475341796875,25.021469116210938],[-110.64519500732422,24.91944122314453]]],[[[-114.63107016421279,30.46132478090421],[-114.71208190917969,30.912689208984375],[-114.83727784717382,31.12439622204762],[-114.8363995,31.004651],[-114.63107016421279,30.46132478090421]]],[[[-114.78533172607422,31.62249755859375],[-114.7842788696289,31.664138793945312],[-114.81601571190272,31.753797008539333],[-114.82329873596449,31.548359365605535],[-114.78533172607422,31.62249755859375]]],[[[-114.68180847167969,31.689056396484375],[-114.68305969238281,31.6685791015625],[-114.64319610595703,31.658164978027344],[-114.65580749511719,31.713943481445312],[-114.71125030517578,31.736495971679688],[-114.7649154663086,31.803939819335938],[-114.79586029052734,31.805496215820312],[-114.79261016845703,31.73072052001953],[-114.70008087158203,31.67071533203125],[-114.6900863647461,31.687301635742188],[-114.71675109863281,31.71727752685547],[-114.68180847167969,31.689056396484375]]]]}},{"type":"Feature","properties":{"id":"great-basin","name":"Great Basin Mosaic","short":"Great Basin","color":"#B7AD94","status":"Fragmented Indigenous political region — internal polities not yet mapped","article":"","unfilled":false,"geometry_model":"v0.10.4 shared-feature topology: approved border routes preserved; neighboring fills locally meet those same routes."},"geometry":{"type":"Polygon","coordinates":[[[-106.5571176,39.9289086],[-106.389,40.059],[-107.6,40.55],[-108.9,40.95],[-109.3,40.45],[-110.2,40.6],[-111.2,41.1],[-111.0,42.4],[-111.0,43.1],[-111.2,44.3],[-111.0,44.8],[-112.2,44.95],[-112.7,45.25],[-113.5,45.65],[-113.8,46.15],[-114.2,46.5],[-114.5,46.8],[-115.2,46.8],[-116.0,46.3],[-116.4,45.65],[-117.2,45.4],[-118.2,45.2],[-119.0,45.45],[-120.0,45.6],[-121.52,45.71],[-121.6,44.9],[-121.5,44.2],[-121.2,43.4],[-120.7,42.5],[-120.4,41.9],[-120.3,41.2],[-121.0,40.2],[-120.1,39.1],[-119.7,38.2],[-119.4,37.6],[-118.3,36.6],[-118.45,35.13],[-118.1,34.65],[-117.8,34.35],[-116.3,34.05],[-115.3,33.65],[-114.6,33.6],[-114.72,32.7],[-113.7106315,32.7499009],[-111.8766182,32.7518723],[-111.7805178,32.7962717],[-111.6210561,32.9347736],[-111.1522816,33.278606],[-110.8152285,33.2819076],[-110.4501535,33.35],[-109.6848006,33.2440168],[-109.2133455,32.7019729],[-108.4854528,32.7003567],[-108.13,32.761],[-108.0060938,33.8184844],[-108.0078125,35.625],[-108.0820312,36.51875],[-108.353125,38.3525],[-108.5506068,39.0559654],[-108.4361665,39.0552044],[-108.3267863,39.1031667],[-108.2376001,39.2053275],[-108.2175985,39.2872928],[-108.1893846,39.3167232],[-107.9782872,39.4601913],[-107.7955167,39.5167501],[-107.4841666,39.5644539],[-107.3056675,39.5509716],[-107.1937483,39.5761213],[-107.0990409,39.6166393],[-106.9324777,39.8148217],[-106.8304835,39.8838456],[-106.7379625,39.9049405],[-106.674564,39.8792405],[-106.592356,39.8824575],[-106.5571176,39.9289086]],[[-115.41464447509931,35.93290177549441],[-115.56074739664463,35.99058531572551],[-115.57866381893596,36.04288431188144],[-115.66265458167635,36.125641110730534],[-115.62143709014295,36.197812382446934],[-115.69403175662312,36.26853351094136],[-115.66262491915428,36.29809081110379],[-115.57965325037631,36.32376013779583],[-115.49268973589139,36.41230980446854],[-115.30213862207962,36.48769852624886],[-115.21215888459743,36.63515049080343],[-115.13582001486907,36.67589892130605],[-115.02456045705853,36.6336508115384],[-114.99897364073432,36.683594411863275],[-114.73436232187998,36.45328673525807],[-114.65809770653473,36.41803718232021],[-114.46013560929785,36.379299927033756],[-114.43935814061449,36.34260285845744],[-114.42934235739263,36.281194843289285],[-114.44907648704852,36.17636015601294],[-114.42115638922678,36.02826468971359],[-114.43099183612175,35.902858408522164],[-114.5781700928367,35.8275553101087],[-114.58299942999426,35.77656544733441],[-114.62227036254227,35.75703746941413],[-114.84744291877881,35.76458226654982],[-115.0615164706644,35.840722643825046],[-115.18296686233882,35.77254024028584],[-115.22047668387675,35.80540674731211],[-115.22385949530316,35.83559331574934],[-115.31824591436818,35.84276850257093],[-115.34077247568933,35.88699169300937],[-115.38631886341749,35.88283263359711],[-115.41464447509931,35.93290177549441]]]}},{"type":"Feature","properties":{"id":"new-vegas","name":"New Vegas","short":"New Vegas","color":"#4C8583","status":"Confirmed","article":"../../polities/new-vegas/","geometry_model":"v0.10.4 shared-feature topology: approved border routes preserved; neighboring fills locally meet those same routes."},"geometry":{"type":"Polygon","coordinates":[[[-114.5781700928367,35.8275553101087],[-114.48474336191782,35.86190303173437],[-114.43099183612175,35.902858408522164],[-114.42115638922678,36.02826468971359],[-114.42596479648388,36.098619740616336],[-114.44907648704852,36.17636015601294],[-114.42934235739263,36.281194843289285],[-114.43935814061449,36.34260285845744],[-114.46013560929785,36.379299927033756],[-114.53388060627256,36.401388888947906],[-114.65809770653473,36.41803718232021],[-114.73436232187998,36.45328673525807],[-114.99897364073432,36.683594411863275],[-115.02456045705853,36.6336508115384],[-115.13582001486907,36.67589892130605],[-115.21215888459743,36.63515049080343],[-115.26002214777735,36.53976880396917],[-115.30213862207962,36.48769852624886],[-115.49268973589139,36.41230980446854],[-115.54659221418963,36.36935766764526],[-115.57965325037631,36.32376013779583],[-115.66262491915428,36.29809081110379],[-115.69403175662312,36.26853351094136],[-115.64401274136901,36.232549400988724],[-115.62143709014295,36.197812382446934],[-115.66265458167635,36.125641110730534],[-115.60685156095924,36.07931527945652],[-115.57866381893596,36.04288431188144],[-115.56074739664463,35.99058531572551],[-115.41464447509931,35.93290177549441],[-115.38631886341749,35.88283263359711],[-115.34077247568933,35.88699169300937],[-115.31824591436818,35.84276850257093],[-115.22385949530316,35.83559331574934],[-115.22047668387675,35.80540674731211],[-115.18296686233882,35.77254024028584],[-115.10775475981485,35.803672298603374],[-115.092121646662,35.829229353244784],[-115.0615164706644,35.840722643825046],[-114.84744291877881,35.76458226654982],[-114.62227036254227,35.75703746941413],[-114.58299942999426,35.77656544733441],[-114.5781700928367,35.8275553101087]]]}}]}