{"type":"FeatureCollection","features":[{"type":"Feature","properties":{"name":"USA–Iroquois","status":"confirmed","dash":false,"geometry_note":"v0.13 shared-boundary conversion: the approved visible USA–Iroquois line partitions both neighboring political fills, including the Great Lakes water frontier.","topology_source":"shared-feature-network-v0.10.4","fill_rule":"Approved visible border preserved; adjacent political fills are locally partitioned from this same line."},"geometry":{"type":"LineString","coordinates":[[-72.543,46.343],[-72.5401402,46.3255322],[-72.5370807,46.3080926],[-72.5338287,46.2906808],[-72.5303915,46.2732963],[-72.5267764,46.2559387],[-72.5229907,46.2386076],[-72.5190414,46.2213024],[-72.514936,46.2040228],[-72.5106816,46.1867683],[-72.5062856,46.1695385],[-72.5017551,46.1523328],[-72.4970974,46.1351509],[-72.4923198,46.1179923],[-72.4874294,46.1008566],[-72.4824337,46.0837433],[-72.4773397,46.066652],[-72.4721549,46.0495822],[-72.4668863,46.0325334],[-72.4615413,46.0155053],[-72.4561271,45.9984974],[-72.4528207,45.9882163],[-72.4506068,45.9815142],[-72.4445965,45.9645986],[-72.4380819,45.94775],[-72.4311579,45.9309555],[-72.4239194,45.9142019],[-72.4164614,45.8974763],[-72.4088786,45.8807658],[-72.4012661,45.8640573],[-72.3937186,45.8473377],[-72.3863311,45.8305941],[-72.3791984,45.8138135],[-72.3724156,45.7969828],[-72.3660774,45.7800891],[-72.3649577,45.7769461],[-72.3601635,45.7631306],[-72.354474,45.7461267],[-72.3489738,45.7290841],[-72.343633,45.7120089],[-72.3384217,45.6949074],[-72.33331,45.6777855],[-72.328268,45.6606495],[-72.3232658,45.6435056],[-72.3182736,45.6263599],[-72.3132614,45.6092185],[-72.3081994,45.5920877],[-72.3030577,45.5749734],[-72.300958,45.5680881],[-72.2976837,45.557831],[-72.2916405,45.5404803],[-72.2850763,45.5229638],[-72.2782017,45.5053484],[-72.2712269,45.4877014],[-72.2643626,45.4700897],[-72.2578192,45.4525806],[-72.2518071,45.4352411],[-72.2465368,45.4181384],[-72.2422188,45.4013395],[-72.2390635,45.3849116],[-72.2372814,45.3689217],[-72.2369584,45.3592302],[-72.2373271,45.3534384],[-72.2416348,45.3384945],[-72.2502309,45.3240154],[-72.262424,45.3099126],[-72.2775227,45.2960979],[-72.2948355,45.2824826],[-72.313671,45.2689785],[-72.3333379,45.2554971],[-72.3531445,45.24195],[-72.3723997,45.2282487],[-72.3904118,45.2143048],[-72.4064895,45.20003],[-72.4192496,45.1861956],[-72.4199462,45.1853361],[-72.4318058,45.1702952],[-72.4432623,45.1550254],[-72.4543512,45.1395491],[-72.4651083,45.1238892],[-72.4755692,45.1080682],[-72.4857695,45.0921087],[-72.495745,45.0760334],[-72.5055313,45.0598649],[-72.5151641,45.0436259],[-72.5246791,45.0273389],[-72.5341119,45.0110267],[-72.5434982,44.9947118],[-72.5528737,44.9784169],[-72.562274,44.9621646],[-72.5717349,44.9459775],[-72.5754304,44.9397181],[-72.5812437,44.9298511],[-72.5906372,44.9136934],[-72.5999126,44.897499],[-72.6090857,44.8812729],[-72.6181725,44.8650201],[-72.6271889,44.8487457],[-72.636151,44.8324548],[-72.6450746,44.8161525],[-72.6539757,44.7998437],[-72.6628703,44.7835336],[-72.6717742,44.7672272],[-72.6807036,44.7509296],[-72.6896742,44.7346458],[-72.6976974,44.7201839],[-72.6987054,44.7183812],[-72.7081027,44.7021698],[-72.7179617,44.6860188],[-72.7281462,44.6699108],[-72.73852,44.653828],[-72.7489468,44.6377527],[-72.7592904,44.6216672],[-72.7694145,44.605554],[-72.7791829,44.5893953],[-72.7884594,44.5731735],[-72.7971078,44.5568709],[-72.8049917,44.5404698],[-72.811975,44.5239526],[-72.8179214,44.5073015],[-72.8199645,44.5006497],[-72.8228253,44.4904935],[-72.8271737,44.4735077],[-72.831096,44.4563687],[-72.8346707,44.4391048],[-72.8379762,44.4217442],[-72.8410908,44.4043151],[-72.8440931,44.3868456],[-72.8470614,44.369364],[-72.8500742,44.3518986],[-72.8532099,44.3344774],[-72.8563761,44.3179837],[-72.8565473,44.3171286],[-72.8603207,44.2998199],[-72.8645529,44.28251],[-72.8690579,44.2651994],[-72.87365,44.2478886],[-72.8781434,44.2305783],[-72.8823521,44.2132688],[-72.8860905,44.1959608],[-72.8891727,44.1786547],[-72.8914128,44.161351],[-72.892625,44.1440503],[-72.8927877,44.1353177],[-72.8926256,44.1267544],[-72.8913728,44.109471],[-72.8890223,44.0921991],[-72.8857426,44.0749359],[-72.8817024,44.0576788],[-72.8770703,44.0404253],[-72.8720149,44.0231726],[-72.8667048,44.0059182],[-72.8613086,43.9886595],[-72.8559949,43.9713937],[-72.8509323,43.9541184],[-72.8462895,43.9368307],[-72.8422349,43.9195282],[-72.8389373,43.9022082],[-72.8365653,43.8848681],[-72.8352874,43.8675052],[-72.8351331,43.8616685],[-72.834976,43.8500733],[-72.8347511,43.8324475],[-72.8345402,43.8146583],[-72.8343437,43.7967479],[-72.8341616,43.7787587],[-72.8339942,43.7607331],[-72.8338418,43.7427134],[-72.8337044,43.724742],[-72.8335825,43.7068613],[-72.833476,43.6891136],[-72.8333853,43.6715412],[-72.8333106,43.6541866],[-72.8332521,43.637092],[-72.83321,43.6202999],[-72.8331845,43.6038526],[-72.8331757,43.5877925],[-72.8331757,43.5875751],[-72.8348323,43.5721434],[-72.8396698,43.5568698],[-72.8473471,43.5419257],[-72.8575226,43.5272649],[-72.8698548,43.5128412],[-72.8840021,43.4986085],[-72.8996231,43.4845206],[-72.9163761,43.4705313],[-72.9339197,43.4565945],[-72.9519123,43.4426641],[-72.9700124,43.4286938],[-72.9878784,43.4146376],[-73.0051688,43.4004492],[-73.021542,43.3860825],[-73.0366566,43.3714914],[-73.050171,43.3566297],[-73.0567784,43.3483495],[-73.0619187,43.3414579],[-73.0729811,43.3260135],[-73.0836523,43.3103521],[-73.093988,43.2945241],[-73.1040442,43.2785801],[-73.1138766,43.2625705],[-73.1235411,43.2465458],[-73.1267623,43.2411639],[-73.1332168,43.2305413],[-73.1432676,43.2145295],[-73.1535752,43.1984985],[-73.1639862,43.1824389],[-73.174347,43.1663414],[-73.184504,43.1501969],[-73.1943036,43.1339959],[-73.2035923,43.1177294],[-73.2122164,43.101388],[-73.2200224,43.0849624],[-73.2268567,43.0684434],[-73.2325657,43.0518217],[-73.2361235,43.038843],[-73.2370172,43.0350618],[-73.2406849,43.0174947],[-73.2438657,42.9989593],[-73.246622,42.9796282],[-73.249016,42.959674],[-73.2511099,42.9392694],[-73.2529661,42.918587],[-73.2546468,42.8977993],[-73.2562143,42.877079],[-73.2577308,42.8565988],[-73.2592586,42.8365311],[-73.26086,42.8170487],[-73.2625972,42.7983241],[-73.2645326,42.78053],[-73.2667284,42.7638389],[-73.2692467,42.7484235],[-73.2721501,42.7344564],[-73.2755006,42.7221102],[-73.2793605,42.7115575],[-73.2837922,42.7029709],[-73.2845724,42.7017704],[-73.2907592,42.6960199],[-73.3032741,42.6898086],[-73.3205813,42.6842161],[-73.3418496,42.6791394],[-73.3662476,42.6744755],[-73.392944,42.6701216],[-73.4211074,42.6659746],[-73.4499064,42.6619315],[-73.4785098,42.6578895],[-73.5060862,42.6537454],[-73.5318041,42.6493965],[-73.544882,42.6468745],[-73.5551639,42.6447832],[-73.5780835,42.6401595],[-73.6010178,42.6355781],[-73.6239634,42.6310307],[-73.6469174,42.6265091],[-73.6698764,42.622005],[-73.6928372,42.6175101],[-73.7157968,42.6130163],[-73.738752,42.6085153],[-73.7616994,42.6039987],[-73.7697789,42.6024028],[-73.7846958,42.5995247],[-73.8079058,42.5952765],[-73.8312595,42.5911812],[-73.8546672,42.5871447],[-73.8780395,42.5830729],[-73.9012868,42.5788716],[-73.9243196,42.5744467],[-73.9470483,42.5697039],[-73.9693835,42.5645493],[-73.9912355,42.5588886],[-73.9946757,42.5579311],[-74.0137953,42.5526129],[-74.0387626,42.545671],[-74.0651925,42.5380908],[-74.0920899,42.5299012],[-74.1184599,42.5211312],[-74.1433074,42.5118096],[-74.1656372,42.5019655],[-74.1844544,42.4916278],[-74.198764,42.4808253],[-74.2075708,42.4695871],[-74.2099886,42.4599686],[-74.2099816,42.4579162],[-74.2096775,42.4447732],[-74.2089652,42.4297962],[-74.2079025,42.4132499],[-74.2065472,42.3953993],[-74.204957,42.3765091],[-74.2031896,42.3568442],[-74.2013029,42.3366694],[-74.1993546,42.3162495],[-74.1974024,42.2958494],[-74.195504,42.2757339],[-74.1937174,42.2561679],[-74.1921001,42.237416],[-74.19071,42.2197433],[-74.1896047,42.2034145],[-74.1888422,42.1886944],[-74.18848,42.1758479],[-74.1884581,42.1723366],[-74.1902423,42.1648205],[-74.1985718,42.1547412],[-74.2127449,42.1454171],[-74.2316974,42.136711],[-74.2543655,42.1284855],[-74.2796851,42.1206034],[-74.3065925,42.1129273],[-74.3340235,42.1053199],[-74.3609142,42.097644],[-74.3862007,42.0897621],[-74.408819,42.0815371],[-74.4106563,42.0807881],[-74.4293254,42.0724566],[-74.4496142,42.0622086],[-74.4697743,42.0512254],[-74.4898807,42.0399433],[-74.5100085,42.0287988],[-74.5302328,42.0182283],[-74.5506287,42.0086682],[-74.5712712,42.000555],[-74.5922354,41.9943251],[-74.6135964,41.990415],[-74.6328546,41.9892395],[-74.6354323,41.9892513],[-74.6580126,41.9902148],[-74.6812697,41.9923637],[-74.7049137,41.9951895],[-74.7286546,41.9981835],[-74.7522026,42.0008371],[-74.7534675,42.0009613],[-74.7755319,42.0031056],[-74.798861,42.0053728],[-74.8221908,42.0076401],[-74.8455211,42.0099075],[-74.8688521,42.0121749],[-74.8921839,42.0144424],[-74.9155164,42.01671],[-74.9388497,42.0189776],[-74.9621838,42.0212453],[-74.9855188,42.0235131],[-75.0088547,42.025781],[-75.0188159,42.0267491],[-75.0321915,42.028049],[-75.0555293,42.0303171],[-75.078868,42.0325852],[-75.1022076,42.0348535],[-75.125548,42.0371218],[-75.1488891,42.0393902],[-75.1722311,42.0416587],[-75.1955737,42.0439273],[-75.218917,42.0461959],[-75.242261,42.0484645],[-75.2656055,42.0507333],[-75.2841642,42.0525369],[-75.2889555,42.0529949],[-75.3124309,42.0550732],[-75.33598,42.0570449],[-75.3594625,42.0591164],[-75.3827384,42.061494],[-75.4047771,42.0642586],[-75.4056677,42.0643846],[-75.4282378,42.0682459],[-75.4505507,42.0732065],[-75.4726576,42.0790482],[-75.4946103,42.0855525],[-75.5164601,42.0925014],[-75.5382586,42.0996764],[-75.5600572,42.1068593],[-75.5819074,42.1138318],[-75.6038608,42.1203757],[-75.6054081,42.1208136],[-75.6258317,42.1270546],[-75.6476932,42.1345627],[-75.6694978,42.1425086],[-75.6912987,42.1504964],[-75.7131492,42.15813],[-75.7351025,42.1650136],[-75.7572118,42.1707511],[-75.7795305,42.1749466],[-75.8021116,42.1772041],[-75.8060391,42.1773685],[-75.8250051,42.1779378],[-75.8481973,42.1785071],[-75.8716328,42.1789698],[-75.8952557,42.1793503],[-75.9190101,42.1796731],[-75.9428404,42.1799627],[-75.9666907,42.1802437],[-75.9905052,42.1805404],[-76.0142281,42.1808773],[-76.0247897,42.1810475],[-76.0378693,42.1812791],[-76.0616834,42.1817494],[-76.0856289,42.1822622],[-76.1096205,42.18279],[-76.1335729,42.183305],[-76.1574006,42.1837795],[-76.1810184,42.1841859],[-76.2043408,42.1844965],[-76.2272826,42.1846837],[-76.2435403,42.1847264],[-76.2497584,42.184583],[-76.2717313,42.1818763],[-76.2932711,42.176201],[-76.3144615,42.1681626],[-76.3353863,42.1583665],[-76.356129,42.1474181],[-76.3767735,42.1359229],[-76.3974034,42.1244864],[-76.4181023,42.113714],[-76.4389541,42.1042111],[-76.4600424,42.0965832],[-76.4814509,42.0914357],[-76.5032633,42.0893742],[-76.5051437,42.0893606],[-76.5255313,42.0902707],[-76.5481813,42.0930429],[-76.5711118,42.0971866],[-76.5942214,42.1022024],[-76.6174085,42.1075913],[-76.6405716,42.112854],[-76.6636094,42.1174913],[-76.6653808,42.1178091],[-76.686534,42.1215647],[-76.7094591,42.1256348],[-76.7323853,42.1297051],[-76.7553128,42.1337757],[-76.7782414,42.1378464],[-76.8011712,42.1419174],[-76.8241022,42.1459886],[-76.8470343,42.15006],[-76.8699677,42.1541315],[-76.8929022,42.1582033],[-76.9158379,42.1622754],[-76.9387748,42.1663476],[-76.9617128,42.17042],[-76.9629638,42.1706421],[-76.9846434,42.1745257],[-77.007562,42.1786824],[-77.0304787,42.1828534],[-77.0534032,42.187002],[-77.0763457,42.1910916],[-77.099316,42.1950854],[-77.1223242,42.1989467],[-77.1232008,42.1990906],[-77.145373,42.2026734],[-77.1684544,42.2063031],[-77.191563,42.2098524],[-77.2146936,42.2133377],[-77.2378406,42.2167757],[-77.260999,42.2201829],[-77.2841631,42.2235759],[-77.3073279,42.2269711],[-77.3304878,42.2303852],[-77.3536377,42.2338347],[-77.3603485,42.234844],[-77.3767699,42.2373592],[-77.3998802,42.2410091],[-77.4229768,42.2447409],[-77.4460685,42.2485068],[-77.4691639,42.2522587],[-77.4922719,42.2559487],[-77.5154013,42.2595288],[-77.5385608,42.262951],[-77.5617592,42.2661673],[-77.5850052,42.2691297],[-77.5974961,42.2705973],[-77.6083101,42.2717958],[-77.6316892,42.2741988],[-77.6551253,42.2764138],[-77.6785967,42.2785143],[-77.7020814,42.2805738],[-77.7255574,42.2826657],[-77.738957,42.2839037],[-77.7490073,42.284849],[-77.7724514,42.2870543],[-77.7958961,42.2892595],[-77.8193416,42.2914649],[-77.8427877,42.2936703],[-77.8662346,42.2958758],[-77.8896821,42.2980814],[-77.9131302,42.300287],[-77.9365791,42.3024927],[-77.9600287,42.3046984],[-77.9834789,42.3069042],[-78.0016699,42.3086154],[-78.0069421,42.3091278],[-78.0306849,42.3117531],[-78.0546271,42.3146646],[-78.0785164,42.3174984],[-78.1021003,42.3198905],[-78.1251264,42.321477],[-78.1431308,42.3219217],[-78.1473496,42.3218629],[-78.1688565,42.3197615],[-78.1898157,42.3149174],[-78.2103011,42.3076991],[-78.2303869,42.2984752],[-78.250147,42.287614],[-78.2696555,42.2754843],[-78.2889866,42.2624545],[-78.3082141,42.2488931],[-78.3274122,42.2351686],[-78.3466549,42.2216497],[-78.3660163,42.2087048],[-78.3855703,42.1967025],[-78.4053911,42.1860112],[-78.4255527,42.1769996],[-78.4461292,42.1700361],[-78.4671945,42.1654892],[-78.4888228,42.1637276],[-78.4905293,42.163718],[-78.5112067,42.1637264],[-78.5343842,42.1637511],[-78.5581135,42.1637872],[-78.5821518,42.1638298],[-78.606256,42.1638737],[-78.6301831,42.1639139],[-78.6388946,42.1639268],[-78.6538022,42.1639478],[-78.6773888,42.1639809],[-78.7009754,42.1640141],[-78.724562,42.1640473],[-78.7481486,42.1640805],[-78.7717352,42.1641137],[-78.7953219,42.1641469],[-78.8189085,42.16418],[-78.8424952,42.1642132],[-78.8660819,42.1642464],[-78.8896686,42.1642796],[-78.9132553,42.1643128],[-78.9144302,42.1643144],[-78.9370897,42.1643426],[-78.9612769,42.1643676],[-78.9855092,42.164392],[-79.0094785,42.1644199],[-79.0328763,42.1644557],[-79.0553944,42.1645035],[-79.0627956,42.1645232],[-79.0768623,42.1653312],[-79.0976201,42.1692479],[-79.1178021,42.1759565],[-79.1375137,42.1849475],[-79.1568605,42.1957114],[-79.175948,42.2077385],[-79.1948817,42.2205192],[-79.2137671,42.2335442],[-79.2327098,42.2463037],[-79.2518153,42.2582882],[-79.2711891,42.2689881],[-79.2720804,42.269437],[-79.2906891,42.2788779],[-79.3100844,42.2889114],[-79.3294156,42.299035],[-79.3487237,42.3091935],[-79.36805,42.3193315],[-79.3874355,42.3293935],[-79.4069214,42.3393241],[-79.4265489,42.3490679],[-79.4463591,42.3585694],[-79.4663931,42.3677733],[-79.4813652,42.3743509],[-79.4867179,42.3766002],[-79.507645,42.3847793],[-79.5197416,42.3894436],[-79.5286034,42.3929288],[-79.549499,42.4011467],[-79.558118,42.4045363],[-79.5703968,42.4093654],[-79.5912968,42.4175849],[-79.5964944,42.4196291],[-79.6159962,42.4254015],[-79.6347117,42.4338555],[-79.6348708,42.4347218],[-79.6344365,42.4476617],[-79.6331671,42.467695],[-79.6313823,42.4909892],[-79.6294056,42.5145626],[-79.6275606,42.5354332],[-79.6261711,42.5506195],[-79.6255606,42.5571395],[-79.6255548,42.5572001],[-79.6260763,42.5571078],[-79.6278651,42.5567908],[-79.6309002,42.556252],[-79.6351539,42.5554954],[-79.6405984,42.5545251],[-79.647206,42.5533452],[-79.6549488,42.5519599],[-79.6637991,42.5503731],[-79.6737292,42.5485891],[-79.6847113,42.5466118],[-79.6967176,42.5444454],[-79.7097205,42.5420939],[-79.7236921,42.5395615],[-79.7386047,42.5368522],[-79.7544305,42.5339701],[-79.7711418,42.5309193],[-79.7887108,42.5277039],[-79.8071098,42.524328],[-79.826311,42.5207957],[-79.8462866,42.517111],[-79.867009,42.5132781],[-79.8884502,42.509301],[-79.9105827,42.5051838],[-79.9333786,42.5009307],[-79.9568101,42.4965456],[-79.9808496,42.4920327],[-80.0054693,42.4873961],[-80.0306413,42.4826399],[-80.056338,42.4777681],[-80.0825316,42.4727848],[-80.1091943,42.4676942],[-80.1362984,42.4625003],[-80.1638161,42.4572072],[-80.1917197,42.451819],[-80.2199813,42.4463398],[-80.2485734,42.4407736],[-80.277468,42.4351246],[-80.3066375,42.4293968],[-80.3360541,42.4235944],[-80.36569,42.4177214],[-80.3955175,42.4117819],[-80.4255088,42.40578],[-80.4556362,42.3997198],[-80.4858719,42.3936054],[-80.5161881,42.3874408],[-80.5465572,42.3812302],[-80.5769512,42.3749776],[-80.6073426,42.3686871],[-80.6377035,42.3623629],[-80.6680061,42.3560089],[-80.6982228,42.3496294],[-80.7283257,42.3432283],[-80.7582872,42.3368098],[-80.7880794,42.3303779],[-80.8176745,42.3239368],[-80.847045,42.3174905],[-80.8761628,42.3110432],[-80.9050005,42.3045988],[-80.93353,42.2981616],[-80.9617238,42.2917355],[-80.9895541,42.2853247],[-81.0169931,42.2789333],[-81.044013,42.2725653],[-81.0705861,42.2662249],[-81.0966846,42.259916],[-81.1222808,42.2536429],[-81.1473469,42.2474096],[-81.1718552,42.2412202],[-81.1957779,42.2350788],[-81.2190872,42.2289894],[-81.2417555,42.2229562],[-81.2571443,42.2187911],[-81.2637816,42.2169585],[-81.2855601,42.2106258],[-81.307234,42.2038518],[-81.3288082,42.1966619],[-81.350288,42.1890815],[-81.3716782,42.1811358],[-81.392984,42.1728501],[-81.4142104,42.1642497],[-81.4353624,42.15536],[-81.456445,42.1462062],[-81.4774634,42.1368137],[-81.4984226,42.1272077],[-81.5193275,42.1174136],[-81.5401833,42.1074566],[-81.5609949,42.0973621],[-81.5817675,42.0871554],[-81.6025061,42.0768618],[-81.6232156,42.0665066],[-81.6439013,42.0561151],[-81.664568,42.0457126],[-81.6852209,42.0353244],[-81.7058649,42.0249758],[-81.7265052,42.0146922],[-81.7471467,42.0044988],[-81.7677946,41.9944209],[-81.7884538,41.9844838],[-81.8091294,41.9747129],[-81.8298264,41.9651335],[-81.85055,41.9557708],[-81.871305,41.9466502],[-81.8920966,41.937797],[-81.9129299,41.9292365],[-81.9338098,41.9209939],[-81.9547413,41.9130946],[-81.9757296,41.9055639],[-81.9967797,41.8984272],[-82.0178967,41.8917096],[-82.0390855,41.8854366],[-82.0603512,41.8796334],[-82.0816988,41.8743253],[-82.1031334,41.8695377],[-82.1246601,41.8652958],[-82.1462839,41.8616249],[-82.1680098,41.8585504],[-82.1898428,41.8560976],[-82.2117881,41.8542917],[-82.2338506,41.8531581],[-82.2560354,41.8527221],[-82.2584563,41.8527178],[-82.2786345,41.8527426],[-82.3020403,41.8528305],[-82.3261877,41.8529833],[-82.3510076,41.8532024],[-82.3764308,41.8534894],[-82.4023879,41.8538458],[-82.4288097,41.8542731],[-82.4556269,41.8547727],[-82.4827703,41.8553461],[-82.5101706,41.8559949],[-82.5377586,41.8567205],[-82.565465,41.8575244],[-82.5932206,41.8584081],[-82.620956,41.8593732],[-82.6486021,41.860421],[-82.6760895,41.8615531],[-82.703349,41.862771],[-82.7303114,41.8640761],[-82.7569074,41.86547],[-82.7830677,41.8669541],[-82.8087231,41.86853],[-82.8338044,41.8701991],[-82.8582422,41.871963],[-82.8819673,41.873823],[-82.9049104,41.8757808],[-82.9270023,41.8778377],[-82.9481738,41.8799954],[-82.9683555,41.8822552],[-82.9874783,41.8846187],[-83.0054728,41.8870873],[-83.0222697,41.8896626],[-83.0378,41.8923461],[-83.0519942,41.8951391],[-83.0647831,41.8980433],[-83.0760975,41.9010602],[-83.0768867,41.9012916],[-83.0866833,41.9065875],[-83.09737,41.9171919],[-83.1077909,41.9318768],[-83.1175738,41.949629],[-83.1263464,41.9694351],[-83.1337364,41.9902819],[-83.1393716,42.011156],[-83.1428797,42.0310441],[-83.1439118,42.046787],[-83.1438777,42.0489589],[-83.1416166,42.0660171],[-83.1369698,42.08324],[-83.1315603,42.1005731],[-83.1270111,42.1179621],[-83.1249453,42.1353528],[-83.1249356,42.1365345],[-83.1252459,42.1528894],[-83.1261017,42.1706788],[-83.1272363,42.1885131],[-83.1283808,42.2061829],[-83.1292665,42.223479],[-83.1296248,42.2401923],[-83.1296248,42.2402926],[-83.1253821,42.2565029],[-83.114596,42.2725021],[-83.1003555,42.2878319],[-83.08575,42.3021343],[-83.0853291,42.3025531],[-83.0697479,42.3154361],[-83.0668871,42.3167307],[-83.0494529,42.3214209],[-83.025845,42.3250569],[-83.0016287,42.3285825],[-82.9882344,42.3314349],[-82.9793602,42.3342416],[-82.9586479,42.3431036],[-82.9375987,42.35065],[-82.9374486,42.3506855],[-82.9141089,42.3546114],[-82.9077004,42.3559679],[-82.8931597,42.3601169],[-82.8732036,42.367235],[-82.8538975,42.3756787],[-82.8351653,42.3852955],[-82.816931,42.3959327],[-82.7991186,42.4074379],[-82.7816519,42.4196582],[-82.7644551,42.4324413],[-82.7474519,42.4456344],[-82.7305663,42.4590851],[-82.7137224,42.4726406],[-82.6968441,42.4861484],[-82.6798553,42.499456],[-82.6626799,42.5124106],[-82.6452419,42.5248598],[-82.6274654,42.5366509],[-82.6273262,42.5367392],[-82.6092374,42.5478793],[-82.5909744,42.5590818],[-82.575318,42.56941],[-82.5733641,42.5707541],[-82.554238,42.5827394],[-82.5349121,42.595062],[-82.5195107,42.6081633],[-82.5131939,42.6182517],[-82.5117935,42.6225198],[-82.5081578,42.6388212],[-82.5057502,42.6565272],[-82.5035755,42.6747636],[-82.5006387,42.6926562],[-82.4987321,42.7006246],[-82.4952007,42.7094839],[-82.4846149,42.7256725],[-82.4728446,42.7416822],[-82.4646248,42.7579023],[-82.4633252,42.7664201],[-82.4634538,42.7746816],[-82.4643627,42.7919465],[-82.4657814,42.809506],[-82.4672789,42.8271894],[-82.4684239,42.844826],[-82.4687981,42.8597024],[-82.4687649,42.8622543],[-82.4669357,42.8797718],[-82.4628098,42.8973339],[-82.4570847,42.9145747],[-82.4504583,42.9311283],[-82.4490507,42.9344063],[-82.4395201,42.9465691],[-82.4227117,42.9611569],[-82.4122331,42.9759106],[-82.4119829,42.9783154],[-82.4216682,42.9917138],[-82.4243194,42.9972984],[-82.416134,43.0063046],[-82.4159093,43.0066366],[-82.4055913,43.0219255],[-82.3952405,43.0373502],[-82.3848736,43.0529058],[-82.3745071,43.0685872],[-82.3641576,43.0843893],[-82.3538418,43.1003072],[-82.3435762,43.1163357],[-82.3333774,43.1324699],[-82.323262,43.1487047],[-82.3132466,43.165035],[-82.3033478,43.1814558],[-82.2935821,43.197962],[-82.2839663,43.2145487],[-82.2745168,43.2312108],[-82.2652503,43.2479431],[-82.2561834,43.2647408],[-82.2473326,43.2815986],[-82.2387146,43.2985117],[-82.2303459,43.3154749],[-82.2222432,43.3324832],[-82.2144229,43.3495316],[-82.2069018,43.366615],[-82.1996965,43.3837284],[-82.1928234,43.4008667],[-82.1862992,43.4180248],[-82.1801406,43.4351979],[-82.174364,43.4523807],[-82.1689861,43.4695682],[-82.1640235,43.4867555],[-82.1594927,43.5039374],[-82.1554105,43.521109],[-82.1517933,43.5382651],[-82.1486577,43.5554008],[-82.1460204,43.5725109],[-82.1438979,43.5895905],[-82.1423069,43.6066345],[-82.1412639,43.6236379],[-82.1407855,43.6405955],[-82.1407544,43.6461183],[-82.1407763,43.6575434],[-82.1408894,43.6746067],[-82.1410984,43.6917913],[-82.1414028,43.7090938],[-82.1418022,43.7265104],[-82.1422962,43.7440374],[-82.1428843,43.7616713],[-82.143566,43.7794084],[-82.144341,43.7972451],[-82.1452087,43.8151776],[-82.1461687,43.8332025],[-82.1472206,43.851316],[-82.1483639,43.8695146],[-82.1495981,43.8877945],[-82.1509229,43.9061521],[-82.1523378,43.9245838],[-82.1538423,43.943086],[-82.1554359,43.961655],[-82.1571183,43.9802872],[-82.158889,43.9989789],[-82.1607475,44.0177265],[-82.1626934,44.0365264],[-82.1647262,44.0553749],[-82.1668455,44.0742684],[-82.1690509,44.0932032],[-82.1713419,44.1121757],[-82.173718,44.1311823],[-82.1761788,44.1502194],[-82.1787239,44.1692832],[-82.1813527,44.1883701],[-82.184065,44.2074766],[-82.1868601,44.226599],[-82.1897377,44.2457335],[-82.1926973,44.2648767],[-82.1957385,44.2840249],[-82.1988608,44.3031743],[-82.2020638,44.3223214],[-82.205347,44.3414626],[-82.20871,44.3605942],[-82.2121523,44.3797125],[-82.2156735,44.3988139],[-82.2192731,44.4178949],[-82.2229507,44.4369517],[-82.2267058,44.4559807],[-82.2305381,44.4749782],[-82.234447,44.4939407],[-82.238432,44.5128645],[-82.2424929,44.5317459],[-82.246629,44.5505814],[-82.25084,44.5693672],[-82.2551254,44.5880997],[-82.2594847,44.6067754],[-82.2639176,44.6253905],[-82.2684235,44.6439414],[-82.273002,44.6624245],[-82.2776527,44.6808361],[-82.2823751,44.6991727],[-82.2871688,44.7174305],[-82.2920333,44.7356059],[-82.2969682,44.7536954],[-82.301973,44.7716951],[-82.3070473,44.7896016],[-82.3121906,44.8074111],[-82.3174025,44.8251201],[-82.3226826,44.8427249],[-82.3280303,44.8602218],[-82.3334453,44.8776072],[-82.3389271,44.8948775],[-82.3444752,44.9120291],[-82.3500893,44.9290582],[-82.3557687,44.9459613],[-82.3615132,44.9627348],[-82.3673223,44.9793749],[-82.3731954,44.995878],[-82.3791322,45.0122406],[-82.3851323,45.0284589],[-82.391195,45.0445293],[-82.3973202,45.0604482],[-82.4035071,45.076212],[-82.4097555,45.091817],[-82.4160649,45.1072596],[-82.4224348,45.122536],[-82.4288648,45.1376428],[-82.4353544,45.1525763],[-82.4419032,45.1673327],[-82.4485108,45.1819085],[-82.4551766,45.1963001],[-82.4619003,45.2105038],[-82.4686813,45.2245159],[-82.4755194,45.2383328],[-82.4824139,45.251951],[-82.4893644,45.2653667],[-82.4963706,45.2785762],[-82.5034319,45.2915761],[-82.510548,45.3043625],[-82.5177183,45.316932],[-82.5249424,45.3292808],[-82.5322198,45.3414053],[-82.5395502,45.3533019],[-82.5469331,45.364967],[-82.5476246,45.3660434],[-82.5547975,45.3764238],[-82.563734,45.387712],[-82.5737143,45.3988365],[-82.5847053,45.4098018],[-82.596674,45.4206125],[-82.6095873,45.431273],[-82.6234124,45.441788],[-82.638116,45.452162],[-82.6536652,45.4623995],[-82.6700271,45.4725051],[-82.6871685,45.4824833],[-82.7050564,45.4923387],[-82.7236579,45.5020757],[-82.7429398,45.5116991],[-82.7628693,45.5212132],[-82.7834132,45.5306227],[-82.8045385,45.539932],[-82.8262123,45.5491458],[-82.8484014,45.5582686],[-82.8710729,45.5673049],[-82.8941938,45.5762593],[-82.917731,45.5851362],[-82.9416515,45.5939404],[-82.9659223,45.6026762],[-82.9905103,45.6113483],[-83.0153826,45.6199611],[-83.0405061,45.6285193],[-83.0658478,45.6370274],[-83.0913747,45.6454899],[-83.1170538,45.6539114],[-83.142852,45.6622964],[-83.1687363,45.6706494],[-83.1946737,45.678975],[-83.2206311,45.6872778],[-83.2465756,45.6955623],[-83.2724742,45.703833],[-83.2982937,45.7120945],[-83.3240013,45.7203514],[-83.3495637,45.7286081],[-83.3749482,45.7368692],[-83.4001215,45.7451393],[-83.4250508,45.7534228],[-83.4497029,45.7617245],[-83.4740449,45.7700487],[-83.4980438,45.7784001],[-83.5216664,45.7867831],[-83.5448799,45.7952024],[-83.5676511,45.8036624],[-83.589947,45.8121678],[-83.5997107,45.8159698],[-83.6123173,45.8206207],[-83.6372704,45.82858],[-83.6644611,45.8361056],[-83.6931462,45.8433276],[-83.7225822,45.8503761],[-83.7520256,45.8573813],[-83.7807331,45.8644731],[-83.8079611,45.8717817],[-83.8329662,45.8794371],[-83.855005,45.8875694],[-83.873334,45.8963086],[-83.8872099,45.905785],[-83.8958891,45.9161284],[-83.8986455,45.9266175],[-83.898637,45.9274815],[-83.8970162,45.9422418],[-83.893517,45.9605621],[-83.8894796,45.9801811],[-83.8862441,45.998837],[-83.8851242,46.012596],[-83.8852994,46.0142852],[-83.8971762,46.026399],[-83.9203594,46.0371627],[-83.9445202,46.0482404],[-83.9539778,46.0546219],[-83.9609207,46.0611835],[-83.9735629,46.0760494],[-83.9847419,46.0920606],[-83.9954497,46.1084597],[-84.0066785,46.1244893],[-84.0194203,46.1393919],[-84.0249634,46.1446897],[-84.0355512,46.1523931],[-84.0563809,46.1637755],[-84.0761824,46.175263],[-84.0863225,46.1846516],[-84.0891848,46.1886485],[-84.0991284,46.2047715],[-84.1067208,46.2222934],[-84.1096869,46.2393276],[-84.1096817,46.2395863],[-84.1011084,46.2561653],[-84.1009849,46.2574547],[-84.1033459,46.2730738],[-84.1094931,46.2901816],[-84.1166232,46.3073388],[-84.119549,46.3154952],[-84.1227665,46.3244175],[-84.1299466,46.3414559],[-84.1364848,46.3585034],[-84.140011,46.3755996],[-84.1401472,46.3793382],[-84.1392155,46.3928395],[-84.1357847,46.4103006],[-84.1306747,46.4278697],[-84.124785,46.4454277],[-84.1190153,46.4628558],[-84.1142651,46.4800351],[-84.1114339,46.4968466],[-84.1110187,46.5053267],[-84.1132639,46.5147173],[-84.1268063,46.5301865],[-84.1284939,46.5303968],[-84.1512008,46.5297339],[-84.1513256,46.529728],[-84.1760982,46.5267146],[-84.1762044,46.5267156],[-84.1940847,46.539075],[-84.1941821,46.5390749],[-84.2197541,46.5351643],[-84.2266286,46.5330392],[-84.2365324,46.5249151],[-84.2483447,46.5074939],[-84.2557064,46.5009273],[-84.2670034,46.4962606],[-84.268804,46.4959004],[-84.2920696,46.4935681],[-84.2950156,46.4935292],[-84.3168811,46.4965446],[-84.330482,46.4994938],[-84.3415339,46.5021301],[-84.3660697,46.5083731],[-84.3742339,46.5091092],[-84.3867778,46.5023463],[-84.3926446,46.4990436],[-84.4102101,46.4952343],[-84.4359669,46.4910926],[-84.4440731,46.4885606],[-84.4527607,46.4801917],[-84.4658058,46.4641419],[-84.4677171,46.4634261],[-84.4880521,46.4599083],[-84.5154509,46.4576413],[-84.5260944,46.457384],[-84.5381399,46.4589399],[-84.5583413,46.4679577],[-84.5772454,46.4818544],[-84.5952628,46.496973],[-84.6059763,46.5052212],[-84.612865,46.5100693],[-84.6308352,46.5226496],[-84.6490975,46.5354879],[-84.6673858,46.5485834],[-84.6854344,46.5619352],[-84.7029771,46.5755423],[-84.7197481,46.5894039],[-84.7354813,46.603519],[-84.7499107,46.6178868],[-84.7627705,46.6325063],[-84.7737946,46.6473766],[-84.7810869,46.6594039],[-84.7827357,46.6625528],[-84.7900424,46.6796854],[-84.7961744,46.6991081],[-84.8013575,46.7202321],[-84.8058174,46.7424687],[-84.80978,46.7652294],[-84.8134712,46.7879255],[-84.8171167,46.8099683],[-84.8209424,46.8307692],[-84.8251741,46.8497395],[-84.8300375,46.8662905],[-84.8357586,46.8798336],[-84.8425631,46.8897802],[-84.8506769,46.8955415],[-84.8572307,46.896769],[-84.8608664,46.89654],[-84.880318,46.8931137],[-84.9074619,46.8871876],[-84.9374446,46.8808446],[-84.9654128,46.8761674],[-84.98125,46.875],[-84.9867542,46.8761487],[-85.0031385,46.8905803],[-85.0125,46.9],[-85.0194185,46.9055348],[-85.0360378,46.9188302],[-85.04375,46.925],[-85.0526588,46.932127],[-85.0692815,46.9454252],[-85.075,46.95],[-85.085906,46.9587248],[-85.1025322,46.9720258],[-85.10625,46.975],[-85.1191602,46.9853281],[-85.1357899,46.9986319],[-85.1375,47.0],[-85.1524213,47.0119371],[-85.16875,47.025],[-85.1690545,47.0252436],[-85.1856799,47.0385572],[-85.2,47.05],[-85.2023322,47.0518574],[-85.2190445,47.0651251],[-85.2316519,47.0751222],[-85.2357677,47.0783889],[-85.2524858,47.0916581],[-85.2633037,47.1002443],[-85.2692056,47.1049287],[-85.2859273,47.1182007],[-85.2949556,47.1253665],[-85.3026507,47.1314741],[-85.3193758,47.1447489],[-85.3266074,47.1504886],[-85.3361028,47.1580251],[-85.3528315,47.1713027],[-85.3582593,47.1756108],[-85.3695619,47.1845817],[-85.3862942,47.1978621],[-85.3899111,47.2007329],[-85.4030282,47.211144],[-85.419764,47.2244272],[-85.421563,47.2258551],[-85.4365015,47.2377118],[-85.4532148,47.2509772],[-85.4532409,47.2509979],[-85.469982,47.2642854],[-85.4848667,47.2760994],[-85.4867248,47.2775742],[-85.5034695,47.2908645],[-85.5165185,47.3012215],[-85.5202159,47.3041562],[-85.5369641,47.3174493],[-85.5481704,47.3263437],[-85.5537141,47.3307438],[-85.5704659,47.3440397],[-85.5798222,47.3514658],[-85.5872194,47.357337],[-85.6039747,47.3706358],[-85.6114741,47.376588],[-85.6207318,47.3839359],[-85.6374907,47.3972375],[-85.6431259,47.4017101],[-85.6542514,47.4105405],[-85.6710138,47.4238449],[-85.6747778,47.4268323],[-85.6877781,47.4371507],[-85.7045441,47.4504579],[-85.7064296,47.4519544],[-85.7213119,47.4637665],[-85.7380815,47.4770766]]}},{"type":"Feature","properties":{"name":"USA–UTA","status":"confirmed","dash":false,"geometry_note":"v0.8 precision pass: follows supplied geographic features/control corridors; intermediate points are cartographic implementation, not new canon.","topology_source":"shared-feature-network-v0.10.4","fill_rule":"Approved visible border preserved; adjacent political fills are locally partitioned from this same line.","hydrographic_sections":"Explicit river-following portions are duplicated exactly in hfr-na-hydro-borders.geojson and rendered as river-frontiers."},"geometry":{"type":"LineString","coordinates":[[-85.73808146383064,47.47707660089322],[-85.79324134184475,47.49148688415212],[-85.84840121985887,47.505897167411014],[-85.90356109787298,47.52030745066992],[-85.95872097588709,47.534717733928815],[-86.01388085390121,47.54912801718771],[-86.06904073191532,47.56353830044661],[-86.12420060992943,47.577948583705506],[-86.17936048794355,47.5923588669644],[-86.23452036595766,47.6067691502233],[-86.28968024397177,47.621179433482205],[-86.3448401219859,47.6355897167411],[-86.4,47.65],[-86.45714285714286,47.65714285714286],[-86.51428571428572,47.66428571428571],[-86.57142857142858,47.67142857142857],[-86.62857142857143,47.67857142857143],[-86.68571428571428,47.68571428571428],[-86.74285714285715,47.69285714285714],[-86.80000000000001,47.7],[-86.85714285714286,47.707142857142856],[-86.91428571428571,47.714285714285715],[-86.97142857142858,47.72142857142857],[-87.02857142857144,47.72857142857143],[-87.08571428571429,47.73571428571429],[-87.14285714285714,47.74285714285714],[-87.2,47.75],[-87.25714285714287,47.746428571428574],[-87.31428571428572,47.74285714285714],[-87.37142857142857,47.739285714285714],[-87.42857142857143,47.73571428571429],[-87.4857142857143,47.73214285714286],[-87.54285714285714,47.72857142857143],[-87.6,47.725],[-87.65714285714286,47.721428571428575],[-87.71428571428572,47.71785714285714],[-87.77142857142857,47.714285714285715],[-87.82857142857142,47.71071428571429],[-87.88571428571429,47.70714285714286],[-87.94285714285715,47.70357142857143],[-88.0,47.7],[-88.05714285714285,47.68928571428572],[-88.11428571428571,47.67857142857143],[-88.17142857142858,47.667857142857144],[-88.22857142857143,47.65714285714286],[-88.28571428571428,47.64642857142857],[-88.34285714285714,47.635714285714286],[-88.4,47.625],[-88.45714285714286,47.614285714285714],[-88.5142857142857,47.60357142857143],[-88.57142857142857,47.59285714285714],[-88.62857142857143,47.582142857142856],[-88.68571428571428,47.57142857142857],[-88.74285714285713,47.56071428571428],[-88.8,47.55],[-88.85,47.529999999999994],[-88.89999999999999,47.51],[-88.95,47.489999999999995],[-89.0,47.47],[-89.05,47.449999999999996],[-89.1,47.43],[-89.14999999999999,47.41],[-89.2,47.39],[-89.25,47.37],[-89.3,47.35],[-89.35,47.33],[-89.39999999999999,47.31],[-89.45,47.29],[-89.5,47.27],[-89.55,47.25],[-89.58846153846153,47.223076923076924],[-89.62692307692308,47.19615384615385],[-89.66538461538461,47.16923076923077],[-89.70384615384616,47.14230769230769],[-89.74230769230769,47.11538461538461],[-89.78076923076922,47.08846153846154],[-89.81923076923077,47.06153846153846],[-89.8576923076923,47.034615384615385],[-89.89615384615384,47.00769230769231],[-89.93461538461538,46.980769230769226],[-89.97307692307692,46.95384615384615],[-90.01153846153846,46.926923076923075],[-90.05,46.9],[-90.08349318117475,46.86963532582408],[-90.11698636234951,46.83927065164815],[-90.15047954352426,46.80890597747223],[-90.18397272469902,46.77854130329631],[-90.21746590587377,46.74817662912038],[-90.25095908704853,46.71781195494446],[-90.28445226822328,46.68744728076853],[-90.31794544939804,46.65708260659261],[-90.35143863057279,46.62671793241669],[-90.38493181174755,46.59635325824076],[-90.4184249929223,46.56598858406484],[-90.23,46.25],[-90.18,46.05],[-90.32,45.73],[-90.50999999999999,45.53],[-90.7,45.33],[-90.85555555555555,45.23148148148148],[-91.14444444444445,45.04851851851852],[-91.3,44.95],[-91.3171051672101,44.921021813488906],[-91.38521362759923,44.852802875176536],[-91.36980303810884,44.77843524815733],[-91.3242327547347,44.72741363124672],[-91.24599338847547,44.68625562933454],[-91.14773357120964,44.624432053342304],[-91.11252173222876,44.594843471342514],[-91.06603458362281,44.56075129207253],[-91.02462218140398,44.52843849094299],[-91.00840743878774,44.48719120427387],[-91.02740562503948,44.42986459619505],[-91.17174098491674,44.358281978472235],[-91.22700809119004,44.31368340445183],[-91.24833202496934,44.25429705191714],[-91.17163757569296,44.23609843160831],[-91.1967120563882,44.196399865850786],[-91.21036758155323,44.126955923015984],[-91.23408218729011,44.07462133855207],[-91.21884355850705,44.007008907181294],[-91.13265618634232,43.96499725939892],[-91.20050500507351,43.909662080497775],[-91.19154984594013,43.840807866493215],[-91.19399256939165,43.80908915302909],[-91.24659134349794,43.76279488412059],[-91.2,43.45],[-91.16,43.1],[-91.09003815952002,42.905113558562135],[-91.02007631904003,42.71022711712427],[-91.12118760471098,42.69197067143596],[-91.17948528663148,42.633464658103655],[-91.48126383414676,42.45251584124343],[-91.74335403322584,42.26946721499764],[-91.88314030810886,42.15256808672086],[-91.8099208308857,42.10393920853314],[-91.87271449992524,42.038501170753136],[-92.06480039135936,41.92736891937692],[-92.30412790038079,41.831315434622425],[-92.5352643432143,41.77168365047451],[-92.64756080101355,41.77972269162596],[-92.80019323429987,41.73514283527325],[-92.98507606060761,41.744733087398906],[-93.18431645528649,41.75483637300152],[-93.50951141659475,41.7074258249202],[-93.68052378143078,41.687482995731926],[-93.82770962326578,41.67782196930096],[-93.94164147593725,41.53369058143476],[-94.0875836738112,41.42269484334918],[-94.27271579191842,41.18607823905651],[-94.32670845385563,40.96853521165846],[-94.4666198154435,40.864327580847544],[-94.62866521688316,40.77572748019312],[-94.97892220526955,40.466674302345666],[-95.15898177001162,40.42522807897791],[-95.3390413347537,40.38378185561015],[-95.48225728632903,40.41652393040844],[-95.55531738198515,40.43015339288969],[-95.56675858879662,40.4621538404058],[-95.69184933420193,40.471213010607514]]}},{"type":"Feature","properties":{"name":"USA–Caesar's Legions","status":"confirmed — Pearl/Mississippi hydrography + supplied Gulf maritime line","dash":false,"geometry_note":"v0.12 feature-based shared topology. River-following sections preserve unsimplified source hydrography; non-river sections use only meaningful anchors.","topology_source":"shared-feature-network-v0.10.4","fill_rule":"Approved visible border preserved; adjacent political fills are locally partitioned from this same line.","hydrographic_sections":"Explicit river-following portions are duplicated exactly in hfr-na-hydro-borders.geojson and rendered as river-frontiers."},"geometry":{"type":"LineString","coordinates":[[-88.6487256,28.3584884],[-88.6449975,28.3730789],[-88.6413492,28.3876606],[-88.6377799,28.4022336],[-88.6342886,28.4167978],[-88.6308746,28.4313535],[-88.627537,28.4459005],[-88.6242748,28.460439],[-88.6210873,28.474969],[-88.6179736,28.4894906],[-88.6149327,28.5040039],[-88.611964,28.5185089],[-88.6090664,28.5330056],[-88.6062391,28.5474941],[-88.6034813,28.5619746],[-88.6007921,28.5764469],[-88.5981705,28.5909113],[-88.5956159,28.6053677],[-88.5931273,28.6198162],[-88.5907038,28.6342568],[-88.5883446,28.6486897],[-88.5860487,28.6631149],[-88.5838155,28.6775324],[-88.5816439,28.6919423],[-88.5795331,28.7063447],[-88.5774823,28.7207395],[-88.5754905,28.735127],[-88.573557,28.749507],[-88.5716809,28.7638798],[-88.5698613,28.7782453],[-88.5680972,28.7926036],[-88.566388,28.8069547],[-88.5647327,28.8212988],[-88.5631304,28.8356358],[-88.5615803,28.8499659],[-88.5600815,28.864289],[-88.5586332,28.8786053],[-88.5572344,28.8929149],[-88.5558844,28.9072176],[-88.5545822,28.9215137],[-88.5533271,28.9358032],[-88.552118,28.9500861],[-88.5509543,28.9643625],[-88.5498349,28.9786324],[-88.5487591,28.9928959],[-88.5477259,29.0071531],[-88.5467346,29.0214041],[-88.5457842,29.0356488],[-88.544874,29.0498874],[-88.5440029,29.0641198],[-88.5431702,29.0783462],[-88.542375,29.0925666],[-88.5416164,29.1067811],[-88.5408936,29.1209897],[-88.5402057,29.1351925],[-88.5395518,29.1493896],[-88.5389311,29.1635809],[-88.5383428,29.1777666],[-88.5377858,29.1919467],[-88.5372595,29.2061213],[-88.5367629,29.2202904],[-88.5362951,29.2344541],[-88.5358553,29.2486125],[-88.5354427,29.2627655],[-88.5350563,29.2769133],[-88.5346954,29.291056],[-88.5343589,29.3051935],[-88.5340462,29.319326],[-88.5337562,29.3334534],[-88.5334882,29.3475759],[-88.5332413,29.3616935],[-88.5330146,29.3758063],[-88.5328073,29.3899143],[-88.5326184,29.4040175],[-88.5324472,29.4181161],[-88.5322928,29.4322101],[-88.5321542,29.4462996],[-88.5320307,29.4603846],[-88.5319214,29.4744651],[-88.5318253,29.4885413],[-88.5317418,29.5026132],[-88.5316698,29.5166808],[-88.5316085,29.5307442],[-88.531557,29.5448034],[-88.5315146,29.5588586],[-88.5314803,29.5729097],[-88.5314532,29.5869569],[-88.5314326,29.6010002],[-88.5314175,29.6150396],[-88.531407,29.6290752],[-88.5314004,29.6431071],[-88.5313967,29.6571353],[-88.5313951,29.6711599],[-88.5313947,29.6851809],[-88.5313947,29.6909086],[-88.5314969,29.6992366],[-88.5321229,29.7134739],[-88.5332951,29.7278762],[-88.5349863,29.7424079],[-88.5371691,29.7570333],[-88.5398164,29.7717168],[-88.5429009,29.7864226],[-88.5463953,29.8011149],[-88.5502725,29.8157583],[-88.5545051,29.8303169],[-88.559066,29.844755],[-88.5639279,29.859037],[-88.5690635,29.8731272],[-88.5744457,29.8869899],[-88.5800471,29.9005894],[-88.5858405,29.91389],[-88.5917988,29.926856],[-88.5978946,29.9394517],[-88.6041007,29.9516415],[-88.6103898,29.9633896],[-88.612676,29.9675164],[-88.617053,29.9747465],[-88.6251369,29.9859801],[-88.6345732,29.9970725],[-88.6451888,30.0079777],[-88.6568105,30.0186501],[-88.6692652,30.0290438],[-88.6823798,30.0391129],[-88.6959811,30.0488117],[-88.709896,30.0580944],[-88.7239514,30.0669152],[-88.7379742,30.0752283],[-88.7517912,30.0829878],[-88.7579858,30.086335],[-88.7653955,30.0901839],[-88.7794877,30.0969812],[-88.7940874,30.1034291],[-88.8090995,30.1095541],[-88.8244288,30.115383],[-88.8399802,30.1209421],[-88.8556584,30.126258],[-88.8713685,30.1313574],[-88.8870151,30.1362668],[-88.8957924,30.1389669],[-88.9025321,30.141049],[-88.9180839,30.1459875],[-88.9337096,30.151088],[-88.9494041,30.1562903],[-88.9651624,30.161534],[-88.9809797,30.166759],[-88.9968508,30.1719049],[-89.0127708,30.1769117],[-89.0287348,30.181719],[-89.0447376,30.1862666],[-89.0607744,30.1904942],[-89.0768401,30.1943416],[-89.0929298,30.1977486],[-89.1090384,30.2006549],[-89.125161,30.2030003],[-89.1412925,30.2047245],[-89.157428,30.2057673],[-89.1717493,30.2060735],[-89.1735671,30.2060695],[-89.1901189,30.2056952],[-89.2072801,30.2047547],[-89.2249498,30.203309],[-89.2430268,30.201419],[-89.2614102,30.1991455],[-89.2799991,30.1965496],[-89.2986925,30.1936922],[-89.3173893,30.1906341],[-89.3359887,30.1874364],[-89.3543895,30.1841599],[-89.3724908,30.1808656],[-89.3901917,30.1776144],[-89.4073911,30.1744672],[-89.4239881,30.1714851],[-89.4398816,30.1687288],[-89.4549707,30.1662594],[-89.4691545,30.1641377],[-89.4823318,30.1624248],[-89.4944018,30.1611814],[-89.5052634,30.1604687],[-89.5120673,30.160318],[-89.5146492,30.1613383],[-89.5212763,30.1745476],[-89.5287043,30.190228],[-89.5304184,30.1919751],[-89.5373303,30.195532],[-89.543034,30.1948284],[-89.5472052,30.1936831],[-89.5551617,30.1856502],[-89.5564208,30.1847922],[-89.5703256,30.1803806],[-89.570354,30.1803806],[-89.583228,30.1893871],[-89.5968928,30.1855291],[-89.6105576,30.1816711],[-89.6138437,30.1905903],[-89.6171872,30.1996649],[-89.6205307,30.2087395],[-89.6238742,30.2178141],[-89.6272176,30.2268887],[-89.6085883,30.2458399],[-89.6130573,30.2539318],[-89.6175263,30.2620237],[-89.6219953,30.2701156],[-89.6264643,30.2782075],[-89.6309333,30.2862994],[-89.6354024,30.2943913],[-89.6347499,30.3138325],[-89.6306041,30.319778],[-89.6264582,30.3257235],[-89.6308348,30.3392164],[-89.6355348,30.3470129],[-89.6402347,30.3548094],[-89.6449346,30.362606],[-89.6496345,30.3704025],[-89.6543345,30.3781991],[-89.6590344,30.3859956],[-89.6637343,30.3937921],[-89.668602,30.4024963],[-89.6742124,30.4249382],[-89.6747815,30.4347833],[-89.6753507,30.4446284],[-89.6759199,30.4544735],[-89.676384,30.4625015],[-89.6764921,30.4626139],[-89.6820505,30.4683916],[-89.687609,30.4741694],[-89.6931674,30.4799471],[-89.6987259,30.4857248],[-89.7042843,30.4915026],[-89.7098428,30.4972803],[-89.7154013,30.5030581],[-89.7209597,30.5088358],[-89.7265182,30.5146136],[-89.7320766,30.5203913],[-89.7376351,30.526169],[-89.6693103,30.6030259],[-89.6706897,30.6128241],[-89.672069,30.6226224],[-89.6734483,30.6324207],[-89.6748276,30.642219],[-89.6762069,30.6520172],[-89.6775862,30.6618155],[-89.6789655,30.6716138],[-89.6803448,30.6814121],[-89.6817241,30.6912103],[-89.6831034,30.7010086],[-89.6844828,30.7108069],[-89.6858621,30.7206052],[-89.6872414,30.7304034],[-89.6886207,30.7402017],[-89.69,30.75],[-89.6909756,30.7597561],[-89.6919512,30.7695122],[-89.6929268,30.7792683],[-89.7833405,30.8236084],[-89.7809873,30.8300819],[-89.7779687,30.838386],[-89.77495,30.8466902],[-89.7719314,30.8549944],[-89.7689128,30.8632985],[-89.7658941,30.8716027],[-89.7628755,30.8799068],[-89.7598569,30.888211],[-89.7568383,30.8965152],[-89.7538196,30.9048193],[-89.750801,30.9131235],[-89.7477824,30.9214276],[-89.7447637,30.9297318],[-89.7417451,30.938036],[-89.7387265,30.9463401],[-89.7357079,30.9546443],[-89.7326892,30.9629484],[-89.7296706,30.9712526],[-89.726652,30.9795568],[-89.7264675,30.9805801],[-89.7290156,30.9899065],[-89.7315638,30.9992329],[-89.7347791,31.0054887],[-89.7384711,31.014077],[-89.7421631,31.0226654],[-89.7458551,31.0312538],[-89.7463913,31.0325012],[-89.773056,31.0769501],[-89.7738721,31.0787182],[-89.7777557,31.0871321],[-89.7816392,31.095546],[-89.7855228,31.1039599],[-89.7894063,31.1123738],[-89.7932899,31.1207877],[-89.8065014,31.1366845],[-89.8197129,31.1525812],[-89.8329243,31.168478],[-89.8461358,31.1843747],[-89.8593473,31.2002715],[-89.8725588,31.2161682],[-89.8857703,31.232065],[-89.8989818,31.2479617],[-89.9121933,31.2638585],[-89.9254047,31.2797552],[-89.9386162,31.295652],[-89.9518277,31.3115487],[-89.9650392,31.3274455],[-89.9782507,31.3433422],[-89.9914622,31.359239],[-90.5538462,31.9615385],[-90.5576923,31.9730769],[-90.5615385,31.9846154],[-90.5653846,31.9961538],[-90.5692308,32.0076923],[-90.5730769,32.0192308],[-90.5769231,32.0307692],[-90.5807692,32.0423077],[-90.5846154,32.0538462],[-90.5884615,32.0653846],[-90.5923077,32.0769231],[-90.5961538,32.0884615],[-90.6,32.1],[-90.6038462,32.1115385],[-90.6076923,32.1230769],[-90.6115385,32.1346154],[-90.6153846,32.1461538],[-90.6192308,32.1576923],[-90.6230769,32.1692308],[-90.6269231,32.1807692],[-90.6307692,32.1923077],[-90.6346154,32.2038462],[-90.6384615,32.2153846],[-90.6423077,32.2269231],[-90.6461538,32.2384615],[-90.65,32.25],[-90.6538462,32.2615385],[-90.6576923,32.2730769],[-90.6615385,32.2846154],[-90.6653846,32.2961538],[-90.6692308,32.3076923],[-90.6730769,32.3192308],[-90.6769231,32.3307692],[-90.6807692,32.3423077],[-90.6846154,32.3538462],[-90.6884615,32.3653846],[-90.6923077,32.3769231],[-90.8288892,32.5000852],[-90.8247987,32.5049493],[-90.8207082,32.5098135],[-90.8166177,32.5146776],[-90.8125272,32.5195418],[-90.7319412,32.5663834],[-90.73205,32.566397],[-90.737264,32.5670524],[-90.742478,32.5677077],[-90.747692,32.568363],[-90.752906,32.5690184],[-90.75812,32.5696737],[-90.7633341,32.570329],[-90.7685481,32.5709844],[-90.7737621,32.5716397],[-90.7789761,32.572295],[-90.7841901,32.5729503],[-90.7219467,32.6594543],[-90.7205811,32.6636067],[-90.717532,32.6728775],[-90.7155533,32.678894],[-90.8384615,32.8153846],[-90.8423077,32.8269231],[-90.8461538,32.8384615],[-90.85,32.85],[-90.8538462,32.8615385],[-90.8576923,32.8730769],[-90.8615385,32.8846154],[-90.8653846,32.8961538],[-90.8692308,32.9076923],[-90.8730769,32.9192308],[-90.8769231,32.9307692],[-90.8807692,32.9423077],[-90.8846154,32.9538462],[-90.8884615,32.9653846],[-90.8923077,32.9769231],[-90.8961538,32.9884615],[-90.9,33.0],[-90.9038462,33.0115385],[-90.9076923,33.0230769],[-90.9115385,33.0346154],[-90.9153846,33.0461538],[-90.9192308,33.0576923],[-90.9230769,33.0692308],[-90.9269231,33.0807692],[-90.9307692,33.0923077],[-91.0936029,33.1734458],[-91.0930481,33.1747131],[-91.0934447,33.1774246],[-91.0951774,33.1892722],[-91.0969102,33.2011197],[-91.0986429,33.2129673],[-91.1003756,33.2248148],[-91.1021084,33.2366624],[-91.1038411,33.2485099],[-91.1055739,33.2603575],[-91.1066589,33.2677765],[-91.1283264,33.3886185],[-91.1283613,33.3904472],[-91.1285826,33.4020548],[-91.1288039,33.4136623],[-91.1290251,33.4252699],[-91.1292464,33.4368775],[-91.1294677,33.448485],[-91.129689,33.4600926],[-91.1299103,33.4717002],[-91.1300049,33.4766617],[-91.1307263,33.4772153],[-91.1572266,33.5808334],[-91.1561203,33.5875047],[-91.1543611,33.5981137],[-91.1526019,33.6087227],[-91.1506379,33.6205664],[-91.1497192,33.6261063],[-91.1482473,33.7485107],[-91.1116667,33.7749593],[-91.1057013,33.7775267],[-91.0997359,33.7800941],[-91.0937706,33.7826616],[-91.0878052,33.785229],[-91.0818398,33.7877964],[-91.0677795,33.7902832],[-91.0639437,33.7954986],[-91.0523212,33.8179875],[-91.0561164,33.827537],[-91.0599115,33.8370864],[-91.0637066,33.8466359],[-91.0675018,33.8561854],[-91.0659183,33.878927],[-91.0602835,33.8886466],[-91.0546487,33.8983662],[-91.0490139,33.9080859],[-91.0433791,33.9178055],[-91.0377443,33.9275251],[-91.0402315,33.946697],[-91.0447255,33.9501699],[-91.0492194,33.9536427],[-91.0419082,33.9991885],[-91.0386658,34.0],[-91.0328188,34.0024505],[-91.0269185,34.0049233],[-91.0210181,34.0073961],[-91.0151178,34.009869],[-91.0092174,34.0123418],[-91.0033171,34.0148146],[-91.0,34.0162048],[-90.9537025,34.1374639],[-90.9584882,34.1450315],[-90.9611053,34.1491699],[-91.0638885,34.2297211],[-91.0651812,34.2359066],[-91.0555573,34.3030548],[-91.0557418,34.3073083],[-91.056251,34.3190426],[-91.0567602,34.330777],[-91.0572205,34.3413849],[-90.9519737,34.4881579],[-90.95,34.5],[-90.9461538,34.5115385],[-90.9423077,34.5230769],[-90.9384615,34.5346154],[-90.9346154,34.5461538],[-90.9307692,34.5576923],[-90.9269231,34.5692308],[-90.9230769,34.5807692],[-90.9192308,34.5923077],[-90.9153846,34.6038462],[-90.9115385,34.6153846],[-90.9076923,34.6269231],[-90.9038462,34.6384615],[-90.9,34.65],[-90.8961538,34.6615385],[-90.8923077,34.6730769],[-90.8884615,34.6846154],[-90.8846154,34.6961538],[-90.8807692,34.7076923],[-90.8769231,34.7192308],[-90.8730769,34.7307692],[-90.8692308,34.7423077],[-90.8653846,34.7538462],[-90.8615385,34.7653846],[-90.8576923,34.7769231],[-90.8538462,34.7884615],[-90.85,34.8],[-90.8461538,34.8115385],[-90.8423077,34.8230769],[-90.8384615,34.8346154],[-90.8346154,34.8461538],[-90.8307692,34.8576923],[-90.8269231,34.8692308],[-90.8230769,34.8807692],[-90.8192308,34.8923077],[-90.8153846,34.9038462],[-90.8115385,34.9153846],[-90.8076923,34.9269231],[-90.8038462,34.9384615],[-90.8,34.95],[-90.7961538,34.9615385],[-90.7923077,34.9730769],[-90.7884615,34.9846154],[-90.7846154,34.9961538],[-90.7807692,35.0076923],[-90.7769231,35.0192308],[-90.7730769,35.0307692],[-90.7692308,35.0423077],[-90.7653846,35.0538462],[-90.7615385,35.0653846],[-90.7576923,35.0769231],[-90.7538462,35.0884615],[-90.75,35.1],[-90.7461538,35.1115385],[-90.7423077,35.1230769],[-90.7384615,35.1346154],[-90.7346154,35.1461538],[-90.7307692,35.1576923],[-90.7269231,35.1692308],[-90.7230769,35.1807692],[-90.7192308,35.1923077],[-90.7153846,35.2038462],[-90.7115385,35.2153846],[-90.7076923,35.2269231],[-90.7038462,35.2384615],[-90.7,35.25],[-90.6961538,35.2615385],[-90.6923077,35.2730769],[-90.6884615,35.2846154],[-90.6846154,35.2961538],[-90.6807692,35.3076923],[-90.6769231,35.3192308],[-90.6730769,35.3307692],[-90.6692308,35.3423077],[-90.6653846,35.3538462],[-90.6615385,35.3653846],[-90.6576923,35.3769231],[-90.6538462,35.3884615],[-90.65,35.4],[-90.6397849,35.4086022],[-90.6295699,35.4172043],[-90.6193548,35.4258065],[-90.6091398,35.4344086],[-90.5989247,35.4430108],[-90.5887097,35.4516129],[-90.5784946,35.4602151],[-90.5682796,35.4688172],[-90.5580645,35.4774194],[-90.5478495,35.4860215],[-90.5376344,35.4946237],[-90.5274194,35.5032258],[-90.5172043,35.511828],[-90.5069892,35.5204301],[-90.4967742,35.5290323],[-90.4865591,35.5376344],[-90.4763441,35.5462366],[-90.466129,35.5548387],[-90.455914,35.5634409],[-90.4456989,35.572043],[-90.4354839,35.5806452],[-90.4252688,35.5892473],[-90.4150538,35.5978495],[-90.4048387,35.6064516],[-90.3946237,35.6150538],[-90.3844086,35.6236559],[-90.3741935,35.6322581],[-90.3639785,35.6408602],[-90.3537634,35.6494624],[-90.3435484,35.6580645],[-90.3333333,35.6666667],[-90.3231183,35.6752688],[-90.3129032,35.683871],[-90.3026882,35.6924731],[-90.2924731,35.7010753],[-90.2822581,35.7096774],[-90.272043,35.7182796],[-90.261828,35.7268817],[-90.2516129,35.7354839],[-90.2413978,35.744086],[-90.2311828,35.7526882],[-90.2209677,35.7612903],[-90.2107527,35.7698925],[-90.2005376,35.7784946],[-90.1903226,35.7870968],[-90.1801075,35.7956989],[-90.1698925,35.8043011],[-90.1596774,35.8129032],[-90.1494624,35.8215054],[-90.1392473,35.8301075],[-90.1290323,35.8387097],[-90.1188172,35.8473118],[-90.1086022,35.855914],[-90.0983871,35.8645161],[-90.088172,35.8731183],[-90.077957,35.8817204],[-90.0677419,35.8903226],[-90.0575269,35.8989247],[-90.0473118,35.9075269],[-90.0370968,35.916129],[-90.0268817,35.9247312],[-90.0166667,35.9333333],[-90.0064516,35.9419355],[-89.9962366,35.9505376],[-89.9860215,35.9591398],[-89.9758065,35.9677419],[-89.9655914,35.9763441],[-89.9553763,35.9849462],[-89.9451613,35.9935484],[-89.9349462,36.0021505],[-89.9247312,36.0107527],[-89.9145161,36.0193548],[-89.7310257,36.0],[-89.7252648,36.0097098],[-89.7188302,36.0205549],[-89.7123956,36.0314001],[-89.7059611,36.0422453],[-89.6995265,36.0530904],[-89.6930919,36.0639356],[-89.6866574,36.0747807],[-89.6802228,36.0856259],[-89.6741714,36.0958252],[-89.673242,36.2180932],[-89.6735669,36.2185116],[-89.6738918,36.2189301],[-89.6742167,36.2193485],[-89.6745416,36.219767],[-89.6781908,36.2244669],[-89.6818401,36.2291668],[-89.6854893,36.2338668],[-89.6803833,36.2419894],[-89.6746518,36.2424625],[-89.6689202,36.2429356],[-89.6631886,36.2434087],[-89.629158,36.3169403],[-89.624317,36.3270328],[-89.6190092,36.3380981],[-89.6158371,36.3447113],[-89.6145722,36.3447964],[-89.6089995,36.3451711],[-89.5510623,36.4362741],[-89.5542085,36.4445165],[-89.5569382,36.4516678],[-89.5544499,36.4568553],[-89.5577108,36.4982404],[-89.5613886,36.5031469],[-89.5650664,36.5080533],[-89.5687442,36.5129597],[-89.572422,36.5178661],[-89.5711421,36.5451143],[-89.5527381,36.560715],[-89.5640625,36.5539062],[-89.5921875,36.5617187],[-89.634375,36.5734375],[-89.690625,36.5890625],[-89.7609375,36.6085937],[-89.8453125,36.6320312],[-89.94375,36.659375],[-91.334375,37.0460938],[-92.1648437,37.3414063],[-92.6492188,37.5757813],[-93.6210938,38.175],[-94.03125,38.475],[-94.265625,38.6984375],[-95.0476734,39.7691762],[-95.6918493,40.471213]]}},{"type":"Feature","properties":{"name":"Caesar's Legions–UTA","status":"confirmed — river systems and stated highway/ridge transitions","dash":false,"geometry_note":"v0.12 feature-based shared topology. River-following sections preserve unsimplified source hydrography; non-river sections use only meaningful anchors.","topology_source":"shared-feature-network-v0.10.4","fill_rule":"Approved visible border preserved; adjacent political fills are locally partitioned from this same line.","hydrographic_sections":"Explicit river-following portions are duplicated exactly in hfr-na-hydro-borders.geojson and rendered as river-frontiers."},"geometry":{"type":"LineString","coordinates":[[-95.690518,40.4727529],[-95.6986349,40.4797701],[-95.6974086,40.4926734],[-95.6946129,40.5016712],[-95.7084112,40.5202766],[-95.7156678,40.5225365],[-95.7229244,40.5247964],[-95.730181,40.5270562],[-95.7374376,40.5293161],[-95.7651489,40.5691767],[-95.7662992,40.5807563],[-95.7674494,40.5923359],[-95.7685997,40.6039156],[-95.7697499,40.6154952],[-95.7709002,40.6270748],[-95.7720504,40.6386544],[-95.7732007,40.650234],[-95.7738953,40.6572266],[-95.778096,40.6589386],[-95.78585,40.6620988],[-95.7936041,40.665259],[-95.8013581,40.6684193],[-95.8091121,40.6715795],[-95.8356424,40.6876469],[-95.839542,40.769602],[-95.8357209,40.7750906],[-95.8318999,40.7805791],[-95.8280789,40.7860677],[-95.8261108,40.7888947],[-95.8283387,40.7947281],[-95.832656,40.8060324],[-95.8369733,40.8173368],[-95.8392169,40.8339489],[-95.8355972,40.8423991],[-95.8319775,40.8508493],[-95.8283577,40.8592994],[-95.824738,40.8677496],[-95.8272219,40.8997741],[-95.8321413,40.910631],[-95.8370606,40.9214878],[-95.8416748,40.9316711],[-95.8415712,40.9327496],[-95.8405087,40.9438114],[-95.8394462,40.9548731],[-95.8532491,40.9931435],[-95.8605347,41.0],[-95.8612816,41.0067395],[-95.8625831,41.0184831],[-95.8905961,41.0515106],[-95.8951799,41.0519601],[-95.8997637,41.0524097],[-95.9150652,41.0539104],[-95.9303667,41.0554112],[-95.9456683,41.0569119],[-95.9609698,41.0584126],[-95.9762713,41.0599134],[-95.9915729,41.0614141],[-96.005261,41.061794],[-96.0200487,41.0605385],[-96.0348364,41.0592831],[-96.049624,41.0580276],[-96.0644117,41.0567722],[-96.0791994,41.0555168],[-96.0886078,41.054718],[-96.0908324,41.0535013],[-96.1012192,41.0478202],[-96.1116061,41.0421392],[-96.1219929,41.0364581],[-96.1323797,41.030777],[-96.1710606,41.0159616],[-96.2413024,41.0238357],[-96.304201,41.13515],[-96.3043797,41.1344355],[-96.3045584,41.1337211],[-96.3047371,41.1330067],[-96.3049157,41.1322922],[-96.3050944,41.1315778],[-96.3052731,41.1308633],[-96.3054518,41.1301489],[-96.3056305,41.1294345],[-96.3058092,41.12872],[-96.3059878,41.1280056],[-96.3214319,41.1923664],[-96.3279998,41.2015413],[-96.3313279,41.2061905],[-96.3346561,41.2108398],[-96.3379842,41.215489],[-96.3413124,41.2201382],[-96.3446405,41.2247875],[-96.3479687,41.2294367],[-96.3512968,41.2340859],[-96.5207547,41.1198113],[-96.5358491,41.1160377],[-96.5509434,41.1122642],[-96.5660377,41.1084906],[-96.5811321,41.104717],[-96.5962264,41.1009434],[-96.6113208,41.0971698],[-96.6264151,41.0933962],[-96.6415094,41.0896226],[-96.6566038,41.0858491],[-96.6716981,41.0820755],[-96.6867925,41.0783019],[-96.7018868,41.0745283],[-96.7169811,41.0707547],[-96.7320755,41.0669811],[-96.7471698,41.0632075],[-96.7622642,41.059434],[-96.7773585,41.0556604],[-96.7924528,41.0518868],[-96.8075472,41.0481132],[-96.8226415,41.0443396],[-96.8377358,41.040566],[-96.8528302,41.0367925],[-96.8679245,41.0330189],[-96.8830189,41.0292453],[-96.8981132,41.0254717],[-96.9132075,41.0216981],[-96.9283019,41.0179245],[-96.9433962,41.0141509],[-96.9584906,41.0103774],[-96.9735849,41.0066038],[-96.9886792,41.0028302],[-97.0037736,40.9990566],[-97.0188679,40.995283],[-97.0339623,40.9915094],[-97.0490566,40.9877358],[-97.0641509,40.9839623],[-97.0792453,40.9801887],[-97.0943396,40.9764151],[-97.109434,40.9726415],[-97.1245283,40.9688679],[-97.1396226,40.9650943],[-97.154717,40.9613208],[-97.1698113,40.9575472],[-97.1849057,40.9537736],[-97.2,40.95],[-97.2153846,40.9476923],[-97.2307692,40.9453846],[-97.2461538,40.9430769],[-97.2615385,40.9407692],[-97.2769231,40.9384615],[-97.2923077,40.9361538],[-97.3076923,40.9338462],[-97.3230769,40.9315385],[-97.3384615,40.9292308],[-97.3538462,40.9269231],[-97.3692308,40.9246154],[-97.3846154,40.9223077],[-97.4,40.92],[-97.4153846,40.9176923],[-97.4307692,40.9153846],[-97.4461538,40.9130769],[-97.4615385,40.9107692],[-97.4769231,40.9084615],[-97.4923077,40.9061538],[-97.5076923,40.9038462],[-97.5230769,40.9015385],[-97.5384615,40.8992308],[-97.5538462,40.8969231],[-97.5692308,40.8946154],[-97.5846154,40.8923077],[-97.6,40.89],[-97.6153846,40.8876923],[-97.6307692,40.8853846],[-97.6461538,40.8830769],[-97.6615385,40.8807692],[-97.6769231,40.8784615],[-97.6923077,40.8761538],[-97.7076923,40.8738462],[-97.7230769,40.8715385],[-97.7384615,40.8692308],[-97.7538462,40.8669231],[-97.7692308,40.8646154],[-97.7846154,40.8623077],[-97.8,40.86],[-97.8153846,40.8576923],[-97.8307692,40.8553846],[-97.8461538,40.8530769],[-97.8615385,40.8507692],[-97.8769231,40.8484615],[-97.8923077,40.8461538],[-97.9076923,40.8438462],[-97.9230769,40.8415385],[-97.9384615,40.8392308],[-97.9538462,40.8369231],[-97.9692308,40.8346154],[-97.9846154,40.8323077],[-98.0,40.83],[-98.1285758,40.9888734],[-98.1399645,40.9808756],[-98.1513532,40.9728778],[-98.1627418,40.96488],[-98.1741305,40.9568822],[-98.1855192,40.9488844],[-98.1969078,40.9408866],[-98.2082965,40.9328887],[-98.2196852,40.9248909],[-98.2310738,40.9168931],[-98.2424625,40.9088953],[-98.2538511,40.9008975],[-98.2652398,40.8928997],[-98.2764044,40.8850592],[-98.287569,40.8772188],[-98.2987336,40.8693783],[-98.3098982,40.8615378],[-98.3210628,40.8536974],[-98.3322273,40.8458569],[-98.3433919,40.8380165],[-98.3545565,40.830176],[-98.3657211,40.8223356],[-98.3768857,40.8144951],[-98.3804158,40.8133266],[-98.3948977,40.8086252],[-98.4093796,40.8039238],[-98.4238615,40.7992225],[-98.4383434,40.7945211],[-98.4528253,40.7898198],[-98.4673072,40.7851184],[-98.4817891,40.7804171],[-98.496271,40.7757157],[-98.5107529,40.7710144],[-98.5252348,40.766313],[-98.5397167,40.7616117],[-98.5541986,40.7569103],[-98.5686805,40.7522089],[-98.5831624,40.7475076],[-98.5976443,40.7428062],[-98.6121262,40.7381049],[-98.6266081,40.7334035],[-98.6432062,40.7291299],[-98.6582731,40.7257288],[-98.67334,40.7223277],[-98.6884068,40.7189266],[-98.7034737,40.7155255],[-98.7185406,40.7121244],[-98.7336075,40.7087233],[-98.7486743,40.7053222],[-98.7637412,40.7019211],[-98.7788081,40.69852],[-98.793875,40.6951188],[-98.8089418,40.6917177],[-98.8240087,40.6883166],[-98.8390756,40.6849155],[-98.8541425,40.6815144],[-98.8692094,40.6781133],[-98.8842762,40.6747122],[-98.8993431,40.6713111],[-98.91441,40.66791],[-98.9377424,40.6653066],[-98.9532295,40.6642911],[-98.9687165,40.6632756],[-98.9842036,40.6622601],[-99.0066087,40.6617588],[-99.0218061,40.6629877],[-99.0370034,40.6642167],[-99.0522008,40.6654456],[-99.0673981,40.6666745],[-99.0825955,40.6679035],[-99.1118083,40.6586595],[-99.1702338,40.6401716],[-99.2578722,40.6124397],[-99.3747233,40.5754638],[-99.4917367,40.5346069],[-99.6089122,40.489869],[-99.72625,40.44125],[-99.84375,40.38875],[-99.931875,40.349375],[-99.990625,40.323125],[-100.02,40.31],[-100.0332868,40.2874731],[-100.0488475,40.2857743],[-100.0644082,40.2840754],[-100.0799689,40.2823766],[-100.0955296,40.2806778],[-100.109436,40.2791595],[-100.1233912,40.2756866],[-100.1384487,40.2719393],[-100.1535062,40.2681921],[-100.1685637,40.2644448],[-100.1836213,40.2606975],[-100.1986788,40.2569502],[-100.2137363,40.253203],[-100.2287938,40.2494557],[-100.2438513,40.2457084],[-100.2589088,40.2419611],[-100.2739664,40.2382138],[-100.2890239,40.2344666],[-100.3115235,40.2313804],[-100.3271113,40.2299974],[-100.342699,40.2286144],[-100.3582868,40.2272314],[-100.3738746,40.2258484],[-100.3894623,40.2244654],[-100.4050501,40.2230824],[-100.4206379,40.2216994],[-100.429094,40.2206319],[-100.4440995,40.2167563],[-100.459105,40.2128806],[-100.4741105,40.2090049],[-100.489116,40.2051293],[-100.5041215,40.2012536],[-100.519127,40.197378],[-100.5341325,40.1935023],[-100.549138,40.1896266],[-100.5641435,40.185751],[-100.604064,40.1819387],[-100.6191148,40.1839567],[-100.6341657,40.1859747],[-100.6492166,40.1879927],[-100.6642675,40.1900107],[-100.6793183,40.1920287],[-100.7017158,40.1963079],[-100.715203,40.2007882],[-100.7286902,40.2052686],[-100.7421774,40.2097489],[-100.7556646,40.2142293],[-100.7691518,40.2187096],[-100.7822266,40.223053],[-100.7968471,40.2191827],[-100.811816,40.2152202],[-100.8267848,40.2112578],[-100.8417536,40.2072953],[-100.8567225,40.2033329],[-100.8716913,40.1993704],[-100.8866601,40.1954079],[-100.901629,40.1914455],[-100.9165978,40.187483],[-100.9315666,40.1835206],[-100.9465355,40.1795581],[-100.9615043,40.1755956],[-100.9764731,40.1716332],[-100.991442,40.1676707],[-101.0104248,40.1638718],[-101.0258308,40.1616055],[-101.0412367,40.1593393],[-101.0566427,40.157073],[-101.0720486,40.1548068],[-101.0874546,40.1525406],[-101.1028606,40.1502743],[-101.1182665,40.1480081],[-101.1336725,40.1457418],[-101.1490784,40.1434756],[-101.1644844,40.1412093],[-101.1798903,40.1389431],[-101.1952963,40.1366768],[-101.2107023,40.1344106],[-101.2261082,40.1321444],[-101.2415142,40.1298781],[-101.2569201,40.1276119],[-101.2723261,40.1253456],[-101.2877321,40.1230794],[-101.303138,40.1208131],[-101.318544,40.1185469],[-101.3294449,40.1169434],[-101.3353517,40.1145447],[-101.3491634,40.1089359],[-101.3629751,40.1033272],[-101.3767868,40.0977184],[-101.3905984,40.0921097],[-101.4044101,40.086501],[-101.4182218,40.0808922],[-101.4320334,40.0752835],[-101.4458451,40.0696747],[-101.4596568,40.064066],[-101.4734684,40.0584572],[-101.4758377,40.0574951],[-101.4763365,40.0569662],[-101.4843253,40.048494],[-101.4923141,40.0400218],[-101.5003028,40.0315495],[-101.6371622,40.1445946],[-101.6527027,40.1432432],[-101.6682432,40.1418919],[-101.6837838,40.1405405],[-101.6993243,40.1391892],[-101.7148649,40.1378378],[-101.7304054,40.1364865],[-101.7459459,40.1351351],[-101.7614865,40.1337838],[-101.777027,40.1324324],[-101.7925676,40.1310811],[-101.8081081,40.1297297],[-101.8236486,40.1283784],[-101.8391892,40.127027],[-101.8547297,40.1256757],[-101.8702703,40.1243243],[-101.8858108,40.122973],[-101.9013514,40.1216216],[-101.9168919,40.1202703],[-101.9324324,40.1189189],[-101.947973,40.1175676],[-101.9635135,40.1162162],[-101.9790541,40.1148649],[-101.9945946,40.1135135],[-102.0101351,40.1121622],[-102.0256757,40.1108108],[-102.0412162,40.1094595],[-102.0567568,40.1081081],[-102.0722973,40.1067568],[-102.0878378,40.1054054],[-102.1033784,40.1040541],[-102.1189189,40.1027027],[-102.1344595,40.1013514],[-102.15,40.1],[-102.1654545,40.1009091],[-102.1809091,40.1018182],[-102.1963636,40.1027273],[-102.2118182,40.1036364],[-102.2272727,40.1045455],[-102.2427273,40.1054545],[-102.2581818,40.1063636],[-102.2736364,40.1072727],[-102.2890909,40.1081818],[-102.3045455,40.1090909],[-102.32,40.11],[-102.3354545,40.1109091],[-102.3509091,40.1118182],[-102.3663636,40.1127273],[-102.3818182,40.1136364],[-102.3972727,40.1145455],[-102.4127273,40.1154545],[-102.4281818,40.1163636],[-102.4436364,40.1172727],[-102.4590909,40.1181818],[-102.4745455,40.1190909],[-102.49,40.12],[-102.5054545,40.1209091],[-102.5209091,40.1218182],[-102.5363636,40.1227273],[-102.5518182,40.1236364],[-102.5672727,40.1245455],[-102.5827273,40.1254545],[-102.5981818,40.1263636],[-102.6136364,40.1272727],[-102.6290909,40.1281818],[-102.6445455,40.1290909],[-102.66,40.13],[-102.6754545,40.1309091],[-102.6909091,40.1318182],[-102.7063636,40.1327273],[-102.7218182,40.1336364],[-102.7372727,40.1345455],[-102.7527273,40.1354545],[-102.7681818,40.1363636],[-104.50625,40.3140625],[-104.703125,40.309375],[-104.815625,40.2625],[-104.984375,40.0375],[-105.0265625,39.9359375],[-105.016875,39.810625],[-105.100625,39.775625],[-106.389,40.059]]}},{"type":"Feature","properties":{"name":"Caesar's Legions–Great Basin","status":"loose frontier — Colorado River + mountain crests + ~50-mile Rio Grande offset","dash":false,"geometry_note":"v0.12 feature-based shared topology. River-following sections preserve unsimplified source hydrography; non-river sections use only meaningful anchors.","topology_source":"shared-feature-network-v0.10.4","fill_rule":"Approved visible border preserved; adjacent political fills are locally partitioned from this same line.","hydrographic_sections":"Explicit river-following portions are duplicated exactly in hfr-na-hydro-borders.geojson and rendered as river-frontiers."},"geometry":{"type":"LineString","coordinates":[[-106.388002,40.0467339],[-106.3951506,40.0425302],[-106.4070068,40.0347029],[-106.4188631,40.0268755],[-106.4307193,40.0190482],[-106.4425755,40.0112208],[-106.4544318,40.0033934],[-106.4655339,39.9956548],[-106.4769819,39.9873116],[-106.4884298,39.9789683],[-106.4998778,39.970625],[-106.5113258,39.9622817],[-106.5227737,39.9539384],[-106.5342217,39.9455951],[-106.5456697,39.9372518],[-106.5571176,39.9289086],[-106.5612284,39.9247845],[-106.5690103,39.9142028],[-106.5767922,39.903621],[-106.5845741,39.8930393],[-106.592356,39.8824575],[-106.674564,39.8792405],[-106.6759751,39.8809201],[-106.6773863,39.8825996],[-106.6787974,39.8842792],[-106.6802086,39.8859587],[-106.6816197,39.8876383],[-106.6830308,39.8893178],[-106.7379625,39.9049405],[-106.7509724,39.9028626],[-106.7639822,39.9007847],[-106.7769921,39.8987068],[-106.7900019,39.8966289],[-106.8304835,39.8838456],[-106.8427221,39.8766101],[-106.8549608,39.8693747],[-106.8671994,39.8621392],[-106.879438,39.8549038],[-106.8916766,39.8476683],[-106.9039152,39.8404329],[-106.9324777,39.8148217],[-106.9414509,39.804648],[-106.9504242,39.7944742],[-106.9590253,39.7847225],[-106.9676264,39.7749707],[-106.9762275,39.7652189],[-106.9848285,39.7554671],[-106.9934296,39.7457154],[-107.0007354,39.7375549],[-107.0104477,39.7281626],[-107.02016,39.7187704],[-107.0298723,39.7093781],[-107.0395847,39.6999859],[-107.0455372,39.6913785],[-107.0478701,39.6830109],[-107.050203,39.6746434],[-107.0525359,39.6662758],[-107.0548688,39.6579082],[-107.0990409,39.6166393],[-107.1125705,39.610851],[-107.1261002,39.6050627],[-107.1396298,39.5992744],[-107.1531594,39.5934861],[-107.166689,39.5876979],[-107.1802186,39.5819096],[-107.1937483,39.5761213],[-107.2200963,39.5668261],[-107.2343582,39.5641837],[-107.2486201,39.5615413],[-107.2628819,39.5588988],[-107.2771438,39.5562564],[-107.2914056,39.553614],[-107.3056675,39.5509716],[-107.3316762,39.5504167],[-107.3447877,39.5517834],[-107.3578992,39.5531501],[-107.3710107,39.5545167],[-107.3841222,39.5558834],[-107.3972337,39.5572501],[-107.4103452,39.5586167],[-107.4234567,39.5599834],[-107.4365683,39.5613501],[-107.4496798,39.5627167],[-107.4627913,39.5640834],[-107.4841666,39.5644539],[-107.4984176,39.5622704],[-107.5126687,39.560087],[-107.5269197,39.5579035],[-107.5411708,39.55572],[-107.5554219,39.5535365],[-107.5696729,39.551353],[-107.583924,39.5491695],[-107.598175,39.546986],[-107.6124261,39.5448025],[-107.6266771,39.542619],[-107.6409282,39.5404355],[-107.6551792,39.538252],[-107.6694303,39.5360685],[-107.6836813,39.5338851],[-107.6979324,39.5317016],[-107.7121835,39.5295181],[-107.7260723,39.5273901],[-107.7399612,39.5252621],[-107.7538501,39.5231341],[-107.7677389,39.5210061],[-107.7816278,39.5188781],[-107.7955167,39.5167501],[-107.8265101,39.5098532],[-107.840308,39.5053385],[-107.8541059,39.5008238],[-107.8679038,39.4963091],[-107.8817018,39.4917943],[-107.8954997,39.4872796],[-107.9092976,39.4827649],[-107.9230955,39.4782502],[-107.9368934,39.4737355],[-107.9506913,39.4692208],[-107.9644893,39.4647061],[-107.9782872,39.4601913],[-108.0236432,39.4366256],[-108.0354458,39.4284081],[-108.0472485,39.4201907],[-108.0590511,39.4119733],[-108.0708538,39.4037558],[-108.0826565,39.3955384],[-108.0944591,39.3873209],[-108.1062618,39.3791035],[-108.1180644,39.370886],[-108.1298671,39.3626686],[-108.1416697,39.3544511],[-108.1534724,39.3462337],[-108.165275,39.3380162],[-108.1893846,39.3167232],[-108.1987893,39.3069131],[-108.2081939,39.2971029],[-108.2175985,39.2872928],[-108.23997,39.2216405],[-108.2393775,39.2175622],[-108.238785,39.213484],[-108.2381926,39.2094057],[-108.2376001,39.2053275],[-108.2424268,39.1984927],[-108.2504987,39.1882812],[-108.2585707,39.1780696],[-108.2666426,39.1678581],[-108.2747146,39.1576465],[-108.2827865,39.1474349],[-108.2908584,39.1372234],[-108.2989304,39.1270118],[-108.3267863,39.1031667],[-108.3398632,39.0966621],[-108.3529401,39.0901575],[-108.366017,39.0836529],[-108.3790939,39.0771483],[-108.3921708,39.0706437],[-108.4052477,39.0641391],[-108.4361665,39.0552044],[-108.4500326,39.0532405],[-108.4638988,39.0512767],[-108.477765,39.0493129],[-108.502242,39.0486911],[-108.5143332,39.0505097],[-108.5264244,39.0523283],[-108.5385156,39.0541468],[-108.5506068,39.0559654],[-108.546875,39.0496875],[-108.540625,39.0290625],[-108.53125,38.998125],[-108.51875,38.956875],[-108.503125,38.9053125],[-108.484375,38.8434375],[-108.4625,38.77125],[-108.4375,38.68875],[-108.4140625,38.605625],[-108.3921875,38.521875],[-108.371875,38.4375],[-108.353125,38.3525],[-108.0820312,36.51875],[-108.0078125,35.625],[-108.0060938,33.8184844],[-108.13,32.761]]}},{"type":"Feature","properties":{"name":"Caesar's Legions–MDE","status":"confirmed — Rio Grande aligned","dash":false,"geometry_note":"v0.12 feature-based shared topology. River-following sections preserve unsimplified source hydrography; non-river sections use only meaningful anchors.","topology_source":"shared-feature-network-v0.10.4","fill_rule":"Approved visible border preserved; adjacent political fills are locally partitioned from this same line.","hydrographic_sections":"Explicit river-following portions are duplicated exactly in hfr-na-hydro-borders.geojson and rendered as river-frontiers."},"geometry":{"type":"LineString","coordinates":[[-108.13,32.761],[-106.5663834,31.8180542],[-106.491951,31.7533417],[-106.390831,31.7447205],[-106.214447,31.4752731],[-106.0,31.3886871],[-105.7702713,31.1761017],[-105.5977707,31.0800018],[-105.5472794,31.0],[-105.3897171,30.8622284],[-105.0,30.6767197],[-104.9872284,30.6222153],[-104.8925018,30.5597153],[-104.855835,30.4060974],[-104.6822128,30.1875],[-104.6930466,30.0],[-104.5400009,29.6711044],[-104.0,29.3138733],[-103.7794495,29.2688904],[-103.726387,29.1933289],[-103.5430527,29.1491699],[-103.4719467,29.0683289],[-103.3038254,29.0],[-103.1136322,29.0],[-103.1036072,29.0591736],[-103.0,29.1491699],[-102.8625031,29.2241669],[-102.8991699,29.2580566],[-102.8825073,29.3524933],[-102.8194427,29.3966675],[-102.7969513,29.5180588],[-102.6702805,29.7427826],[-102.3850021,29.7697296],[-102.3058395,29.8894501],[-102.0975037,29.8027802],[-102.0,29.8066711],[-101.6252823,29.7663879],[-101.5347214,29.8144531],[-101.531395,29.7641754],[-101.4050064,29.7727814],[-101.3061142,29.6311111],[-101.0,29.3733978],[-100.7936096,29.2572174],[-100.7627792,29.1705475],[-100.6683273,29.113327],[-100.6284866,29.0],[-100.6238937,28.9199982],[-100.5294418,28.8274994],[-100.4788895,28.6736145],[-100.3250046,28.5047226],[-100.3566666,28.4808273],[-100.2825089,28.2813873],[-100.0713806,28.1511078],[-100.0,28.0074463],[-99.994751,28.0],[-99.9319458,27.9786072],[-99.8577728,27.7980652],[-99.7116623,27.6650009],[-99.5908279,27.6388931],[-99.5049973,27.5702744],[-99.472496,27.4005432],[-99.5183334,27.3083344],[-99.4377823,27.2436066],[-99.4555588,27.0577698],[-99.172226,26.5608292],[-99.089447,26.4952774],[-99.0999908,26.4150009],[-99.0,26.3861847],[-98.7994537,26.3688812],[-98.652504,26.2411041],[-98.444725,26.2261047],[-98.1966705,26.058609],[-98.0,26.0534363],[-97.7822266,26.0638885],[-97.6139603,26.0],[-97.4122238,25.8422241],[-97.3494492,25.8488922],[-97.3519516,25.9125061],[-97.2625046,25.9636078],[-97.1399994,25.9663849]]}},{"type":"Feature","properties":{"name":"MDE–Great Basin","status":"loose frontier — Gila/Apache/San Carlos/Pinal/Superior/I-8 corridor","dash":false,"geometry_note":"v0.10 precision pass: user control points preserved; river-following sectors snapped to hydrology and all intermediate nodes are cartographic implementation, not new canon.","topology_source":"shared-feature-network-v0.10.4","fill_rule":"Approved visible border preserved; adjacent political fills are locally partitioned from this same line."},"geometry":{"type":"LineString","coordinates":[[-108.13,32.761],[-108.1382716,32.7596363],[-108.1465431,32.7582726],[-108.1548145,32.756909],[-108.1630858,32.7555453],[-108.1713569,32.7541817],[-108.1796279,32.7528181],[-108.1878988,32.7514545],[-108.1961696,32.750091],[-108.2044403,32.7487274],[-108.2127108,32.7473639],[-108.2209812,32.7460004],[-108.2292515,32.7446369],[-108.2375217,32.7432735],[-108.2457917,32.74191],[-108.2540616,32.7405466],[-108.2623314,32.7391832],[-108.2706011,32.7378198],[-108.2788707,32.7364565],[-108.2871401,32.7350931],[-108.2954094,32.7337298],[-108.3036786,32.7323665],[-108.3119477,32.7310032],[-108.315,32.7305],[-108.3202153,32.7296164],[-108.3284768,32.7281265],[-108.3367326,32.7265415],[-108.3449838,32.7248777],[-108.3532312,32.7231513],[-108.3614758,32.7213788],[-108.3697185,32.7195765],[-108.3779604,32.7177607],[-108.3862023,32.7159477],[-108.3944451,32.7141538],[-108.40269,32.7123955],[-108.4109376,32.710689],[-108.4191892,32.7090506],[-108.4274455,32.7074967],[-108.4357075,32.7060436],[-108.4439762,32.7047077],[-108.4522525,32.7035052],[-108.4605374,32.7024526],[-108.4688317,32.701566],[-108.4771366,32.700862],[-108.4854528,32.7003567],[-108.4937814,32.7000666],[-108.5,32.7],[-108.5021233,32.7],[-108.5104792,32.7],[-108.5188483,32.7],[-108.5272296,32.7],[-108.5356222,32.7],[-108.544025,32.7],[-108.5524369,32.7],[-108.5608571,32.7],[-108.5692844,32.7],[-108.5777179,32.7],[-108.5861566,32.7],[-108.5945994,32.7],[-108.6030453,32.7],[-108.6114934,32.7],[-108.6199426,32.7],[-108.6283919,32.7],[-108.6368404,32.7],[-108.6452869,32.7],[-108.6537304,32.7],[-108.6621701,32.7],[-108.6706048,32.7],[-108.6790336,32.7],[-108.6814815,32.7],[-108.6874573,32.7],[-108.6958807,32.7],[-108.7043041,32.7],[-108.7127274,32.7],[-108.7211508,32.7],[-108.7295742,32.7],[-108.7379976,32.7],[-108.746421,32.7],[-108.7548444,32.7],[-108.7632678,32.7],[-108.7716912,32.7],[-108.7801146,32.7],[-108.7885379,32.7],[-108.7969613,32.7],[-108.8053847,32.7],[-108.8138081,32.7],[-108.8222315,32.7],[-108.8306549,32.7],[-108.8390783,32.7],[-108.8475017,32.7],[-108.8559251,32.7],[-108.8643484,32.7],[-108.8727718,32.7],[-108.8811952,32.7],[-108.8896186,32.7],[-108.898042,32.7],[-108.9064654,32.7],[-108.9148888,32.7],[-108.9233122,32.7],[-108.9317356,32.7],[-108.940159,32.7],[-108.9485823,32.7],[-108.9570057,32.7],[-108.9654291,32.7],[-108.9738525,32.7],[-108.9822759,32.7],[-108.9906993,32.7],[-108.9991227,32.7],[-109.0075461,32.7],[-109.0159695,32.7],[-109.0185185,32.7],[-109.0244368,32.7],[-109.0330642,32.7],[-109.0418343,32.7],[-109.050721,32.7],[-109.0596984,32.7],[-109.0687405,32.7],[-109.0778212,32.7],[-109.0869144,32.7],[-109.0959943,32.7],[-109.1050347,32.7],[-109.1140096,32.7],[-109.1228931,32.7],[-109.1316591,32.7],[-109.1402816,32.7],[-109.1487345,32.7],[-109.1569919,32.7],[-109.1650278,32.7],[-109.172816,32.7],[-109.1803307,32.7],[-109.1875457,32.7],[-109.1944351,32.7],[-109.2,32.7],[-109.2009748,32.7000103],[-109.2072552,32.7005772],[-109.2133455,32.7019729],[-109.2192578,32.7041447],[-109.2250041,32.7070398],[-109.2305965,32.7106057],[-109.2360472,32.7147896],[-109.2413683,32.7195388],[-109.2465718,32.7248007],[-109.2516698,32.7305226],[-109.2566745,32.7366518],[-109.261598,32.7431356],[-109.2664523,32.7499213],[-109.2712496,32.7569563],[-109.2760019,32.7641878],[-109.2807214,32.7715632],[-109.2854201,32.7790299],[-109.2901101,32.786535],[-109.2948036,32.7940259],[-109.2995127,32.80145],[-109.3042494,32.8087546],[-109.3090258,32.8158869],[-109.3138541,32.8227943],[-109.3187464,32.8294242],[-109.3237146,32.8357238],[-109.3287711,32.8416404],[-109.3296296,32.8425926],[-109.3338912,32.8472803],[-109.3390129,32.8529142],[-109.3441346,32.8585481],[-109.3492565,32.8641822],[-109.3543785,32.8698163],[-109.3595006,32.8754506],[-109.3646227,32.881085],[-109.369745,32.8867195],[-109.3748674,32.8923541],[-109.3799898,32.8979888],[-109.3851124,32.9036237],[-109.3902351,32.9092586],[-109.3953579,32.9148937],[-109.4004808,32.9205288],[-109.4056037,32.9261641],[-109.4107268,32.9317995],[-109.41585,32.937435],[-109.4209733,32.9430706],[-109.4260967,32.9487064],[-109.4312202,32.9543422],[-109.4363438,32.9599782],[-109.4414675,32.9656142],[-109.4465913,32.9712504],[-109.4517152,32.9768867],[-109.4568392,32.9825231],[-109.4619633,32.9881596],[-109.4670875,32.9937962],[-109.4722118,32.9994329],[-109.4773362,33.0050698],[-109.4824607,33.0107068],[-109.4875853,33.0163438],[-109.49271,33.021981],[-109.4978348,33.0276183],[-109.5029597,33.0332557],[-109.5080848,33.0388932],[-109.5132099,33.0445309],[-109.5183351,33.0501686],[-109.5234604,33.0558065],[-109.5285859,33.0614444],[-109.5337114,33.0670825],[-109.538837,33.0727207],[-109.5439627,33.078359],[-109.5490886,33.0839974],[-109.5542145,33.089636],[-109.5593406,33.0952746],[-109.5644667,33.1009134],[-109.569593,33.1065522],[-109.5703704,33.1074074],[-109.5746814,33.1122983],[-109.579673,33.118318],[-109.5845796,33.1245782],[-109.5894141,33.1310424],[-109.5941895,33.1376741],[-109.5989186,33.1444367],[-109.6036145,33.1512936],[-109.6082902,33.1582084],[-109.6129585,33.1651444],[-109.6176325,33.1720652],[-109.622325,33.1789342],[-109.6270491,33.1857148],[-109.6318176,33.1923705],[-109.6366436,33.1988647],[-109.6415401,33.2051609],[-109.6465198,33.2112226],[-109.6515959,33.2170132],[-109.6567813,33.2224961],[-109.6620889,33.2276348],[-109.6675317,33.2323928],[-109.6731226,33.2367335],[-109.6788746,33.2406203],[-109.6848006,33.2440168],[-109.6909137,33.2468863],[-109.6972267,33.2491923],[-109.7,33.25],[-109.7038014,33.2509709],[-109.7108456,33.2525398],[-109.718332,33.2539577],[-109.7262036,33.2552441],[-109.7344034,33.2564185],[-109.7428747,33.2575003],[-109.7515603,33.2585089],[-109.7604033,33.2594639],[-109.7693468,33.2603846],[-109.7783339,33.2612904],[-109.7873075,33.262201],[-109.7962108,33.2631356],[-109.8049867,33.2641138],[-109.8135784,33.265155],[-109.8171875,33.265625],[-109.8219741,33.2662632],[-109.8303462,33.2673795],[-109.8387184,33.2684958],[-109.8470907,33.2696121],[-109.855463,33.2707284],[-109.8638354,33.2718447],[-109.8722079,33.2729611],[-109.8805805,33.2740774],[-109.8889531,33.2751938],[-109.8973259,33.2763101],[-109.9056987,33.2774265],[-109.9140716,33.2785429],[-109.9224445,33.2796593],[-109.9308176,33.2807757],[-109.9391908,33.2818921],[-109.9475641,33.2830085],[-109.9559374,33.284125],[-109.9643109,33.2852414],[-109.9726844,33.2863579],[-109.9810581,33.2874744],[-109.9894318,33.2885909],[-109.9978057,33.2897074],[-110.0061796,33.290824],[-110.0145537,33.2919405],[-110.0229279,33.2930571],[-110.0313022,33.2941736],[-110.0396766,33.2952902],[-110.0480511,33.2964068],[-110.0564258,33.2975234],[-110.0648005,33.2986401],[-110.0731754,33.2997567],[-110.075,33.3],[-110.0815504,33.3008734],[-110.0899256,33.3019901],[-110.0983008,33.3031068],[-110.1066762,33.3042235],[-110.1150517,33.3053402],[-110.1234273,33.306457],[-110.131803,33.3075737],[-110.1401788,33.3086905],[-110.1485547,33.3098073],[-110.1569308,33.3109241],[-110.1653069,33.3120409],[-110.1736832,33.3131578],[-110.1820595,33.3142746],[-110.190436,33.3153915],[-110.1988125,33.3165083],[-110.2071892,33.3176252],[-110.2155659,33.3187421],[-110.2239427,33.319859],[-110.2323197,33.320976],[-110.2406967,33.3220929],[-110.2490738,33.3232098],[-110.257451,33.3243268],[-110.2658282,33.3254438],[-110.2742056,33.3265607],[-110.282583,33.3276777],[-110.2909605,33.3287947],[-110.2993381,33.3299117],[-110.3077158,33.3310288],[-110.3160935,33.3321458],[-110.3244713,33.3332628],[-110.3328125,33.334375],[-110.3328491,33.3343799],[-110.3412295,33.3355718],[-110.349614,33.336889],[-110.3580015,33.3382973],[-110.3663909,33.3397625],[-110.3747812,33.3412502],[-110.3831713,33.3427263],[-110.3915601,33.3441563],[-110.3999465,33.345506],[-110.4083293,33.3467413],[-110.4167077,33.3478277],[-110.4250803,33.3487311],[-110.4334462,33.3494171],[-110.4418043,33.3498515],[-110.45,33.35],[-110.4501535,33.35],[-110.4584947,33.3498775],[-110.4668296,33.349529],[-110.4751588,33.3489694],[-110.4834825,33.3482139],[-110.4918012,33.3472774],[-110.5001154,33.346175],[-110.5084253,33.3449217],[-110.5167315,33.3435326],[-110.5250343,33.3420226],[-110.5333341,33.3404069],[-110.5416313,33.3387004],[-110.5499263,33.3369182],[-110.5582196,33.3350753],[-110.5665115,33.3331867],[-110.5748025,33.3312675],[-110.5830929,33.3293328],[-110.5913832,33.3273974],[-110.5996737,33.3254766],[-110.6079649,33.3235853],[-110.6162571,33.3217385],[-110.6245509,33.3199513],[-110.6328465,33.3182387],[-110.6411443,33.3166157],[-110.6494449,33.3150974],[-110.65,33.315],[-110.6577442,33.3135938],[-110.6660373,33.3119842],[-110.6743252,33.3102831],[-110.6826085,33.3085055],[-110.6908882,33.3066664],[-110.6991652,33.3047808],[-110.7074402,33.3028638],[-110.7157142,33.3009303],[-110.7239879,33.2989953],[-110.7322623,33.2970739],[-110.7405382,33.295181],[-110.7488164,33.2933318],[-110.7570978,33.2915411],[-110.7653832,33.289824],[-110.7736736,33.2881955],[-110.7819696,33.2866707],[-110.7902723,33.2852644],[-110.7985825,33.2839918],[-110.8069009,33.2828679],[-110.8152285,33.2819076],[-110.8235661,33.2811259],[-110.8319146,33.280538],[-110.8402747,33.2801587],[-110.8486475,33.2800031],[-110.85,33.28],[-110.8570567,33.2800238],[-110.8655402,33.2801116],[-110.8740912,33.2802597],[-110.8827019,33.2804634],[-110.8913647,33.2807181],[-110.900072,33.281019],[-110.908816,33.2813616],[-110.917589,33.2817411],[-110.9263833,33.282153],[-110.9351913,33.2825924],[-110.9440053,33.2830548],[-110.9528176,33.2835355],[-110.9616205,33.2840299],[-110.9704064,33.2845332],[-110.9791675,33.2850407],[-110.9878961,33.2855479],[-110.9965846,33.2860501],[-111.0052253,33.2865426],[-111.0138105,33.2870206],[-111.0223325,33.2874797],[-111.0307836,33.287915],[-111.0391562,33.288322],[-111.0474425,33.2886959],[-111.0556349,33.2890321],[-111.0637257,33.289326],[-111.0717072,33.2895728],[-111.0795717,33.2897679],[-111.0873116,33.2899067],[-111.0949191,33.2899844],[-111.1,33.29],[-111.1023894,33.2899758],[-111.1097579,33.2895963],[-111.1170401,33.2887709],[-111.1242396,33.2875183],[-111.1313598,33.2858569],[-111.1384045,33.2838054],[-111.1453773,33.2813822],[-111.1522816,33.278606],[-111.1591211,33.2754953],[-111.1658993,33.2720686],[-111.1726199,33.2683446],[-111.1792864,33.2643417],[-111.1859024,33.2600786],[-111.1924715,33.2555739],[-111.1989973,33.2508459],[-111.2054834,33.2459134],[-111.2119333,33.2407949],[-111.2183507,33.2355089],[-111.224739,33.2300741],[-111.231102,33.2245089],[-111.2374432,33.2188319],[-111.2437661,33.2130617],[-111.2500744,33.2072169],[-111.2563716,33.201316],[-111.2626614,33.1953775],[-111.2689472,33.1894201],[-111.2752328,33.1834623],[-111.2815216,33.1775226],[-111.2878173,33.1716197],[-111.2941234,33.165772],[-111.3004436,33.1599981],[-111.3067814,33.1543166],[-111.3131403,33.1487461],[-111.3195241,33.1433051],[-111.3259362,33.1380122],[-111.3323803,33.1328859],[-111.3388599,33.1279448],[-111.3453787,33.1232074],[-111.35,33.12],[-111.3519381,33.118682],[-111.3585074,33.1142131],[-111.3650754,33.1097432],[-111.3716421,33.1052722],[-111.3782077,33.1008003],[-111.3847722,33.0963277],[-111.3913358,33.0918544],[-111.3978985,33.0873805],[-111.4044605,33.0829062],[-111.4110218,33.0784315],[-111.4175826,33.0739566],[-111.4241429,33.0694816],[-111.4307029,33.0650066],[-111.4372627,33.0605317],[-111.4438223,33.0560569],[-111.4503819,33.0515825],[-111.4569415,33.0471085],[-111.4635013,33.042635],[-111.4700614,33.0381622],[-111.4766218,33.0336901],[-111.4831828,33.0292189],[-111.4897442,33.0247486],[-111.4963064,33.0202794],[-111.5028693,33.0158114],[-111.5094331,33.0113447],[-111.5159979,33.0068794],[-111.5225637,33.0024156],[-111.5291307,32.9979534],[-111.535699,32.9934929],[-111.5422687,32.9890342],[-111.5488399,32.9845775],[-111.5554126,32.9801229],[-111.561987,32.9756704],[-111.5685633,32.9712202],[-111.5751414,32.9667723],[-111.5817215,32.962327],[-111.5883036,32.9578842],[-111.594888,32.9534442],[-111.6,32.95],[-111.6014737,32.9490021],[-111.6080347,32.9444309],[-111.6145613,32.9396838],[-111.6210561,32.9347736],[-111.6275217,32.9297129],[-111.6339605,32.9245147],[-111.6403751,32.9191915],[-111.6467681,32.9137561],[-111.653142,32.9082213],[-111.6594993,32.9025998],[-111.6658425,32.8969044],[-111.6721743,32.8911478],[-111.6784972,32.8853427],[-111.6848136,32.8795019],[-111.6911261,32.8736382],[-111.6974373,32.8677643],[-111.7037498,32.8618928],[-111.710066,32.8560367],[-111.7163884,32.8502086],[-111.7227197,32.8444212],[-111.7290624,32.8386873],[-111.735419,32.8330197],[-111.741792,32.827431],[-111.748184,32.8219341],[-111.7545976,32.8165417],[-111.7610352,32.8112665],[-111.7674994,32.8061213],[-111.7739928,32.8011188],[-111.7805178,32.7962717],[-111.7870771,32.7915928],[-111.7936732,32.7870949],[-111.8003085,32.7827907],[-111.8069857,32.7786929],[-111.8137073,32.7748143],[-111.8204758,32.7711676],[-111.8272938,32.7677655],[-111.8341638,32.7646209],[-111.8410884,32.7617464],[-111.84807,32.7591548],[-111.8551113,32.7568589],[-111.8622147,32.7548713],[-111.8693828,32.7532049],[-111.8766182,32.7518723],[-111.8839234,32.7508864],[-111.8913009,32.7502598],[-111.8987533,32.7500053],[-111.9,32.75],[-111.9063089,32.75],[-111.9140112,32.75],[-111.9218512,32.75],[-111.9298191,32.75],[-111.9379052,32.75],[-111.9460994,32.75],[-111.954392,32.75],[-111.9627732,32.75],[-111.971233,32.75],[-111.9797617,32.75],[-111.9883493,32.75],[-111.9969861,32.75],[-112.0056621,32.75],[-112.0143675,32.75],[-112.0230925,32.75],[-112.0318273,32.75],[-112.0405619,32.75],[-112.0492865,32.75],[-112.0579912,32.75],[-112.0666663,32.75],[-112.0753019,32.75],[-112.083888,32.75],[-112.0924149,32.75],[-112.1,32.75],[-112.1008732,32.75],[-112.1093013,32.75],[-112.1177294,32.75],[-112.1261575,32.75],[-112.1345856,32.75],[-112.1430137,32.75],[-112.1514419,32.75],[-112.15987,32.75],[-112.1682981,32.75],[-112.1767262,32.75],[-112.1851543,32.75],[-112.1935824,32.75],[-112.2020105,32.75],[-112.2104387,32.75],[-112.2188668,32.75],[-112.2272949,32.75],[-112.235723,32.75],[-112.2441511,32.75],[-112.2525792,32.75],[-112.2610073,32.75],[-112.2694355,32.75],[-112.2778636,32.75],[-112.2862917,32.75],[-112.2947198,32.75],[-112.3,32.75],[-112.3031479,32.75],[-112.311576,32.75],[-112.3200041,32.75],[-112.3284323,32.75],[-112.3368604,32.75],[-112.3452885,32.75],[-112.3537166,32.75],[-112.3621447,32.75],[-112.3705728,32.75],[-112.3790009,32.75],[-112.3874291,32.75],[-112.3958572,32.75],[-112.4042853,32.75],[-112.4127134,32.75],[-112.4211415,32.75],[-112.4295696,32.75],[-112.4379977,32.75],[-112.4464259,32.75],[-112.454854,32.75],[-112.4632821,32.75],[-112.4717102,32.75],[-112.4801383,32.75],[-112.4814815,32.75],[-112.4885664,32.75],[-112.4969945,32.75],[-112.5054227,32.75],[-112.5138508,32.75],[-112.5222789,32.75],[-112.530707,32.75],[-112.5391351,32.75],[-112.5475632,32.75],[-112.5559913,32.75],[-112.5644195,32.75],[-112.5728476,32.75],[-112.5812757,32.75],[-112.5897038,32.75],[-112.5981319,32.75],[-112.60656,32.75],[-112.6149881,32.75],[-112.6234163,32.75],[-112.6318444,32.75],[-112.6402725,32.75],[-112.6487006,32.75],[-112.6571287,32.75],[-112.6655568,32.75],[-112.6739849,32.75],[-112.6824131,32.75],[-112.6908412,32.75],[-112.6992693,32.75],[-112.7076974,32.75],[-112.7161255,32.75],[-112.7245536,32.75],[-112.7329817,32.75],[-112.7414099,32.75],[-112.749838,32.75],[-112.7582661,32.75],[-112.7666942,32.75],[-112.7751223,32.75],[-112.7835504,32.75],[-112.7919785,32.75],[-112.8004067,32.75],[-112.8088348,32.75],[-112.8172629,32.75],[-112.8185185,32.75],[-112.825691,32.75],[-112.8341191,32.75],[-112.8425472,32.75],[-112.8509753,32.75],[-112.8594035,32.75],[-112.8678316,32.75],[-112.8762597,32.75],[-112.8846878,32.75],[-112.8931159,32.75],[-112.901544,32.75],[-112.9099721,32.75],[-112.9184003,32.75],[-112.9268284,32.75],[-112.9352565,32.75],[-112.9436846,32.75],[-112.9521127,32.75],[-112.9605408,32.75],[-112.9689689,32.75],[-112.9773971,32.75],[-112.9858252,32.75],[-112.9942533,32.75],[-113.0,32.75],[-113.0026814,32.75],[-113.0111095,32.75],[-113.0195376,32.75],[-113.0279657,32.75],[-113.0363939,32.75],[-113.044822,32.75],[-113.0532501,32.75],[-113.0616782,32.75],[-113.0701063,32.75],[-113.0785344,32.75],[-113.0869625,32.75],[-113.0953907,32.75],[-113.1038188,32.75],[-113.1122469,32.75],[-113.120675,32.75],[-113.1291031,32.75],[-113.1375312,32.75],[-113.1459593,32.75],[-113.1543875,32.75],[-113.1628156,32.75],[-113.1712437,32.75],[-113.1796718,32.75],[-113.1814815,32.75],[-113.1880999,32.75],[-113.196528,32.75],[-113.2049561,32.75],[-113.2133843,32.75],[-113.2218124,32.75],[-113.2302405,32.75],[-113.2386686,32.75],[-113.2470967,32.75],[-113.2555248,32.75],[-113.2639529,32.75],[-113.2723811,32.75],[-113.2808092,32.75],[-113.2892373,32.75],[-113.2976654,32.75],[-113.3060935,32.75],[-113.3145216,32.75],[-113.3229497,32.75],[-113.3313779,32.75],[-113.339806,32.75],[-113.3482341,32.75],[-113.3566622,32.75],[-113.3650903,32.75],[-113.3735184,32.75],[-113.3819465,32.75],[-113.3903747,32.75],[-113.3988028,32.75],[-113.4072309,32.75],[-113.415659,32.75],[-113.4240871,32.75],[-113.4325152,32.75],[-113.4409433,32.75],[-113.4493715,32.75],[-113.4577996,32.75],[-113.4662277,32.75],[-113.4746558,32.75],[-113.4830839,32.75],[-113.491512,32.75],[-113.4999401,32.75],[-113.5083683,32.75],[-113.5167964,32.75],[-113.5185185,32.75],[-113.5252247,32.75],[-113.5336537,32.75],[-113.5420832,32.75],[-113.5505132,32.75],[-113.5589435,32.75],[-113.5673741,32.75],[-113.5758048,32.75],[-113.5842355,32.75],[-113.5926662,32.75],[-113.6010967,32.75],[-113.6095269,32.75],[-113.6179568,32.75],[-113.6263862,32.75],[-113.6348151,32.75],[-113.6432432,32.75],[-113.6516706,32.75],[-113.6600971,32.75],[-113.6685226,32.75],[-113.676947,32.75],[-113.6853703,32.75],[-113.6937922,32.75],[-113.7,32.75],[-113.7022127,32.7499955],[-113.7106315,32.7499009],[-113.7190485,32.7496951],[-113.7274639,32.7493936],[-113.7358781,32.7490121],[-113.7442913,32.7485661],[-113.7527037,32.7480712],[-113.7611155,32.747543],[-113.769527,32.7469969],[-113.7779383,32.7464487],[-113.7863499,32.7459137],[-113.7947618,32.7454077],[-113.8031743,32.7449462],[-113.80608,32.7448],[-113.8115875,32.74453],[-113.8200007,32.7441176],[-113.8284139,32.7437052],[-113.8368271,32.7432928],[-113.8452402,32.7428804],[-113.8536533,32.742468],[-113.8620664,32.7420556],[-113.8704794,32.7416432],[-113.8788925,32.7412308],[-113.8873055,32.7408184],[-113.8957184,32.740406],[-113.9041314,32.7399936],[-113.9125443,32.7395812],[-113.9209571,32.7391688],[-113.92937,32.7387564],[-113.9377827,32.738344],[-113.9461955,32.7379316],[-113.9546082,32.7375192],[-113.9630209,32.7371068],[-113.9714336,32.7366944],[-113.9798462,32.7362821],[-113.9882587,32.7358697],[-113.9966712,32.7354573],[-114.0050837,32.7350449],[-114.0134961,32.7346325],[-114.0219085,32.7342202],[-114.0303208,32.7338078],[-114.0387331,32.7333954],[-114.0471454,32.7329831],[-114.0555576,32.7325707],[-114.05904,32.7324],[-114.0639697,32.7321583],[-114.0723818,32.731746],[-114.0807939,32.7313336],[-114.0892059,32.7309213],[-114.0976179,32.7305089],[-114.1060298,32.7300966],[-114.1144418,32.7296842],[-114.1228536,32.7292719],[-114.1312655,32.7288595],[-114.1396773,32.7284472],[-114.1480891,32.7280349],[-114.1565008,32.7276225],[-114.1649125,32.7272102],[-114.1733242,32.7267978],[-114.1817358,32.7263855],[-114.1901474,32.7259732],[-114.1985589,32.7255608],[-114.2069704,32.7251485],[-114.2153819,32.7247362],[-114.2237934,32.7243239],[-114.2322048,32.7239115],[-114.2406161,32.7234992],[-114.2490275,32.7230869],[-114.2574387,32.7226746],[-114.26585,32.7222623],[-114.2742612,32.7218499],[-114.2826724,32.7214376],[-114.2910836,32.7210253],[-114.2994947,32.720613],[-114.3079057,32.7202007],[-114.3163168,32.7197884],[-114.3247278,32.7193761],[-114.3331388,32.7189638],[-114.3415497,32.7185515],[-114.3499606,32.7181392],[-114.3583714,32.7177269],[-114.36096,32.7176],[-114.3667822,32.7173146],[-114.375193,32.7169023],[-114.3836037,32.71649],[-114.3920144,32.7160777],[-114.400425,32.7156654],[-114.4088356,32.7152532],[-114.4172461,32.7148409],[-114.4256566,32.7144286],[-114.434067,32.7140163],[-114.4424774,32.713604],[-114.4508878,32.7131918],[-114.4592981,32.7127795],[-114.4677084,32.7123672],[-114.4761186,32.711955],[-114.4845288,32.7115427],[-114.492939,32.7111304],[-114.5013491,32.7107182],[-114.5097592,32.7103059],[-114.5181692,32.7098937],[-114.5265793,32.7094814],[-114.5349893,32.7090692],[-114.5433992,32.7086569],[-114.5518092,32.7082446],[-114.5602191,32.7078324],[-114.5686289,32.7074202],[-114.5770388,32.7070079],[-114.5854486,32.7065957],[-114.5938584,32.7061834],[-114.6022682,32.7057712],[-114.6106779,32.7053589],[-114.61392,32.7052],[-114.6190877,32.7049467],[-114.6274973,32.7045344],[-114.6359069,32.7041222],[-114.6443164,32.70371],[-114.6527259,32.7032978],[-114.6611353,32.7028855],[-114.6695447,32.7024733],[-114.677954,32.7020611],[-114.6863633,32.7016489],[-114.6947725,32.7012366],[-114.7031817,32.7008244],[-114.7115909,32.7004122],[-114.72,32.7]]}},{"type":"Feature","properties":{"name":"NCR–Great Basin","status":"loose frontier","dash":false,"topology_source":"shared-feature-network-v0.10.4","fill_rule":"Approved visible border preserved; adjacent political fills are locally partitioned from this same line."},"geometry":{"type":"LineString","coordinates":[[-121.52,45.71],[-121.5325,45.5834375],[-121.56,45.305],[-121.58749999999999,45.0265625],[-121.6,44.9],[-121.57407407407408,44.718518518518515],[-121.52592592592592,44.38148148148149],[-121.5,44.2],[-121.453125,44.075],[-121.35,43.8],[-121.246875,43.525],[-121.2,43.4],[-121.121875,43.259375],[-120.95,42.95],[-120.778125,42.640625],[-120.7,42.5],[-120.62222222222222,42.34444444444444],[-120.47777777777779,42.05555555555556],[-120.4,41.9],[-120.37407407407407,41.718518518518515],[-120.32592592592593,41.38148148148149],[-120.3,41.2],[-120.3728,41.096000000000004],[-120.54639999999999,40.848000000000006],[-120.7536,40.552],[-120.9272,40.304],[-121.0,40.2],[-120.93333333333334,40.11851851851852],[-120.76666666666667,39.91481481481482],[-120.55,39.650000000000006],[-120.33333333333333,39.385185185185186],[-120.16666666666666,39.181481481481484],[-120.1,39.1],[-120.0375,38.959375],[-119.9,38.650000000000006],[-119.7625,38.340625],[-119.7,38.2],[-119.62222222222222,38.044444444444444],[-119.47777777777779,37.75555555555556],[-119.4,37.6],[-119.31851851851853,37.525925925925925],[-119.11481481481482,37.34074074074074],[-118.85,37.1],[-118.58518518518518,36.85925925925926],[-118.38148148148147,36.67407407407408],[-118.3,36.6],[-118.3064453125,36.5368359375],[-118.3234375,36.370312500000004],[-118.3474609375,36.1348828125],[-118.375,35.865],[-118.4025390625,35.5951171875],[-118.4265625,35.3596875],[-118.4435546875,35.1931640625],[-118.45,35.13],[-118.275,34.89],[-118.1,34.65],[-117.8,34.35],[-117.735546875,34.337109375000004],[-117.565625,34.303125],[-117.325390625,34.255078125],[-117.05,34.2],[-116.774609375,34.144921875],[-116.534375,34.096875],[-116.364453125,34.062890624999994],[-116.3,34.05],[-116.196,34.008399999999995],[-115.948,33.9092],[-115.652,33.7908],[-115.404,33.6916],[-115.3,33.65],[-115.11851851851851,33.63703703703704],[-114.78148148148148,33.61296296296296],[-114.6,33.6],[-114.625,33.400000000000006],[-114.65,33.2],[-114.685,32.95],[-114.72,32.7]]}},{"type":"Feature","properties":{"name":"UTA–Great Basin","status":"loose frontier","dash":false,"topology_source":"shared-feature-network-v0.10.4","fill_rule":"Approved visible border preserved; adjacent political fills are locally partitioned from this same line."},"geometry":{"type":"LineString","coordinates":[[-106.389,40.059],[-106.4787037037037,40.09537037037037],[-106.70296296296296,40.18629629629629],[-106.99449999999999,40.3045],[-107.28603703703703,40.422703703703704],[-107.51029629629629,40.51362962962963],[-107.6,40.55],[-107.67201166180757,40.57215743440233],[-107.85772594752186,40.629300291545185],[-108.11166180758018,40.70743440233236],[-108.38833819241982,40.79256559766764],[-108.64227405247814,40.870699708454815],[-108.82798833819243,40.92784256559767],[-108.9,40.95],[-109.1,40.7],[-109.3,40.45],[-109.39359999999999,40.4656],[-109.6168,40.5028],[-109.8832,40.547200000000004],[-110.10640000000001,40.5844],[-110.2,40.6],[-110.304,40.652],[-110.552,40.776],[-110.848,40.924],[-111.096,41.048],[-111.2,41.1],[-111.18892128279883,41.17201166180758],[-111.1603498542274,41.357725947521864],[-111.12128279883382,41.61166180758018],[-111.07871720116619,41.88833819241982],[-111.0396501457726,42.142274052478136],[-111.01107871720117,42.32798833819242],[-111.0,42.4],[-111.0,42.58148148148148],[-111.0,42.91851851851852],[-111.0,43.1],[-111.01481481481481,43.18888888888889],[-111.05185185185185,43.41111111111111],[-111.1,43.7],[-111.14814814814815,43.98888888888889],[-111.18518518518519,44.21111111111111],[-111.2,44.3],[-111.1,44.55],[-111.0,44.8],[-111.08888888888889,44.81111111111111],[-111.31111111111112,44.83888888888889],[-111.6,44.875],[-111.88888888888889,44.91111111111111],[-112.11111111111111,44.93888888888889],[-112.2,44.95],[-112.45,45.1],[-112.7,45.25],[-112.825,45.3125],[-113.1,45.45],[-113.375,45.5875],[-113.5,45.65],[-113.65,45.9],[-113.8,46.15],[-114.0,46.325],[-114.2,46.5],[-114.5,46.8],[-114.68148148148148,46.8],[-115.01851851851852,46.8],[-115.2,46.8],[-115.325,46.721875],[-115.6,46.55],[-115.875,46.378125],[-116.0,46.3],[-116.1037037037037,46.13148148148148],[-116.2962962962963,45.818518518518516],[-116.4,45.65],[-116.525,45.6109375],[-116.80000000000001,45.525],[-117.075,45.4390625],[-117.2,45.4],[-117.304,45.3792],[-117.552,45.3296],[-117.848,45.2704],[-118.096,45.220800000000004],[-118.2,45.2],[-118.325,45.2390625],[-118.6,45.325],[-118.875,45.4109375],[-119.0,45.45],[-119.104,45.4656],[-119.352,45.5028],[-119.648,45.547200000000004],[-119.896,45.5844],[-120.0,45.6],[-120.0653125,45.6047265625],[-120.2375,45.6171875],[-120.4809375,45.6348046875],[-120.75999999999999,45.655],[-121.0390625,45.6751953125],[-121.2825,45.6928125],[-121.45468749999999,45.705273437500004],[-121.52,45.71]]}},{"type":"Feature","properties":{"name":"NCR–UTA","status":"confirmed","dash":false,"topology_source":"shared-feature-network-v0.10.4","fill_rule":"Approved visible border preserved; adjacent political fills are locally partitioned from this same line.","hydrographic_sections":"Explicit river-following portions are duplicated exactly in hfr-na-hydro-borders.geojson and rendered as river-frontiers."},"geometry":{"type":"LineString","coordinates":[[-124.06,46.25],[-123.925625,46.2375],[-123.63,46.21],[-123.33437500000001,46.182500000000005],[-123.2,46.17],[-122.95,46.010000000000005],[-122.7,45.85],[-122.51851851851852,45.79814814814815],[-122.18148148148148,45.70185185185185],[-122.0,45.65],[-121.75999999999999,45.68],[-121.52,45.71]]}},{"type":"Feature","properties":{"name":"NCR–MDE","status":"confirmed — Colorado River / Route 5 / Baja frontier","dash":false,"geometry_note":"v0.10 precision pass: user control points preserved; river-following sectors snapped to hydrology and all intermediate nodes are cartographic implementation, not new canon.","topology_source":"shared-feature-network-v0.10.4","fill_rule":"Approved visible border preserved; adjacent political fills are locally partitioned from this same line.","hydrographic_sections":"Explicit river-following portions are duplicated exactly in hfr-na-hydro-borders.geojson and rendered as river-frontiers."},"geometry":{"type":"LineString","coordinates":[[-114.7194443,32.7180634],[-114.7222923,32.7135227],[-114.7251527,32.7089777],[-114.7280219,32.7044283],[-114.7308964,32.6998745],[-114.7337728,32.6953163],[-114.7366475,32.6907535],[-114.7395171,32.6861862],[-114.7423781,32.6816142],[-114.7452269,32.6770375],[-114.7480602,32.6724561],[-114.7508744,32.6678699],[-114.7536659,32.6632788],[-114.7564315,32.6586828],[-114.7591674,32.6540819],[-114.7618703,32.6494759],[-114.7645367,32.6448649],[-114.767163,32.6402488],[-114.7697459,32.6356275],[-114.7722817,32.6310009],[-114.7747671,32.6263691],[-114.7771984,32.6217319],[-114.7795723,32.6170894],[-114.7818853,32.6124414],[-114.7841338,32.6077879],[-114.7863143,32.6031288],[-114.7884234,32.5984641],[-114.7904577,32.5937938],[-114.7924135,32.5891178],[-114.7942874,32.5844359],[-114.796076,32.5797483],[-114.7977756,32.5750547],[-114.799383,32.5703553],[-114.8008944,32.5656498],[-114.8023066,32.5609383],[-114.8036159,32.5562207],[-114.8048189,32.551497],[-114.8059121,32.546767],[-114.806892,32.5420308],[-114.8077551,32.5372883],[-114.808498,32.5325394],[-114.8091171,32.5277841],[-114.809609,32.5230223],[-114.8099701,32.5182539],[-114.810197,32.513479],[-114.8102862,32.5086975],[-114.8102875,32.508049],[-114.8102831,32.5039083],[-114.8102673,32.4991103],[-114.8102403,32.4943034],[-114.8102025,32.4894879],[-114.8101541,32.484664],[-114.8100955,32.4798319],[-114.810027,32.4749918],[-114.809949,32.4701438],[-114.8098617,32.4652882],[-114.8097655,32.4604251],[-114.8096608,32.4555548],[-114.8095477,32.4506774],[-114.8094268,32.4457931],[-114.8092982,32.440902],[-114.8091624,32.4360045],[-114.8090196,32.4311007],[-114.8088702,32.4261907],[-114.8087145,32.4212748],[-114.8085528,32.4163532],[-114.8083855,32.411426],[-114.8082129,32.4064934],[-114.8080352,32.4015556],[-114.8078529,32.3966129],[-114.8076663,32.3916653],[-114.8074757,32.3867132],[-114.8072813,32.3817566],[-114.8070836,32.3767958],[-114.8068829,32.371831],[-114.8066795,32.3668623],[-114.8064737,32.36189],[-114.8062658,32.3569142],[-114.8060562,32.3519351],[-114.8058452,32.3469529],[-114.8056331,32.3419679],[-114.8054203,32.3369801],[-114.805207,32.3319898],[-114.8049937,32.3269972],[-114.8047806,32.3220024],[-114.804568,32.3170057],[-114.8043563,32.3120073],[-114.8041459,32.3070072],[-114.8039369,32.3020058],[-114.8037298,32.2970032],[-114.803525,32.2919997],[-114.8033226,32.2869953],[-114.803123,32.2819903],[-114.8029267,32.2769848],[-114.8027338,32.2719792],[-114.8025448,32.2669734],[-114.8023598,32.2619679],[-114.8021794,32.2569626],[-114.8020038,32.2519579],[-114.8018333,32.2469539],[-114.8016682,32.2419508],[-114.8015089,32.2369488],[-114.8013557,32.2319481],[-114.801209,32.2269489],[-114.801069,32.2219513],[-114.8009361,32.2169555],[-114.8008106,32.2119619],[-114.8006928,32.2069704],[-114.8005831,32.2019814],[-114.8004818,32.196995],[-114.8003892,32.1920114],[-114.8003056,32.1870308],[-114.8002314,32.1820534],[-114.8001669,32.1770793],[-114.8001124,32.1721088],[-114.8000683,32.1671421],[-114.8000348,32.1621793],[-114.8000124,32.1572207],[-114.8000012,32.1522663],[-114.8,32.15],[-114.8000023,32.1473158],[-114.8000184,32.1423659],[-114.8000494,32.137416],[-114.8000949,32.1324661],[-114.8001545,32.1275163],[-114.8002276,32.1225665],[-114.8003138,32.1176168],[-114.8004126,32.1126671],[-114.8005236,32.1077175],[-114.8006463,32.1027679],[-114.8007803,32.0978183],[-114.800925,32.0928687],[-114.80108,32.0879192],[-114.8012449,32.0829698],[-114.8014191,32.0780203],[-114.8016022,32.0730709],[-114.8017938,32.0681215],[-114.8019934,32.0631722],[-114.8022004,32.0582228],[-114.8024145,32.0532735],[-114.8026352,32.0483242],[-114.802862,32.043375],[-114.8030945,32.0384257],[-114.8033321,32.0334765],[-114.8035744,32.0285273],[-114.8038211,32.0235781],[-114.8040714,32.0186289],[-114.8043251,32.0136797],[-114.8045817,32.0087306],[-114.8048407,32.0037814],[-114.8051015,31.9988322],[-114.8053639,31.9938831],[-114.8056272,31.9889339],[-114.805891,31.9839848],[-114.806155,31.9790357],[-114.8064185,31.9740865],[-114.8066811,31.9691374],[-114.8069424,31.9641882],[-114.8072019,31.9592391],[-114.8074592,31.9542899],[-114.8077137,31.9493407],[-114.807965,31.9443916],[-114.8082126,31.9394424],[-114.8084561,31.9344932],[-114.8086951,31.9295439],[-114.8089289,31.9245947],[-114.8091573,31.9196454],[-114.8093796,31.9146962],[-114.8095955,31.9097469],[-114.8098045,31.9047976],[-114.81,31.9],[-114.8100061,31.8998482],[-114.8102045,31.8948989],[-114.8104038,31.8899496],[-114.810604,31.8850003],[-114.8108049,31.880051],[-114.8110065,31.8751017],[-114.8112087,31.8701525],[-114.8114116,31.8652032],[-114.8116149,31.860254],[-114.8118188,31.8553048],[-114.8120231,31.8503556],[-114.8122278,31.8454064],[-114.8124327,31.8404572],[-114.812638,31.8355081],[-114.8128435,31.8305589],[-114.8130491,31.8256097],[-114.8132548,31.8206606],[-114.8134605,31.8157114],[-114.8136663,31.8107622],[-114.8138719,31.8058131],[-114.8140775,31.8008639],[-114.8142829,31.7959147],[-114.814488,31.7909656],[-114.8146929,31.7860164],[-114.8148974,31.7810672],[-114.8151016,31.776118],[-114.8153052,31.7711688],[-114.8155084,31.7662196],[-114.815711,31.7612703],[-114.815913,31.7563211],[-114.8161144,31.7513718],[-114.816315,31.7464225],[-114.8165148,31.7414732],[-114.8167138,31.7365239],[-114.8169119,31.7315746],[-114.8171091,31.7266252],[-114.8173052,31.7216758],[-114.8175003,31.7167264],[-114.8176943,31.711777],[-114.8178872,31.7068275],[-114.8180788,31.701878],[-114.8182691,31.6969285],[-114.8184581,31.691979],[-114.8186458,31.6870294],[-114.8188319,31.6820798],[-114.8190166,31.6771301],[-114.8191998,31.6721804],[-114.8193813,31.6672307],[-114.8195612,31.6622809],[-114.8197394,31.6573311],[-114.8199158,31.6523813],[-114.82,31.65],[-114.8200903,31.6474314],[-114.820263,31.6424814],[-114.8204338,31.6375314],[-114.8206029,31.6325814],[-114.8207703,31.6276313],[-114.8209361,31.6226811],[-114.8211004,31.6177309],[-114.8212634,31.6127807],[-114.821425,31.6078304],[-114.8215855,31.6028801],[-114.8217448,31.5979298],[-114.8219031,31.5929794],[-114.8220605,31.588029],[-114.822217,31.5830786],[-114.8223728,31.5781281],[-114.8225279,31.5731777],[-114.8226825,31.5682272],[-114.8228365,31.5632767],[-114.8229902,31.5583262],[-114.8231436,31.5533757],[-114.8232967,31.5484252],[-114.8234498,31.5434746],[-114.8236028,31.5385241],[-114.8237559,31.5335736],[-114.8239091,31.5286231],[-114.8240626,31.5236726],[-114.8242164,31.5187221],[-114.8243706,31.5137716],[-114.8245254,31.5088211],[-114.8246808,31.5038707],[-114.8248368,31.4989202],[-114.8249937,31.4939698],[-114.8251514,31.4890195],[-114.8251852,31.487963],[-114.8253098,31.4840691],[-114.8254682,31.4791187],[-114.8256266,31.4741684],[-114.825785,31.469218],[-114.8259434,31.4642677],[-114.8261018,31.4593173],[-114.8262603,31.4543669],[-114.8264187,31.4494166],[-114.8265771,31.4444662],[-114.8267355,31.4395159],[-114.8268939,31.4345655],[-114.8270523,31.4296151],[-114.8272107,31.4246648],[-114.8273691,31.4197144],[-114.8275276,31.4147641],[-114.827686,31.4098137],[-114.8278444,31.4048633],[-114.8280028,31.399913],[-114.8281612,31.3949626],[-114.8283196,31.3900123],[-114.828478,31.3850619],[-114.8286364,31.3801115],[-114.8287948,31.3751612],[-114.8289533,31.3702108],[-114.8291117,31.3652605],[-114.8292701,31.3603101],[-114.8294285,31.3553598],[-114.8295869,31.3504094],[-114.8297453,31.3454591],[-114.8299037,31.3405087],[-114.8300621,31.3355583],[-114.8302205,31.330608],[-114.830379,31.3256576],[-114.8305374,31.3207073],[-114.8306958,31.3157569],[-114.8308542,31.3108066],[-114.8310126,31.3058562],[-114.831171,31.3009058],[-114.8313294,31.2959555],[-114.8314878,31.2910051],[-114.8316462,31.2860548],[-114.8318047,31.2811044],[-114.8319631,31.2761541],[-114.8321215,31.2712037],[-114.8322799,31.2662534],[-114.8324383,31.261303],[-114.8325967,31.2563527],[-114.8327551,31.2514023],[-114.8329135,31.246452],[-114.8330719,31.2415016],[-114.8332304,31.2365513],[-114.8333888,31.2316009],[-114.8335472,31.2266505],[-114.8337056,31.2217002],[-114.833864,31.2167498],[-114.8340224,31.2117995],[-114.8341808,31.2068491],[-114.8343392,31.2018988],[-114.8344977,31.1969484],[-114.8346561,31.1919981],[-114.8348145,31.1870477],[-114.8348148,31.187037],[-114.8349776,31.1820935],[-114.8351494,31.1771319],[-114.8353292,31.1721637],[-114.835516,31.1671897],[-114.835709,31.1622106],[-114.8359071,31.157227],[-114.8361097,31.1522399],[-114.8363157,31.1472499],[-114.8365243,31.1422577],[-114.8367346,31.137264],[-114.8369457,31.1322698],[-114.8371567,31.1272755],[-114.8373668,31.1222821],[-114.837575,31.1172902],[-114.8377804,31.1123007],[-114.8379823,31.1073141],[-114.8381796,31.1023313],[-114.8383716,31.097353],[-114.8385572,31.0923799],[-114.8387357,31.0874128],[-114.8389061,31.0824525],[-114.8390675,31.0774996],[-114.8392192,31.0725549],[-114.8393601,31.0676192],[-114.8394894,31.0626931],[-114.8396062,31.0577775],[-114.8397096,31.052873],[-114.8397987,31.0479804],[-114.8398727,31.0431005],[-114.8399306,31.0382339],[-114.8399716,31.0333815],[-114.8399948,31.0285439],[-114.84,31.025],[-114.8399839,31.0237222],[-114.8396467,31.018923],[-114.8389067,31.0141464],[-114.8378091,31.0093899],[-114.8363995,31.004651],[-114.8347234,30.9999271],[-114.832826,30.9952157],[-114.830753,30.9905142],[-114.8285497,30.9858201],[-114.8262615,30.9811307],[-114.823934,30.9764436],[-114.8216125,30.9717562],[-114.8193425,30.9670659],[-114.8171693,30.9623702],[-114.8151386,30.9576666],[-114.8134111,30.9532653],[-114.8132951,30.9529524],[-114.8115458,30.948233],[-114.8097966,30.9435136],[-114.8080473,30.9387942],[-114.806298,30.9340748],[-114.8045487,30.9293555],[-114.8027995,30.9246361],[-114.8010502,30.9199168],[-114.799301,30.9151974],[-114.7975517,30.9104781],[-114.7958025,30.9057588],[-114.7940533,30.9010395],[-114.792304,30.8963203],[-114.7905548,30.891601],[-114.7888056,30.8868818],[-114.7870564,30.8821626],[-114.7853072,30.8774433],[-114.783558,30.8727242],[-114.7818088,30.868005],[-114.7800596,30.8632859],[-114.7783104,30.8585667],[-114.7765613,30.8538476],[-114.7748121,30.8491285],[-114.773063,30.8444095],[-114.7713138,30.8396905],[-114.7695647,30.8349714],[-114.7678156,30.8302524],[-114.7660665,30.8255335],[-114.7643174,30.8208145],[-114.7625683,30.8160956],[-114.7608192,30.8113767],[-114.7590701,30.8066579],[-114.757321,30.801939],[-114.755572,30.7972202],[-114.7538229,30.7925014],[-114.7520739,30.7877827],[-114.7503249,30.7830639],[-114.7485758,30.7783452],[-114.7468268,30.7736266],[-114.7450778,30.7689079],[-114.7448397,30.7682653],[-114.7433289,30.7641893],[-114.7415799,30.7594707],[-114.7398309,30.7547521],[-114.7380819,30.7500336],[-114.736333,30.745315],[-114.734584,30.7405965],[-114.7328351,30.735878],[-114.7310861,30.7311595],[-114.7293372,30.726441],[-114.7275883,30.7217226],[-114.7258394,30.7170041],[-114.7240905,30.7122857],[-114.7223415,30.7075673],[-114.7205926,30.7028489],[-114.7188438,30.6981306],[-114.7170949,30.6934122],[-114.715346,30.6886939],[-114.7135971,30.6839756],[-114.7118483,30.6792573],[-114.7100994,30.674539],[-114.7083506,30.6698208],[-114.7066017,30.6651025],[-114.7048529,30.6603843],[-114.7031041,30.6556662],[-114.7013552,30.650948],[-114.6996064,30.6462298],[-114.6978576,30.6415117],[-114.6961088,30.6367936],[-114.69436,30.6320755],[-114.6926113,30.6273575],[-114.6908625,30.6226394],[-114.6891137,30.6179214],[-114.687365,30.6132034],[-114.6856162,30.6084854],[-114.6838675,30.6037675],[-114.6821187,30.5990495],[-114.68037,30.5943316],[-114.6786213,30.5896137],[-114.6768726,30.5848958],[-114.6751239,30.580178],[-114.6733752,30.5754602],[-114.6716265,30.5707424],[-114.6698778,30.5660246],[-114.6681292,30.5613068],[-114.6663805,30.5565891],[-114.6646319,30.5518714],[-114.6628832,30.5471537],[-114.6611346,30.542436],[-114.659386,30.5377184],[-114.6576373,30.5330008],[-114.6558887,30.5282832],[-114.6541401,30.5235656],[-114.6523916,30.5188481],[-114.6510787,30.5153061],[-114.650643,30.5141305],[-114.6488944,30.509413],[-114.6471458,30.5046956],[-114.6453973,30.4999781],[-114.6436487,30.4952607],[-114.6419002,30.4905432],[-114.6401517,30.4858258],[-114.6384031,30.4811085],[-114.6366546,30.4763911],[-114.6349061,30.4716738],[-114.6331576,30.4669565],[-114.6314091,30.4622392],[-114.6296606,30.4575219],[-114.6279121,30.4528046],[-114.6261637,30.4480874],[-114.6244152,30.4433702],[-114.6226668,30.438653],[-114.6209183,30.4339358],[-114.6191699,30.4292187],[-114.6174214,30.4245016],[-114.615673,30.4197844],[-114.6139246,30.4150674],[-114.6121762,30.4103503],[-114.6104278,30.4056332],[-114.6086794,30.4009162],[-114.606931,30.3961992],[-114.6051826,30.3914822],[-114.6034342,30.3867653],[-114.6016859,30.3820483],[-114.5999375,30.3773314],[-114.5981892,30.3726145],[-114.5964408,30.3678976],[-114.5946925,30.3631808],[-114.5929442,30.3584639],[-114.5911958,30.3537471],[-114.5894475,30.3490303],[-114.5876992,30.3443135],[-114.5859509,30.3395968],[-114.5842026,30.33488],[-114.5824543,30.3301633],[-114.5807061,30.3254466],[-114.5789578,30.3207299],[-114.5772095,30.3160133],[-114.5754613,30.3112966],[-114.5737131,30.30658],[-114.5719648,30.3018634],[-114.5702166,30.2971468],[-114.5684684,30.2924303],[-114.5667202,30.2877138],[-114.5649719,30.2829972],[-114.5632238,30.2782807],[-114.5614756,30.2735643],[-114.5597274,30.2688478],[-114.5579792,30.2641314],[-114.556231,30.259415],[-114.5544829,30.2546986],[-114.5527347,30.2499822],[-114.5509866,30.2452659],[-114.5492384,30.2405495],[-114.5489213,30.2396939],[-114.5474903,30.2358332],[-114.5457422,30.2311169],[-114.5439941,30.2264007],[-114.542246,30.2216844],[-114.5404979,30.2169682],[-114.5387498,30.212252],[-114.5370017,30.2075359],[-114.5352536,30.2028197],[-114.5335056,30.1981036],[-114.5317575,30.1933875],[-114.5300095,30.1886714],[-114.5282615,30.1839554],[-114.5265134,30.1792394],[-114.5247654,30.1745234],[-114.5230174,30.1698074],[-114.5212694,30.1650914],[-114.5195214,30.1603755],[-114.5177734,30.1556596],[-114.5160255,30.1509437],[-114.5142775,30.1462278],[-114.5125295,30.1415119],[-114.5107816,30.1367961],[-114.5090336,30.1320803],[-114.5072857,30.1273645],[-114.5055378,30.1226487],[-114.5037898,30.117933],[-114.5020419,30.1132173],[-114.500294,30.1085016],[-114.4985461,30.1037859],[-114.4967982,30.0990702],[-114.4950503,30.0943546],[-114.4933025,30.0896389],[-114.4915546,30.0849233],[-114.4898067,30.0802077],[-114.4880589,30.0754922],[-114.486311,30.0707766],[-114.4845632,30.0660611],[-114.4828153,30.0613456],[-114.4810675,30.0566301],[-114.4793197,30.0519146],[-114.4775719,30.0471991],[-114.4758241,30.0424837],[-114.4740763,30.0377683],[-114.4723285,30.0330529],[-114.4705807,30.0283375],[-114.4688329,30.0236221],[-114.4670851,30.0189068],[-114.4653374,30.0141915],[-114.4635896,30.0094761],[-114.4618419,30.0047609],[-114.4600941,30.0000456],[-114.4583464,29.9953303],[-114.4565986,29.9906151],[-114.4551603,29.9867347],[-114.4548509,29.9858998],[-114.4531032,29.9811846],[-114.4513555,29.9764695],[-114.4496078,29.9717543],[-114.4478601,29.9670392],[-114.4461124,29.9623241],[-114.4443647,29.9576091],[-114.4426171,29.952894],[-114.4408694,29.948179],[-114.4391218,29.943464],[-114.4373742,29.9387491],[-114.4356266,29.9340342],[-114.4338789,29.9293192],[-114.4321313,29.9246044],[-114.4303838,29.9198895],[-114.4286362,29.9151747],[-114.4268886,29.9104599],[-114.425141,29.9057451],[-114.4233935,29.9010303],[-114.4216459,29.8963156],[-114.4198984,29.8916008],[-114.4181508,29.8868861],[-114.4164033,29.8821714],[-114.4146558,29.8774568],[-114.4129083,29.8727421],[-114.4111608,29.8680275],[-114.4094133,29.8633129],[-114.4076658,29.8585983],[-114.4059183,29.8538837],[-114.4041708,29.8491691],[-114.4024233,29.8444545],[-114.4006758,29.83974],[-114.3989284,29.8350255],[-114.3971809,29.830311],[-114.3954334,29.8255965],[-114.393686,29.820882],[-114.3919385,29.8161675],[-114.3901911,29.811453],[-114.3884436,29.8067386],[-114.3866962,29.8020241],[-114.3865889,29.8017347],[-114.3848539,29.7970536],[-114.3828248,29.7915794],[-114.3806539,29.7857225],[-114.3783864,29.7796049],[-114.3760675,29.7733489],[-114.3737427,29.7670766],[-114.371457,29.7609102],[-114.3692559,29.7549717],[-114.3671846,29.7493834],[-114.3652883,29.7442675],[-114.3636124,29.739746],[-114.3622021,29.7359411],[-114.3611027,29.7329749],[-114.3603594,29.7309697],[-114.3600176,29.7300475],[-114.36,29.73],[-114.3604537,29.7300069],[-114.362477,29.7300378],[-114.3659288,29.7300905],[-114.3705978,29.7301618],[-114.3762728,29.7302484],[-114.3827426,29.7303472],[-114.3897959,29.7304549],[-114.3972214,29.7305683],[-114.4048081,29.7306841],[-114.4123445,29.7307992],[-114.4196195,29.7309102],[-114.4264218,29.7310141],[-114.4325402,29.7311075],[-114.4325656,29.7311079],[-114.4382423,29.7311945],[-114.4439443,29.7312816],[-114.4496464,29.7313686],[-114.4553485,29.7314557],[-114.4610505,29.7315428],[-114.4667526,29.7316298],[-114.4724547,29.7317169],[-114.4781568,29.7318039],[-114.4838588,29.731891],[-114.4895609,29.731978],[-114.495263,29.7320651],[-114.5009651,29.7321521],[-114.5066672,29.7322392],[-114.5123693,29.7323262],[-114.5180714,29.7324133],[-114.5237735,29.7325004],[-114.5294757,29.7325874],[-114.5351778,29.7326745],[-114.5408799,29.7327615],[-114.546582,29.7328486],[-114.5522842,29.7329356],[-114.5579863,29.7330227],[-114.5636885,29.7331097],[-114.5693906,29.7331968],[-114.5750928,29.7332839],[-114.580795,29.7333709],[-114.5864971,29.733458],[-114.5921993,29.733545],[-114.5979015,29.7336321],[-114.6036037,29.7337191],[-114.6093059,29.7338062],[-114.6150081,29.7338933],[-114.6197085,29.733965],[-114.6207103,29.7339803],[-114.6264125,29.7340674],[-114.6321147,29.7341544],[-114.637817,29.7342415],[-114.6435192,29.7343285],[-114.6492214,29.7344156],[-114.6549237,29.7345027],[-114.6606259,29.7345897],[-114.6663282,29.7346768],[-114.6720304,29.7347638],[-114.6777327,29.7348509],[-114.6834349,29.7349379],[-114.6891372,29.735025],[-114.6948395,29.7351121],[-114.7005417,29.7351991],[-114.706244,29.7352862],[-114.7119463,29.7353732],[-114.7176486,29.7354603],[-114.7233509,29.7355473],[-114.7290532,29.7356344],[-114.7347555,29.7357215],[-114.7404578,29.7358085],[-114.7461601,29.7358956],[-114.7518624,29.7359826],[-114.7575647,29.7360697],[-114.763267,29.7361567],[-114.7689694,29.7362438],[-114.7746717,29.7363309],[-114.780374,29.7364179],[-114.7860764,29.736505],[-114.7917787,29.736592],[-114.7974811,29.7366791],[-114.8031834,29.7367662],[-114.8088858,29.7368532],[-114.8145882,29.7369403],[-114.8202905,29.7370273],[-114.8259929,29.7371144],[-114.8316953,29.7372015],[-114.8373977,29.7372885],[-114.8431001,29.7373756],[-114.8488025,29.7374626],[-114.8545049,29.7375497],[-114.8602073,29.7376368],[-114.8659097,29.7377238],[-114.8716122,29.7378109],[-114.8755977,29.7378717],[-114.8773146,29.7378979],[-114.883017,29.737985],[-114.8887195,29.7380721],[-114.8944219,29.7381591],[-114.9001244,29.7382462],[-114.9058268,29.7383332],[-114.9115293,29.7384203],[-114.9172317,29.7385074],[-114.9229342,29.7385944],[-114.9286367,29.7386815],[-114.9343392,29.7387685],[-114.9400416,29.7388556],[-114.9457441,29.7389427],[-114.9514466,29.7390297],[-114.9571491,29.7391168],[-114.9628516,29.7392038],[-114.9685541,29.7392909],[-114.9742566,29.739378],[-114.9799591,29.739465],[-114.9856617,29.7395521],[-114.9913642,29.7396391],[-114.9970667,29.7397262],[-115.0027693,29.7398133],[-115.0084718,29.7399003],[-115.0141743,29.7399874],[-115.0198769,29.7400745],[-115.0255794,29.7401615],[-115.031282,29.7402486],[-115.0369846,29.7403356],[-115.0426871,29.7404227],[-115.0483897,29.7405098],[-115.0540923,29.7405968],[-115.0597949,29.7406839],[-115.0654975,29.740771],[-115.0712001,29.740858],[-115.0769027,29.7409451],[-115.0826053,29.7410321],[-115.0883079,29.7411192],[-115.0940105,29.7412063],[-115.0997131,29.7412933],[-115.1054157,29.7413804],[-115.1111183,29.7414675],[-115.116821,29.7415545],[-115.1225236,29.7416416],[-115.1282263,29.7417286],[-115.1339289,29.7418157],[-115.1396316,29.7419028],[-115.1453342,29.7419898],[-115.1510369,29.7420769],[-115.1544023,29.7421283],[-115.1567395,29.742164],[-115.1624422,29.742251],[-115.1681449,29.7423381],[-115.1738476,29.7424252],[-115.1795503,29.7425122],[-115.1852529,29.7425993],[-115.1909556,29.7426863],[-115.1966584,29.7427734],[-115.2023611,29.7428605],[-115.2080638,29.7429475],[-115.2137665,29.7430346],[-115.2194692,29.7431217],[-115.225172,29.7432087],[-115.2308747,29.7432958],[-115.2365774,29.7433829],[-115.2422802,29.7434699],[-115.2479829,29.743557],[-115.2536857,29.7436441],[-115.2593884,29.7437311],[-115.2650912,29.7438182],[-115.270794,29.7439053],[-115.2764968,29.7439923],[-115.2821995,29.7440794],[-115.2879023,29.7441664],[-115.2936051,29.7442535],[-115.2993079,29.7443406],[-115.3050107,29.7444276],[-115.3107135,29.7445147],[-115.3164163,29.7446018],[-115.3221191,29.7446888],[-115.327822,29.7447759],[-115.3335248,29.744863],[-115.3392276,29.74495],[-115.3449304,29.7450371],[-115.3506333,29.7451242],[-115.3563361,29.7452112],[-115.362039,29.7452983],[-115.3677418,29.7453854],[-115.3734447,29.7454724],[-115.3791475,29.7455595],[-115.3848504,29.7456466],[-115.3905532,29.7457336],[-115.3962561,29.7458207],[-115.401959,29.7459078],[-115.4076619,29.7459948],[-115.4102915,29.746035],[-115.4133648,29.7460819],[-115.4190676,29.746169],[-115.4247705,29.746256],[-115.4304734,29.7463431],[-115.4361763,29.7464302],[-115.4418793,29.7465172],[-115.4475822,29.7466043],[-115.4532851,29.7466914],[-115.458988,29.7467784],[-115.464691,29.7468655],[-115.4703939,29.7469526],[-115.4760969,29.7470396],[-115.4817998,29.7471267],[-115.4875028,29.7472138],[-115.4932058,29.7473009],[-115.4989087,29.7473879],[-115.5046117,29.747475],[-115.5103147,29.7475621],[-115.5160177,29.7476491],[-115.5217207,29.7477362],[-115.5274237,29.7478233],[-115.5331267,29.7479103],[-115.5388297,29.7479974],[-115.5445327,29.7480845],[-115.5502357,29.7481715],[-115.5559387,29.7482586],[-115.5616417,29.7483457],[-115.5673448,29.7484327],[-115.5730478,29.7485198],[-115.5787508,29.7486069],[-115.5844538,29.748694],[-115.5901569,29.748781],[-115.5958599,29.7488681],[-115.5974344,29.7488921],[-115.6015629,29.7489552],[-115.607266,29.7490422],[-115.6129691,29.7491293],[-115.6186721,29.7492164],[-115.6243752,29.7493034],[-115.6300783,29.7493905],[-115.6357814,29.7494776],[-115.6414845,29.7495646],[-115.6471876,29.7496517],[-115.6528907,29.7497388],[-115.6585938,29.7498259],[-115.6642969,29.7499129],[-115.67,29.75]]}},{"type":"Feature","properties":{"name":"Iroquois–UTA","status":"confirmed","dash":false,"topology_source":"shared-feature-network-v0.10.4","fill_rule":"Approved visible border preserved; adjacent political fills are locally partitioned from this same line.","hydrographic_sections":"Explicit river-following portions are duplicated exactly in hfr-na-hydro-borders.geojson and rendered as river-frontiers."},"geometry":{"type":"LineString","coordinates":[[-85.73808146383064,47.47707660089322],[-85.46904073191533,47.613538300446606],[-85.2,47.75],[-84.85,47.95],[-84.55,48.1],[-84.35,48.18],[-84.25928003292007,48.2238178697502],[-84.15429716633504,48.28688996439994],[-84.160504639945,48.354537530172465],[-84.24182195488991,48.558685040450975],[-84.28599820085383,48.657725088580904],[-84.20515278545886,48.716545835735495],[-83.976615177408,48.844819174590135],[-83.74807756935712,48.973092513444776],[-83.51824589395011,49.28560892344471],[-83.43009097459124,49.43958649396506],[-83.32951702054962,49.48579302333667],[-83.26243395967597,49.67980246681588],[-83.22334548962691,49.79107774653753],[-83.21354087749114,49.8908719560261]]}},{"type":"Feature","properties":{"name":"Iroquois–Vinland","status":"confirmed","dash":false,"topology_source":"shared-feature-network-v0.10.4","fill_rule":"Approved visible border preserved; adjacent political fills are locally partitioned from this same line.","hydrographic_sections":"Explicit river-following portions are duplicated exactly in hfr-na-hydro-borders.geojson and rendered as river-frontiers."},"geometry":{"type":"LineString","coordinates":[[-72.543,46.343],[-72.69,46.26703703703704],[-72.96300000000001,46.12596296296296],[-73.11,46.05],[-73.25,46.25],[-73.3,46.35],[-73.46074074074073,46.43555555555556],[-73.75925925925927,46.59444444444444],[-73.92,46.68],[-74.041875,46.7534375],[-74.31,46.915],[-74.578125,47.0765625],[-74.7,47.15],[-74.78148148148148,47.17962962962963],[-74.98518518518519,47.2537037037037],[-75.25,47.349999999999994],[-75.51481481481481,47.446296296296296],[-75.71851851851852,47.520370370370365],[-75.8,47.55],[-75.904,47.576],[-76.152,47.638],[-76.448,47.711999999999996],[-76.696,47.773999999999994],[-76.8,47.8],[-76.88888888888889,47.82592592592592],[-77.11111111111111,47.89074074074074],[-77.4,47.974999999999994],[-77.68888888888888,48.05925925925926],[-77.91111111111111,48.12407407407407],[-78.0,48.15],[-78.07755102040817,48.169387755102036],[-78.27755102040817,48.21938775510204],[-78.55102040816327,48.28775510204081],[-78.84897959183674,48.36224489795919],[-79.12244897959184,48.43061224489796],[-79.32244897959184,48.48061224489796],[-79.4,48.5],[-79.4888888888889,48.52222222222222],[-79.71111111111111,48.577777777777776],[-80.0,48.65],[-80.28888888888889,48.72222222222222],[-80.5111111111111,48.77777777777778],[-80.6,48.8],[-80.70711999999999,48.84992],[-80.96256,48.968959999999996],[-81.26744,49.11104],[-81.52288,49.23008],[-81.63,49.28],[-81.77777777777777,49.35],[-82.05222222222223,49.48],[-82.2,49.55],[-82.30540825125908,49.585450683426714],[-82.55676638887688,49.66998692852118],[-82.85677448861426,49.77088502750492],[-83.10813262623206,49.855421272599386],[-83.21354087749114,49.8908719560261]]}},{"type":"Feature","properties":{"name":"UTA–Vinland","status":"broad corridor — Albany/Slave/Mackenzie and lake-rich hydrography refined","dash":false,"geometry_note":"v0.10 precision pass: user control points preserved; river-following sectors snapped to hydrology and all intermediate nodes are cartographic implementation, not new canon.","topology_source":"shared-feature-network-v0.10.4","fill_rule":"Approved visible border preserved; adjacent political fills are locally partitioned from this same line.","hydrographic_sections":"Explicit river-following portions are duplicated exactly in hfr-na-hydro-borders.geojson and rendered as river-frontiers."},"geometry":{"type":"LineString","coordinates":[[-83.1711121,49.9277802],[-83.2024345,49.928045],[-83.2320449,49.9288562],[-83.2601256,49.9302389],[-83.2868591,49.9322184],[-83.3116617,49.9347308],[-83.3124257,49.9348303],[-83.3357485,49.9451608],[-83.3416144,49.9481193],[-83.3589825,49.9558826],[-83.3715671,49.9615078],[-83.3822919,49.9663016],[-83.4015198,49.9748962],[-83.4056047,49.9767221],[-83.4289208,49.9871442],[-83.4314724,49.9882847],[-83.4522404,49.9975678],[-83.4614251,50.0016732],[-83.4755634,50.0079929],[-83.4931853,50.0158696],[-83.4988898,50.0184195],[-83.5222197,50.0288476],[-83.5249455,50.030066],[-83.5455529,50.0392773],[-83.5567056,50.0442624],[-83.5688895,50.0497085],[-83.5884658,50.0584589],[-83.5922296,50.0601412],[-83.6155731,50.0705755],[-83.620226,50.0726553],[-83.63892,50.0810113],[-83.6519861,50.0868517],[-83.6622703,50.0914486],[-83.6837463,50.1010481],[-83.6856241,50.1018874],[-83.7089813,50.1123278],[-83.7155065,50.1152445],[-83.7323419,50.1227697],[-83.7446329,50.1282636],[-83.7557059,50.1332132],[-83.7737593,50.1412828],[-83.7790734,50.1436581],[-83.8024443,50.1541047],[-83.8028857,50.1543019],[-83.8258186,50.1645527],[-83.8320121,50.1673211],[-83.8491964,50.1750023],[-83.8611384,50.1803402],[-83.8725776,50.1854534],[-83.8902648,50.1933594],[-83.8959622,50.1959061],[-83.9193503,50.2063603],[-83.9193912,50.2063785],[-83.9427419,50.216816],[-83.9485176,50.2193977],[-83.9661369,50.2272733],[-83.977644,50.2324168],[-83.9895353,50.2377321],[-84.0067704,50.245436],[-84.0129372,50.2481924],[-84.0358968,50.2584551],[-84.0363425,50.2586543],[-84.0597513,50.2691178],[-84.0650232,50.2714743],[-84.0831635,50.2795828],[-84.0941496,50.2844934],[-84.1065792,50.2900493],[-84.123276,50.2975126],[-84.1299984,50.3005174],[-84.1524024,50.3105317],[-84.1534182,50.3110024],[-84.176578,50.3229322],[-84.1815288,50.3235509],[-84.2043763,50.3232045],[-84.2365332,50.322181],[-84.2664274,50.3211638],[-84.2838974,50.3208313],[-84.2875793,50.3211261],[-84.3019565,50.3291579],[-84.3133735,50.345455],[-84.3234764,50.366362],[-84.3339116,50.3882231],[-84.3463254,50.4073828],[-84.3494492,50.4108353],[-84.3618172,50.4226692],[-84.3796634,50.4373638],[-84.3992714,50.4508123],[-84.4072144,50.4555082],[-84.4204416,50.462685],[-84.4439152,50.4738931],[-84.4689647,50.4833493],[-84.484993,50.4877853],[-84.4949673,50.489827],[-84.5232529,50.493785],[-84.5522292,50.49717],[-84.5794929,50.5019479],[-84.5820684,50.5025872],[-84.6033079,50.511707],[-84.6120211,50.5159757],[-84.6266684,50.5225228],[-84.6419738,50.5293642],[-84.6501647,50.5330254],[-84.6719265,50.5427527],[-84.6736645,50.5435295],[-84.6971678,50.5540352],[-84.7018792,50.5561412],[-84.7206746,50.5645425],[-84.7318318,50.5695297],[-84.7441849,50.5750513],[-84.7545546,50.5796864],[-84.7676987,50.5855617],[-84.7772773,50.5898432],[-84.7914906,50.5959096],[-84.8,50.6],[-84.8126392,50.608098],[-84.8222222,50.6148148],[-84.832268,50.621512],[-84.8444444,50.6296296],[-84.85211,50.63474],[-84.8666667,50.6444444],[-84.8719547,50.6479698],[-84.8888889,50.6592593],[-84.8918021,50.6612014],[-84.9116521,50.6744347],[-84.9135802,50.6757202],[-84.9315048,50.6876698],[-84.9382716,50.6921811],[-84.9513601,50.7009067],[-84.962963,50.708642],[-84.9712181,50.7141454],[-84.9876543,50.7251029],[-84.9910787,50.7273858],[-85.010942,50.740628],[-85.0123457,50.7415638],[-85.030808,50.753872],[-85.037037,50.7580247],[-85.0506766,50.7671177],[-85.0617284,50.7744856],[-85.0705479,50.7803653],[-85.0864198,50.7909465],[-85.0904218,50.7936146],[-85.1102985,50.8068656],[-85.1111111,50.8074074],[-85.1301778,50.8201185],[-85.1373737,50.8249158],[-85.1500597,50.8333731],[-85.1636364,50.8424242],[-85.1699444,50.8466296],[-85.1898317,50.8598878],[-85.189899,50.8599327],[-85.2097216,50.8731478],[-85.2161616,50.8774411],[-85.2296143,50.8864095],[-85.2424242,50.8949495],[-85.2495096,50.8996731],[-85.2686869,50.9124579],[-85.2694076,50.9129384],[-85.2893083,50.9262056],[-85.2949495,50.9299663],[-85.3092117,50.9394745],[-85.3212121,50.9474747],[-85.3291177,50.9527452],[-85.3474747,50.9649832],[-85.3490265,50.9660176],[-85.3689379,50.9792919],[-85.3737374,50.9824916],[-85.388852,50.992568],[-85.4,51.0],[-85.4087688,51.0058458],[-85.4262626,51.0175084],[-85.4286882,51.0191255],[-85.4486104,51.0324069],[-85.4525253,51.0350168],[-85.4685352,51.0456901],[-85.4787879,51.0525253],[-85.4884627,51.0589752],[-85.5050505,51.0700337],[-85.508393,51.072262],[-85.5283259,51.0855506],[-85.5313131,51.0875421],[-85.5482615,51.098841],[-85.5575758,51.1050505],[-85.5681998,51.1121332],[-85.5838384,51.1225589],[-85.5881408,51.1254272],[-85.6080845,51.138723],[-85.610101,51.1400673],[-85.6280309,51.1520206],[-85.6363636,51.1575758],[-85.64798,51.16532],[-85.6626263,51.1750842],[-85.6679318,51.1786212],[-85.6878863,51.1919242],[-85.6888889,51.1925926],[-85.7078435,51.205229],[-85.7135802,51.2090535],[-85.7278034,51.2185356],[-85.7382716,51.2255144],[-85.747766,51.231844],[-85.762963,51.2419753],[-85.7677313,51.2451542],[-85.7876543,51.2584362],[-85.7876993,51.2584662],[-85.80767,51.27178],[-85.8123457,51.2748971],[-85.8276435,51.2850957],[-85.837037,51.291358],[-85.8476196,51.2984131],[-85.8617284,51.3078189],[-85.8675985,51.3117323],[-85.8864198,51.3242798],[-85.8876037,51.3250495],[-85.9087455,51.3381819],[-85.9111111,51.3407407],[-85.9184998,51.3557423],[-85.9243902,51.3786521],[-85.9288922,51.4017464],[-85.9341366,51.4197726],[-85.9422543,51.4274777],[-85.9427795,51.4274979],[-85.9634864,51.417885],[-85.9912376,51.4002338],[-86.0,51.3942795],[-85.9982825,51.3949095],[-85.9735367,51.4051609],[-85.9464147,51.4213886],[-85.9427795,51.4274979],[-85.9422181,51.437134],[-85.9416496,51.4552159],[-85.9412776,51.474554],[-85.9409016,51.4908409],[-85.9408262,51.4933851],[-85.940285,51.5116414],[-85.940216,51.5139688],[-85.9397437,51.5298978],[-85.9395303,51.5370967],[-85.9392025,51.5481542],[-85.9388446,51.5602246],[-85.9386613,51.5664106],[-85.938159,51.5833525],[-85.938119,51.5846721],[-85.9374411,51.6036435],[-85.9368264,51.622284],[-85.9366608,51.6338882],[-85.9377716,51.63847],[-85.953758,51.6523303],[-85.9795677,51.6650741],[-86.0,51.6755219],[-86.0035588,51.677658],[-86.0252203,51.6900135],[-86.0472893,51.7021347],[-86.0563059,51.7071479],[-86.0691661,51.7143712],[-86.082417,51.721814],[-86.0908775,51.7269304],[-86.1118854,51.7411542],[-86.1336693,51.7535591],[-86.1469421,51.7580566],[-86.1581976,51.760556],[-86.1865978,51.7658479],[-86.2171914,51.7703201],[-86.2479733,51.7736548],[-86.2769383,51.7755345],[-86.2916641,51.7758331],[-86.3022597,51.7741989],[-86.3245854,51.7614361],[-86.3456782,51.7436806],[-86.3671997,51.7302456],[-86.3788834,51.7280579],[-86.3905685,51.729484],[-86.4152289,51.7388267],[-86.4407809,51.7513536],[-86.4595389,51.7586377],[-86.4670996,51.760739],[-86.4925153,51.7669629],[-86.4945768,51.7674833],[-86.5218981,51.7743808],[-86.5254918,51.7752881],[-86.5492229,51.7812792],[-86.5584682,51.7836133],[-86.5765514,51.7881785],[-86.5914446,51.7919385],[-86.6038834,51.7950788],[-86.624421,51.8002637],[-86.631219,51.8019799],[-86.6573975,51.8085889],[-86.6585582,51.8088819],[-86.685901,51.8157848],[-86.6942034,51.8178809],[-86.7132474,51.8226887],[-86.7310093,51.8271729],[-86.7405974,51.8295934],[-86.7678153,51.8364648],[-86.7679509,51.8364991],[-86.7953081,51.8434057],[-86.8046212,51.8457568],[-86.8226689,51.8503131],[-86.8414272,51.8550488],[-86.8500332,51.8572215],[-86.8774012,51.8641308],[-86.8782331,51.8643408],[-86.9047728,51.871041],[-86.9150391,51.8736328],[-86.9321479,51.8779521],[-86.9494781,51.8823273],[-86.9595267,51.8848641],[-86.9839172,51.8910217],[-86.9869091,51.891777],[-87.0142951,51.8986909],[-87.0183563,51.8997162],[-87.0416847,51.9056056],[-87.0527954,51.9084106],[-87.0690779,51.9125213],[-87.0872345,51.9171051],[-87.0964747,51.9194379],[-87.1216736,51.9257996],[-87.1238751,51.9263554],[-87.1512792,51.9332738],[-87.1561127,51.934494],[-87.1786869,51.9401931],[-87.1905518,51.9431885],[-87.2060982,51.9471133],[-87.2261078,51.9521649],[-87.2335131,51.9540344],[-87.2609316,51.9609565],[-87.2616638,51.9611414],[-87.2883538,51.9678795],[-87.2972198,51.9701178],[-87.3157796,51.9748034],[-87.3327759,51.9790942],[-87.343209,51.9817282],[-87.3683319,51.9880707],[-87.3706421,51.9886539],[-87.3980788,51.9955805],[-87.4038879,51.9970471],[-87.4255191,52.0025081],[-87.439444,52.0060236],[-87.452963,52.0094366],[-87.475,52.015],[-87.4804106,52.016366],[-87.5078619,52.0232963],[-87.510556,52.0239764],[-87.5353168,52.0302275],[-87.5461121,52.0329529],[-87.5627753,52.0371597],[-87.5816681,52.0419293],[-87.5902374,52.0440927],[-87.6172241,52.0509058],[-87.6177033,52.0510267],[-87.6451727,52.0579616],[-87.6527802,52.0598822],[-87.6726458,52.0648975],[-87.6883362,52.0688586],[-87.7001226,52.0718342],[-87.7238922,52.0778351],[-87.727603,52.0787719],[-87.7550871,52.0857105],[-87.7594482,52.0868115],[-87.7825748,52.09265],[-87.7938873,52.095506],[-87.8100662,52.0995905],[-87.8283264,52.1042004],[-87.8375612,52.1065318],[-87.8627655,52.1128949],[-87.8650599,52.1134741],[-87.8925623,52.1204174],[-87.8972046,52.1215894],[-87.9200683,52.1273615],[-87.9316437,52.1302838],[-87.947578,52.1343066],[-87.9660828,52.1389783],[-87.975958,52.1411059],[-88.0005219,52.1476727],[-88.0015469,52.1484122],[-88.0115842,52.1637505],[-88.0178219,52.1848553],[-88.0241221,52.2050511],[-88.0322266,52.2163849],[-88.034429,52.217843],[-88.0546033,52.2264149],[-88.0834324,52.2341555],[-88.1166659,52.2405395],[-88.1500532,52.2450416],[-88.1793438,52.2471366],[-88.1852722,52.2472229],[-88.20224,52.2430372],[-88.2221741,52.2281747],[-88.2409934,52.2086849],[-88.2604093,52.1910927],[-88.2821329,52.1819235],[-88.2863998,52.1816711],[-88.3079265,52.1844532],[-88.3370909,52.19161],[-88.3662691,52.1964916],[-88.3668277,52.1965237],[-88.3995272,52.1976004],[-88.4308974,52.1983493],[-88.4438858,52.1991577],[-88.4500512,52.2013142],[-88.4609912,52.2159761],[-88.4692343,52.2378382],[-88.4786883,52.2592654],[-88.4904611,52.2713623],[-88.4935635,52.2727228],[-88.5223898,52.2794285],[-88.5234375,52.2796875],[-88.5499921,52.2863914],[-88.555953,52.2878963],[-88.5775861,52.2933578],[-88.5884684,52.2961051],[-88.6051839,52.3003251],[-88.6209839,52.304314],[-88.6327853,52.3072933],[-88.6534993,52.3125228],[-88.6603904,52.3142625],[-88.6860148,52.3207316],[-88.6879993,52.3212326],[-88.7156119,52.3282037],[-88.7185303,52.3289404],[-88.7432282,52.3351756],[-88.756134,52.3384338],[-88.7708482,52.3421486],[-88.7937378,52.3479272],[-88.7984719,52.3491224],[-88.8260994,52.3560972],[-88.8313416,52.3574207],[-88.8537306,52.363073],[-88.8689453,52.3669141],[-88.8813655,52.3700496],[-88.9012126,52.3750602],[-88.9090041,52.3770273],[-88.9334798,52.3832064],[-88.9366465,52.3840058],[-88.9642926,52.3909853],[-88.9657471,52.3913525],[-88.9919622,52.3979382],[-89.0,52.4],[-89.019447,52.4051605],[-89.0336914,52.4089844],[-89.0468588,52.4124957],[-89.0654297,52.4174479],[-89.0742891,52.4198104],[-89.097168,52.4259115],[-89.1017232,52.4271262],[-89.1289062,52.434375],[-89.1291611,52.434443],[-89.1566028,52.4417608],[-89.1658936,52.4442383],[-89.1840484,52.4490796],[-89.2028809,52.4541016],[-89.2114977,52.4563994],[-89.238951,52.4637203],[-89.2398682,52.4639648],[-89.266408,52.4710421],[-89.2768555,52.4738281],[-89.2938689,52.478365],[-89.3088379,52.4823568],[-89.3213336,52.485689],[-89.3408203,52.4908854],[-89.3488022,52.4930139],[-89.3728027,52.4994141],[-89.3762746,52.5003399],[-89.4037508,52.5076669],[-89.4047852,52.5079427],[-89.4312309,52.5149949],[-89.4367676,52.5164714],[-89.4587148,52.5223239],[-89.46875,52.525],[-89.4862026,52.529654],[-89.5011858,52.5336496],[-89.5136942,52.5369851],[-89.5336217,52.5422991],[-89.5411897,52.5443172],[-89.5660575,52.5509487],[-89.568689,52.5516504],[-89.5961922,52.5589846],[-89.5984933,52.5595982],[-89.6236992,52.5663198],[-89.6309291,52.5682478],[-89.6512101,52.573656],[-89.663365,52.5768973],[-89.6787248,52.5809933],[-89.6958008,52.5855469],[-89.7062435,52.5883316],[-89.7320033,52.5952009],[-89.7337659,52.5956709],[-89.7612923,52.6030113],[-89.7682059,52.6048549],[-89.7888225,52.6103527],[-89.8044085,52.6145089],[-89.8163566,52.6176951],[-89.840611,52.6241629],[-89.8438945,52.6250385],[-89.8714364,52.632383],[-89.8768136,52.633817],[-89.8989821,52.6397285],[-89.9130162,52.643471],[-89.9265316,52.6470751],[-89.9492188,52.653125],[-89.9540851,52.6544227],[-89.9816424,52.6617713],[-89.9830933,52.6621582],[-90.0092037,52.669121],[-90.0169678,52.6711914],[-90.0367688,52.6764717],[-90.0508423,52.6802246],[-90.0643378,52.6838234],[-90.0847168,52.6892578],[-90.0919107,52.6911762],[-90.1185913,52.698291],[-90.1194874,52.69853],[-90.1470681,52.7058848],[-90.1524658,52.7073242],[-90.1746527,52.7132407],[-90.1863403,52.7163574],[-90.2022411,52.7205976],[-90.2202148,52.7253906],[-90.2298335,52.7279556],[-90.255188,52.7347168],[-90.2574298,52.7353146],[-90.2850299,52.7426746],[-90.2901611,52.744043],[-90.312634,52.7500357],[-90.3251343,52.7533691],[-90.340242,52.7573979],[-90.3601074,52.7626953],[-90.3678538,52.764761],[-90.3950806,52.7720215],[-90.3954696,52.7721252],[-90.4230893,52.7794905],[-90.4300537,52.7813477],[-90.450713,52.7868568],[-90.4650269,52.7906738],[-90.4783405,52.7942241],[-90.5,52.8],[-90.5059719,52.8015925],[-90.5336073,52.8089619],[-90.5349731,52.8093262],[-90.5612466,52.8163324],[-90.5699463,52.8186523],[-90.5888898,52.823704],[-90.6049194,52.8279785],[-90.616537,52.8310765],[-90.6398926,52.8373047],[-90.644188,52.8384501],[-90.671843,52.8458248],[-90.6748657,52.8466309],[-90.699502,52.8532005],[-90.7098389,52.855957],[-90.7271648,52.8605773],[-90.744812,52.8652832],[-90.7548316,52.8679551],[-90.7797852,52.8746094],[-90.7825024,52.875334],[-90.8101771,52.8827139],[-90.8136597,52.8836426],[-90.8378557,52.8900948],[-90.8475342,52.8926758],[-90.8655382,52.8974769],[-90.8814087,52.901709],[-90.8932247,52.9048599],[-90.9152832,52.9107422],[-90.9209152,52.9122441],[-90.9486096,52.9196292],[-90.9491577,52.9197754],[-90.976308,52.9270155],[-90.9830322,52.9288086],[-91.0040103,52.9344027],[-91.0169067,52.9378418],[-91.0317165,52.9417911],[-91.0507812,52.946875],[-91.0594268,52.9491805],[-91.0869838,52.956529],[-91.0871409,52.9565709],[-91.1148591,52.9639624],[-91.1231864,52.966183],[-91.1425812,52.971355],[-91.159389,52.9758371],[-91.1703072,52.9787486],[-91.1955915,52.9854911],[-91.1980373,52.9861433],[-91.2257713,52.993539],[-91.2317941,52.9951451],[-91.2535092,53.0009358],[-91.2679967,53.0047991],[-91.2812512,53.0083337],[-91.3041992,53.0144531],[-91.3089971,53.0157326],[-91.336747,53.0231325],[-91.342041,53.0245443],[-91.3645009,53.0305336],[-91.3798828,53.0346354],[-91.3922588,53.0379357],[-91.4177246,53.0447266],[-91.4200206,53.0453388],[-91.4477864,53.052743],[-91.4555664,53.0548177],[-91.4755562,53.0601483],[-91.4934082,53.0649089],[-91.50333,53.0675547],[-91.5311078,53.0749621],[-91.53125,53.075],[-91.5588896,53.0823706],[-91.5632324,53.0835286],[-91.5866754,53.0897801],[-91.5952148,53.0920573],[-91.6144652,53.0971907],[-91.6271973,53.1005859],[-91.6422589,53.1046024],[-91.6591797,53.1091146],[-91.6700567,53.1120151],[-91.6911621,53.1176432],[-91.6978585,53.1194289],[-91.7231445,53.1261719],[-91.7256643,53.1268438],[-91.7534741,53.1342598],[-91.7601318,53.1360352],[-91.7812879,53.1416768],[-91.7971191,53.1458984],[-91.8091057,53.1490948],[-91.8341064,53.1557617],[-91.8369275,53.156514],[-91.8647534,53.1639342],[-91.8710938,53.165625],[-91.8925832,53.1713555],[-91.902832,53.1740885],[-91.9204171,53.1787779],[-91.9345703,53.1825521],[-91.9482549,53.1862013],[-91.9663086,53.1910156],[-91.9761414,53.1935783],[-92.0,53.2],[-92.0038379,53.2011682],[-92.0304163,53.210128],[-92.0336914,53.2112305],[-92.0570527,53.2190176],[-92.0654297,53.2218099],[-92.0836997,53.2278999],[-92.097168,53.2323893],[-92.1103509,53.2367836],[-92.1289062,53.2429688],[-92.1370064,53.2456688],[-92.1584961,53.252832],[-92.1636227,53.2548039],[-92.1880859,53.2626953],[-92.1904979,53.2626876],[-92.2226741,53.2617784],[-92.253541,53.2606577],[-92.2611084,53.2605591],[-92.2742514,53.2656191],[-92.2894678,53.2838676],[-92.3065522,53.3016641],[-92.3088379,53.302946],[-92.3323008,53.3109833],[-92.3408203,53.3136068],[-92.3592994,53.3197665],[-92.3728027,53.3242676],[-92.3859943,53.3286648],[-92.4047852,53.3349284],[-92.4126936,53.3375645],[-92.4367676,53.3455892],[-92.4393971,53.3464657],[-92.4661048,53.3553683],[-92.46875,53.35625],[-92.4928168,53.3642723],[-92.5011858,53.3670619],[-92.519533,53.3731777],[-92.5336217,53.3778739],[-92.5462535,53.3820845],[-92.5660575,53.3886858],[-92.5729782,53.3909927],[-92.5984933,53.3994978],[-92.5997073,53.3999024],[-92.6264405,53.4088135],[-92.6309291,53.4103097],[-92.6531781,53.417726],[-92.663365,53.4211217],[-92.6799199,53.42664],[-92.6958008,53.4319336],[-92.706666,53.4355553],[-92.7320033,53.4440011],[-92.7334164,53.4444721],[-92.760171,53.4533903],[-92.7682059,53.4560686],[-92.7869299,53.46231],[-92.8044085,53.4681362],[-92.8136931,53.471231],[-92.8404606,53.4801535],[-92.840611,53.4802037],[-92.8672324,53.4890775],[-92.8768136,53.4922712],[-92.8940084,53.4980028],[-92.9130162,53.5043387],[-92.9207888,53.5069296],[-92.9475734,53.5158578],[-92.9492188,53.5164063],[-92.9743623,53.5247874],[-92.9830933,53.5276978],[-93.0011556,53.5337185],[-93.0169678,53.5389893],[-93.0279531,53.542651],[-93.0508423,53.5502808],[-93.0547549,53.551585],[-93.0815611,53.5605204],[-93.0847168,53.5615723],[-93.1083715,53.5694572],[-93.1185913,53.5728638],[-93.1351863,53.5783954],[-93.1524658,53.5841553],[-93.1620053,53.5873351],[-93.1863403,53.5954468],[-93.1888287,53.5962762],[-93.2156564,53.6052188],[-93.2202148,53.6067383],[-93.2424884,53.6141628],[-93.255188,53.618396],[-93.2693247,53.6231082],[-93.2901611,53.6300537],[-93.2961654,53.6320551],[-93.3230104,53.6410035],[-93.3251343,53.6417114],[-93.3498597,53.6499532],[-93.3601074,53.6533691],[-93.3767133,53.6589044],[-93.3950806,53.6650269],[-93.4035713,53.6678571],[-93.4300537,53.6766846],[-93.4304336,53.6768112],[-93.4573003,53.6857668],[-93.4650269,53.6883423],[-93.4841712,53.6947237],[-93.5,53.7],[-93.5110466,53.7036822],[-93.5349731,53.7116577],[-93.5379262,53.7126421],[-93.5648103,53.7216034],[-93.5699463,53.7233154],[-93.5916986,53.7305662],[-93.6049194,53.7349731],[-93.6185913,53.7395304],[-93.6398926,53.7466309],[-93.6454884,53.7484961],[-93.6723898,53.7574633],[-93.6748657,53.7582886],[-93.6992956,53.7664319],[-93.7098389,53.7699463],[-93.7262058,53.7754019],[-93.744812,53.781604],[-93.7531203,53.7843734],[-93.7797852,53.7932617],[-93.7800392,53.7933464],[-93.8069624,53.8023208],[-93.8136597,53.8045532],[-93.83389,53.8112967],[-93.8475342,53.8158447],[-93.860822,53.820274],[-93.8814087,53.8271362],[-93.8877584,53.8292528],[-93.9146991,53.838233],[-93.9152832,53.8384277],[-93.9416443,53.8472148],[-93.9491577,53.8497192],[-93.9685938,53.8561979],[-93.9830322,53.8610107],[-93.9955477,53.8651826],[-94.0169067,53.8723022],[-94.022506,53.8741687],[-94.0494686,53.8831562],[-94.0507812,53.8835938],[-94.0764357,53.8921452],[-94.0869838,53.8956613],[-94.1034072,53.9011357],[-94.1231864,53.9077288],[-94.130383,53.9101277],[-94.1573633,53.9191211],[-94.159389,53.9197963],[-94.1843479,53.928116],[-94.1955915,53.9318638],[-94.211337,53.9371123],[-94.2317941,53.9439314],[-94.2383305,53.9461102],[-94.2653283,53.9551094],[-94.2679967,53.9559989],[-94.2923307,53.9641102],[-94.3041992,53.9680664],[-94.3193373,53.9731124],[-94.336635,53.9788783],[-94.3463485,53.9821162],[-94.3690709,53.9896903],[-94.373364,53.9911213],[-94.400384,54.000128],[-94.4015067,54.0005022],[-94.4274084,54.0091361],[-94.4339425,54.0113142],[-94.4544372,54.0181457],[-94.4663783,54.0221261],[-94.4814704,54.0271568],[-94.4988142,54.0329381],[-94.5085081,54.0361694],[-94.53125,54.04375],[-94.5355502,54.0451834],[-94.5625968,54.0541989],[-94.5632324,54.0544108],[-94.5896477,54.0632159],[-94.5952148,54.0650716],[-94.6167032,54.0722344],[-94.6271973,54.0757324],[-94.643763,54.0812543],[-94.6591797,54.0863932],[-94.6708274,54.0902758],[-94.6911621,54.097054],[-94.6978961,54.0992987],[-94.7231445,54.1077148],[-94.7249694,54.1083231],[-94.752047,54.117349],[-94.7601318,54.1200439],[-94.7791291,54.1263764],[-94.7971191,54.132373],[-94.8062157,54.1354052],[-94.8333068,54.1444356],[-94.8341064,54.1447021],[-94.8604023,54.1534674],[-94.8710938,54.1570313],[-94.8875023,54.1625008],[-94.902832,54.1676107],[-94.9146067,54.1715356],[-94.9345703,54.1781901],[-94.9417156,54.1805719],[-94.9663086,54.1887695],[-94.9688335,54.1896059],[-94.9960265,54.1985811],[-95.0,54.2],[-95.0219867,54.2086964],[-95.0336914,54.2134766],[-95.0476903,54.2190761],[-95.0654297,54.2261719],[-95.0734674,54.229387],[-95.097168,54.2388672],[-95.0992489,54.2396996],[-95.1250348,54.2500139],[-95.1289062,54.2515625],[-95.1508251,54.26033],[-95.1584961,54.2633984],[-95.1766198,54.2706479],[-95.1880859,54.2752344],[-95.2024189,54.2809675],[-95.2176758,54.2870703],[-95.2282223,54.2912889],[-95.2472656,54.2989063],[-95.2540302,54.3016121],[-95.2768555,54.3107422],[-95.2798425,54.311937],[-95.3056592,54.3222637],[-95.3088379,54.3235352],[-95.3314802,54.3325921],[-95.3408203,54.3363281],[-95.3573057,54.3429223],[-95.3728027,54.3491211],[-95.3832924,54.3531676],[-95.4047852,54.3619141],[-95.4086222,54.363873],[-95.4304378,54.3796646],[-95.4511802,54.3960063],[-95.4738343,54.4048299],[-95.4775009,54.4050064],[-95.5043557,54.4024116],[-95.5418239,54.3954519],[-95.5736293,54.3887285],[-95.586113,54.3866653],[-95.5877135,54.3874969],[-95.5914719,54.4034943],[-95.594498,54.4273309],[-95.5984933,54.4393973],[-95.6039044,54.443264],[-95.6309291,54.4523717],[-95.6329737,54.4531895],[-95.6588508,54.4635403],[-95.663365,54.465346],[-95.6847324,54.473893],[-95.6958008,54.4783203],[-95.7106184,54.4842474],[-95.727478,54.4909912],[-95.7365089,54.4946036],[-95.7591553,54.5036621],[-95.7624038,54.5049615],[-95.7883032,54.5153213],[-95.7908325,54.516333],[-95.814207,54.5256828],[-95.8225098,54.5290039],[-95.8401153,54.5360461],[-95.854187,54.5416748],[-95.866028,54.5464112],[-95.8858643,54.5543457],[-95.8919452,54.5567781],[-95.9175415,54.5670166],[-95.9178669,54.5671467],[-95.943793,54.5775172],[-95.9492188,54.5796875],[-95.9697236,54.5878894],[-95.9830933,54.5932373],[-95.9956587,54.5982635],[-96.0169678,54.6067871],[-96.0215982,54.6086393],[-96.0475422,54.6190169],[-96.0508423,54.6203369],[-96.0734907,54.6293963],[-96.0847168,54.6338867],[-96.0994437,54.6397775],[-96.1185913,54.6474365],[-96.1254012,54.6501605],[-96.1513632,54.6605453],[-96.1524658,54.6609863],[-96.1773296,54.6709318],[-96.1863403,54.6745361],[-96.2033006,54.6813202],[-96.2202148,54.6880859],[-96.229276,54.6917104],[-96.255188,54.7020752],[-96.2552559,54.7021024],[-96.2812404,54.7124961],[-96.2901611,54.7160645],[-96.3072293,54.7228917],[-96.3251343,54.7300537],[-96.3332228,54.7332891],[-96.3592207,54.7436883],[-96.3601074,54.744043],[-96.3852232,54.7540893],[-96.3950806,54.7580322],[-96.4112301,54.7644921],[-96.4300537,54.7720215],[-96.4372416,54.7748967],[-96.4632576,54.7853031],[-96.4650269,54.7860107],[-96.4892782,54.7957113],[-96.5,54.8],[-96.5153032,54.8061213],[-96.5349731,54.8139893],[-96.5413328,54.8165331],[-96.5673669,54.8269468],[-96.5699463,54.8279785],[-96.5934056,54.8373622],[-96.6049194,54.8419678],[-96.6194487,54.8477795],[-96.6398926,54.855957],[-96.6454964,54.8581986],[-96.6715487,54.8686195],[-96.6748657,54.8699463],[-96.6976055,54.8790422],[-96.7098389,54.8839355],[-96.7236668,54.8894667],[-96.744812,54.8979248],[-96.7497327,54.8998931],[-96.7758031,54.9103212],[-96.7797852,54.9119141],[-96.8018781,54.9207512],[-96.8136597,54.9254639],[-96.8279576,54.931183],[-96.8475342,54.9390137],[-96.8540417,54.9416167],[-96.8801303,54.9520521],[-96.8814087,54.9525635],[-96.9062236,54.9624894],[-96.9152832,54.9661133],[-96.9323213,54.9729285],[-96.9491577,54.9796631],[-96.9584237,54.9833695],[-96.9830322,54.9932129],[-96.9845306,54.9938122],[-97.0106421,55.0042568],[-97.0169067,55.0067627],[-97.0367581,55.0147033],[-97.0507812,55.0203125],[-97.0628787,55.0251515],[-97.0824585,55.0329834],[-97.089004,55.0356016],[-97.1141357,55.0456543],[-97.1151338,55.0460535],[-97.1412682,55.0565073],[-97.145813,55.0583252],[-97.1674071,55.0669628],[-97.1774902,55.0709961],[-97.1935507,55.0774203],[-97.2091675,55.083667],[-97.2196988,55.0878795],[-97.2408447,55.0963379],[-97.2458516,55.0983406],[-97.2720089,55.1088036],[-97.272522,55.1090088],[-97.2981709,55.1192684],[-97.3041992,55.1216797],[-97.3243374,55.129735],[-97.336635,55.134654],[-97.3505086,55.1402034],[-97.3690709,55.1476283],[-97.3766844,55.1506737],[-97.4015067,55.1606027],[-97.4028647,55.1611459],[-97.4290497,55.1716199],[-97.4339425,55.173577],[-97.4552393,55.1820957],[-97.4663783,55.1865513],[-97.4814336,55.1925734],[-97.4988142,55.1995257],[-97.5076324,55.203053],[-97.53125,55.2125],[-97.5338359,55.2135344],[-97.560044,55.2240176],[-97.5632324,55.225293],[-97.5862567,55.2345027],[-97.5952148,55.2380859],[-97.6124741,55.2449896],[-97.6271973,55.2508789],[-97.6386961,55.2554784],[-97.6591797,55.2636719],[-97.6649227,55.2659691],[-97.691154,55.2764616],[-97.6911621,55.2764648],[-97.7173899,55.286956],[-97.7231445,55.2892578],[-97.7436305,55.2974522],[-97.7527344,55.3010937],[-97.7698757,55.3079503],[-97.7823242,55.3129297],[-97.7961256,55.3184502],[-97.8119141,55.3247656],[-97.8223801,55.328952],[-97.8415039,55.3366016],[-97.8486393,55.3394557],[-97.8710938,55.3484375],[-97.8749031,55.3499612],[-97.9011716,55.3604686],[-97.902832,55.3611328],[-97.9274448,55.3709779],[-97.9345703,55.3738281],[-97.9537226,55.381489],[-97.9663086,55.3865234],[-97.9802407,55.3918667],[-98.0,55.4],[-98.0056982,55.4028919],[-98.0246431,55.4138242],[-98.0283536,55.4159057],[-98.0482595,55.4270724],[-98.0512357,55.428742],[-98.0718758,55.4403206],[-98.0741215,55.4415804],[-98.0954921,55.4535687],[-98.0970111,55.4544209],[-98.1199045,55.4672635],[-98.1236007,55.469337],[-98.1428016,55.4801082],[-98.1517092,55.4851052],[-98.1657025,55.4929551],[-98.1798178,55.5008734],[-98.1886072,55.505804],[-98.2079264,55.5166416],[-98.2115156,55.5186551],[-98.2344278,55.5315083],[-98.2378062,55.5334035],[-98.2573438,55.5443636],[-98.267686,55.5501653],[-98.2802636,55.557221],[-98.2975657,55.5669271],[-98.3031872,55.5700806],[-98.3261145,55.5829423],[-98.3274455,55.583689],[-98.3490456,55.5958061],[-98.3573253,55.6004508],[-98.3719805,55.608672],[-98.3876158,55.617443],[-98.3949192,55.6215401],[-98.4178617,55.6344102],[-98.4179063,55.6344353],[-98.440808,55.6472825],[-98.4481968,55.6514275],[-98.4637581,55.660157],[-98.4784874,55.6684197],[-98.4867119,55.6730335],[-98.5087779,55.685412],[-98.5096696,55.6859122],[-98.5326311,55.698793],[-98.5390684,55.7024042],[-98.5555963,55.711676],[-98.5689922,55.7191907],[-98.5785654,55.7245611],[-98.598916,55.7359772],[-98.6015383,55.7374483],[-98.624515,55.7503377],[-98.6288398,55.7527638],[-98.6474955,55.7632292],[-98.6587636,55.7695503],[-98.6704798,55.7761228],[-98.6886873,55.7863368],[-98.6934679,55.7890186],[-98.7164598,55.8019165],[-98.7186111,55.8031233],[-98.7394556,55.8148165],[-98.7485349,55.8199098],[-98.7624551,55.8277187],[-98.7776061,55.8362181],[-98.7854585,55.8406231],[-98.8066773,55.8525263],[-98.8084657,55.8535295],[-98.8314767,55.8664382],[-98.8357485,55.8688345],[-98.8544916,55.8793489],[-98.8648197,55.8851427],[-98.8775103,55.8922619],[-98.8938909,55.901451],[-98.9005328,55.9051769],[-98.9229621,55.9177592],[-98.9235591,55.9180941],[-98.9465893,55.9310135],[-98.9520332,55.9340674],[-98.9696233,55.943935],[-98.9811044,55.9503757],[-98.9926612,55.9568587],[-99.0124859,55.9679799],[-99.0157028,55.9697845],[-99.0387484,55.9827125],[-99.0438674,55.9855841],[-99.0617977,55.9956426],[-99.0752489,56.0031884],[-99.0848509,56.0085749],[-99.1066304,56.0207926],[-99.107908,56.0215094],[-99.1309689,56.034446],[-99.1380118,56.0383969],[-99.1540337,56.0473847],[-99.1693933,56.0560011],[-99.1771023,56.0603257],[-99.2001747,56.0732687],[-99.2007748,56.0736054],[-99.223251,56.086214],[-99.2321563,56.0912096],[-99.2463312,56.0991614],[-99.2615911,56.1077218],[-99.2694152,56.112111],[-99.291026,56.1242341],[-99.2925031,56.1250627],[-99.3155949,56.1380166],[-99.3204608,56.1407463],[-99.3386905,56.1509727],[-99.3498957,56.1572585],[-99.36179,56.163931],[-99.3793305,56.1737708],[-99.3848933,56.1768914],[-99.4080006,56.189854],[-99.4087653,56.190283],[-99.4311117,56.2028187],[-99.4382002,56.2067952],[-99.4542266,56.2157857],[-99.467635,56.2233075],[-99.4773455,56.2287548],[-99.4970699,56.2398197],[-99.5004682,56.2417261],[-99.5235948,56.2546995],[-99.5275315,56.2569079],[-99.5467253,56.2676752],[-99.5579932,56.2739962],[-99.5698596,56.280653],[-99.5884548,56.2910844],[-99.5929979,56.293633],[-99.61614,56.3066151],[-99.6189164,56.3081726],[-99.6392861,56.3195995],[-99.6493781,56.3252609],[-99.662436,56.332586],[-99.6798397,56.3423491],[-99.6855898,56.3455748],[-99.7087475,56.3585657],[-99.7103014,56.3594373],[-99.7319091,56.3715588],[-99.740763,56.3765256],[-99.7550746,56.384554],[-99.7712246,56.3936138],[-99.778244,56.3975515],[-99.8014173,56.4105512],[-99.8021997,56.4109901],[-99.8245945,56.423553],[-99.8331747,56.4283663],[-99.8477756,56.4365571],[-99.8641498,56.4457425],[-99.8709607,56.4495633],[-99.8941496,56.4625717],[-99.8951248,56.4631188],[-99.9166916,56.4767703],[-99.9260998,56.480495],[-99.9457175,56.4837873],[-99.981451,56.4872451],[-100.0,56.4906693],[-100.0059562,56.4934016],[-100.0203267,56.5080069],[-100.0319082,56.5274112],[-100.0454833,56.5459596],[-100.05,56.55],[-100.0663377,56.5597794],[-100.080975,56.5673762],[-100.0903134,56.5726148],[-100.1119501,56.5847525],[-100.1135386,56.5856445],[-100.1367289,56.5986982],[-100.1429251,56.6021287],[-100.1603439,56.6115221],[-100.1843101,56.6241605],[-100.208096,56.6368951],[-100.2147217,56.6405563],[-100.2312618,56.6499645],[-100.2539715,56.6632927],[-100.2765797,56.6766837],[-100.2978003,56.6890099],[-100.2994379,56.6899422],[-100.3227038,56.702989],[-100.3287754,56.7063862],[-100.3459774,56.7160361],[-100.359237,56.7234744],[-100.3692467,56.7290896],[-100.3896986,56.7405627],[-100.39252,56.7421453],[-100.4157972,56.7552033],[-100.4201603,56.7576509],[-100.4390783,56.7682635],[-100.4506219,56.7747391],[-100.4623634,56.7813258],[-100.4810836,56.7918274],[-100.4856525,56.7943904],[-100.5089456,56.8074573],[-100.5115452,56.8089156],[-100.5322425,56.8205263],[-100.5420068,56.8260038],[-100.5555435,56.8335976],[-100.5724685,56.8430921],[-100.5788484,56.8466711],[-100.6021573,56.8597468],[-100.6029301,56.8601803],[-100.6254702,56.8728247],[-100.632365,56.8766925],[-100.648787,56.8859049],[-100.6617998,56.8932048],[-100.6721078,56.8989873],[-100.6912347,56.909717],[-100.6954326,56.9120719],[-100.7187614,56.9251588],[-100.7206695,56.9262292],[-100.7420941,56.9382479],[-100.7501043,56.9427415],[-100.7654308,56.9513392],[-100.7795392,56.9592537],[-100.7887715,56.9644328],[-100.808974,56.9757659],[-100.8121162,56.9775286],[-100.8354649,56.9906266],[-100.8384089,56.9922782],[-100.8588175,57.0037269],[-100.8678437,57.0087904],[-100.8821742,57.0168294],[-100.8992252,57.0263946],[-100.9055348,57.0299342],[-100.9288995,57.0430412],[-100.9306067,57.0439989],[-100.9522681,57.0561504],[-100.9619882,57.0616031],[-100.9756407,57.0692619],[-100.9933696,57.0792074],[-100.9990173,57.0823756],[-101.022398,57.0954915],[-101.0247511,57.0968116],[-101.0457826,57.1086098],[-101.0561326,57.1144159],[-101.0691713,57.1217302],[-101.0875141,57.1320201],[-101.0925639,57.1348529],[-101.1159606,57.1479779],[-101.1188956,57.1496243],[-101.1393612,57.1611051],[-101.1479668,57.1659326],[-101.1627659,57.1742345],[-101.1770379,57.1822408],[-101.1861746,57.1873662],[-101.2061091,57.198549],[-101.2095873,57.2005002],[-101.2330041,57.2136364],[-101.2351803,57.2148573],[-101.2564248,57.2267749],[-101.2642515,57.2311655],[-101.2798496,57.2399156],[-101.2933227,57.2474737],[-101.3032784,57.2530586],[-101.3223939,57.2637819],[-101.3267112,57.2662039],[-101.3501481,57.2793514],[-101.3514651,57.2800902],[-101.373589,57.2925011],[-101.3813889,57.2968767],[-101.3970339,57.3056532],[-101.4113127,57.3136632],[-101.4204829,57.3188075],[-101.4412364,57.3304497],[-101.4439359,57.331964],[-101.4673929,57.3451228],[-101.4711602,57.3472362],[-101.490854,57.3582839],[-101.501084,57.3640228],[-101.5143191,57.3714473],[-101.5310078,57.3808093],[-101.5377882,57.3846129],[-101.5609316,57.3975958],[-101.5612615,57.3977808],[-101.5847387,57.410951],[-101.5912221,57.414588],[-101.60822,57.4241234],[-101.6215126,57.4315803],[-101.6317054,57.4372981],[-101.6518032,57.4485725],[-101.6551948,57.4504751],[-101.6786882,57.4636544],[-101.6820937,57.4655647],[-101.7021858,57.4768359],[-101.7123842,57.482557],[-101.7256873,57.4900197],[-101.7426747,57.4995492],[-101.749193,57.5032058],[-101.7725545,57.516311],[-101.7727027,57.5163942],[-101.7962165,57.5295849],[-101.8024343,57.5330729],[-101.8197343,57.5427778],[-101.832314,57.5498347],[-101.8432562,57.555973],[-101.8621938,57.5665965],[-101.8667822,57.5691705],[-101.8903123,57.5823703],[-101.8920736,57.5833584],[-101.9138464,57.5955724],[-101.9201822,57.5991266],[-101.9373846,57.6087767],[-101.9482908,57.6148948],[-101.9609269,57.6219834],[-101.9763993,57.630663],[-101.9844733,57.6351923],[-102.0045079,57.6464313],[-102.0080237,57.6484035],[-102.0281242,57.6596794],[-102.0315782,57.6616171],[-102.0517405,57.6729276],[-102.0551369,57.6748329],[-102.0753569,57.6861758],[-102.0786201,57.6882709],[-102.1,57.7],[-102.1028909,57.6999607],[-102.1200681,57.6991973],[-102.1373519,57.6985059],[-102.1491541,57.6980338],[-102.1714258,57.697143],[-102.1782401,57.6968704],[-102.2054983,57.6957801],[-102.2248539,57.6950058],[-102.2395697,57.6944172],[-102.2714678,57.6931413],[-102.2736397,57.6930544],[-102.3077085,57.6916917],[-102.3132128,57.6914715],[-102.341776,57.690329],[-102.3549577,57.6898017],[-102.3758422,57.6889663],[-102.3967027,57.6881319],[-102.4099072,57.6876037],[-102.4352512,57.68659],[-102.4439708,57.6862412],[-102.4737997,57.685048],[-102.4780332,57.6848787],[-102.5120944,57.6835162],[-102.5123482,57.6835061],[-102.5461542,57.6821538],[-102.5508967,57.6819641],[-102.5802128,57.6807915],[-102.5959229,57.6801631],[-102.6142701,57.6794292],[-102.640949,57.678362],[-102.6483262,57.678067],[-102.6823809,57.6767048],[-102.6859752,57.676561],[-102.7164344,57.6753426],[-102.7310014,57.6747599],[-102.7504866,57.6739805],[-102.7715948,57.6731362],[-102.7845376,57.6726185],[-102.8121882,57.6715125],[-102.8185873,57.6712565],[-102.8526357,57.6698946],[-102.8527816,57.6698887],[-102.8866828,57.6685327],[-102.893375,57.668265],[-102.9207287,57.6671709],[-102.9339684,57.6666413],[-102.9547732,57.6658091],[-102.9785246,57.664859],[-102.9888166,57.6644473],[-103.0228586,57.6630857],[-103.0230808,57.6630768],[-103.0568994,57.661724],[-103.067637,57.6612945],[-103.0909389,57.6603624],[-103.1121933,57.6595123],[-103.1249771,57.6590009],[-103.1567495,57.65773],[-103.1590141,57.6576394],[-103.1930498,57.656278],[-103.1966739,57.656133],[-103.2270842,57.6549166],[-103.2365984,57.6545361],[-103.2611174,57.6535553],[-103.2765229,57.6529391],[-103.2951493,57.652194],[-103.3164474,57.6513421],[-103.3291799,57.6508328],[-103.3563718,57.6497451],[-103.3632092,57.6494716],[-103.3962963,57.6481481],[-103.3972373,57.6481105],[-103.4312641,57.6467494],[-103.438507,57.6464597],[-103.4652896,57.6453884],[-103.4807177,57.6447713],[-103.4993139,57.6440274],[-103.5229284,57.6430829],[-103.5333369,57.6426665],[-103.5651391,57.6413944],[-103.5673586,57.6413057],[-103.6013791,57.6399448],[-103.6073498,57.639706],[-103.6353983,57.6385841],[-103.6495605,57.6380176],[-103.6694162,57.6372234],[-103.6935494,57.636258],[-103.7034329,57.6358627],[-103.7374483,57.6345021],[-103.7375383,57.6344985],[-103.7714624,57.6331415],[-103.7815272,57.6327389],[-103.8054753,57.631781],[-103.8255161,57.6309794],[-103.8394869,57.6304205],[-103.869505,57.6292198],[-103.8734972,57.6290601],[-103.9075063,57.6276997],[-103.9134939,57.6274602],[-103.9415141,57.6263394],[-103.9587529,57.6256499],[-103.9755206,57.6249792],[-104.0040119,57.6238395],[-104.0095258,57.623619],[-104.0435298,57.6222588],[-104.0492709,57.6220292],[-104.0775326,57.6208987],[-104.09453,57.6202188],[-104.111534,57.6195386],[-104.139789,57.6184084],[-104.1455342,57.6181786],[-104.1795332,57.6168187],[-104.185048,57.6165981],[-104.2135308,57.6154588],[-104.2310691,57.6147572],[-104.2475272,57.6140989],[-104.2770902,57.6129164],[-104.2815224,57.6127391],[-104.3155162,57.6113794],[-104.3231113,57.6110755],[-104.3495088,57.6100196],[-104.3691324,57.6092347],[-104.3835002,57.60866],[-104.4151535,57.6073939],[-104.4174902,57.6073004],[-104.4514791,57.6059408],[-104.4611746,57.605553],[-104.4854666,57.6045813],[-104.5074497,57.603702],[-104.5194529,57.6032219],[-104.5534379,57.6018625],[-104.5537249,57.601851],[-104.5874217,57.6005031],[-104.6,57.6],[-104.6214042,57.5991438],[-104.6462751,57.598149],[-104.6553854,57.5977846],[-104.6893654,57.5964254],[-104.6925503,57.596298],[-104.7233441,57.5950662],[-104.7388254,57.594447],[-104.7573215,57.5937071],[-104.7848465,57.5926061],[-104.7912977,57.5923481],[-104.8252726,57.5909891],[-104.8308676,57.5907653],[-104.8592463,57.5896301],[-104.8768887,57.5889245],[-104.8932186,57.5882713],[-104.9229098,57.5870836],[-104.9271898,57.5869124],[-104.9611596,57.5855536],[-104.9689309,57.5852428],[-104.9951283,57.5841949],[-105.014952,57.5834019],[-105.0290956,57.5828362],[-105.060211,57.5815916],[-105.0630617,57.5814775],[-105.0970265,57.5801189],[-105.10547,57.5797812],[-105.1309901,57.5787604],[-105.1507291,57.5779708],[-105.1649524,57.5774019],[-105.1959881,57.5761605],[-105.1989134,57.5760435],[-105.2328732,57.5746851],[-105.2412471,57.5743501],[-105.2668317,57.5733267],[-105.2865061,57.5725398],[-105.300789,57.5719684],[-105.330495,57.5707802],[-105.334745,57.5706102],[-105.3686997,57.569252],[-105.3744839,57.5690206],[-105.4026532,57.5678939],[-105.4184728,57.5672611],[-105.4366054,57.5665358],[-105.4624617,57.5655015],[-105.4705564,57.5651777],[-105.5045061,57.5638198],[-105.5064506,57.563742],[-105.5384545,57.5624618],[-105.5504395,57.5619824],[-105.5724017,57.5611039],[-105.5926502,57.560294],[-105.6063476,57.5597461],[-105.6348609,57.5586056],[-105.6402923,57.5583883],[-105.6742357,57.5570306],[-105.6770716,57.5569171],[-105.7081778,57.5556729],[-105.7192823,57.5552287],[-105.7421187,57.5543153],[-105.761493,57.5535403],[-105.7760584,57.5529577],[-105.8037037,57.5518519],[-105.8099967,57.5516001],[-105.8436282,57.5502549],[-105.8439338,57.5502426],[-105.8778697,57.5488852],[-105.8835526,57.5486579],[-105.9118043,57.5475278],[-105.9234771,57.5470609],[-105.9457377,57.5461705],[-105.9634016,57.5454639],[-105.9796697,57.5448132],[-106.0033261,57.543867],[-106.0136006,57.543456],[-106.0432505,57.54227],[-106.0475301,57.5420988],[-106.0814585,57.5407417],[-106.0878067,57.5404877],[-106.1153855,57.5393846],[-106.132363,57.5387055],[-106.1493113,57.5380275],[-106.1769192,57.5369232],[-106.1832359,57.5366706],[-106.2171592,57.5353136],[-106.2214754,57.535141],[-106.2510812,57.5339568],[-106.2660316,57.5333587],[-106.285002,57.5325999],[-106.306625,57.531735],[-106.3189215,57.5312431],[-106.3472184,57.5301113],[-106.3528398,57.5298864],[-106.3867568,57.5285297],[-106.3878118,57.5284875],[-106.4206726,57.5271731],[-106.4284052,57.5268638],[-106.4545871,57.5258165],[-106.4689986,57.5252401],[-106.4885003,57.52446],[-106.5140248,57.523439],[-106.5224123,57.5231035],[-106.5563231,57.5217471],[-106.559051,57.521638],[-106.5902325,57.5203907],[-106.6040771,57.5198369],[-106.6241408,57.5190344],[-106.6491033,57.5180359],[-106.6580478,57.5176781],[-106.6876518,57.5164939],[-106.6919535,57.5163219],[-106.725858,57.5149657],[-106.7262003,57.514952],[-106.7597612,57.5136096],[-106.7647488,57.51341],[-106.7936632,57.5122535],[-106.8032973,57.5118681],[-106.8275639,57.5108974],[-106.8450423,57.5101983],[-106.8614633,57.5095415],[-106.8867872,57.5085285],[-106.8953615,57.5081855],[-106.9285322,57.5068587],[-106.9292585,57.5068297],[-106.9596081,57.5056157],[-106.9631542,57.5054738],[-106.990684,57.5043726],[-106.9970486,57.5041181],[-107.0217599,57.5031296],[-107.0309418,57.5027623],[-107.0508459,57.5019662],[-107.0648338,57.5014066],[-107.0799319,57.5008027],[-107.0989342,57.5000063],[-107.1,57.5],[-107.1162842,57.5095459],[-107.1220999,57.5129551],[-107.1325684,57.5190918],[-107.145068,57.5264192],[-107.1632487,57.5370768],[-107.1680399,57.5398854],[-107.1910156,57.553354],[-107.193929,57.5550618],[-107.2139953,57.5668248],[-107.2246094,57.5730469],[-107.2369788,57.5802979],[-107.2532129,57.5898145],[-107.2599662,57.5937733],[-107.2818164,57.606582],[-107.2829575,57.6072509],[-107.3059526,57.6207308],[-107.3104199,57.6233496],[-107.3289517,57.634213],[-107.3390234,57.6401172],[-107.3519546,57.6476975],[-107.367627,57.6568848],[-107.3749614,57.6611843],[-107.3979721,57.6746733],[-107.3985433,57.6750081],[-107.4209867,57.6881646],[-107.4294596,57.6931315],[-107.4440051,57.7016582],[-107.460376,57.7112549],[-107.4670275,57.7151541],[-107.4900538,57.7286522],[-107.4912923,57.7293783],[-107.5130839,57.7421526],[-107.5222087,57.7475016],[-107.536118,57.7556554],[-107.553125,57.765625],[-107.5591559,57.7691604],[-107.5821978,57.7826677],[-107.5844796,57.7840053],[-107.6052435,57.7961772],[-107.6158343,57.8023856],[-107.6282932,57.8096891],[-107.6471889,57.8207659],[-107.6513468,57.8232033],[-107.6744042,57.8367197],[-107.6785435,57.8391462],[-107.6974656,57.8502385],[-107.7098982,57.8575265],[-107.7205309,57.8637595],[-107.7412528,57.8759068],[-107.7436001,57.8772828],[-107.7666733,57.8908085],[-107.7726074,57.8942871],[-107.7897503,57.9043364],[-107.8032288,57.9122375],[-107.8128313,57.9178666],[-107.8338501,57.930188],[-107.8359161,57.9313991],[-107.8590049,57.9449339],[-107.8644714,57.9481384],[-107.8820977,57.958471],[-107.8950928,57.9660889],[-107.9051943,57.9720105],[-107.9257141,57.9840393],[-107.9282949,57.9855522],[-107.9513994,57.9990962],[-107.9563354,58.0019897],[-107.9745079,58.0126425],[-107.9869568,58.0199402],[-107.9976202,58.0261912],[-108.0175781,58.0378906],[-108.0207365,58.0397421],[-108.0438568,58.0532954],[-108.0466851,58.0549533],[-108.066981,58.0668509],[-108.0757921,58.0720161],[-108.0901091,58.0804088],[-108.1048991,58.0890788],[-108.1132412,58.093969],[-108.1340061,58.1061415],[-108.1363772,58.1075315],[-108.1595171,58.1210963],[-108.1631131,58.1232042],[-108.182661,58.1346634],[-108.1922201,58.1402669],[-108.2058089,58.1482328],[-108.221327,58.1573296],[-108.2289607,58.1618045],[-108.250434,58.1743924],[-108.2521164,58.1753786],[-108.2752762,58.188955],[-108.279541,58.1914551],[-108.2984398,58.2025337],[-108.309592,58.2090712],[-108.3216074,58.2161147],[-108.339643,58.2266873],[-108.344779,58.2296981],[-108.3679546,58.2432837],[-108.369694,58.2443034],[-108.3911341,58.2568717],[-108.399745,58.2619195],[-108.4143176,58.270462],[-108.429796,58.2795356],[-108.437505,58.2840546],[-108.459847,58.2971517],[-108.4606964,58.2976496],[-108.4838918,58.3112469],[-108.489898,58.3147678],[-108.5070911,58.3248465],[-108.519949,58.3323839],[-108.5302944,58.3384485],[-108.55,58.35],[-108.5535017,58.3520527],[-108.576713,58.3656594],[-108.580051,58.3676161],[-108.5999283,58.3792683],[-108.610102,58.3852322],[-108.6231475,58.3928796],[-108.640153,58.4028483],[-108.6463707,58.4064932],[-108.6695979,58.4201091],[-108.670204,58.4204644],[-108.6928291,58.4337274],[-108.700255,58.4380805],[-108.7160643,58.447348],[-108.730306,58.4556966],[-108.7393035,58.460971],[-108.760357,58.4733127],[-108.7625466,58.4745963],[-108.7857938,58.4882239],[-108.790408,58.4909288],[-108.8090449,58.5018539],[-108.820459,58.5085449],[-108.8323,58.5154862],[-108.849566,58.5256076],[-108.8555592,58.5291209],[-108.878673,58.5426704],[-108.8788223,58.5427579],[-108.9020895,58.5563973],[-108.9077799,58.5597331],[-108.9253606,58.570039],[-108.9368869,58.5767958],[-108.9486358,58.583683],[-108.9659939,58.5938585],[-108.9719149,58.5973294],[-108.9951009,58.6109212],[-108.9951981,58.6109782],[-109.0184853,58.6246293],[-109.0242079,58.6279839],[-109.0417765,58.6382828],[-109.0533149,58.6450467],[-109.0650717,58.6519386],[-109.0824219,58.6621094],[-109.0883709,58.6655967],[-109.1116742,58.6792573],[-109.1130432,58.6800598],[-109.1349814,58.6929201],[-109.1436646,58.6980103],[-109.1582927,58.7065854],[-109.1742859,58.7159607],[-109.181608,58.720253],[-109.2049072,58.7339111],[-109.2049274,58.7339229],[-109.2282507,58.7475952],[-109.2355286,58.7518616],[-109.2515781,58.7612699],[-109.2661499,58.769812],[-109.2749095,58.774947],[-109.2967712,58.7877625],[-109.298245,58.7886264],[-109.3215845,58.8023081],[-109.3273926,58.8057129],[-109.344928,58.8159923],[-109.3587472,58.8240932],[-109.3682755,58.8296788],[-109.3901018,58.8424735],[-109.3916271,58.8433676],[-109.4149828,58.8570589],[-109.4214565,58.8608538],[-109.4383425,58.8707525],[-109.4528111,58.8792341],[-109.4617062,58.8844485],[-109.4841657,58.8976144],[-109.485074,58.8981468],[-109.5084458,58.9118475],[-109.5155204,58.9159947],[-109.5318217,58.9255506],[-109.546875,58.934375],[-109.5552016,58.9392561],[-109.5777913,58.9524984],[-109.5785856,58.952964],[-109.6019736,58.9666742],[-109.6087077,58.9706217],[-109.6253657,58.9803868],[-109.639624,58.9887451],[-109.6487619,58.9941018],[-109.6705404,59.0068685],[-109.6721621,59.0078192],[-109.6955664,59.0215389],[-109.7014567,59.0249919],[-109.7189747,59.035261],[-109.732373,59.0431152],[-109.7423871,59.0489855],[-109.7609766,59.0598828],[-109.7658036,59.0627124],[-109.7892241,59.0764417],[-109.7895801,59.0766504],[-109.8126488,59.0901734],[-109.8181836,59.093418],[-109.8360774,59.1039075],[-109.8467871,59.1101855],[-109.8595102,59.1176439],[-109.8753906,59.1269531],[-109.8829471,59.1313828],[-109.906071,59.1449382],[-109.906388,59.145124],[-109.929833,59.1588676],[-109.9367513,59.1629232],[-109.9532821,59.1726137],[-109.9674316,59.1809082],[-109.9767352,59.186362],[-109.9837158,59.1904541],[-110.0,59.2],[-109.9999973,59.2001118],[-109.9764531,59.2135918],[-109.9707031,59.2164063],[-109.951667,59.2270665],[-109.9414062,59.2328125],[-109.9275927,59.2405481],[-109.9121094,59.2492187],[-109.9035142,59.2540321],[-109.8828125,59.265625],[-109.8794312,59.2675185],[-109.855344,59.2810074],[-109.8505859,59.2836719],[-109.8312524,59.2944987],[-109.8183594,59.3017187],[-109.8071564,59.3079924],[-109.7861328,59.3197656],[-109.7830562,59.3214885],[-109.7589516,59.3349871],[-109.7539062,59.3378125],[-109.7348426,59.3484881],[-109.7216797,59.3558594],[-109.7107293,59.3619916],[-109.6894531,59.3739062],[-109.6866117,59.3754975],[-109.6624897,59.3890058],[-109.6572266,59.3919531],[-109.6383633,59.4025165],[-109.625,59.41],[-109.6142326,59.4160297],[-109.5927734,59.4280469],[-109.5900976,59.4295454],[-109.5659581,59.4430634],[-109.5605469,59.4460937],[-109.5418144,59.4565839],[-109.5283203,59.4641406],[-109.5176662,59.4701069],[-109.4960938,59.4821875],[-109.4935137,59.4836323],[-109.4693569,59.4971601],[-109.4638672,59.5002344],[-109.4451957,59.5106904],[-109.4316406,59.5182813],[-109.4210301,59.5242232],[-109.3994141,59.5363281],[-109.3968601,59.5377584],[-109.3726857,59.551296],[-109.3671875,59.554375],[-109.348507,59.5648361],[-109.3378906,59.5707812],[-109.3243239,59.5783786],[-109.3085938,59.5871875],[-109.3001364,59.5919236],[-109.2792969,59.6035938],[-109.2756048,59.60552],[-109.2502024,59.6192436],[-109.25,59.62],[-109.2721354,59.625706],[-109.279846,59.6276936],[-109.2942708,59.631412],[-109.3120225,59.635988],[-109.3350694,59.641929],[-109.3442051,59.644284],[-109.3758681,59.652446],[-109.3763941,59.6525816],[-109.4085894,59.6608808],[-109.4166667,59.662963],[-109.4407911,59.6691817],[-109.4536458,59.6724954],[-109.4729991,59.6774842],[-109.490625,59.6820278],[-109.5052134,59.6857883],[-109.5276042,59.6915602],[-109.537434,59.6940941],[-109.5645833,59.7010926],[-109.569661,59.7024015],[-109.6015625,59.710625],[-109.6018943,59.7107105],[-109.634134,59.7190212],[-109.640191,59.7205826],[-109.66638,59.7273335],[-109.6788194,59.7305401],[-109.6986324,59.7356475],[-109.7174479,59.7404977],[-109.7308911,59.743963],[-109.7560764,59.7504552],[-109.7631562,59.7522803],[-109.7947049,59.7604128],[-109.7954277,59.7605991],[-109.8277055,59.7689196],[-109.8333333,59.7703704],[-109.8599898,59.7772418],[-109.8771701,59.7816705],[-109.8922803,59.7855656],[-109.9210069,59.7929707],[-109.9245773,59.793891],[-109.9568807,59.8022181],[-109.9648438,59.8042708],[-109.9891904,59.8105469],[-110.0086806,59.815571],[-110.0215066,59.8188772],[-110.0525174,59.8268711],[-110.0538291,59.8272093],[-110.0861581,59.835543],[-110.0963542,59.8381713],[-110.1184934,59.8438783],[-110.1361607,59.8484325],[-110.1508352,59.8522153],[-110.1759673,59.8586938],[-110.1831833,59.8605539],[-110.2155379,59.8688942],[-110.2157738,59.868955],[-110.2478989,59.8772362],[-110.2555804,59.8792163],[-110.2802664,59.8855798],[-110.2953869,59.8894775],[-110.3126403,59.893925],[-110.3351935,59.8997388],[-110.3450206,59.902272],[-110.375,59.91],[-110.3774073,59.9106206],[-110.4098005,59.9189708],[-110.4148065,59.9202612],[-110.4422001,59.9273227],[-110.4546131,59.9305225],[-110.4746062,59.9356763],[-110.4944196,59.9407837],[-110.5070188,59.9440315],[-110.5342262,59.951045],[-110.5394378,59.9523884],[-110.5718632,59.960747],[-110.5740327,59.9613062],[-110.6042952,59.9691072],[-110.6138393,59.9715675],[-110.6367335,59.9774691],[-110.6536458,59.9818287],[-110.6691785,59.9858327],[-110.6974826,59.9931289],[-110.7016298,59.9941979],[-110.7340876,60.0025648],[-110.7413194,60.004429],[-110.766552,60.0109334],[-110.7851562,60.0157292],[-110.7990228,60.0193037],[-110.8289931,60.0270293],[-110.8315001,60.0276756],[-110.8639839,60.0360492],[-110.8728299,60.0383295],[-110.8964743,60.0444245],[-110.9166667,60.0496296],[-110.928971,60.0528014],[-110.9552951,60.0595872],[-110.9614744,60.0611801],[-110.9939236,60.0695448],[-110.9939842,60.0695604],[-111.0265006,60.0779424],[-111.0325521,60.0795023],[-111.0590235,60.0863261],[-111.0711806,60.0894599],[-111.0915529,60.0947114],[-111.109809,60.0994174],[-111.1240889,60.1030985],[-111.1484375,60.109375],[-111.1566314,60.1114872],[-111.1854167,60.1189074],[-111.1891804,60.1198776],[-111.221736,60.1282697],[-111.2223958,60.1284398],[-111.2542982,60.1366635],[-111.259375,60.1379722],[-111.2868668,60.145059],[-111.2963542,60.1475046],[-111.3194421,60.1534562],[-111.3333333,60.157037],[-111.3520239,60.1618551],[-111.3741319,60.167554],[-111.3846123,60.1702556],[-111.4149306,60.178071],[-111.4172072,60.1786579],[-111.4498087,60.1870618],[-111.4557292,60.188588],[-111.4825222,60.1953789],[-111.5,60.2],[-111.5146253,60.2042353],[-111.5291495,60.2085734],[-111.5461979,60.2135876],[-111.558299,60.2171468],[-111.57783,60.2228912],[-111.5973594,60.2286351],[-111.6094686,60.2321966],[-111.6364198,60.2401235],[-111.6411139,60.2415041],[-111.6727659,60.2508135],[-111.6754801,60.2516118],[-111.7044246,60.2601249],[-111.7145405,60.2631001],[-111.7360899,60.2694382],[-111.7522405,60.2741884],[-111.7677618,60.2787535],[-111.7899406,60.2852766],[-111.7994405,60.2880707],[-111.8276406,60.2963649],[-111.8311258,60.2973899],[-111.8628178,60.3067111],[-111.8653406,60.3074531],[-111.8945165,60.3160343],[-111.9030407,60.3185414],[-111.9262219,60.3253594],[-111.9407407,60.3296296],[-111.957934,60.3346865],[-111.9790515,60.3408975],[-111.9896528,60.3440155],[-112.0173623,60.3521654],[-112.0213783,60.3533465],[-112.0531105,60.3626795],[-112.0556731,60.3634333],[-112.0848494,60.3720145],[-112.0939839,60.3747012],[-112.116595,60.3813515],[-112.1322947,60.385969],[-112.1483473,60.3906904],[-112.1706055,60.3972369],[-112.1801064,60.4000313],[-112.2089163,60.4085048],[-112.2118722,60.4093742],[-112.2436447,60.418719],[-112.2492259,60.4203606],[-112.275424,60.4280659],[-112.2895356,60.4322163],[-112.30721,60.4374147],[-112.3298452,60.4440721],[-112.3390952,60.4472386],[-112.3701548,60.4559279],[-112.370768,60.4559222],[-112.4048734,60.4453343],[-112.4347217,60.4287588],[-112.4430618,60.4247208],[-112.4451388,60.4263325],[-112.4485374,60.4411983],[-112.4504678,60.4657222],[-112.4519854,60.4926197],[-112.4541462,60.514606],[-112.4580057,60.5243963],[-112.4583359,60.524437],[-112.4706568,60.5136543],[-112.4932222,60.491076],[-112.5145417,60.4770904],[-112.5161057,60.4769516],[-112.5280321,60.4853844],[-112.5387044,60.5068808],[-112.5512576,60.5292057],[-112.5642989,60.5389322],[-112.5716985,60.540562],[-112.603419,60.5442836],[-112.6097184,60.5451454],[-112.6425392,60.5496351],[-112.6454988,60.5500349],[-112.6812836,60.5549259],[-112.6816593,60.5549865],[-112.7161235,60.5615145],[-112.7194685,60.5624116],[-112.7443116,60.5730574],[-112.7555929,60.578568],[-112.7711525,60.5862729],[-112.797546,60.6004132],[-112.8257223,60.61157],[-112.8333282,60.6133347],[-112.8587675,60.6169505],[-112.896352,60.6201383],[-112.9338792,60.6237252],[-112.9477595,60.6258116],[-112.9672244,60.6309634],[-112.9854595,60.6368999],[-112.9989071,60.640855],[-113.0245199,60.6483882],[-113.0308474,60.6502492],[-113.0627946,60.6596455],[-113.0635802,60.6598765],[-113.0947486,60.6690437],[-113.1026406,60.6713649],[-113.1267096,60.678444],[-113.141701,60.6828532],[-113.1586773,60.6878463],[-113.1708505,60.6914266],[-113.1908604,60.6971276],[-113.2,60.7],[-113.2206457,60.7080182],[-113.2357143,60.7142857],[-113.2493423,60.7197369],[-113.2714286,60.7285714],[-113.2782451,60.731298],[-113.3071429,60.7428571],[-113.3071541,60.7428616],[-113.3360693,60.7544277],[-113.3428571,60.7571429],[-113.3649908,60.7659963],[-113.3785714,60.7714286],[-113.3939185,60.7775674],[-113.4142857,60.7857143],[-113.4228525,60.789141],[-113.45,60.8],[-113.4517928,60.8007171],[-113.4807392,60.8122957],[-113.4857143,60.8142857],[-113.509692,60.8238768],[-113.5214286,60.8285714],[-113.538651,60.8354604],[-113.5571429,60.8428571],[-113.5676163,60.8470465],[-113.5928571,60.8571429],[-113.5965879,60.8586351],[-113.6255657,60.8702263],[-113.6285714,60.8714286],[-113.6545498,60.8818199],[-113.6642857,60.8857143],[-113.6833807,60.8935289],[-113.7,60.9],[-113.7132229,60.9045613],[-113.7351563,60.9117187],[-113.7443649,60.9147883],[-113.7703125,60.9234375],[-113.7753471,60.9251157],[-113.8054688,60.9351562],[-113.8063362,60.9354454],[-113.8373321,60.9457774],[-113.840625,60.946875],[-113.8683349,60.9561116],[-113.8792969,60.9597656],[-113.8993445,60.9664482],[-113.9179688,60.9726562],[-113.9303609,60.976787],[-113.9566406,60.9855469],[-113.9613842,60.9871281],[-113.9924143,60.9974714],[-113.9953125,60.9984375],[-114.0234514,61.0078171],[-114.0339844,61.0113281],[-114.0544953,61.0181651],[-114.0726563,61.0242187],[-114.085546,61.0285153],[-114.1113281,61.0371094],[-114.1166036,61.0388679],[-114.1476682,61.0492227],[-114.15,61.05],[-114.1787396,61.0595799],[-114.1886719,61.0628906],[-114.2098178,61.0699393],[-114.2273438,61.0757812],[-114.240903,61.080301],[-114.2660156,61.0886719],[-114.2719951,61.090665],[-114.3030941,61.1010314],[-114.3046875,61.1015625],[-114.3342,61.1114],[-114.3433594,61.1144531],[-114.3653128,61.1217709],[-114.3820312,61.1273438],[-114.3964325,61.1321442],[-114.4207031,61.1402344],[-114.4275592,61.1425197],[-114.4586928,61.1528976],[-114.459375,61.153125],[-114.4898333,61.1632778],[-114.4945312,61.1648438],[-114.5209807,61.1736602],[-114.5296875,61.1765625],[-114.5521351,61.184045],[-114.5648437,61.1882813],[-114.583054,61.1946881],[-114.6,61.2],[-114.6157818,61.2036404],[-114.6387755,61.208309],[-114.6507087,61.2108662],[-114.677551,61.2166181],[-114.6853529,61.2182899],[-114.717551,61.2251895],[-114.7200039,61.2257151],[-114.7546617,61.2331418],[-114.757551,61.2337609],[-114.7893263,61.2405699],[-114.797551,61.2423324],[-114.8239978,61.2479995],[-114.837551,61.2509038],[-114.8586761,61.2554306],[-114.877551,61.2594752],[-114.8933613,61.2628631],[-114.9231293,61.269242],[-114.9280533,61.2702971],[-114.9627522,61.2777326],[-114.9687075,61.2790087],[-114.9974579,61.2851695],[-115.0142857,61.2887755],[-115.0321704,61.292608],[-115.0598639,61.2985423],[-115.0668899,61.3000478],[-115.1016162,61.3074892],[-115.1054422,61.308309],[-115.1363494,61.314932],[-115.1510204,61.3180758],[-115.1710894,61.3223763],[-115.193586,61.327197],[-115.2058363,61.3298221],[-115.2361516,61.3363182],[-115.2405902,61.3372693],[-115.2753509,61.344718],[-115.2787172,61.3454394],[-115.3101185,61.3521682],[-115.3212828,61.3545606],[-115.344893,61.3596199],[-115.3638484,61.3636818],[-115.3796744,61.3670731],[-115.406414,61.372803],[-115.4144627,61.3745277],[-115.4489796,61.3819242],[-115.4492579,61.3819838],[-115.4840601,61.3894414],[-115.4945578,61.391691],[-115.5188692,61.3969005],[-115.5401361,61.4014577],[-115.5536851,61.4043611],[-115.5857143,61.4112245],[-115.5885081,61.4118232],[-115.6233379,61.4192867],[-115.6312925,61.4209913],[-115.6581747,61.4267517],[-115.6768707,61.430758],[-115.6930185,61.4342182],[-115.722449,61.4405248],[-115.7278691,61.4416862],[-115.762449,61.4490962],[-115.7627267,61.4491557],[-115.7975913,61.4566267],[-115.802449,61.4576676],[-115.8324629,61.4640992],[-115.842449,61.4662391],[-115.8673414,61.4715732],[-115.882449,61.4748105],[-115.9022269,61.4790486],[-115.922449,61.4833819],[-115.9371193,61.4865256],[-115.9612245,61.491691],[-115.9719324,61.4941979],[-116.0,61.5],[-116.0073102,61.5007696],[-116.0336914,61.5028076],[-116.0451773,61.5037648],[-116.0812988,61.5067749],[-116.0828801,61.5069067],[-116.1205866,61.5100489],[-116.1289062,61.5107422],[-116.1582968,61.5131914],[-116.1782227,61.5148519],[-116.1960107,61.5163342],[-116.2275391,61.5189616],[-116.2337283,61.5194774],[-116.2714496,61.5226208],[-116.2768555,61.5230713],[-116.3091746,61.5257646],[-116.3248291,61.5270691],[-116.3469033,61.5289086],[-116.3728027,61.5310669],[-116.3846358,61.532053],[-116.4207764,61.5350647],[-116.4223719,61.5351977],[-116.4601117,61.5383426],[-116.46875,61.5390625],[-116.4978553,61.5414879],[-116.5141602,61.5428467],[-116.5356025,61.5446335],[-116.5595703,61.5466309],[-116.5733535,61.5477795],[-116.6049805,61.550415],[-116.6111081,61.5509257],[-116.6488665,61.5540722],[-116.6503906,61.5541992],[-116.6866286,61.5572191],[-116.6958008,61.5579834],[-116.7243944,61.5603662],[-116.7464844,61.562207],[-116.762164,61.5635137],[-116.797168,61.5664307],[-116.7999372,61.5666614],[-116.8377142,61.5698095],[-116.8478516,61.5706543],[-116.8754949,61.5729579],[-116.8985352,61.5748779],[-116.9132793,61.5761066],[-116.9492188,61.5791016],[-116.9510674,61.5792556],[-116.9888593,61.5824049],[-116.9943848,61.5828654],[-117.0266548,61.5855546],[-117.0395508,61.5866292],[-117.0644542,61.5887045],[-117.0847168,61.5903931],[-117.1022572,61.5918548],[-117.1298828,61.5941569],[-117.140064,61.5950053],[-117.1750488,61.5979207],[-117.1778745,61.5981562],[-117.2156887,61.6013074],[-117.2202148,61.6016846],[-117.2535066,61.6044589],[-117.2668457,61.6055705],[-117.2913283,61.6076107],[-117.3134766,61.6094564],[-117.3291538,61.6107628],[-117.3601074,61.6133423],[-117.3669829,61.6139152],[-117.4048158,61.617068],[-117.4067383,61.6172282],[-117.4426525,61.620221],[-117.4533691,61.6211141],[-117.4804928,61.6233744],[-117.5,61.625],[-117.518337,61.6265281],[-117.5466309,61.6288859],[-117.5561848,61.6296821],[-117.5932617,61.6327718],[-117.5940364,61.6328364],[-117.6318918,61.635991],[-117.6398926,61.6366577],[-117.6697509,61.6391459],[-117.6865234,61.6405436],[-117.7076137,61.6423011],[-117.7331543,61.6444295],[-117.7454803,61.6454567],[-117.7797852,61.6483154],[-117.7833506,61.6486126],[-117.8212247,61.6517687],[-117.8249512,61.6520793],[-117.8591026,61.6549252],[-117.8701172,61.6558431],[-117.8969842,61.658082],[-117.9152832,61.6596069],[-117.9348695,61.6612391],[-117.9604492,61.6633708],[-117.9727586,61.6643966],[-118.0056152,61.6671346],[-118.0106515,61.6675543],[-118.0485481,61.6707123],[-118.0507812,61.6708984],[-118.0864485,61.6738707],[-118.1014648,61.6751221],[-118.1243526,61.6770294],[-118.1521484,61.6793457],[-118.1622605,61.6801884],[-118.2001722,61.6833477],[-118.202832,61.6835693],[-118.2380876,61.6865073],[-118.2535156,61.687793],[-118.2760068,61.6896672],[-118.3041992,61.6920166],[-118.3139297,61.6928275],[-118.3496094,61.6958008],[-118.3518564,61.695988],[-118.3897869,61.6991489],[-118.3950195,61.699585],[-118.4277212,61.7023101],[-118.4404297,61.7033691],[-118.4656592,61.7054716],[-118.4858398,61.7071533],[-118.503601,61.7086334],[-118.53125,61.7109375],[-118.5415466,61.7117956],[-118.5792236,61.7149353],[-118.579496,61.714958],[-118.6174491,61.7181208],[-118.6271973,61.7189331],[-118.655406,61.7212838],[-118.6751709,61.7229309],[-118.6933667,61.7244472],[-118.7231445,61.7269287],[-118.7313312,61.7276109],[-118.7692994,61.730775],[-118.7724609,61.7310384],[-118.8072715,61.7339393],[-118.8217773,61.7351481],[-118.8452473,61.7371039],[-118.8710938,61.7392578],[-118.8832269,61.7402689],[-118.9187012,61.7432251],[-118.9212103,61.7434342],[-118.9591975,61.7465998],[-118.9663086,61.7471924],[-118.9971764,61.749819],[-119.0,61.75],[-119.0355482,61.751669],[-119.0395767,61.7518525],[-119.0739435,61.7534612],[-119.076301,61.7535715],[-119.1123391,61.7552584],[-119.1130253,61.7552905],[-119.1497497,61.7570096],[-119.150737,61.7570558],[-119.189137,61.7588532],[-119.191733,61.7589747],[-119.2275393,61.7606508],[-119.2337164,61.7609399],[-119.2659438,61.7624484],[-119.2756998,61.7629051],[-119.3043505,61.7642462],[-119.3176832,61.7648703],[-119.3427594,61.7660441],[-119.3602549,61.766863],[-119.3811706,61.767842],[-119.4028266,61.7688557],[-119.4195839,61.7696401],[-119.4453983,61.7708484],[-119.4579995,61.7714383],[-119.48797,61.7728411],[-119.4964174,61.7732366],[-119.5305416,61.7748339],[-119.5348374,61.7750349],[-119.5732597,61.7768334],[-119.5795312,61.777127],[-119.6116842,61.778632],[-119.6285207,61.7794201],[-119.6501109,61.7804307],[-119.6775102,61.7817132],[-119.6885399,61.7822295],[-119.7264998,61.7840064],[-119.7269711,61.7840284],[-119.7654045,61.7858274],[-119.7754893,61.7862995],[-119.8038401,61.7876266],[-119.8195228,61.7883606],[-119.842278,61.7894258],[-119.8635564,61.7904218],[-119.880718,61.7912251],[-119.9075899,61.7924829],[-119.9191604,61.7930245],[-119.9516234,61.7945441],[-119.9576049,61.7948241],[-119.995657,61.7966052],[-119.9960517,61.7966237],[-120.0345007,61.7984234],[-120.0396905,61.7986664],[-120.0729519,61.8002233],[-120.0847937,61.8007776],[-120.1114054,61.8020232],[-120.1298968,61.8028888],[-120.1498611,61.8038233],[-120.175,61.805],[-120.188319,61.8056234],[-120.2201032,61.8071112],[-120.2267792,61.8074237],[-120.2652063,61.8092224],[-120.2652416,61.8092241],[-120.3037062,61.8110245],[-120.3103095,61.8113336],[-120.3421731,61.8128251],[-120.354343,61.8133948],[-120.3806422,61.8146258],[-120.3983766,61.8154559],[-120.4191135,61.8164266],[-120.4424101,61.8175171],[-120.4575871,61.8182275],[-120.4864436,61.8195782],[-120.4960629,61.8200285],[-120.5304772,61.8216394],[-120.5345774,61.8218455],[-120.5731702,61.8236959],[-120.5745107,61.8237005],[-120.6054622,61.8162079],[-120.6347086,61.7997705],[-120.6631874,61.7856967],[-120.6791611,61.7830658],[-120.6926804,61.7847635],[-120.7218236,61.7967753],[-120.7518854,61.8118589],[-120.7725738,61.8184476],[-120.785855,61.8204852],[-120.83058,61.8240807],[-120.8702695,61.8279731],[-120.8830032,61.8321991],[-120.8841705,61.8347321],[-120.8883995,61.8365589],[-120.9219702,61.841698],[-120.9678649,61.8441642],[-120.9897703,61.8444762],[-121.0083537,61.8442367],[-121.0322895,61.8436772],[-121.0471058,61.8433362],[-121.0742212,61.8428893],[-121.085601,61.8433816],[-121.1166449,61.8474947],[-121.1229305,61.8485833],[-121.1589839,61.8586019],[-121.189003,61.8641968],[-121.1917883,61.8640822],[-121.22043,61.8518686],[-121.2466859,61.8333555],[-121.2649876,61.8272248],[-121.2716949,61.8275498],[-121.2957622,61.8344033],[-121.3186692,61.8502571],[-121.3402751,61.8752466]]}},{"type":"Feature","properties":{"name":"UTA–アラスカ","status":"confirmed — Skagit/Fraser/Liard river sectors preserved","dash":false,"geometry_note":"v0.12 shared-boundary conversion: this visible line is also used to partition the two neighboring political fills.","topology_source":"shared-feature-network-v0.10.4","fill_rule":"Approved visible border preserved; adjacent political fills are locally partitioned from this same line.","hydrographic_sections":"Explicit river-following portions are duplicated exactly in hfr-na-hydro-borders.geojson and rendered as river-frontiers."},"geometry":{"type":"LineString","coordinates":[[-122.4994431,48.3677673],[-122.4782508,48.3656008],[-122.4581993,48.3642883],[-122.4393673,48.3636158],[-122.4218336,48.3633693],[-122.4058304,48.3633347],[-122.4056771,48.3633351],[-122.3908775,48.3669631],[-122.3772109,48.375874],[-122.3644483,48.387346],[-122.3523603,48.3986577],[-122.3494492,48.4011154],[-122.3410147,48.4086736],[-122.3307974,48.4196618],[-122.3213114,48.4312925],[-122.3121254,48.4430876],[-122.3028081,48.4545691],[-122.2929284,48.4652588],[-122.2820549,48.4746787],[-122.2697564,48.4823507],[-122.2694473,48.4825058],[-122.2550198,48.4883765],[-122.2378454,48.4934944],[-122.2194444,48.4981179],[-122.2010282,48.5026606],[-122.1933705,48.504702],[-122.1835163,48.5075324],[-122.1662817,48.5119504],[-122.1659425,48.5120185],[-122.1476309,48.5150138],[-122.1444371,48.5155209],[-122.1293081,48.5179937],[-122.1225926,48.5190914],[-122.1109931,48.5209873],[-122.100748,48.5226618],[-122.092697,48.5241165],[-122.0789035,48.5262323],[-122.0743027,48.526643],[-122.0556034,48.5281737],[-122.0367475,48.5294113],[-122.0178491,48.5302312],[-122.0,48.5305099],[-121.999022,48.5305072],[-121.9802928,48.5295417],[-121.9615991,48.5274697],[-121.9429047,48.5252074],[-121.9241737,48.523671],[-121.9153925,48.5234602],[-121.9053116,48.5234787],[-121.886281,48.523622],[-121.8711117,48.5238576],[-121.86776,48.5241232],[-121.8500535,48.5288307],[-121.8493824,48.5289938],[-121.8293623,48.5327539],[-121.8058944,48.5364054],[-121.7851443,48.5403193],[-121.7726119,48.545026],[-121.7711182,48.547493],[-121.7720664,48.5513613],[-121.7777858,48.56072],[-121.7871613,48.5723989],[-121.798429,48.5854568],[-121.8098247,48.5989523],[-121.8195842,48.6119439],[-121.8259435,48.6234904],[-121.8274273,48.6302411],[-121.8256749,48.6326557],[-121.8077862,48.6399002],[-121.8068686,48.64033],[-121.7925684,48.6473476],[-121.7863099,48.6504189],[-121.7773853,48.6547985],[-121.7657512,48.6605078],[-121.7622008,48.6622501],[-121.7470148,48.6697024],[-121.7451925,48.6705967],[-121.7318274,48.6771554],[-121.7246338,48.6806856],[-121.7166385,48.6846092],[-121.7040751,48.6907745],[-121.7014482,48.6920636],[-121.6862564,48.6995188],[-121.6835164,48.7008634],[-121.6710632,48.7069746],[-121.6629577,48.7109523],[-121.6558686,48.7144312],[-121.6439907,48.7202601],[-121.6406725,48.7218885],[-121.6254749,48.7293465],[-121.6250236,48.7295679],[-121.6102759,48.7368052],[-121.6060566,48.7388757],[-121.5950754,48.7442646],[-121.5870895,48.7481836],[-121.5792302,48.7515448],[-121.5681224,48.7574914],[-121.5661589,48.7597297],[-121.5597421,48.7717684],[-121.5588042,48.7734726],[-121.5529768,48.7834669],[-121.549486,48.7894537],[-121.5461757,48.795131],[-121.5401678,48.8054349],[-121.5393745,48.8067955],[-121.532573,48.8184603],[-121.5308496,48.8214161],[-121.5257713,48.8301254],[-121.5215313,48.8373972],[-121.5189695,48.8417909],[-121.5122131,48.8533784],[-121.5121674,48.8534568],[-121.5053651,48.865123],[-121.5028949,48.8693595],[-121.4985626,48.8767895],[-121.4935767,48.8853407],[-121.4917599,48.8884564],[-121.4849571,48.9001237],[-121.4842584,48.9013219],[-121.478154,48.9117913],[-121.4749402,48.917303],[-121.4713507,48.9234592],[-121.465622,48.9332842],[-121.4645472,48.9351275],[-121.4577435,48.9467962],[-121.4563038,48.9492654],[-121.4509396,48.9584652],[-121.4469855,48.9652465],[-121.4441355,48.9701345],[-121.4376673,48.9812277],[-121.4373312,48.9818042],[-121.4305266,48.9934743],[-121.4283491,48.9972089],[-121.4225652,49.0050867],[-121.4190309,49.01319],[-121.4193432,49.0169656],[-121.4224042,49.0294113],[-121.4227267,49.0308481],[-121.4250175,49.0417936],[-121.4264225,49.0485062],[-121.4276085,49.0541728],[-121.4301183,49.0661644],[-121.4301994,49.0665521],[-121.4327904,49.0789314],[-121.4338141,49.0838225],[-121.4353814,49.0913108],[-121.4375099,49.1014806],[-121.4379724,49.1036902],[-121.4405634,49.1160697],[-121.4412057,49.1191387],[-121.4431544,49.1284493],[-121.4449015,49.1367968],[-121.4457454,49.1408289],[-121.4483364,49.1532085],[-121.4485973,49.1544549],[-121.4509275,49.1655882],[-121.4522931,49.172113],[-121.4535186,49.177968],[-121.4559889,49.1897711],[-121.4561096,49.1903478],[-121.4587007,49.2027277],[-121.4596847,49.2074292],[-121.4612918,49.2151077],[-121.4633805,49.2250873],[-121.4638829,49.2274877],[-121.466474,49.2398677],[-121.4670763,49.2427454],[-121.4695595,49.2522581],[-121.4707721,49.2604035],[-121.4706507,49.264734],[-121.4690127,49.2786746],[-121.4657669,49.294003],[-121.4613033,49.3101095],[-121.4560115,49.3263841],[-121.4502813,49.3422171],[-121.4445024,49.3569987],[-121.4390647,49.3701191],[-121.4343578,49.3809685],[-121.4307715,49.388937],[-121.4286956,49.3934149],[-121.4283371,49.3941727],[-121.4294109,49.3934152],[-121.4395999,49.3866013],[-121.4569445,49.3761747],[-121.4769857,49.3664077],[-121.4909848,49.3621069],[-121.4923751,49.3619272],[-121.4958187,49.3614821],[-121.4971643,49.3613082],[-121.5019536,49.3606892],[-121.5067428,49.3600702],[-121.511532,49.3594512],[-121.5147529,49.3590349],[-121.537828,49.3560525],[-121.5624467,49.3528706],[-121.5822969,49.350305],[-121.5910665,49.3491715],[-121.5911026,49.3491669],[-121.5896159,49.3512169],[-121.5852123,49.357461],[-121.5786363,49.3671477],[-121.5706399,49.3795152],[-121.5619749,49.3938021],[-121.5533934,49.4092467],[-121.5456472,49.4250873],[-121.5394883,49.4405624],[-121.5356687,49.4549103],[-121.5347891,49.4640453],[-121.5353462,49.4674772],[-121.5414024,49.4795236],[-121.5417628,49.4803275],[-121.5465744,49.4915616],[-121.5487365,49.4966097],[-121.5517303,49.5035996],[-121.5559563,49.5134665],[-121.5568864,49.5156379],[-121.5620425,49.5276764],[-121.5631762,49.5303234],[-121.5671987,49.5397151],[-121.570396,49.5471802],[-121.572355,49.551754],[-121.5775113,49.5637931],[-121.5776158,49.5640371],[-121.5826678,49.5758325],[-121.5848356,49.5808939],[-121.5878244,49.587872],[-121.5920554,49.5977508],[-121.592981,49.5999118],[-121.5981378,49.6119518],[-121.5992753,49.6146076],[-121.6032946,49.6239919],[-121.6064951,49.6314645],[-121.6084515,49.6360324],[-121.6136085,49.648073],[-121.6137149,49.6483213],[-121.6187657,49.6601138],[-121.6209347,49.6651782],[-121.6239229,49.6721548],[-121.6281546,49.682035],[-121.6290802,49.6841961],[-121.6342375,49.6962375],[-121.6353744,49.6988919],[-121.639395,49.7082792],[-121.6425942,49.7157487],[-121.6445526,49.7203211],[-121.6497102,49.7323632],[-121.649814,49.7326055],[-121.654868,49.7444055],[-121.6570338,49.7494624],[-121.6600258,49.7564481],[-121.6642537,49.7663192],[-121.6651837,49.7684908],[-121.6703418,49.7805337],[-121.6714735,49.7831761],[-121.6754999,49.7925769],[-121.6786933,49.8000329],[-121.6806581,49.8046203],[-121.6858164,49.8166639],[-121.6859131,49.8168898],[-121.6909748,49.8287077],[-121.693133,49.8337466],[-121.6961332,49.8407517],[-121.7003528,49.8506035],[-121.7012918,49.8527959],[-121.7064505,49.8648404],[-121.7075726,49.8674603],[-121.7116092,49.876885],[-121.7147924,49.8843172],[-121.7167681,49.8889299],[-121.721927,49.900975],[-121.7220122,49.901174],[-121.727086,49.9130203],[-121.7292321,49.9180309],[-121.7322451,49.9250658],[-121.7364519,49.9348877],[-121.7374043,49.9371115],[-121.7425636,49.9491574],[-121.7436717,49.9517446],[-121.747723,49.9612036],[-121.7508915,49.9686014],[-121.7528825,49.9732499],[-121.7580421,49.9852965],[-121.7581114,49.9854583],[-121.7632017,49.9973433],[-121.7653312,50.0023151],[-121.7683615,50.0093903],[-121.772551,50.019172],[-121.7735213,50.0214375],[-121.7786812,50.0334849],[-121.7797708,50.0360288],[-121.7838413,50.0455325],[-121.7869906,50.0528857],[-121.7890014,50.0575804],[-121.7941616,50.0696284],[-121.7942105,50.0697425],[-121.7993219,50.0816767],[-121.8011842,50.0860247],[-121.8044823,50.0937252],[-121.8081578,50.1023069],[-121.8096428,50.1057739],[-121.8148033,50.1178228],[-121.8151315,50.1185891],[-121.819964,50.1298719],[-121.8221052,50.1348713],[-121.8251248,50.1419212],[-121.8290789,50.1511534],[-121.8302856,50.1539708],[-121.8354465,50.1660205],[-121.8360526,50.1674356],[-121.8406076,50.1780705],[-121.8430263,50.1837178],[-121.8460148,50.1900987],[-121.85,50.2],[-121.8505423,50.20221],[-121.8527794,50.2146343],[-121.8533482,50.2178571],[-121.8550714,50.2270475],[-121.8566964,50.2357143],[-121.8573976,50.2394537],[-121.8597237,50.25186],[-121.8600446,50.2535714],[-121.8620499,50.2642663],[-121.8633929,50.2714286],[-121.8643761,50.2766727],[-121.8667023,50.2890791],[-121.8667411,50.2892857],[-121.8690285,50.3014855],[-121.8700893,50.3071429],[-121.8713548,50.313892],[-121.8734375,50.325],[-121.873681,50.3262986],[-121.8760072,50.3387052],[-121.8766602,50.3421875],[-121.8783335,50.3511118],[-121.8798828,50.359375],[-121.8806597,50.3635185],[-121.882986,50.3759252],[-121.8831055,50.3765625],[-121.8853123,50.388332],[-121.8863281,50.39375],[-121.8876385,50.4007388],[-121.8895508,50.4109375],[-121.8899648,50.4131457],[-121.8922911,50.4255526],[-121.8927734,50.428125],[-121.8946174,50.4379596],[-121.8959961,50.4453125],[-121.8969437,50.4503666],[-121.8992187,50.4625],[-121.8992701,50.4627736],[-121.9015964,50.4751807],[-121.9024414,50.4796875],[-121.9039227,50.4875879],[-121.9056641,50.496875],[-121.9062491,50.4999951],[-121.9085754,50.5124023],[-121.9088867,50.5140625],[-121.9113739,50.5249044],[-121.9121094,50.53125],[-121.9112954,50.5369622],[-121.9051736,50.5486597],[-121.8948399,50.5601388],[-121.8824351,50.5714302],[-121.8700997,50.5825642],[-121.8599743,50.5935714],[-121.8541995,50.6044822],[-121.8535862,50.6090008],[-121.8586766,50.6152178],[-121.8637585,50.6193717],[-121.8705081,50.6257539],[-121.8828911,50.636138],[-121.8954691,50.6465005],[-121.9066746,50.6570201],[-121.9149398,50.6678756],[-121.9177856,50.6744537],[-121.9190878,50.6792478],[-121.9215543,50.6912144],[-121.9233346,50.7036258],[-121.9247557,50.7163085],[-121.9261441,50.7290889],[-121.9278266,50.7417936],[-121.9301301,50.7542491],[-121.9305573,50.7561188],[-121.9337466,50.7663946],[-121.9390916,50.7783862],[-121.9455371,50.7902846],[-121.9524395,50.8021482],[-121.9591551,50.8140351],[-121.9650402,50.8260035],[-121.9694513,50.8381116],[-121.9701172,50.840625],[-121.972064,50.8504565],[-121.9733398,50.8578125],[-121.9742918,50.8628895],[-121.9765625,50.875],[-121.9766184,50.875298],[-121.978945,50.8877066],[-121.9799107,50.8928571],[-121.9812716,50.9001153],[-121.9832589,50.9107143],[-121.9835983,50.912524],[-121.9859249,50.9249328],[-121.9866071,50.9285714],[-121.9886625,50.9376145],[-121.9899554,50.9464286],[-121.9894743,50.949287],[-121.9804332,50.9592005],[-121.963539,50.9682336],[-121.9435213,50.9768167],[-121.9251099,50.98538],[-121.9130344,50.9943538],[-121.9107971,51.0],[-121.9111283,51.0041139],[-121.9144873,51.0144384],[-121.9209682,51.025149],[-121.9299517,51.0361482],[-121.9408188,51.0473384],[-121.9529504,51.0586221],[-121.9657275,51.0699017],[-121.9785309,51.0810798],[-121.9907417,51.0920588],[-122.0,51.1009674],[-122.0017577,51.1027599],[-122.0119808,51.1138155],[-122.0221988,51.1251379],[-122.032915,51.1361252],[-122.044633,51.1461754],[-122.0578562,51.1546865],[-122.0605811,51.1560803],[-122.0715986,51.1598956],[-122.0747698,51.1609577],[-122.0941586,51.1665436],[-122.1140395,51.1720152],[-122.1313549,51.178087],[-122.1416626,51.1841583],[-122.1431222,51.1854931],[-122.1507925,51.19547],[-122.1568099,51.2075842],[-122.1620861,51.2206572],[-122.1675326,51.2335104],[-122.1693418,51.2371583],[-122.173429,51.2455879],[-122.1775432,51.2528623],[-122.1809723,51.2569806],[-122.1940603,51.2672864],[-122.2094731,51.2771132],[-122.222834,51.2870003],[-122.229766,51.2974869],[-122.2299957,51.2997131],[-122.2295562,51.3089475],[-122.2280003,51.3211419],[-122.2257279,51.3337917],[-122.2231694,51.3466232],[-122.2207554,51.359363],[-122.2199343,51.3643232],[-122.2186338,51.3718749],[-122.2161298,51.3844892],[-122.2136453,51.3970975],[-122.2117062,51.4095348],[-122.2108383,51.4216364],[-122.2108307,51.4227829],[-122.2136361,51.4332912],[-122.2217483,51.4446084],[-122.2326567,51.4557492],[-122.2438144,51.4668747],[-122.2495549,51.4735907],[-122.2531362,51.4781007],[-122.2605085,51.4879623],[-122.2614218,51.4894515],[-122.2680918,51.5012248],[-122.2739157,51.5132359],[-122.278755,51.5252516],[-122.2787937,51.5253591],[-122.2825168,51.5376321],[-122.2840878,51.5431496],[-122.2861088,51.5499322],[-122.2894207,51.5610476],[-122.2897696,51.5622183],[-122.2934303,51.5745045],[-122.2947536,51.5789456],[-122.2970912,51.5867908],[-122.3000865,51.5968436],[-122.3007412,51.5990828],[-122.3040624,51.6115434],[-122.3072359,51.6240798],[-122.3107114,51.6364616],[-122.3149385,51.6484584],[-122.3166733,51.6525116],[-122.3211181,51.6599396],[-122.3313826,51.6711348],[-122.3444677,51.6820949],[-122.3588529,51.6928474],[-122.3730181,51.7034201],[-122.3854429,51.7138404],[-122.3946071,51.724136],[-122.3989903,51.7343344],[-122.3991623,51.7366638],[-122.3977737,51.7377777],[-122.3962311,51.7450629],[-122.3946957,51.7570405],[-122.393819,51.7697542],[-122.3932426,51.7828035],[-122.392608,51.7957877],[-122.3920661,51.8031991],[-122.391585,51.808371],[-122.3902603,51.8208459],[-122.3888979,51.8333204],[-122.3877401,51.8457968],[-122.387029,51.8582773],[-122.38694,51.8619537],[-122.386809,51.8707758],[-122.386643,51.8833168],[-122.3865002,51.8958819],[-122.3863806,51.9084506],[-122.3862844,51.9210019],[-122.3862117,51.9335153],[-122.3861626,51.94597],[-122.3861372,51.9583453],[-122.3861333,51.9653333],[-122.3872087,51.970601],[-122.3930667,51.9826667],[-122.3930819,51.9827047],[-122.3985378,51.9948019],[-122.4,52.0],[-122.4008611,52.0071306],[-122.4017333,52.0173333],[-122.4019636,52.019636],[-122.4032108,52.0321076],[-122.4034667,52.0346667],[-122.4044579,52.0445791],[-122.4052,52.052],[-122.4057051,52.0570507],[-122.4069333,52.0693333],[-122.4069522,52.0695223],[-122.4081994,52.0819939],[-122.4086667,52.0866667],[-122.4094466,52.0944655],[-122.4104,52.104],[-122.4106937,52.1069371],[-122.4119409,52.1194088],[-122.4121714,52.1217143],[-122.413188,52.1318805],[-122.4139429,52.1394286],[-122.4144352,52.1443521],[-122.4156824,52.1568238],[-122.4157143,52.1571429],[-122.4169296,52.1692955],[-122.4174857,52.1748571],[-122.4181767,52.1817672],[-122.4192571,52.1925714],[-122.4194239,52.1942389],[-122.4206711,52.2067107],[-122.4210286,52.2102857],[-122.4219182,52.2191824],[-122.4228,52.228],[-122.4231654,52.2316542],[-122.4244126,52.244126],[-122.4245714,52.2457143],[-122.4256598,52.2565978],[-122.4263429,52.2634286],[-122.426907,52.2690696],[-122.4281143,52.2811429],[-122.428155,52.281542],[-122.429657,52.2941867],[-122.4298857,52.2988571],[-122.4279671,52.3058],[-122.4181563,52.3165588],[-122.4032661,52.3268409],[-122.3869754,52.3369439],[-122.372963,52.3471656],[-122.3649079,52.3578036],[-122.3641739,52.3619385],[-122.3649712,52.369086],[-122.3690095,52.3808494],[-122.3753905,52.3929211],[-122.3829059,52.4051421],[-122.3903471,52.4173535],[-122.3949886,52.4260673],[-122.3965938,52.4294081],[-122.4021123,52.4408927],[-122.4023558,52.4413993],[-122.4081178,52.4533908],[-122.4092361,52.4557181],[-122.41388,52.4653825],[-122.4163599,52.4705434],[-122.4196423,52.4773744],[-122.4234836,52.4853688],[-122.4253275,52.4893965],[-122.4306074,52.5001942],[-122.4313118,52.5013114],[-122.4414546,52.5124527],[-122.4545849,52.5231669],[-122.4674362,52.5337806],[-122.4767419,52.5446204],[-122.4794388,52.5536118],[-122.4793916,52.5560082],[-122.4779834,52.5680027],[-122.4751349,52.5803969],[-122.4715464,52.5929964],[-122.4679183,52.6056069],[-122.4657653,52.6141805],[-122.4647328,52.6180694],[-122.4621097,52.630374],[-122.4621101,52.6304285],[-122.4681292,52.6406485],[-122.4682315,52.642247],[-122.4687673,52.6547096],[-122.4689379,52.667287],[-122.4689383,52.6679802],[-122.4649258,52.6795723],[-122.4638791,52.6843741],[-122.4649701,52.6919143],[-122.4675463,52.7016868],[-122.4681038,52.7043186],[-122.4707291,52.7167121],[-122.4712136,52.7189995],[-122.4738745,52.7291007],[-122.4748808,52.7363122],[-122.4745293,52.741521],[-122.4723277,52.7534214],[-122.4722192,52.7539621],[-122.4687836,52.7662831],[-122.4678736,52.7694003],[-122.4653087,52.7786019],[-122.4634195,52.7853792],[-122.4618741,52.7909231],[-122.4589654,52.8013581],[-122.458423,52.8032454],[-122.4542732,52.8156048],[-122.4497354,52.8279849],[-122.4457366,52.8403365],[-122.4432041,52.8526104],[-122.4427719,52.8594513],[-122.4431956,52.8647599],[-122.4468777,52.8767874],[-122.4532624,52.8887326],[-122.461029,52.900636],[-122.4688568,52.9125376],[-122.4742067,52.9219478],[-122.4754785,52.9244763],[-122.4814931,52.9364339],[-122.4815148,52.9364771],[-122.48729,52.948467],[-122.4928508,52.9605816],[-122.4984805,52.9726728],[-122.5044843,52.9846353],[-122.5111672,52.9963642],[-122.5134659,53.0],[-122.519652,53.0077731],[-122.5315219,53.0189073],[-122.544715,53.0298589],[-122.5569531,53.0407194],[-122.5659577,53.05158],[-122.5694504,53.0625],[-122.5694503,53.0625322],[-122.5608375,53.0734419],[-122.5476825,53.084457],[-122.5452805,53.0899963],[-122.5453189,53.0960193],[-122.5456066,53.108029],[-122.5461592,53.1203615],[-122.5469578,53.1329291],[-122.5479832,53.1456439],[-122.5492162,53.1584181],[-122.5506377,53.1711638],[-122.5522285,53.1837932],[-122.5533854,53.1921875],[-122.5541863,53.196225],[-122.5579224,53.2085396],[-122.5581597,53.209375],[-122.5613514,53.2208652],[-122.562934,53.2265625],[-122.5647753,53.2331911],[-122.5677083,53.24375],[-122.5681992,53.245517],[-122.5716231,53.2578431],[-122.5724826,53.2609375],[-122.575047,53.2701693],[-122.5772569,53.278125],[-122.578471,53.2824955],[-122.581895,53.2948219],[-122.5820312,53.2953125],[-122.585136,53.3071992],[-122.5868056,53.3125],[-122.5896251,53.3192897],[-122.5961783,53.3311006],[-122.6041411,53.3427407],[-122.6128164,53.3542919],[-122.6215072,53.365836],[-122.6295167,53.3774548],[-122.6361477,53.3892302],[-122.6391678,53.3963852],[-122.6408426,53.4012385],[-122.6444949,53.4134625],[-122.6476151,53.4258295],[-122.6504614,53.4382702],[-122.6532923,53.4507152],[-122.6556893,53.4605106],[-122.6563559,53.4630977],[-122.659538,53.4754484],[-122.6601391,53.4777817],[-122.6627201,53.4877992],[-122.664589,53.4950528],[-122.6657808,53.500227],[-122.6669388,53.5041733],[-122.6721353,53.5117418],[-122.6856302,53.5222774],[-122.7013021,53.5324294],[-122.7138368,53.5426916],[-122.7180557,53.5519485],[-122.7180095,53.5535543],[-122.7153689,53.5651592],[-122.7095579,53.5772681],[-122.7018143,53.589675],[-122.6933757,53.6021738],[-122.6854799,53.6145583],[-122.6793646,53.6266225],[-122.6762675,53.6381603],[-122.6761093,53.6411133],[-122.6805098,53.6489119],[-122.6957678,53.6589587],[-122.7128066,53.6689276],[-122.7218571,53.6794625],[-122.7219467,53.6805573],[-122.7211463,53.6909113],[-122.7187676,53.7029879],[-122.7154354,53.7155025],[-122.7117851,53.7282672],[-122.708452,53.7410945],[-122.7060716,53.7537968],[-122.7052689,53.7649994],[-122.7052894,53.7661891],[-122.7076607,53.7784665],[-122.7131942,53.790795],[-122.7207817,53.8031091],[-122.7293152,53.8153433],[-122.7376865,53.827432],[-122.7447876,53.8393096],[-122.7495104,53.8509107],[-122.7508316,53.8600006],[-122.7506395,53.8621628],[-122.7444274,53.8728487],[-122.7318919,53.8831035],[-122.7163473,53.893217],[-122.7011081,53.9034792],[-122.6894887,53.91418],[-122.6872177,53.9174957],[-122.68309,53.9255943],[-122.6784256,53.9377012],[-122.6746838,53.9502419],[-122.6713041,53.9629522],[-122.6677261,53.9755679],[-122.6633894,53.9878248],[-122.6577335,53.9994586],[-122.6574173,54.0],[-122.6482402,54.0102507],[-122.6344641,54.0204373],[-122.6197362,54.0304552],[-122.6073944,54.0407415],[-122.6014697,54.0494889],[-122.6006377,54.0517282],[-122.5972065,54.0635145],[-122.5947534,54.07586],[-122.5928191,54.0885416],[-122.5909442,54.1013365],[-122.5886692,54.1140216],[-122.5855348,54.1263738],[-122.5852737,54.1272125],[-122.5799853,54.1384451],[-122.5714579,54.1504754],[-122.5616192,54.1624114],[-122.5521437,54.1741984],[-122.5447061,54.1857816],[-122.5409806,54.1971064],[-122.5408249,54.1997223],[-122.5432476,54.2080377],[-122.5524338,54.2184803],[-122.5661619,54.2286505],[-122.5819597,54.2387745],[-122.5973545,54.2490786],[-122.6098741,54.2597891],[-122.6155414,54.2675303],[-122.6172207,54.271184],[-122.6215234,54.2835253],[-122.6217825,54.2842291],[-122.6260829,54.295735],[-122.6280237,54.3009279],[-122.6306457,54.3079432],[-122.6342649,54.3176267],[-122.6352085,54.3201516],[-122.6397714,54.3323601],[-122.640506,54.3343256],[-122.6443344,54.3445688],[-122.6467472,54.3510244],[-122.6488975,54.3567776],[-122.6529884,54.3677232],[-122.6534606,54.3689866],[-122.6580237,54.3811958],[-122.6592295,54.3844221],[-122.6625869,54.3934051],[-122.6654707,54.4011209],[-122.6671502,54.4056146],[-122.6717119,54.4178197],[-122.6717136,54.4178243],[-122.676277,54.4300341],[-122.677953,54.4345186],[-122.6808405,54.4422441],[-122.6841942,54.4512174],[-122.685404,54.4544543],[-122.6899676,54.4666646],[-122.6904354,54.4679162],[-122.6945312,54.4788751],[-122.6966765,54.4846151],[-122.699095,54.4910857],[-122.7029177,54.5013139],[-122.7036587,54.5032966],[-122.7082226,54.5155075],[-122.7091589,54.5180127],[-122.7127865,54.5277187],[-122.7154001,54.5347116],[-122.7173504,54.53993],[-122.7216412,54.5514104],[-122.7219145,54.5521415],[-122.7264785,54.5643531],[-122.7278824,54.5681092],[-122.7310427,54.5765649],[-122.7341236,54.5848081],[-122.7355327,54.5887955],[-122.740121,54.6010016],[-122.7403647,54.6015069],[-122.7478764,54.612636],[-122.7512702,54.6172435],[-122.7560962,54.6242075],[-122.7621757,54.6329801],[-122.7641329,54.6358043],[-122.7721698,54.6474016],[-122.7730812,54.6487167],[-122.7802071,54.6589994],[-122.7839866,54.6644533],[-122.7882446,54.6705977],[-122.7948921,54.6801899],[-122.7962825,54.6821963],[-122.8043208,54.6937955],[-122.8057976,54.6959265],[-122.8123593,54.7053951],[-122.816703,54.7116631],[-122.8203981,54.7169952],[-122.8276085,54.7273997],[-122.8284373,54.7285957],[-122.8364768,54.7401967],[-122.838514,54.7431363],[-122.8445166,54.7517981],[-122.8499063,54.7595755],[-122.8525567,54.7634],[-122.8605972,54.7750024],[-122.8612986,54.7760146],[-122.8686379,54.7866052],[-122.872691,54.7924537],[-122.876679,54.7982085],[-122.8840833,54.8088929],[-122.8847204,54.8098122],[-122.8927621,54.8214164],[-122.8954756,54.825332],[-122.9008041,54.833021],[-122.9068679,54.8417711],[-122.9088465,54.8446261],[-122.9168891,54.8562317],[-122.9182603,54.8582103],[-122.9249321,54.8678377],[-122.9296526,54.8746494],[-122.9329754,54.8794442],[-122.941019,54.8910512],[-122.9410449,54.8910885],[-122.9490629,54.9026586],[-122.9524372,54.9075277],[-122.9571072,54.9142664],[-122.9638296,54.9239668],[-122.9651518,54.9258747],[-122.9731967,54.9374835],[-122.9752219,54.9404059],[-122.9812419,54.9490927],[-122.9866142,54.9568451],[-122.9892874,54.9607024],[-122.9973332,54.9723126],[-122.9980065,54.9732842],[-123.0053794,54.9839232],[-123.0093989,54.9897233],[-123.0134259,54.9955343],[-123.0207912,55.0061625],[-123.0214726,55.0071458],[-123.0295198,55.0187578],[-123.0316967,55.0218991],[-123.0375672,55.0303702],[-123.0426021,55.0376357],[-123.0456149,55.0419831],[-123.0535076,55.0533723],[-123.053663,55.0535965],[-123.0617114,55.0652103],[-123.0644131,55.0691089],[-123.0697601,55.0768246],[-123.0753186,55.0848455],[-123.0778091,55.0884393],[-123.0858584,55.1000545],[-123.086224,55.1005821],[-123.0939081,55.1116702],[-123.0971295,55.1163187],[-123.101958,55.1232863],[-123.108035,55.1320553],[-123.1099941,55.1349065],[-123.1180226,55.1465291],[-123.1189405,55.1477919],[-123.1267984,55.1579715],[-123.1314031,55.1638117],[-123.1357335,55.169378],[-123.1438657,55.1798314],[-123.1446169,55.180797],[-123.1535008,55.1922165],[-123.1563284,55.1958512],[-123.162385,55.2036365],[-123.168791,55.2118709],[-123.1712697,55.2150571],[-123.1801548,55.2264782],[-123.1812537,55.2278907],[-123.1890403,55.2378999],[-123.1937163,55.2439104],[-123.1979263,55.249322],[-123.206179,55.2599302],[-123.2068127,55.2607448],[-123.2156994,55.272168],[-123.2186416,55.27595],[-123.2245866,55.2835919],[-123.2311042,55.2919697],[-123.2334743,55.2950162],[-123.2423623,55.3064411],[-123.2435669,55.3079895],[-123.2512508,55.3178665],[-123.2560295,55.3240092],[-123.2601397,55.3292925],[-123.2684922,55.340029],[-123.269029,55.340719],[-123.2779187,55.352146],[-123.2809548,55.3560487],[-123.2868088,55.3635736],[-123.2934174,55.3720685],[-123.2956994,55.3750018],[-123.3045904,55.3864304],[-123.3058801,55.3880883],[-123.3134818,55.3978596],[-123.3183427,55.404108],[-123.3223736,55.4092894],[-123.3308054,55.4201278],[-123.3312658,55.4207197],[-123.3401585,55.4321505],[-123.343268,55.4361475],[-123.3490516,55.4435818],[-123.3557307,55.4521673],[-123.3579451,55.4550137],[-123.366839,55.4664462],[-123.3681933,55.468187],[-123.3757333,55.4778792],[-123.3806559,55.4842068],[-123.3846281,55.4893127],[-123.3931186,55.5002266],[-123.3935233,55.5007468],[-123.4024189,55.5121814],[-123.4055812,55.5162463],[-123.4113149,55.5236165],[-123.4180439,55.5322661],[-123.4202113,55.5350522],[-123.4291082,55.5464884],[-123.4305065,55.5482858],[-123.4380055,55.5579252],[-123.4429692,55.5643056],[-123.4469032,55.5693625],[-123.4554318,55.5803253],[-123.4558013,55.5808003],[-123.4646998,55.5922387],[-123.4678944,55.5963451],[-123.4735988,55.6036776],[-123.4803571,55.6123648],[-123.4824636,55.6151286],[-123.4912714,55.6265993],[-123.4928197,55.6283846],[-123.5020478,55.6374891],[-123.507862,55.6429298],[-123.5133571,55.6482434],[-123.5229044,55.6574751],[-123.5245183,55.6590357],[-123.5356803,55.6698288],[-123.5379467,55.6720203],[-123.5468431,55.6806227],[-123.552989,55.6865655],[-123.5580066,55.6914174],[-123.5680313,55.7011108],[-123.569171,55.7022128],[-123.5803361,55.7130089],[-123.5830736,55.715656],[-123.591502,55.7238058],[-123.598116,55.7302012],[-123.6026686,55.7346035],[-123.6131583,55.7447465],[-123.6138361,55.7454019],[-123.6250043,55.7562011],[-123.6282006,55.7592917],[-123.6361733,55.767001],[-123.6432429,55.7738369],[-123.6473431,55.7778017],[-123.6582852,55.7883822],[-123.6585137,55.7886031],[-123.6696851,55.7994053],[-123.6733276,55.8029274],[-123.6808573,55.8102083],[-123.6883699,55.8174726],[-123.6920302,55.821012],[-123.7032039,55.8318165],[-123.7034122,55.8320179],[-123.7143784,55.8426217],[-123.7184545,55.8465631],[-123.7255537,55.8534277],[-123.7334968,55.8611083],[-123.7367297,55.8642344],[-123.7479066,55.8750419],[-123.7485392,55.8756536],[-123.7590842,55.8858502],[-123.7635815,55.8901988],[-123.7702626,55.8966592],[-123.7786238,55.904744],[-123.7814418,55.907469],[-123.7926218,55.9182795],[-123.7936661,55.9192893],[-123.8038026,55.9290908],[-123.8087084,55.9338345],[-123.8149841,55.9399028],[-123.8237508,55.9483797],[-123.8261665,55.9507156],[-123.8373496,55.9615292],[-123.8387931,55.962925],[-123.8485335,55.9723435],[-123.8538354,55.9774702],[-123.8597182,55.9831586],[-123.8688777,55.9920154],[-123.8709037,55.9939744],[-123.8820899,56.004791],[-123.88392,56.0065607],[-123.893277,56.0156084],[-123.8989624,56.0211059],[-123.9057414,56.0263386],[-123.9140047,56.0356511],[-123.9139677,56.0373862],[-123.9126521,56.0499465],[-123.9123981,56.0523162],[-123.9114218,56.0624438],[-123.9107916,56.0689813],[-123.910219,56.0749209],[-123.909185,56.0856464],[-123.9090162,56.087398],[-123.9078133,56.0998751],[-123.9075785,56.1023115],[-123.9066105,56.1123522],[-123.9059719,56.1189765],[-123.9054077,56.1248294],[-123.9043654,56.1356416],[-123.9042049,56.1373065],[-123.9030021,56.1497837],[-123.9027588,56.1523067],[-123.9017992,56.1622609],[-123.9011094,56.1694162],[-123.9005964,56.174738],[-123.89946,56.1865257],[-123.8993936,56.1872152],[-123.8981907,56.1996924],[-123.8978107,56.2036352],[-123.8969879,56.2121696],[-123.8961613,56.2207446],[-123.8957851,56.2246469],[-123.8945822,56.2371241],[-123.8945119,56.2378541],[-123.8933794,56.2496014],[-123.8928625,56.2549636],[-123.8921766,56.2620786],[-123.8912131,56.2720731],[-123.8909737,56.2745559],[-123.8897709,56.2870332],[-123.8895637,56.2891826],[-123.8885681,56.2995105],[-123.8879143,56.306292],[-123.8873652,56.3119878],[-123.8862649,56.3234015],[-123.8861624,56.3244651],[-123.8849595,56.3369424],[-123.8846155,56.340511],[-123.8837567,56.3494198],[-123.8829661,56.3576205],[-123.8825538,56.3618971],[-123.881351,56.3743745],[-123.8813167,56.37473],[-123.8801482,56.3868519],[-123.8796673,56.3918395],[-123.8789453,56.3993293],[-123.878018,56.4089489],[-123.8777425,56.4118067],[-123.8765396,56.4242841],[-123.8763686,56.4260584],[-123.8753368,56.4367615],[-123.8747192,56.4431679],[-123.8741339,56.449239],[-123.8730698,56.4602774],[-123.8729311,56.4617164],[-123.8717282,56.4741939],[-123.8714204,56.4773869],[-123.8705253,56.4866713],[-123.869771,56.4944963],[-123.8693225,56.4991488],[-123.8681216,56.5116058],[-123.8681196,56.5116263],[-123.8669168,56.5241038],[-123.8664722,56.5287153],[-123.8657139,56.5365813],[-123.8648228,56.5458248],[-123.864511,56.5490589],[-123.8633082,56.5615364],[-123.8631734,56.5629343],[-123.8621053,56.574014],[-123.861524,56.5800438],[-123.8609025,56.5864915],[-123.8598746,56.5971532],[-123.8596996,56.5989691],[-123.8584967,56.6114467],[-123.8582253,56.6142627],[-123.8572939,56.6239243],[-123.8565759,56.6313722],[-123.856091,56.6364019],[-123.8549265,56.6484817],[-123.8548881,56.6488795],[-123.8536852,56.6613572],[-123.8532771,56.6655912],[-123.8524824,56.6738348],[-123.8516705,56.6822563],[-123.8512795,56.6863125],[-123.8500766,56.6987901],[-123.850064,56.6989213],[-123.8488737,56.7112678],[-123.8484574,56.7155864],[-123.8476709,56.7237455],[-123.8468509,56.7322515],[-123.846468,56.7362232],[-123.8452651,56.7487009],[-123.8452443,56.7489166],[-123.8440622,56.7611787],[-123.8436378,56.7655817],[-123.8426649,56.7737025],[-123.8420312,56.7822467],[-123.8429391,56.7860094],[-123.8507767,56.7975285],[-123.8509804,56.7978845],[-123.8578041,56.8098081],[-123.8595222,56.8128103],[-123.8646279,56.8217319],[-123.8682677,56.8280921],[-123.8714519,56.8336562],[-123.8770132,56.8433739],[-123.8782761,56.8455807],[-123.8851005,56.8575056],[-123.8857587,56.8586557],[-123.8919251,56.8694309],[-123.8945042,56.8739375],[-123.8987499,56.8813564],[-123.9032497,56.8892193],[-123.9055749,56.8932824],[-123.9119952,56.9045011],[-123.9124001,56.9052086],[-123.9192255,56.9171352],[-123.9207406,56.9197829],[-123.926051,56.9290622],[-123.9303607,56.9365928],[-123.9328768,56.9409894],[-123.9397027,56.952917],[-123.9399807,56.9534028],[-123.9465289,56.964845],[-123.9496008,56.9702128],[-123.9533552,56.9767733],[-123.9592208,56.9870227],[-123.9601818,56.9887019],[-123.9670085,57.0006309],[-123.9688409,57.0038327],[-123.9738354,57.0125602],[-123.9784609,57.0206427],[-123.9806625,57.0244898],[-123.9874899,57.0364198],[-123.9880809,57.0374527],[-123.9943174,57.0483501],[-123.997701,57.0542626],[-124.0011451,57.0602808],[-124.007321,57.0710726],[-124.007973,57.0722118],[-124.014801,57.0841431],[-124.0169411,57.0878826],[-124.0216293,57.0960748],[-124.0265611,57.1046925],[-124.0284578,57.1080068],[-124.0352865,57.1199392],[-124.0361811,57.1215025],[-124.0421153,57.1318719],[-124.0458012,57.1383125],[-124.0489444,57.1438049],[-124.0554212,57.1551224],[-124.0557736,57.1557383],[-124.0626031,57.167672],[-124.0650413,57.1719324],[-124.0694327,57.179606],[-124.0746613,57.1887424],[-124.0762625,57.1915404],[-124.0830926,57.2034751],[-124.0842813,57.2055524],[-124.0895556,57.2155948],[-124.0939014,57.2223623],[-124.0984001,57.2268414],[-124.1144591,57.236815],[-124.1334385,57.2462444],[-124.149711,57.2557751],[-124.1576494,57.2660524],[-124.1577759,57.2675018],[-124.1571695,57.2775701],[-124.1554481,57.2900469],[-124.1534236,57.3029605],[-124.1519244,57.3157888],[-124.1516216,57.3232222],[-124.1529566,57.3280471],[-124.1611896,57.3399416],[-124.1612417,57.3400321],[-124.1680223,57.3518805],[-124.1708617,57.3568421],[-124.1748549,57.3638197],[-124.1804818,57.3736521],[-124.1816877,57.3757593],[-124.1885207,57.3876993],[-124.1901018,57.390462],[-124.1953539,57.3996395],[-124.1997218,57.407272],[-124.2021873,57.4115802],[-124.2090209,57.4235211],[-124.2093419,57.424082],[-124.2158547,57.4354624],[-124.2189619,57.440892],[-124.2226887,57.447404],[-124.228582,57.4577019],[-124.2295228,57.459346],[-124.2363572,57.4712883],[-124.238202,57.4745119],[-124.2431917,57.4832309],[-124.247822,57.4913219],[-124.2500265,57.4951739],[-124.2568614,57.5071172],[-124.2574421,57.5081318],[-124.2636966,57.5190609],[-124.2670621,57.5249418],[-124.2705319,57.5310049],[-124.2769008,57.5421338],[-124.2773674,57.5429492],[-124.2842031,57.5548938],[-124.2867395,57.5593258],[-124.291039,57.5668389],[-124.2965782,57.5765179],[-124.2978751,57.5787842],[-124.3047114,57.5907299],[-124.3064168,57.5937099],[-124.3115479,57.6026759],[-124.3162555,57.6109019],[-124.3183846,57.6146222],[-124.3252215,57.6265689],[-124.3260942,57.6280939],[-124.3320585,57.6385159],[-124.3359329,57.6452859],[-124.3392142,57.6504413],[-124.3457527,57.6624097],[-124.3457716,57.6624779],[-124.3480749,57.6748259],[-124.3488846,57.6799081],[-124.3502022,57.6872854],[-124.3519977,57.6973383],[-124.3524237,57.699724],[-124.3546453,57.7121626],[-124.3551107,57.7147685],[-124.3568669,57.7246013],[-124.3582238,57.7321987],[-124.3590884,57.73704],[-124.36131,57.7494788],[-124.3613368,57.7496288],[-124.3635316,57.7619175],[-124.3644499,57.767059],[-124.3657532,57.7743564],[-124.3675629,57.7844892],[-124.3679748,57.7867953],[-124.3701964,57.7992342],[-124.370676,57.8019194],[-124.372418,57.8116731],[-124.3737198,57.8189622],[-124.3746396,57.8241121],[-124.3767637,57.8360051],[-124.3768612,57.8365511],[-124.3790829,57.8489902],[-124.3798076,57.8530479],[-124.3813045,57.8614293],[-124.3828514,57.8700908],[-124.3835261,57.8738684],[-124.3857478,57.8863076],[-124.3858953,57.8871336],[-124.3879694,57.8987468],[-124.3889392,57.9041765],[-124.3901911,57.9111861],[-124.3919831,57.9212193],[-124.3924128,57.9236254],[-124.3946345,57.9360647],[-124.3950269,57.9382621],[-124.3968562,57.9485041],[-124.3980708,57.955305],[-124.3990778,57.9609435],[-124.4011147,57.9723478],[-124.4012995,57.973383],[-124.4035213,57.9858224],[-124.4041585,57.9893907],[-124.405743,57.998262],[-124.4072024,58.0064335],[-124.4079647,58.0107015],[-124.4101864,58.0231411],[-124.4102463,58.0234764],[-124.4124081,58.0355808],[-124.4132902,58.0405192],[-124.4146299,58.0480205],[-124.416334,58.057562],[-124.4168516,58.0604602],[-124.4190734,58.0728999],[-124.4193779,58.0746049],[-124.4212952,58.0853397],[-124.4224218,58.0916477],[-124.4235169,58.0977796],[-124.4254656,58.1086906],[-124.4257387,58.1102194],[-124.4279605,58.1226593],[-124.4285095,58.1257334],[-124.4301823,58.1350993],[-124.4315534,58.1427763],[-124.4324041,58.1475393],[-124.4345973,58.1598191],[-124.4346259,58.1599793],[-124.4368477,58.1724194],[-124.4376411,58.176862],[-124.4390695,58.1848595],[-124.440685,58.1939048],[-124.4412913,58.1972996],[-124.4435131,58.2097398],[-124.4437289,58.2109476],[-124.445735,58.22218],[-124.4467727,58.2279905],[-124.4479568,58.2346202],[-124.4498166,58.2450333],[-124.4501787,58.2470605],[-124.4524005,58.2595009],[-124.4528605,58.2620762],[-124.4546224,58.2719412],[-124.4559044,58.279119],[-124.4568443,58.2843816],[-124.4589482,58.2961619],[-124.4590661,58.2968221],[-124.461288,58.3092626],[-124.4619921,58.3132047],[-124.4635099,58.3217031],[-124.465036,58.3302476],[-124.4657318,58.3341436],[-124.4679537,58.3465842],[-124.4680798,58.3472904],[-124.4701756,58.3590249],[-124.4711237,58.3643332],[-124.4723976,58.3714655],[-124.4741676,58.3813761],[-124.4746195,58.3839063],[-124.4768414,58.396347],[-124.4772115,58.3984189],[-124.4790633,58.4087878],[-124.4802553,58.4154618],[-124.4812853,58.4212286],[-124.4833684,58.432892],[-124.4835072,58.4336695],[-124.4857292,58.4461104],[-124.4864814,58.4503221],[-124.4879512,58.4585513],[-124.4895945,58.4677523],[-124.4901731,58.4709923],[-124.4923951,58.4834333],[-124.4927075,58.4851825],[-124.4946171,58.4958744],[-124.4958206,58.5026127],[-124.4968391,58.5083155],[-124.4989336,58.5200429],[-124.4990611,58.5207566],[-124.5012831,58.5331978],[-124.5020467,58.537473],[-124.5032645,58.5457582],[-124.5051597,58.5549032],[-124.5067189,58.5578399],[-124.519011,58.5687978],[-124.5212295,58.5708298],[-124.5303232,58.5798425],[-124.5372993,58.5867564],[-124.5414816,58.5909015],[-124.5526408,58.6019613],[-124.5533691,58.602683],[-124.5638008,58.6130218],[-124.5694388,58.6186096],[-124.5749615,58.6240831],[-124.5855086,58.6345362],[-124.586123,58.6351451],[-124.5972853,58.6462079],[-124.6015784,58.6504628],[-124.6084483,58.6572715],[-124.6176482,58.6663894],[-124.6196121,58.6683358],[-124.6307766,58.6794009],[-124.633718,58.682316],[-124.6419419,58.6904667],[-124.6497877,58.6982426],[-124.653108,58.7015333],[-124.6642748,58.7126006],[-124.6655874,58.7139015],[-124.6754424,58.7236687],[-124.6813871,58.7295604],[-124.6866108,58.7347376],[-124.6971868,58.7452194],[-124.6977799,58.7458072],[-124.7089498,58.7568776],[-124.7129865,58.7608783],[-124.7201205,58.7679487],[-124.7287862,58.7765372],[-124.7312919,58.7790206],[-124.7424641,58.7900932],[-124.7445859,58.7921961],[-124.7536371,58.8011666],[-124.7603856,58.8078551],[-124.7648108,58.8122408],[-124.7759853,58.8233157],[-124.7761853,58.823514],[-124.7871605,58.8343914],[-124.791985,58.8391729],[-124.7983366,58.8454679],[-124.8077847,58.8548318],[-124.8095133,58.8565451],[-124.8206909,58.867623],[-124.8235844,58.8704908],[-124.8318692,58.8787017],[-124.8393841,58.8861497],[-124.8430483,58.8897812],[-124.8542281,58.9008615],[-124.8551838,58.9018086],[-124.8654087,58.9119424],[-124.8709835,58.9174675],[-124.8765901,58.9230242],[-124.8867832,58.9331264],[-124.8877723,58.9341067],[-124.8989552,58.94519],[-124.9025829,58.9487854],[-124.9101388,58.956274],[-124.9183826,58.9644443],[-124.9213233,58.9673588],[-124.9325085,58.9784443],[-124.9344524,58.9803709],[-124.9436945,58.9895306],[-124.9505221,58.9962975],[-124.9548812,59.0006177],[-124.9660687,59.0117055],[-124.9665919,59.0122241],[-124.977257,59.0227941],[-124.9826617,59.0281507],[-124.988446,59.0338835],[-124.9987315,59.0440773],[-124.9996358,59.0449736],[-125.0108264,59.0560644],[-125.0148013,59.0600039],[-125.0220177,59.0671561],[-125.030871,59.0759305],[-125.0332098,59.0782484],[-125.0444027,59.0893416],[-125.0469408,59.0918571],[-125.0571425,59.1003112],[-125.0630106,59.1077837],[-125.0638846,59.1118522],[-125.065475,59.1244491],[-125.0655598,59.1250385],[-125.0673137,59.1369096],[-125.0681091,59.1422933],[-125.0691545,59.1493691],[-125.0706583,59.1595482],[-125.0709952,59.1618285],[-125.072836,59.174288],[-125.0732076,59.176803],[-125.0746768,59.1867475],[-125.0757568,59.1940578],[-125.0765176,59.199207],[-125.0783061,59.2113126],[-125.0783594,59.2116666],[-125.080561,59.2241561],[-125.0808553,59.2285675],[-125.0802465,59.2364703],[-125.0771329,59.248686],[-125.0718683,59.2608316],[-125.0650047,59.2729165],[-125.0570943,59.2849503],[-125.0486891,59.2969425],[-125.0403414,59.3089026],[-125.0326032,59.3208401],[-125.0319366,59.3219452],[-125.0258155,59.3346055],[-125.0191436,59.3501622],[-125.0113469,59.3631613],[-125.0011844,59.3692285],[-125.0,59.3692856],[-124.9837223,59.3691703],[-124.9573107,59.3688841],[-124.92888,59.3686105],[-124.9101377,59.3685251],[-124.9050577,59.3687246],[-124.882924,59.3733625],[-124.8618376,59.3822844],[-124.8445277,59.3930041],[-124.8358307,59.4005508],[-124.8334989,59.4032039],[-124.8261961,59.4141624],[-124.8204952,59.4263675],[-124.8156308,59.4392237],[-124.8108377,59.4521354],[-124.8066914,59.4617879],[-124.8053846,59.4645341],[-124.7996053,59.4766795],[-124.797526,59.4810492],[-124.7940301,59.488894],[-124.7919464,59.492775],[-124.7866272,59.5010956],[-124.7770957,59.5142973],[-124.7656496,59.5270462],[-124.7523498,59.5376673],[-124.7372574,59.5444857],[-124.7363815,59.5447159],[-124.7132358,59.5476448],[-124.6810428,59.5496374],[-124.6559038,59.5518414],[-124.6505508,59.5538864],[-124.6506963,59.5558634],[-124.6522263,59.5644386],[-124.6549494,59.5768228],[-124.6582743,59.5915103],[-124.6616092,59.6069951],[-124.6643627,59.6217716],[-124.6659431,59.6343339],[-124.6661148,59.6386032],[-124.6630092,59.6436121],[-124.6461194,59.6510794],[-124.6211243,59.6578924],[-124.5955781,59.6650505],[-124.5793904,59.671956],[-124.5769102,59.6735753],[-124.5643521,59.6843832],[-124.5586889,59.6895218],[-124.5519088,59.695275],[-124.5392515,59.7060151],[-124.5379874,59.7070877],[-124.5271012,59.7183349],[-124.5155482,59.7325123],[-124.5035193,59.7452157],[-124.4899333,59.7530883],[-124.4825058,59.7541656],[-124.4734984,59.7531299],[-124.4530424,59.7468742],[-124.430023,59.7385275],[-124.4061904,59.7322796],[-124.3982584,59.7313806],[-124.3810257,59.7304842],[-124.351925,59.7293978],[-124.3267409,59.7287485],[-124.3166733,59.7286224],[-124.313032,59.7291067],[-124.3051338,59.7348993],[-124.2995301,59.7458517],[-124.2951757,59.7602087],[-124.2910255,59.7762156],[-124.2860344,59.7921173],[-124.2791571,59.8061588],[-124.2732839,59.8133581],[-124.2684095,59.8167388],[-124.2493289,59.8253439],[-124.248423,59.8257885],[-124.2316905,59.8341547],[-124.2235622,59.8382189],[-124.2140628,59.8429686],[-124.1987013,59.8506494],[-124.1964327,59.8517837],[-124.1788002,59.8605999],[-124.1738404,59.8630798],[-124.1611654,59.8694173],[-124.1489796,59.8755102],[-124.1435283,59.8782359],[-124.1258888,59.8870556],[-124.1241497,59.8879252],[-124.1082469,59.8958765],[-124.0993197,59.9003401],[-124.0906027,59.9046986],[-124.0744898,59.9127551],[-124.0729562,59.9135219],[-124.0553073,59.9223464],[-124.0496599,59.9251701],[-124.037656,59.931172],[-124.0248299,59.937585],[-124.0200024,59.9399988],[-124.0023464,59.9488268],[-124.0,59.95],[-123.9846881,59.9576559],[-123.9751701,59.962415],[-123.9670275,59.9664863],[-123.9503401,59.9748299],[-123.9493644,59.9753178],[-123.9316991,59.9841505],[-123.9255102,59.9872449],[-123.9140188,59.992978],[-123.9006803,59.9996599],[-123.8963253,60.0018185],[-123.8776649,60.0104931],[-123.858525,60.0190878],[-123.8400744,60.0278335],[-123.8234815,60.0369611],[-123.8119507,60.0449982],[-123.8098901,60.0467103],[-123.7989642,60.0575606],[-123.7897577,60.0694314],[-123.7817277,60.0819688],[-123.774331,60.094819],[-123.7670247,60.1076285],[-123.7592657,60.1200433],[-123.7505109,60.1317099],[-123.7402174,60.1422743],[-123.7291718,60.1505585],[-123.7278201,60.1513848],[-123.7107434,60.1590842],[-123.689304,60.1659194],[-123.6660741,60.1724008],[-123.6436259,60.1790384],[-123.6416881,60.1796754],[-123.6227285,60.1859857],[-123.6155819,60.1883643],[-123.6018427,60.1929371],[-123.5894758,60.1970531],[-123.5809538,60.1998895],[-123.5632235,60.2057906],[-123.5600501,60.2068356],[-123.5391018,60.2137575],[-123.5369712,60.2145281],[-123.5193334,60.2215028],[-123.5157761,60.2231066],[-123.5018524,60.2304376],[-123.4912205,60.2364258],[-123.4850521,60.2397716],[-123.4680566,60.2489901],[-123.4666648,60.249745],[-123.4510589,60.2582098],[-123.4421092,60.2630642],[-123.4340592,60.2674306],[-123.4175535,60.2763835],[-123.4170577,60.2766537],[-123.4006497,60.2867439],[-123.3845877,60.2973399],[-123.3677339,60.3067898],[-123.3494492,60.313324],[-123.3489495,60.3134426],[-123.3257872,60.3171246],[-123.2993725,60.3196324],[-123.2736226,60.3224007],[-123.2555556,60.3259259],[-123.2524426,60.3269905],[-123.2363907,60.3369724],[-123.2333333,60.3388889],[-123.2201163,60.3465988],[-123.2111111,60.3518519],[-123.2037794,60.3561287],[-123.1888889,60.3648148],[-123.1874406,60.3656597],[-123.1710997,60.3751918],[-123.1666667,60.3777778],[-123.1547569,60.3847251],[-123.1444444,60.3907407],[-123.1384121,60.3942596],[-123.1222222,60.4037037],[-123.1220652,60.4037953],[-123.1057164,60.4133321],[-123.1,60.4166667],[-123.0893655,60.4228701],[-123.0777778,60.4296296],[-123.0730127,60.4324093],[-123.0566578,60.4419496],[-123.0555556,60.4425926],[-123.040301,60.4514911],[-123.0333333,60.4555556],[-123.0239421,60.4610338],[-123.0111111,60.4685185],[-123.0075812,60.4705776],[-122.9912184,60.4801226],[-122.9888889,60.4814815],[-122.9748535,60.4896688],[-122.9666667,60.4944444],[-122.9584866,60.4992161],[-122.9444444,60.5074074],[-122.9421178,60.5087646],[-122.9257469,60.5183143],[-122.9222222,60.5203704],[-122.909374,60.5278652],[-122.9,60.5333333],[-122.8929991,60.5374172],[-122.8777778,60.5462963],[-122.8766222,60.5469704],[-122.8602432,60.5565248],[-122.8555556,60.5592593],[-122.8438623,60.5660803],[-122.8333333,60.5722222],[-122.8274794,60.575637],[-122.8111111,60.5851852],[-122.8110944,60.5851949],[-122.7947075,60.594754],[-122.7888889,60.5981481],[-122.7783185,60.6043142],[-122.7666667,60.6111111],[-122.7619275,60.6138756],[-122.7455345,60.6234382],[-122.7444444,60.6240741],[-122.7291395,60.633002],[-122.7222222,60.637037],[-122.7127425,60.6425669],[-122.7,60.65],[-122.6963434,60.652133],[-122.6799424,60.6617003],[-122.6777778,60.662963],[-122.6635393,60.6712687],[-122.6555556,60.6759259],[-122.6471342,60.6808384],[-122.6333333,60.6888889],[-122.6307271,60.6904092],[-122.614318,60.6999812],[-122.6111111,60.7018519],[-122.5979069,60.7095543],[-122.5888889,60.7148148],[-122.5814937,60.7191287],[-122.5666667,60.7277778],[-122.5650785,60.7287042],[-122.5486613,60.7382809],[-122.5444444,60.7407407],[-122.5322421,60.7478588],[-122.5222222,60.7537037],[-122.5158209,60.7574378],[-122.5,60.7666667],[-122.4993976,60.7670181],[-122.4829723,60.7765995],[-122.4777778,60.7796296],[-122.466545,60.7861821],[-122.4555556,60.7925926],[-122.4501157,60.7957658],[-122.4336843,60.8053508],[-122.4333333,60.8055556],[-122.417251,60.8149369],[-122.4111111,60.8185185],[-122.4008156,60.8245243],[-122.3888889,60.8314815],[-122.3843781,60.8341128],[-122.3679387,60.8437024],[-122.3666667,60.8444444],[-122.3514972,60.8532933],[-122.3444444,60.8574074],[-122.3350537,60.8628854],[-122.3222222,60.8703704],[-122.3186081,60.8724786],[-122.3021606,60.882073],[-122.3,60.8833333],[-122.285711,60.8916686],[-122.2777778,60.8962963],[-122.2692594,60.9012654],[-122.2555556,60.9092593],[-122.2528057,60.9108633],[-122.23635,60.9204625],[-122.2333333,60.9222222],[-122.2198923,60.9300628],[-122.2111111,60.9351852],[-122.2034325,60.9396644],[-122.1888889,60.9481481],[-122.1869708,60.9492671],[-122.1705069,60.958871],[-122.1666667,60.9611111],[-122.1540411,60.968476],[-122.1444444,60.9740741],[-122.1375732,60.9780823],[-122.1222222,60.987037],[-122.1210902,60.9876869],[-122.1039232,60.9971451],[-122.1,61.0],[-122.0924395,61.0081262],[-122.0869792,61.0149306],[-122.0827475,61.0197829],[-122.0739583,61.0298611],[-122.0727096,61.031293],[-122.0626711,61.0428038],[-122.0609375,61.0447917],[-122.0526321,61.0543152],[-122.0479167,61.0597222],[-122.0425925,61.0658273],[-122.0348958,61.0746528],[-122.0325523,61.07734],[-122.0225116,61.0888533],[-122.021875,61.0895833],[-122.0124704,61.1003673],[-122.0088542,61.1045139],[-122.0024286,61.1118819],[-121.9958333,61.1194444],[-121.9923862,61.1233971],[-121.9828125,61.134375],[-121.9823433,61.134913],[-121.9722999,61.1464295],[-121.9684896,61.1507986],[-121.9622559,61.1579466],[-121.9541667,61.1672222],[-121.9522113,61.1694643],[-121.9421662,61.1809827],[-121.9398437,61.1836458],[-121.9321206,61.1925017],[-121.9255208,61.2000694],[-121.9220744,61.2040214],[-121.9120276,61.2155417],[-121.9111979,61.2164931],[-121.9019803,61.2270626],[-121.896875,61.2329167],[-121.8919325,61.2385841],[-121.8825521,61.2493403],[-121.8818841,61.2501063],[-121.8718351,61.2616291],[-121.8682292,61.2657639],[-121.8606432,61.2730969],[-121.8539062,61.2821875],[-121.8533216,61.2848224],[-121.8513329,61.2985579],[-121.8502418,61.3139558],[-121.8496641,61.3298459],[-121.8492155,61.3450578],[-121.8485118,61.3584213],[-121.8471689,61.3687661],[-121.8448026,61.3749219],[-121.8439018,61.3757371],[-121.8287069,61.3765878],[-121.8272247,61.3766708],[-121.8255044,61.3769059],[-121.8109851,61.3832662],[-121.8058248,61.3853619],[-121.7929644,61.3905849],[-121.7859245,61.393444],[-121.7749438,61.3979036],[-121.7660212,61.4015273],[-121.7569231,61.4052223],[-121.7461149,61.4096118],[-121.7389024,61.412541],[-121.7262055,61.4176975],[-121.7208817,61.4198597],[-121.7062932,61.4257845],[-121.7028611,61.4271784],[-121.6863779,61.4338726],[-121.6848404,61.4344971],[-121.6733322,61.4391708],[-121.6644136,61.4397948],[-121.6638107,61.4398352],[-121.6484168,61.4409093],[-121.6365073,61.4415287],[-121.6330228,61.4419835],[-121.6312672,61.4454772],[-121.6298194,61.4536261],[-121.629013,61.4650649],[-121.6285932,61.478868],[-121.628305,61.4941097],[-121.6278934,61.5098644],[-121.6271035,61.5252067],[-121.6256803,61.539211],[-121.6247396,61.5449653],[-121.620943,61.551252],[-121.6104167,61.5613889],[-121.6092563,61.5627195],[-121.5991924,61.5742594],[-121.5960937,61.5778125],[-121.589128,61.5857999],[-121.5817708,61.5942361],[-121.579063,61.5973411],[-121.5689974,61.608883],[-121.5674479,61.6106597],[-121.5595485,61.6210688],[-121.553125,61.6270833],[-121.5460965,61.6303978],[-121.520586,61.6367411],[-121.4895447,61.6419106],[-121.4616139,61.6470426],[-121.4454348,61.6532733],[-121.4441605,61.6555634],[-121.4436789,61.6616166],[-121.443225,61.6720709],[-121.4429693,61.6841497],[-121.4428188,61.6973648],[-121.4426807,61.7112281],[-121.442462,61.7252515],[-121.4420699,61.7389468],[-121.4414115,61.7518259],[-121.4411458,61.7554861],[-121.4354697,61.763594],[-121.428125,61.7704167],[-121.4237084,61.7750687],[-121.4151042,61.7853472],[-121.4144209,61.7866995],[-121.4094797,61.8002828],[-121.4061397,61.8158553],[-121.4037749,61.83227],[-121.4017591,61.8483802],[-121.3994663,61.863039],[-121.3962704,61.8750995],[-121.3915452,61.883415],[-121.3846648,61.8868386],[-121.3838537,61.8868678],[-121.3743954,61.8848765],[-121.3649371,61.8828853],[-121.3619669,61.8822928],[-121.3554787,61.880894],[-121.3402751,61.8752466]]}},{"type":"Feature","properties":{"name":"Vinland–アラスカ","status":"confirmed — Mackenzie River aligned","dash":false,"geometry_note":"v0.10 precision pass: user control points preserved; river-following sectors snapped to hydrology and all intermediate nodes are cartographic implementation, not new canon.","topology_source":"shared-feature-network-v0.10.4","fill_rule":"Approved visible border preserved; adjacent political fills are locally partitioned from this same line.","hydrographic_sections":"Explicit river-following portions are duplicated exactly in hfr-na-hydro-borders.geojson and rendered as river-frontiers."},"geometry":{"type":"LineString","coordinates":[[-121.2649876,61.8272248],[-121.2726226,61.8355375],[-121.2813562,61.843251],[-121.2910783,61.8503902],[-121.3016789,61.85698],[-121.3130481,61.8630453],[-121.3250758,61.8686109],[-121.337652,61.8737016],[-121.3506667,61.8783424],[-121.3640099,61.8825582],[-121.3655562,61.8830156],[-121.3791785,61.8859699],[-121.385092,61.8871285],[-121.3949056,61.8891945],[-121.4046278,61.8912413],[-121.410475,61.8924723],[-121.4242613,61.8953747],[-121.4260457,61.8957504],[-121.4416179,61.8990288],[-121.4438948,61.8995081],[-121.4571915,61.9023074],[-121.4635283,61.9036415],[-121.4735588,61.9054269],[-121.4831618,61.9077749],[-121.4862021,61.9095316],[-121.4927597,61.9171604],[-121.4999108,61.9247409],[-121.4999494,61.9247658],[-121.512454,61.9301637],[-121.5176684,61.9322011],[-121.5253582,61.9355057],[-121.536321,61.9402557],[-121.5379166,61.9410021],[-121.5503598,61.9474972],[-121.5549736,61.9483103],[-121.5640721,61.9459207],[-121.5784088,61.9404422],[-121.5801867,61.9403106],[-121.5906193,61.9444375],[-121.5977879,61.9488401],[-121.6026037,61.9510082],[-121.6141958,61.9567356],[-121.6142995,61.9568085],[-121.6212267,61.9651294],[-121.6277599,61.9727395],[-121.6310531,61.9739944],[-121.6412845,61.9748882],[-121.6497728,61.975386],[-121.6588843,61.9760633],[-121.6684925,61.9767776],[-121.675843,61.9772639],[-121.6872122,61.9781692],[-121.6923851,61.9789367],[-121.7078318,61.9825468],[-121.7085239,61.9827123],[-121.7227642,61.9864608],[-121.7273763,61.9877071],[-121.7376456,61.9904279],[-121.7462287,61.992702],[-121.7525472,61.994376],[-121.7650811,61.9976968],[-121.7674503,61.9983245],[-121.7823549,62.0022734],[-121.7839336,62.0026917],[-121.7972609,62.0062227],[-121.8030914,62.0077674],[-121.8121684,62.0101723],[-121.8222492,62.0128432],[-121.8270774,62.0141223],[-121.8414071,62.0179189],[-121.841988,62.0180726],[-121.8569263,62.0220039],[-121.8605649,62.0229947],[-121.8716087,62.0261421],[-121.8860559,62.0304977],[-121.9003683,62.0349754],[-121.9146415,62.0394813],[-121.9289712,62.0439214],[-121.9434531,62.0482019],[-121.9581829,62.0522289],[-121.9660034,62.0541992],[-121.973232,62.0559527],[-121.9884986,62.0595887],[-122.0039476,62.0631452],[-122.0195677,62.0665804],[-122.035348,62.0698526],[-122.0512771,62.0729198],[-122.067344,62.0757401],[-122.0835375,62.0782719],[-122.0849001,62.0784696],[-122.1000996,62.0803332],[-122.1050853,62.080917],[-122.1167309,62.0823289],[-122.1252706,62.0833643],[-122.1333963,62.0842933],[-122.1454559,62.0858117],[-122.1498306,62.0865082],[-122.1657612,62.089602],[-122.1810153,62.0932982],[-122.1815349,62.0934358],[-122.1951346,62.0978354],[-122.2014317,62.1000105],[-122.2090908,62.1025414],[-122.2213284,62.1065852],[-122.2231181,62.1071855],[-122.2371191,62.1124173],[-122.2510887,62.1183078],[-122.2650462,62.1244675],[-122.2790106,62.1305073],[-122.2930011,62.1360379],[-122.3070367,62.1406701],[-122.3211366,62.1440145],[-122.3353198,62.1456818],[-122.3399963,62.1457977],[-122.3510711,62.1436687],[-122.3672407,62.1375771],[-122.3720016,62.1361008],[-122.373868,62.1363198],[-122.3774191,62.138276],[-122.380274,62.1420814],[-122.3825343,62.1475187],[-122.3843014,62.1543707],[-122.3856767,62.16242],[-122.3867617,62.1714495],[-122.3876579,62.1812418],[-122.3884667,62.1915796],[-122.3892895,62.2022457],[-122.3902279,62.2130227],[-122.3913832,62.2236935],[-122.392857,62.2340406],[-122.3947507,62.2438469],[-122.3971657,62.252895],[-122.4002034,62.2609676],[-122.4039655,62.2678476],[-122.4048942,62.2691711],[-122.4138937,62.2733066],[-122.4234862,62.2763825],[-122.4285237,62.2783365],[-122.44179,62.2834822],[-122.4420782,62.283594],[-122.4550575,62.2886284],[-122.4606702,62.2908054],[-122.4683264,62.2937751],[-122.4792622,62.2980169],[-122.4815966,62.2989223],[-122.4948682,62.3040701],[-122.4978542,62.3052283],[-122.5081411,62.3092184],[-122.5164462,62.3124397],[-122.5214153,62.3143672],[-122.5346909,62.3195165],[-122.5350382,62.3196512],[-122.5479678,62.3246663],[-122.5536302,62.3268626],[-122.5612461,62.3298167],[-122.5722222,62.3340741],[-122.5745257,62.3349675],[-122.5878067,62.3401189],[-122.5905178,62.3411706],[-122.6010889,62.3452709],[-122.6088134,62.348267],[-122.6143726,62.3504233],[-122.6271091,62.3553635],[-122.6276575,62.3555763],[-122.6409439,62.3607297],[-122.6454047,62.36246],[-122.6542315,62.3658837],[-122.6637003,62.3695565],[-122.6675205,62.3710383],[-122.6808109,62.3761933],[-122.6819959,62.3766529],[-122.6941026,62.3813489],[-122.7002915,62.3837494],[-122.7073956,62.386505],[-122.7185871,62.3908459],[-122.72069,62.3916616],[-122.7339857,62.3968187],[-122.7368827,62.3979424],[-122.7472828,62.4019764],[-122.7551783,62.4050389],[-122.7605812,62.4071345],[-122.7734739,62.4121353],[-122.773881,62.4122932],[-122.7871821,62.4174524],[-122.7917695,62.4192318],[-122.8004845,62.4226122],[-122.8107253,62.4265844],[-122.8137883,62.4277724],[-122.8270935,62.4329332],[-122.8296811,62.4339369],[-122.8404,62.4380945],[-122.8486368,62.4412894],[-122.8537079,62.4432564],[-122.8670171,62.4484187],[-122.8675926,62.448642],[-122.8803276,62.4535816],[-122.8865484,62.4559945],[-122.8936395,62.458745],[-122.9055041,62.4633471],[-122.9069528,62.463909],[-122.9202674,62.4690734],[-122.9244599,62.4706996],[-122.9335833,62.4742384],[-122.9434156,62.4780521],[-122.9469006,62.4794039],[-122.9602193,62.4845699],[-122.9622771,62.4853681],[-122.9735393,62.4897365],[-122.9811385,62.492684],[-122.9870406,62.4948454],[-123.0,62.5],[-123.0001557,62.5000802],[-123.0101151,62.5066568],[-123.0128906,62.5085938],[-123.0199929,62.5132901],[-123.0257812,62.5171875],[-123.0297794,62.5199347],[-123.0395623,62.5266019],[-123.0494089,62.5332702],[-123.0592675,62.5399474],[-123.0690866,62.5466414],[-123.0788146,62.5533601],[-123.0883999,62.5601114],[-123.0977909,62.5669032],[-123.106936,62.5737434],[-123.1157837,62.58064],[-123.1242824,62.5876007],[-123.1323804,62.5946336],[-123.1340027,62.5960999],[-123.1399601,62.6018373],[-123.1469203,62.6093693],[-123.1533712,62.6171645],[-123.1594288,62.6251512],[-123.1652091,62.6332574],[-123.1708282,62.6414115],[-123.176402,62.6495416],[-123.1820466,62.6575759],[-123.1878778,62.6654427],[-123.1940119,62.6730702],[-123.2005647,62.6803865],[-123.2076523,62.6873199],[-123.2153906,62.6937987],[-123.2238957,62.6997509],[-123.2289963,62.7028046],[-123.2334943,62.7050986],[-123.2456238,62.7098072],[-123.2599865,62.7140235],[-123.2759148,62.7179164],[-123.2927411,62.7216547],[-123.3097976,62.7254074],[-123.3264169,62.7293433],[-123.3419312,62.7336314],[-123.3556729,62.7384404],[-123.3615579,62.7410386],[-123.366922,62.7441767],[-123.3756893,62.7504596],[-123.3765575,62.7510383],[-123.3864924,62.7576616],[-123.3898208,62.7598805],[-123.396428,62.7642853],[-123.4039522,62.7693015],[-123.4063644,62.7709096],[-123.4163014,62.7775343],[-123.4180836,62.7787224],[-123.4262392,62.7841595],[-123.4322151,62.7881434],[-123.4361777,62.7907851],[-123.4461169,62.7974112],[-123.4463465,62.7975643],[-123.4560568,62.8040378],[-123.4604779,62.8069853],[-123.4659974,62.8106649],[-123.4746094,62.8164062],[-123.4759387,62.8172925],[-123.4858808,62.8239205],[-123.4891036,62.8260691],[-123.4958236,62.830549],[-123.5035979,62.8357319],[-123.5057671,62.837178],[-123.5157113,62.8438075],[-123.5180921,62.8453947],[-123.5256562,62.8504375],[-123.5325863,62.8550576],[-123.5356018,62.8570679],[-123.5455482,62.8636988],[-123.5470806,62.8647204],[-123.5554952,62.8703302],[-123.5615748,62.8743832],[-123.565443,62.876962],[-123.5753915,62.8835944],[-123.5760691,62.8840461],[-123.5853408,62.8902272],[-123.5905633,62.8937089],[-123.5952907,62.8968605],[-123.6050576,62.9033717],[-123.6052413,62.9034942],[-123.6151927,62.9101285],[-123.6195518,62.9130345],[-123.6251448,62.9167632],[-123.6340461,62.9226974],[-123.6350976,62.9233984],[-123.6450511,62.9300341],[-123.6485403,62.9323602],[-123.6550053,62.9366702],[-123.6630345,62.942023],[-123.6649603,62.9433069],[-123.674916,62.949944],[-123.6775288,62.9516859],[-123.6848724,62.9565816],[-123.692023,62.9613487],[-123.6948295,62.9632196],[-123.7047873,62.9698582],[-123.7065173,62.9710115],[-123.7147458,62.9764972],[-123.7210115,62.9806743],[-123.7247051,62.9831367],[-123.7346651,62.9897767],[-123.7355058,62.9903372],[-123.7446257,62.9964172],[-123.75,63.0],[-123.7545872,63.0030581],[-123.7644942,63.0096628],[-123.7645493,63.0096995],[-123.7745121,63.0163414],[-123.7789885,63.0193257],[-123.7844757,63.0229838],[-123.7934827,63.0289885],[-123.79444,63.0296267],[-123.804405,63.03627],[-123.807977,63.0386513],[-123.8143707,63.0429138],[-123.8224712,63.0483141],[-123.8243371,63.0495581],[-123.8343043,63.0562029],[-123.8369655,63.057977],[-123.8442722,63.0628481],[-123.8514597,63.0676398],[-123.8542408,63.0694938],[-123.8642101,63.0761401],[-123.8659539,63.0773026],[-123.8741801,63.0827867],[-123.8804482,63.0869655],[-123.8841509,63.0894339],[-123.8941223,63.0960816],[-123.8949424,63.0966283],[-123.9040945,63.1027297],[-123.9094367,63.1062911],[-123.9140674,63.1093783],[-123.9239309,63.1159539],[-123.9240411,63.1160274],[-123.9340154,63.1226769],[-123.9384252,63.1256168],[-123.9439905,63.129327],[-123.9529194,63.1352796],[-123.9539663,63.1359775],[-123.9639428,63.1426285],[-123.9674137,63.1449424],[-123.97392,63.14928],[-123.9819079,63.1546053],[-123.9838979,63.155932],[-123.9938766,63.1625844],[-123.9964021,63.1642681],[-124.003856,63.1692373],[-124.0108964,63.1739309],[-124.0138361,63.1758907],[-124.0238169,63.1825446],[-124.0253906,63.1835938],[-124.0337985,63.189199],[-124.0395221,63.1930147],[-124.0437807,63.1958538],[-124.0536535,63.2024357],[-124.0537637,63.2025091],[-124.0637474,63.2091649],[-124.0677849,63.2118566],[-124.0737318,63.2158212],[-124.0819164,63.2212776],[-124.083717,63.222478],[-124.0937029,63.2291352],[-124.0960478,63.2306985],[-124.1036895,63.235793],[-124.1101792,63.2401195],[-124.1136768,63.2424512],[-124.1236648,63.2491099],[-124.1243107,63.2495404],[-124.1336535,63.255769],[-124.1384421,63.2589614],[-124.143643,63.2624287],[-124.1525735,63.2683824],[-124.1536332,63.2690888],[-124.1636241,63.2757494],[-124.166705,63.2778033],[-124.1736158,63.2824105],[-124.1808364,63.2872243],[-124.1836081,63.2890721],[-124.1936012,63.2957341],[-124.1949678,63.2966452],[-124.203595,63.3023967],[-124.2090993,63.3060662],[-124.2135895,63.3090597],[-124.2232307,63.3154871],[-124.2235848,63.3157232],[-124.2335808,63.3223872],[-124.2373621,63.3249081],[-124.2435774,63.3290516],[-124.2514936,63.334329],[-124.2535749,63.3357166],[-124.263573,63.342382],[-124.265625,63.34375],[-124.2735719,63.3490479],[-124.2797852,63.3531901],[-124.2835714,63.3557143],[-124.2935717,63.3623812],[-124.2939453,63.3626302],[-124.3035728,63.3690485],[-124.3081055,63.3720703],[-124.3135745,63.3757163],[-124.3222656,63.3815104],[-124.323577,63.3823847],[-124.3335802,63.3890534],[-124.3364258,63.3909505],[-124.3435841,63.3957227],[-124.3505859,63.4003906],[-124.3535887,63.4023925],[-124.3635941,63.4090627],[-124.3647461,63.4098307],[-124.3736002,63.4157334],[-124.3789062,63.4192708],[-124.383607,63.4224047],[-124.3930664,63.4287109],[-124.3936145,63.4290763],[-124.4036228,63.4357485],[-124.4072266,63.438151],[-124.4136317,63.4424212],[-124.4213867,63.4475911],[-124.4236414,63.4490943],[-124.4336519,63.4557679],[-124.4355469,63.4570312],[-124.443663,63.462442],[-124.4484375,63.465625],[-124.4536749,63.4691166],[-124.4613281,63.4742187],[-124.4636875,63.4757917],[-124.4737008,63.4824672],[-124.4742188,63.4828125],[-124.4837149,63.4891432],[-124.4871094,63.4914062],[-124.4937296,63.4958197],[-124.5,63.5],[-124.5037451,63.5024967],[-124.5128906,63.5085938],[-124.5137613,63.5091742],[-124.5237783,63.5158522],[-124.5257812,63.5171875],[-124.5337959,63.5225306],[-124.5386719,63.5257813],[-124.5438143,63.5292096],[-124.5515625,63.534375],[-124.5538334,63.535889],[-124.5638533,63.5425689],[-124.5644531,63.5429688],[-124.5738739,63.5492492],[-124.5786133,63.5524089],[-124.5838951,63.5559301],[-124.5927734,63.561849],[-124.5939172,63.5626114],[-124.6039399,63.5692933],[-124.6069336,63.5712891],[-124.6139634,63.5759756],[-124.6210938,63.5807292],[-124.6239875,63.5826584],[-124.6340125,63.5893416],[-124.6352539,63.5901693],[-124.6440381,63.5960254],[-124.6494141,63.5996094],[-124.6540645,63.6027096],[-124.6635742,63.6090495],[-124.6640916,63.6093944],[-124.6741194,63.6160796],[-124.6777344,63.6184896],[-124.6841479,63.6227653],[-124.6918945,63.6279297],[-124.6941772,63.6294515],[-124.7042072,63.6361381],[-124.7060547,63.6373698],[-124.7142379,63.6428253],[-124.7202148,63.6468099],[-124.7242693,63.6495129],[-124.7343015,63.656201],[-124.734375,63.65625],[-124.7443344,63.6628896],[-124.7485064,63.665671],[-124.754368,63.6695787],[-124.7626379,63.6750919],[-124.7644024,63.6762683],[-124.7744375,63.6829583],[-124.7767693,63.6845129],[-124.7844733,63.6896488],[-124.7909007,63.6939338],[-124.7945098,63.6963399],[-124.8045471,63.7030314],[-124.8050322,63.7033548],[-124.814585,63.7097234],[-124.8191636,63.7127757],[-124.8246237,63.7164158],[-124.833295,63.7221967],[-124.8346632,63.7231088],[-124.8447033,63.7298022],[-124.8474265,63.7316176],[-124.8547442,63.7364962],[-124.8615579,63.7410386],[-124.8647859,63.7431906],[-124.8748282,63.7498855],[-124.8756893,63.7504596],[-124.8848713,63.7565809],[-124.8898208,63.7598805],[-124.8949151,63.7632767],[-124.9039522,63.7693015],[-124.9049596,63.7699731],[-124.9150049,63.7766699],[-124.9180836,63.7787224],[-124.9250508,63.7833672],[-124.9322151,63.7881434],[-124.9350975,63.790065],[-124.945145,63.7967633],[-124.9463465,63.7975643],[-124.9551932,63.8034621],[-124.9604779,63.8069853],[-124.965242,63.8101614],[-124.9746094,63.8164062],[-124.9752917,63.8168611],[-124.985342,63.8235613],[-124.9891036,63.8260691],[-124.9953931,63.8302621],[-125.0035979,63.8357319],[-125.0056503,63.8369547],[-125.0172463,63.8435919],[-125.0180921,63.8453947],[-125.0179962,63.8509773],[-125.0175845,63.8593577],[-125.0168859,63.8685588],[-125.0159419,63.878404],[-125.0147934,63.8887163],[-125.0134819,63.8993192],[-125.0120485,63.9100356],[-125.0105343,63.9206889],[-125.0089807,63.9311023],[-125.0074288,63.941099],[-125.0059199,63.9505021],[-125.0044951,63.9591349],[-125.0031956,63.9668207],[-125.0020628,63.9733825],[-125.0011377,63.9786437],[-125.0004616,63.9824273],[-125.0000757,63.9845567],[-125.0,63.9849701],[-125.0003332,63.9848],[-125.0048776,63.9825357],[-125.014076,63.9781232],[-125.0270749,63.9721836],[-125.0430207,63.9653381],[-125.06106,63.9582077],[-125.080339,63.9514138],[-125.1000044,63.9455772],[-125.1192025,63.9413194],[-125.1370797,63.9392613],[-125.1413879,63.9391632],[-125.1537831,63.939376],[-125.1712766,63.9402371],[-125.1894102,63.9415763],[-125.2079182,63.9431949],[-125.2265349,63.9448945],[-125.2449949,63.9464764],[-125.2537517,63.9471378],[-125.2631129,63.9478021],[-125.2688556,63.9482097],[-125.2783432,63.9488831],[-125.2811457,63.9487092],[-125.2854957,63.9481761],[-125.298904,63.946851],[-125.2989876,63.9468427],[-125.3123122,63.9455258],[-125.3176142,63.944979],[-125.3257205,63.9442006],[-125.3276577,63.9444715],[-125.3309175,63.9465416],[-125.3334706,63.950463],[-125.3354255,63.9560122],[-125.3368908,63.9629654],[-125.3379749,63.9710991],[-125.3387864,63.9801897],[-125.3394337,63.9900135],[-125.3400255,64.000347],[-125.3406703,64.0109665],[-125.3414765,64.0216485],[-125.3425527,64.0321692],[-125.3440075,64.0423051],[-125.3459492,64.0518326],[-125.3484866,64.060528],[-125.3514597,64.0676398],[-125.3517747,64.0681682],[-125.3618412,64.0748874],[-125.3659539,64.0773026],[-125.3723668,64.0815779],[-125.3804482,64.0869655],[-125.382446,64.0882973],[-125.3925258,64.0950172],[-125.3949424,64.0966283],[-125.4034343,64.1016641],[-125.4094367,64.1062911],[-125.4112251,64.1086518],[-125.4161343,64.1167621],[-125.4201945,64.1258674],[-125.4235528,64.1357098],[-125.4263563,64.1460311],[-125.4287518,64.1565735],[-125.4308865,64.1670788],[-125.4329073,64.1772891],[-125.4349612,64.1869463],[-125.4371953,64.1957925],[-125.4397566,64.2035696],[-125.442792,64.2100196],[-125.4464486,64.2148845],[-125.4508735,64.2179062],[-125.4556802,64.2188368],[-125.4562291,64.2188206],[-125.4645915,64.2167668],[-125.476715,64.2120196],[-125.4917004,64.2056482],[-125.5086485,64.1987218],[-125.52666,64.1923096],[-125.5448357,64.1874808],[-125.5622763,64.1853045],[-125.5644455,64.1852722],[-125.5792287,64.1855071],[-125.5970258,64.186266],[-125.615434,64.1873976],[-125.6341959,64.1887448],[-125.6530542,64.1901506],[-125.6717517,64.1914579],[-125.6808505,64.1920192],[-125.6901065,64.1925557],[-125.6963931,64.1929201],[-125.708401,64.193616],[-125.7119358,64.1938209],[-125.7273487,64.1946586],[-125.7274784,64.1947218],[-125.7286549,64.1969474],[-125.7296141,64.2008022],[-125.7303351,64.2060508],[-125.7308563,64.2125215],[-125.7312159,64.2200424],[-125.7314523,64.228442],[-125.7316037,64.2375483],[-125.7317084,64.2471896],[-125.7318048,64.2571942],[-125.7319311,64.2673904],[-125.7321256,64.2776062],[-125.7324267,64.2876701],[-125.7328726,64.2974103],[-125.7335015,64.3066549],[-125.7343519,64.3152322],[-125.735462,64.3229705],[-125.7355957,64.3237305],[-125.7433864,64.3298162],[-125.7506104,64.3337402],[-125.7547419,64.3364946],[-125.7648488,64.3432325],[-125.765625,64.34375],[-125.7749564,64.3499709],[-125.7797852,64.3531901],[-125.7850648,64.3567098],[-125.7939453,64.3626302],[-125.7951739,64.3634492],[-125.8052837,64.3701891],[-125.8081055,64.3720703],[-125.8153943,64.3769295],[-125.8222656,64.3815104],[-125.8255056,64.3836704],[-125.8356176,64.3904117],[-125.8364258,64.3909505],[-125.8457304,64.3971536],[-125.8505859,64.4003906],[-125.8558439,64.4038959],[-125.8647461,64.4098307],[-125.8659581,64.4106387],[-125.8760731,64.4173821],[-125.8789062,64.4192708],[-125.8861888,64.4241259],[-125.8930664,64.4287109],[-125.8963053,64.4308702],[-125.9064224,64.437615],[-125.9072266,64.438151],[-125.9165404,64.4443602],[-125.9213867,64.4475911],[-125.926659,64.451106],[-125.9355469,64.4570312],[-125.9367784,64.4578523],[-125.9468985,64.464599],[-125.9484375,64.465625],[-125.9570194,64.4713462],[-125.9613281,64.4742188],[-125.967141,64.478094],[-125.9742188,64.4828125],[-125.9772633,64.4848422],[-125.9871094,64.4914062],[-125.9873858,64.4915911],[-125.997361,64.4983957],[-126.0,64.5],[-126.0090417,64.5046309],[-126.0155272,64.5077636],[-126.0213615,64.5106808],[-126.0310543,64.5155272],[-126.0335414,64.5167707],[-126.0457224,64.5228612],[-126.0465815,64.5232908],[-126.0579045,64.5289523],[-126.062547,64.5312735],[-126.0700878,64.5350439],[-126.0785124,64.5392562],[-126.0822723,64.5411362],[-126.0944579,64.547229],[-126.0944778,64.5472389],[-126.1066447,64.5533224],[-126.1104433,64.5552216],[-126.1188326,64.5594163],[-126.1264087,64.5632044],[-126.1310217,64.5655109],[-126.1423742,64.5711871],[-126.143212,64.571606],[-126.1554034,64.5777017],[-126.1583396,64.5791698],[-126.167596,64.583798],[-126.174305,64.5871525],[-126.1797897,64.5898949],[-126.1916536,64.5958268],[-126.1919846,64.5959923],[-126.2041806,64.6020903],[-126.2090021,64.6045011],[-126.2163778,64.6081889],[-126.2263507,64.6131753],[-126.2285762,64.6142881],[-126.2407757,64.6203879],[-126.2436992,64.6218496],[-126.2529764,64.6264882],[-126.2610477,64.6305239],[-126.2651782,64.6325891],[-126.2773812,64.6386906],[-126.2783963,64.6391981],[-126.2895854,64.6447927],[-126.2957448,64.6478724],[-126.3017907,64.6508954],[-126.3130934,64.6565467],[-126.3139972,64.6569986],[-126.3262049,64.6631024],[-126.3304419,64.665221],[-126.3384137,64.6692068],[-126.3477905,64.6738952],[-126.3506236,64.6753118],[-126.3628348,64.6814174],[-126.365139,64.6825695],[-126.3750471,64.6875235],[-126.3832861,64.6916431],[-126.3872605,64.6936303],[-126.3994751,64.6997376],[-126.4014333,64.7007166],[-126.4116909,64.7058455],[-126.4195804,64.7097902],[-126.4239079,64.7119539],[-126.436126,64.718063],[-126.4377276,64.7188638],[-126.4483452,64.7241726],[-126.4558747,64.7279374],[-126.4605657,64.7302828],[-126.4727873,64.7363936],[-126.4740218,64.7370109],[-126.48501,64.742505],[-126.492169,64.7460845],[-126.497234,64.748617],[-126.509459,64.7547295],[-126.5103161,64.7551581],[-126.5216853,64.7608427],[-126.5284633,64.7642316],[-126.5339127,64.7669564],[-126.5461413,64.7730707],[-126.5466104,64.7733052],[-126.5583711,64.7791855],[-126.5647576,64.7823788],[-126.570602,64.785301],[-126.5828341,64.791417],[-126.5829047,64.7914523],[-126.5950673,64.7975337],[-126.6010518,64.8005259],[-126.6073017,64.8036509],[-126.6185825,64.8092913],[-126.6195373,64.8097687],[-126.6317741,64.815887],[-126.6361132,64.8180566],[-126.644012,64.822006],[-126.6536439,64.8268219],[-126.6562511,64.8281255],[-126.6684913,64.8342457],[-126.6711746,64.8355873],[-126.6807328,64.8403664],[-126.6887052,64.8443526],[-126.6929754,64.8464877],[-126.7052191,64.8526096],[-126.7062359,64.853118],[-126.7174641,64.858732],[-126.7237666,64.8618833],[-126.7297102,64.8648551],[-126.7412973,64.8706486],[-126.7419574,64.8709787],[-126.7542059,64.8771029],[-126.7588279,64.879414],[-126.7664555,64.8832277],[-126.7763586,64.8881793],[-126.7787062,64.8893531],[-126.7909582,64.8954791],[-126.7938893,64.8969447],[-126.8032113,64.9016057],[-126.81142,64.90571],[-126.8154656,64.9077328],[-126.8277211,64.9138605],[-126.8289507,64.9144753],[-126.8399777,64.9199888],[-126.8464813,64.9232407],[-126.8522355,64.9261177],[-126.864012,64.932006],[-126.8644945,64.9322472],[-126.8767546,64.9383773],[-126.8821438,64.9410719],[-126.8890159,64.944508],[-126.9002755,64.9501377],[-126.9012784,64.9506392],[-126.9135421,64.956771],[-126.9184072,64.9592036],[-126.9258069,64.9629035],[-126.9365389,64.9682695],[-126.9380729,64.9690365],[-126.9503401,64.9751701],[-126.9546707,64.9773353],[-126.9626085,64.9813042],[-126.9728024,64.9864012],[-126.974878,64.987439],[-126.9871487,64.9935744],[-126.9909341,64.9954671],[-126.9994206,64.9997103],[-127.0090659,65.0045329],[-127.0116936,65.0058468],[-127.0239679,65.0119839],[-127.0271976,65.0135988],[-127.0362433,65.0181216],[-127.0453293,65.0226647],[-127.0485198,65.0242599],[-127.0607976,65.0303988],[-127.0634611,65.0317305],[-127.0730765,65.0365383],[-127.0815928,65.0407964],[-127.0853566,65.0426783],[-127.0976379,65.048819],[-127.0997245,65.0498623],[-127.1099204,65.0549602],[-127.1178562,65.0589281],[-127.122204,65.061102],[-127.1344888,65.0672444],[-127.135988,65.067994],[-127.1467748,65.0733874],[-127.1535187,65.0767593],[-127.159062,65.079531],[-127.1710493,65.0855247],[-127.1713503,65.0856752],[-127.1836398,65.0918199],[-127.18858,65.09429],[-127.1959305,65.0979653],[-127.2061107,65.1030553],[-127.2082224,65.1041112],[-127.2205155,65.1102577],[-127.2236414,65.1118207],[-127.2328097,65.1164049],[-127.2411721,65.120586],[-127.2451051,65.1225526],[-127.2574017,65.1287009],[-127.2587027,65.1293514],[-127.2696995,65.1348498],[-127.2762334,65.1381167],[-127.2819985,65.1409992],[-127.2937641,65.146882],[-127.2942986,65.1471493],[-127.3065999,65.1533],[-127.3112948,65.1556474],[-127.3189024,65.1594512],[-127.3288254,65.1644127],[-127.3312061,65.165603],[-127.3435109,65.1717555],[-127.3463561,65.1731781],[-127.355817,65.1779085],[-127.3638868,65.1819434],[-127.3681242,65.1840621],[-127.3804326,65.1902163],[-127.3814175,65.1907087],[-127.3927422,65.1963711],[-127.3989482,65.1994741],[-127.4050529,65.2025265],[-127.4170953,65.2085477],[-127.4173649,65.2086824],[-127.429678,65.214839],[-127.4352424,65.2176212],[-127.4419923,65.2209962],[-127.4533896,65.2266948],[-127.4543078,65.2271539],[-127.4666245,65.2333123],[-127.4715367,65.2357684],[-127.4789424,65.2394712],[-127.4896839,65.2448419],[-127.4912614,65.2456307],[-127.5035816,65.2517908],[-127.507831,65.2539155],[-127.5159031,65.2579515],[-127.5259782,65.2629891],[-127.5282257,65.2641128],[-127.5405494,65.2702747],[-127.5441253,65.2720626],[-127.5528744,65.2764372],[-127.5622724,65.2811362],[-127.5652006,65.2826003],[-127.5775279,65.288764],[-127.5804196,65.2902098],[-127.5898564,65.2949282],[-127.5985667,65.2992834],[-127.6021862,65.3010931],[-127.6145171,65.3072585],[-127.6167139,65.3083569],[-127.6268491,65.3134246],[-127.634861,65.3174305],[-127.6399908,65.3195569],[-127.6521553,65.3257314],[-127.6522095,65.3261048],[-127.6516814,65.3325576],[-127.6500568,65.3396763],[-127.6474727,65.3470544],[-127.644068,65.3546607],[-127.6399817,65.3624638],[-127.6353527,65.3704326],[-127.6303198,65.3785357],[-127.6250221,65.3867419],[-127.6195983,65.3950199],[-127.6141874,65.4033385],[-127.6089283,65.4116663],[-127.6039599,65.4199722],[-127.5994212,65.4282248],[-127.595451,65.4363929],[-127.5921882,65.4444452],[-127.5897718,65.4523505],[-127.5883407,65.4600774],[-127.5879974,65.4657974],[-127.5880792,65.4676379],[-127.590071,65.4759153],[-127.5944911,65.4849758],[-127.6010242,65.4944272],[-127.6093551,65.5038775],[-127.6191687,65.5129344],[-127.63015,65.521206],[-127.6419837,65.5282999],[-127.6543546,65.5338242],[-127.6669477,65.5373867],[-127.6790009,65.5385971],[-127.6794507,65.5385967],[-127.6938177,65.5382923],[-127.7113299,65.5375246],[-127.7311292,65.5364453],[-127.7523579,65.5352059],[-127.7741581,65.5339577],[-127.7956718,65.5328525],[-127.8160411,65.5320416],[-127.8344082,65.5316765],[-127.8369446,65.5316696],[-127.8506944,65.5326859],[-127.866032,65.5361197],[-127.8806959,65.541362],[-127.8949409,65.5477696],[-127.9090217,65.5546992],[-127.9231931,65.5615077],[-127.9377098,65.5675517],[-127.9406962,65.5686188],[-127.952802,65.5726629],[-127.9683789,65.5775804],[-127.9841516,65.5824261],[-127.9998289,65.5872969],[-128.01512,65.5922893],[-128.0297336,65.5975002],[-128.0433787,65.6030262],[-128.0440063,65.603302],[-128.0553823,65.6102765],[-128.0662716,65.6186634],[-128.0777669,65.6247204],[-128.0850067,65.6258011],[-128.0914593,65.6255616],[-128.107332,65.6235513],[-128.1248388,65.6201029],[-128.1435227,65.6159511],[-128.1629265,65.6118309],[-128.182593,65.6084774],[-128.2020652,65.6066255],[-128.2089644,65.606468],[-128.22228,65.6066515],[-128.2264729,65.606804],[-128.233201,65.611387],[-128.2403703,65.6207428],[-128.2436933,65.6216258],[-128.2569067,65.6212885],[-128.2608018,65.6211756],[-128.2765562,65.6207611],[-128.2779102,65.6207255],[-128.2950187,65.6202753],[-128.2959814,65.62025],[-128.3121272,65.6198251],[-128.3154062,65.6197389],[-128.3292356,65.619375],[-128.3348307,65.6192278],[-128.3463441,65.6189248],[-128.3542548,65.6187167],[-128.3634525,65.6184747],[-128.3738517,65.6181847],[-128.3943028,65.6175499],[-128.4151121,65.6168719],[-128.4356185,65.6162303],[-128.455161,65.6157048],[-128.4730785,65.615375],[-128.4839935,65.615303],[-128.4887996,65.6154471],[-128.5031503,65.6176098],[-128.5166056,65.6219877],[-128.5292967,65.6280899],[-128.541355,65.6354259],[-128.5529117,65.6435048],[-128.564098,65.6518361],[-128.5750454,65.659929],[-128.5858851,65.6672928],[-128.5879974,65.668602],[-128.5964029,65.6740753],[-128.6060891,65.6812694],[-128.6151629,65.6887682],[-128.6238647,65.6964294],[-128.6324345,65.7041107],[-128.6411127,65.7116698],[-128.6501394,65.7189645],[-128.659755,65.7258525],[-128.6701996,65.7321914],[-128.6817135,65.7378391],[-128.6869965,65.7399979],[-128.6951009,65.7426377],[-128.7122142,65.7466026],[-128.7314152,65.7501165],[-128.750688,65.7535873],[-128.7680167,65.7574228],[-128.7799988,65.7613983],[-128.7814162,65.7620313],[-128.791764,65.767708],[-128.8006536,65.7743195],[-128.808491,65.7816378],[-128.8156822,65.789435],[-128.8226334,65.7974832],[-128.8297505,65.8055543],[-128.8374397,65.8134204],[-128.8461071,65.8208535],[-128.8527849,65.825556],[-128.8563076,65.8276249],[-128.8688482,65.8338559],[-128.8702008,65.8345437],[-128.8810605,65.8401481],[-128.8876167,65.8435315],[-128.8932593,65.8464435],[-128.9050326,65.8525193],[-128.9054593,65.8527395],[-128.9176602,65.859036],[-128.9230456,65.8618152],[-128.9303226,65.8653064],[-128.9451413,65.8714492],[-128.961206,65.8775183],[-128.9772802,65.8835874],[-128.9921271,65.8897299],[-129.0045102,65.8960195],[-129.0131928,65.9025297],[-129.0169383,65.909334],[-129.0169983,65.9103012],[-129.0168185,65.9165148],[-129.0162209,65.9240754],[-129.015307,65.9319428],[-129.0141837,65.9400437],[-129.0129574,65.9483044],[-129.0117347,65.9566514],[-129.0106225,65.9650111],[-129.0097272,65.9733101],[-129.0091554,65.9814748],[-129.0090027,65.9878006],[-129.0090281,65.9894646],[-129.0098455,65.9981554],[-129.0117623,66.0077186],[-129.0147081,66.0178195],[-129.0186126,66.0281236],[-129.0234054,66.0382962],[-129.0290164,66.0480025],[-129.0353751,66.0569081],[-129.0424112,66.0646781],[-129.0500544,66.0709781],[-129.0582344,66.0754732],[-129.0668809,66.077829],[-129.0709991,66.0781021],[-129.0772806,66.0778812],[-129.0949195,66.0765581],[-129.1172471,66.0745932],[-129.1405979,66.0726305],[-129.1613065,66.071314],[-129.1699982,66.0710983],[-129.1764955,66.0713959],[-129.1893269,66.0738784],[-129.2009211,66.0785206],[-129.2115599,66.0848892],[-129.2215249,66.0925515],[-129.2310978,66.1010742],[-129.2405602,66.1100244],[-129.2501938,66.118969],[-129.2602802,66.127475],[-129.2711012,66.1351093],[-129.2762334,66.1381167],[-129.2830116,66.141617],[-129.2937641,66.146882],[-129.2956533,66.1478267],[-129.3081483,66.1540741],[-129.3112948,66.1556474],[-129.3206445,66.1603222],[-129.3288254,66.1644127],[-129.3331419,66.1665709],[-129.3456405,66.1728202],[-129.3463561,66.1731781],[-129.3581403,66.1790702],[-129.3638868,66.1819434],[-129.3706414,66.1853207],[-129.3814175,66.1907087],[-129.3831437,66.1915718],[-129.3956472,66.1978236],[-129.3989482,66.1994741],[-129.4081519,66.2040759],[-129.4170953,66.2085477],[-129.4206578,66.2103289],[-129.433165,66.2165825],[-129.4352424,66.2176212],[-129.4456734,66.2228367],[-129.4533896,66.2266948],[-129.458183,66.2290915],[-129.4706938,66.2353469],[-129.4715367,66.2357684],[-129.4832058,66.2416029],[-129.4896839,66.2448419],[-129.4957191,66.2478596],[-129.507831,66.2539155],[-129.5082336,66.2541168],[-129.5207493,66.2603747],[-129.5259782,66.2629891],[-129.5332662,66.2666331],[-129.5441253,66.2720626],[-129.5457844,66.2728922],[-129.5583038,66.2791519],[-129.5622724,66.2811362],[-129.5708244,66.2854122],[-129.5804196,66.2902098],[-129.5833462,66.2916731],[-129.5958693,66.2979346],[-129.5985667,66.2992834],[-129.6083935,66.3041968],[-129.6167139,66.3083569],[-129.620919,66.3104595],[-129.6334458,66.3167229],[-129.634861,66.3174305],[-129.6459737,66.3229869],[-129.6522095,66.3261048],[-129.6585029,66.3292514],[-129.6695581,66.334779],[-129.6710333,66.3355166],[-129.6835649,66.3417825],[-129.6869066,66.3434533],[-129.6960978,66.3480489],[-129.7042552,66.3521276],[-129.7086318,66.3543159],[-129.7211671,66.3605836],[-129.7216037,66.3608019],[-129.7337037,66.3668518],[-129.7389523,66.3694761],[-129.7462414,66.3731207],[-129.7563008,66.3781504],[-129.7587804,66.3793902],[-129.7713206,66.3856603],[-129.7736493,66.3868247],[-129.783862,66.391931],[-129.7909979,66.3954989],[-129.7964047,66.3982024],[-129.8083464,66.4041732],[-129.8089486,66.4044743],[-129.8214937,66.4107469],[-129.825695,66.4128475],[-129.8340401,66.41702],[-129.8439412,66.4219706],[-129.8465876,66.4232938],[-129.8591364,66.4295682],[-129.8621874,66.4310937],[-129.8716865,66.4358432],[-129.8804336,66.4402168],[-129.8842377,66.4421189],[-129.8967902,66.4483951],[-129.8986798,66.4493399],[-129.909344,66.454672],[-129.916926,66.458463],[-129.9218989,66.4609495],[-129.9344551,66.4672275],[-129.9351723,66.4675861],[-129.9470125,66.4735063],[-129.9534185,66.4767092],[-129.9595711,66.4797856],[-129.9689457,66.4844728],[-129.972131,66.4860655],[-129.9844728,66.4922364],[-129.9846919,66.4923461],[-129.9971365,66.4986741],[-130.0,66.5],[-130.0110626,66.5044642],[-130.0155272,66.5062109],[-130.0253447,66.5101379],[-130.0310543,66.5124217],[-130.0395739,66.5158295],[-130.0465815,66.5186326],[-130.0538047,66.5215219],[-130.0648277,66.5259311],[-130.0680371,66.5272148],[-130.0822711,66.5329085],[-130.083074,66.5332296],[-130.0965068,66.5386027],[-130.1013202,66.5405281],[-130.1107441,66.5442976],[-130.1195664,66.5478266],[-130.124983,66.5499932],[-130.1378126,66.555125],[-130.1392235,66.5556894],[-130.1534657,66.5613863],[-130.1560588,66.5624235],[-130.1677095,66.5670838],[-130.174305,66.569722],[-130.1819549,66.572782],[-130.1955088,66.5782035],[-130.1962019,66.5784808],[-130.2104506,66.5841802],[-130.2167126,66.586685],[-130.2247009,66.5898804],[-130.2379164,66.5951665],[-130.2389528,66.5955811],[-130.2532063,66.6012825],[-130.2591201,66.6036481],[-130.2674615,66.6069846],[-130.2803239,66.6121296],[-130.2817183,66.6126873],[-130.2959767,66.6183907],[-130.3015277,66.6206111],[-130.3102368,66.6240947],[-130.3227314,66.6290926],[-130.3244984,66.6297994],[-130.3387617,66.6355047],[-130.3439352,66.6375741],[-130.3530267,66.6412107],[-130.365139,66.6460556],[-130.3672933,66.6469173],[-130.3815615,66.6526246],[-130.3847984,66.6539194],[-130.3958313,66.6583325],[-130.4044578,66.6617831],[-130.4101028,66.6640411],[-130.4241172,66.6696469],[-130.4243758,66.6697503],[-130.4386506,66.6754602],[-130.4437766,66.6775106],[-130.4529269,66.6811708],[-130.463436,66.6853744],[-130.4672049,66.686882],[-130.4814846,66.6925938],[-130.4830954,66.6932382],[-130.4957658,66.6983063],[-130.5027548,66.7011019],[-130.5100487,66.7040195],[-130.5224142,66.7089657],[-130.5243332,66.7097333],[-130.5386194,66.7154478],[-130.5420736,66.7168295],[-130.5529072,66.7211629],[-130.561733,66.7246932],[-130.5671967,66.7268787],[-130.5813924,66.732557],[-130.5814877,66.7325951],[-130.5957805,66.7383122],[-130.6010518,66.7404207],[-130.6100748,66.7440299],[-130.6212795,66.7485118],[-130.6243708,66.7497483],[-130.6386684,66.7554674],[-130.6415073,66.7566029],[-130.6529677,66.7611871],[-130.661735,66.764694],[-130.6672686,66.7669074],[-130.6815712,66.7726285],[-130.6819627,66.7727851],[-130.6958753,66.7783501],[-130.7021904,66.7808761],[-130.7101812,66.7840725],[-130.7224181,66.7889672],[-130.7244886,66.7897955],[-130.7387978,66.7955191],[-130.7426458,66.7970583],[-130.7531085,66.8012434],[-130.7628735,66.8051494],[-130.7674209,66.8069684],[-130.7817349,66.812694],[-130.7831012,66.8132405],[-130.7960506,66.8184203],[-130.8033289,66.8213316],[-130.810368,66.8241472],[-130.8235566,66.8294226],[-130.8246869,66.8298748],[-130.8390076,66.835603],[-130.8437843,66.8375137],[-130.8533298,66.8413319],[-130.864012,66.8456048],[-130.8676537,66.8470615],[-130.8819793,66.8527917],[-130.8849332,66.8539733],[-130.8963065,66.8585226],[-130.9058545,66.8623418],[-130.9106353,66.8642541],[-130.9249658,66.8699863],[-130.9267757,66.8707103],[-130.939298,66.8757192],[-130.9476969,66.8790788],[-130.9536318,66.8814527],[-130.9679672,66.8871869],[-130.9686182,66.8874473],[-130.9823043,66.8929217],[-130.9895394,66.8958158],[-130.996643,66.8986572],[-131.0104606,66.9041842],[-131.0109834,66.9043934],[-131.0253255,66.9101302],[-131.0313818,66.9125527],[-131.0396692,66.9158677],[-131.0523031,66.9209212],[-131.0540145,66.9216058],[-131.0683615,66.9273446],[-131.0732243,66.9292897],[-131.0827102,66.9330841],[-131.0941455,66.9376582],[-131.0970605,66.9388242],[-131.1114124,66.944565],[-131.1150668,66.9460267],[-131.125766,66.9503064],[-131.135988,66.9543952],[-131.1401213,66.9560485],[-131.1544782,66.9617913],[-131.1562157,66.9624863],[-131.1688368,66.9675347],[-131.1764434,66.9705774],[-131.183197,66.9732788],[-131.1966711,66.9786684],[-131.1975589,66.9790236],[-131.2119224,66.984769],[-131.2168988,66.9867595],[-131.2262876,66.9905151],[-131.2371265,66.9948506],[-131.2406545,66.9962618],[-131.255023,67.0020092],[-131.2573542,67.0029417],[-131.2693932,67.0077573],[-131.2775819,67.0110328],[-131.283765,67.013506],[-131.2978096,67.0191239],[-131.2981385,67.0192554],[-131.3125136,67.0250055],[-131.3180373,67.0272149],[-131.3268904,67.0307562],[-131.338265,67.035306],[-131.3412689,67.0365076],[-131.355649,67.0422596],[-131.3584927,67.0433971],[-131.3700308,67.0480123],[-131.3787205,67.0514882],[-131.3844143,67.0537657],[-131.3987994,67.0595198],[-131.3989482,67.0595793],[-131.4131862,67.0652745],[-131.4203948,67.0681579],[-131.4275746,67.0710298],[-131.4418414,67.0767366],[-131.4419647,67.0767859],[-131.4563565,67.0825426],[-131.463288,67.0853152],[-131.4707499,67.0883],[-131.4847346,67.0938939],[-131.485145,67.094058],[-131.4995418,67.0998167],[-131.5061813,67.1024725],[-131.5139402,67.1055761],[-131.5276279,67.1110512],[-131.5283403,67.1113361],[-131.5427421,67.1170968],[-131.5490745,67.1196298],[-131.5571455,67.1228582],[-131.5705211,67.1282085],[-131.5715506,67.1286202],[-131.5859573,67.1343829],[-131.5919678,67.1367871],[-131.6003658,67.1401463],[-131.6134144,67.1453658],[-131.6147759,67.1459103],[-131.6291876,67.1516751],[-131.634861,67.1539444],[-131.6436011,67.1574404],[-131.6560648,67.1624259],[-131.6580162,67.1632065],[-131.672433,67.1689732],[-131.6772686,67.1709074],[-131.6868514,67.1747406],[-131.6984723,67.1793889],[-131.7012715,67.1805086],[-131.7156933,67.1862773],[-131.7196761,67.1878704],[-131.7301168,67.1920467],[-131.7408799,67.1963519],[-131.7445419,67.1978168],[-131.7589688,67.2035875],[-131.7620836,67.2048335],[-131.7733973,67.2093589],[-131.7832874,67.213315],[-131.7878274,67.215131],[-131.8022592,67.2209037],[-131.8044912,67.2217965],[-131.8166928,67.2266771],[-131.825695,67.230278],[-131.8317707,67.2324054],[-131.8463333,67.2381712],[-131.8469822,67.2387929],[-131.8514533,67.2451229],[-131.8554551,67.2532776],[-131.8585958,67.2624027],[-131.8610247,67.2722668],[-131.8628909,67.2826387],[-131.8643436,67.293287],[-131.8655321,67.3039802],[-131.8666056,67.3144871],[-131.8677132,67.3245764],[-131.8690043,67.3340165],[-131.8706279,67.3425763],[-131.8727333,67.3500242],[-131.8754697,67.3561291],[-131.8789864,67.3606595],[-131.8834325,67.363384],[-131.8878665,67.3641084],[-131.8897254,67.3639173],[-131.9071814,67.3608677],[-131.9104783,67.3603145],[-131.9264962,67.357627],[-131.9296112,67.3571044],[-131.9458111,67.3543863],[-131.948742,67.3538946],[-131.965126,67.3511457],[-131.9678706,67.3506852],[-131.9792145,67.3487819],[-131.986997,67.3474761],[-131.993303,67.3464181],[-132.0061213,67.3442674],[-132.0073915,67.3440543],[-132.0252434,67.341059],[-132.0269264,67.3407767],[-132.0443634,67.3378511],[-132.0464612,67.3374991],[-132.0634812,67.3346434],[-132.0682135,67.3338494],[-132.0825968,67.3314362],[-132.0899659,67.3301998],[-132.1028658,67.3277398],[-132.1117182,67.3265502],[-132.1164922,67.327849],[-132.123228,67.336484],[-132.1287482,67.3473466],[-132.1369731,67.3534389],[-132.1382462,67.3535174],[-132.1553391,67.3512159],[-132.1603944,67.3504505],[-132.1752949,67.3483872],[-132.1814945,67.3475287],[-132.1949257,67.3456689],[-132.2025945,67.344607],[-132.2145545,67.3429508],[-132.2236945,67.3416852],[-132.2341813,67.3402331],[-132.2447945,67.3387635],[-132.2538062,67.3375156],[-132.2658945,67.3358417],[-132.2734291,67.3347984],[-132.2869945,67.33292],[-132.29305,67.3320815],[-132.3080945,67.3299982],[-132.3126689,67.3293648],[-132.3291945,67.3270765],[-132.3322859,67.3266484],[-132.3505902,67.3241138],[-132.3519009,67.3239323],[-132.3715139,67.3212165],[-132.3719859,67.3211511],[-132.391125,67.3185009],[-132.3933815,67.3181884],[-132.4126101,67.3154173],[-132.4147772,67.3152257],[-132.4189841,67.3159552],[-132.4232943,67.3188094],[-132.4266509,67.323576],[-132.4292149,67.3299915],[-132.4311467,67.3377926],[-132.4326072,67.3467157],[-132.4337571,67.3564974],[-132.4347571,67.3668742],[-132.4357679,67.3775828],[-132.4369503,67.3883596],[-132.438465,67.3989412],[-132.4404727,67.4090642],[-132.4431341,67.4184651],[-132.4466099,67.4268805],[-132.4510609,67.4340468],[-132.4534155,67.4367844],[-132.4603172,67.4396802],[-132.4761721,67.4436494],[-132.4789605,67.4444907],[-132.495426,67.4494579],[-132.4989286,67.4505145],[-132.5118936,67.4544258],[-132.5216851,67.4573796],[-132.5283633,67.4593943],[-132.5444417,67.4642447],[-132.5448352,67.4643634],[-132.5613092,67.4693332],[-132.5671982,67.4711098],[-132.5777853,67.4743037],[-132.5910047,67.4782917],[-132.5942635,67.4792747],[-132.6107439,67.4842465],[-132.6148113,67.4854735],[-132.6272264,67.4892188],[-132.6386178,67.4926553],[-132.643711,67.4941918],[-132.6601978,67.4991655],[-132.6624243,67.4998372],[-132.6766866,67.5041398],[-132.6862308,67.507019],[-132.6931777,67.5091147],[-132.7096708,67.5140903],[-132.7100374,67.5142009],[-132.7261661,67.5190665],[-132.7338439,67.5213827],[-132.7426635,67.5240434],[-132.7576504,67.5285646],[-132.7591631,67.5290209],[-132.7756647,67.5339991],[-132.7814569,67.5357464],[-132.7921686,67.5389779],[-132.8052635,67.5429283],[-132.8086745,67.5439573],[-132.8251826,67.5489374],[-132.82907,67.5501101],[-132.8416929,67.5539181],[-132.8526079,67.5572109],[-132.8582052,67.5588995],[-132.8747198,67.5638815],[-132.8761459,67.5643118],[-132.8912364,67.5688642],[-132.8996839,67.5714126],[-132.9077552,67.5738475],[-132.9232218,67.5785134],[-132.9242761,67.5788315],[-132.9407992,67.5838161],[-132.9467598,67.5856142],[-132.9573245,67.5888013],[-132.9702978,67.5927151],[-132.9738518,67.5937872],[-132.9903813,67.5987738],[-132.9938357,67.5998159],[-133.006913,67.603761],[-133.0173737,67.6069167],[-133.0234468,67.6087488],[-133.0399828,67.6137373],[-133.0409117,67.6140176],[-133.0565209,67.6187265],[-133.0644496,67.6211184],[-133.0730611,67.6237163],[-133.0879876,67.6282192],[-133.0896035,67.6287067],[-133.1061481,67.6336978],[-133.1115256,67.63532],[-133.1226948,67.6386895],[-133.1356353,67.6425933],[-133.1392436,67.6436819],[-133.1557946,67.6486749],[-133.159745,67.6498667],[-133.1723478,67.6536686],[-133.1838548,67.65714],[-133.1889031,67.6586629],[-133.2054606,67.6636579],[-133.2079645,67.6644133],[-133.2220202,67.6686536],[-133.2320742,67.6716866],[-133.238582,67.6736498],[-133.2551459,67.6786468],[-133.256184,67.6789599],[-133.271712,67.6836444],[-133.2802937,67.6862333],[-133.2882803,67.6886426],[-133.3044034,67.6935066],[-133.3048507,67.6936415],[-133.3214233,67.698641],[-133.3285132,67.7007799],[-133.337998,67.7036412],[-133.3526229,67.7080532],[-133.3545749,67.7086421],[-133.3711539,67.7136436],[-133.3767327,67.7153265],[-133.3877352,67.7186457],[-133.4008424,67.7225998],[-133.4043185,67.7236485],[-133.4209041,67.728652],[-133.4243804,67.7297007],[-133.4374918,67.7336561],[-133.4479183,67.7368015],[-133.4540817,67.7386608],[-133.4706737,67.7436662],[-133.4714563,67.7439023],[-133.4872679,67.7486723],[-133.4949942,67.7510031],[-133.5038643,67.753679],[-133.5185322,67.758104],[-133.5204629,67.7586864],[-133.5370636,67.7636944],[-133.5420702,67.7652048],[-133.5536665,67.7687031],[-133.5656081,67.7723056],[-133.5702715,67.7737125],[-133.5868788,67.7787225],[-133.5891461,67.7794065],[-133.6034882,67.7837331],[-133.6126841,67.7865073],[-133.6200998,67.7887444],[-133.636222,67.7936081],[-133.6367135,67.7937564],[-133.6533294,67.798769],[-133.65976,67.8007089],[-133.6699475,67.8037823],[-133.683298,67.8078098],[-133.6865678,67.8087962],[-133.7031903,67.8138108],[-133.7071045,67.8149916],[-133.7198149,67.818826],[-133.730911,67.8221735],[-133.7364417,67.8238419],[-133.7530707,67.8288585],[-133.7547175,67.8293553],[-133.7697019,67.8338757],[-133.778524,67.8365371],[-133.7863352,67.8388936],[-133.8023306,67.843719],[-133.8029708,67.8439121],[-133.8196085,67.8489313],[-133.8261371,67.8509008],[-133.8362484,67.8539512],[-133.8499436,67.8580827],[-133.8528905,67.8589717],[-133.8695348,67.8639928],[-133.8737501,67.8652645],[-133.8861812,67.8690147],[-133.8975567,67.8724464],[-133.9028299,67.8740372],[-133.9194807,67.8790603],[-133.9213632,67.8796282],[-133.9361337,67.8840841],[-133.9451697,67.8868101],[-133.9527889,67.8891086],[-133.9679263,67.8936751],[-133.9694463,67.8941337],[-133.9861059,67.8991595],[-133.9906828,67.9005402],[-134.0027676,67.9041859],[-134.0134393,67.9074053],[-134.0194316,67.9092131],[-134.0360978,67.9142408],[-134.0361959,67.9142704],[-134.0541055,67.9191252],[-134.0589524,67.9211355],[-134.0648667,67.9250778],[-134.0731681,67.9325283],[-134.0802868,67.9411674],[-134.0864191,67.9506958],[-134.0917608,67.9608142],[-134.0965081,67.9712231],[-134.1008569,67.9816231],[-134.1050033,67.9917149],[-134.1091432,68.001199],[-134.1134728,68.0097762],[-134.1181879,68.017147],[-134.1234848,68.023012],[-134.1295592,68.0270718],[-134.1366074,68.0290271],[-134.1391602,68.0291595],[-134.1448966,68.0275673],[-134.1546897,68.0207977],[-134.1658616,68.0116031],[-134.1782642,68.0031703],[-134.1855927,68.0],[-134.1921645,67.99807],[-134.2102121,67.9937935],[-134.2320691,67.9896121],[-134.2567195,67.9855776],[-134.2831473,67.981742],[-134.3103365,67.9781571],[-134.3372711,67.9748751],[-134.3629353,67.9719477],[-134.386313,67.9694269],[-134.4063883,67.9673648],[-134.4221451,67.9658131],[-134.4325676,67.9648238],[-134.4366397,67.9644489],[-134.4366608,67.964447],[-134.4359466,67.9662932],[-134.4338511,67.9718353],[-134.4308307,67.9800971],[-134.4273467,67.9900894],[-134.4238605,68.0008226],[-134.4208336,68.0113074],[-134.4187273,68.0205544],[-134.4179993,68.0271988],[-134.4180344,68.0275786],[-134.4262036,68.0328045],[-134.4452819,68.037284],[-134.4703035,68.0413612],[-134.4963029,68.0453804],[-134.5183143,68.0496857],[-134.5313721,68.0546215],[-134.5330048,68.0571976],[-134.5314869,68.0611118],[-134.5230954,68.0707663],[-134.5126619,68.0801797],[-134.5063351,68.0853736],[-134.5061035,68.085556],[-134.5080932,68.0822589],[-134.5148987,68.0722463],[-134.5241776,68.0617373],[-134.5330048,68.0571976],[-134.5334439,68.0571999],[-134.5427043,68.0581416],[-134.5531293,68.0606692],[-134.5645351,68.0646073],[-134.5767375,68.0697806],[-134.5895526,68.0760135],[-134.6027965,68.0831309],[-134.6162852,68.0909572],[-134.6298347,68.0993172],[-134.643261,68.1080354],[-134.6563802,68.1169366],[-134.6690082,68.1258452],[-134.6809611,68.134586],[-134.6920549,68.1429835],[-134.7021057,68.1508624],[-134.7072296,68.1549988],[-134.7109611,68.1582868],[-134.7188235,68.1668277],[-134.7259469,68.1763817],[-134.7325542,68.1864324],[-134.7388685,68.1964635],[-134.7451129,68.2059585],[-134.7515105,68.2144012],[-134.7582843,68.2212752],[-134.7656574,68.2260642],[-134.7738529,68.2282516],[-134.7758331,68.2283325],[-134.7829935,68.2268721],[-134.7929377,68.2213749],[-134.8036364,68.2130458],[-134.8150471,68.2032241],[-134.8271268,68.1932489],[-134.8398329,68.1844598],[-134.8531227,68.1781958],[-134.8669533,68.1757964],[-134.8670094,68.1757963],[-134.8830808,68.1806703],[-134.8891745,68.1831636],[-134.898353,68.1869609],[-134.9122078,68.1941059],[-134.9252937,68.2019905],[-134.9380578,68.2100142],[-134.9509471,68.2175762],[-134.9644086,68.224076],[-134.9788894,68.2289129],[-134.9948364,68.2314862],[-135.0,68.2317276],[-135.0149261,68.2319208],[-135.0417613,68.2320786],[-135.0673173,68.23221],[-135.0830169,68.2324411],[-135.0841675,68.2325058],[-135.0871176,68.2344308],[-135.0895614,68.2405094],[-135.0912274,68.2493841],[-135.0926838,68.2596718],[-135.0944986,68.2699892],[-135.0972137,68.2788925],[-135.09724,68.2789534],[-135.1013159,68.2883239],[-135.1068126,68.2982703],[-135.1138124,68.305185],[-135.1183319,68.3063889],[-135.1229422,68.3059755],[-135.1375742,68.3026274],[-135.1566246,68.2971605],[-135.1780915,68.291084],[-135.199973,68.2859071],[-135.2202673,68.283139],[-135.225,68.283],[-135.2379417,68.2857481],[-135.25,68.29],[-135.2551675,68.2914469],[-135.2724878,68.2962966],[-135.275,68.297],[-135.2898104,68.3011469],[-135.3,68.304],[-135.3071354,68.3059979],[-135.3244628,68.3108496],[-135.325,68.311],[-135.3417925,68.3157019],[-135.35,68.318],[-135.3591245,68.3205549],[-135.375,68.325],[-135.3764589,68.3254085],[-135.3937956,68.3302628],[-135.4,68.332],[-135.4111347,68.3351177],[-135.425,68.339],[-135.4287008,68.3399538],[-135.4473847,68.344694],[-135.45,68.346],[-135.4558751,68.350398],[-135.4630424,68.3564983],[-135.4695397,68.3629678],[-135.475347,68.3698301],[-135.4804445,68.3771087],[-135.4848124,68.3848272],[-135.4884306,68.3930089],[-135.4912794,68.4016775],[-135.4933389,68.4108565],[-135.4945892,68.4205693],[-135.4950104,68.4308395]]}},{"type":"Feature","properties":{"name":"USA–Vinland","status":"confirmed","dash":false,"geometry_note":"v0.12 shared-boundary conversion: this visible line is also used to partition the two neighboring political fills.","topology_source":"shared-feature-network-v0.10.4","fill_rule":"Approved visible border preserved; adjacent political fills are locally partitioned from this same line.","hydrographic_sections":"Explicit river-following portions are duplicated exactly in hfr-na-hydro-borders.geojson and rendered as river-frontiers."},"geometry":{"type":"LineString","coordinates":[[-72.5113615,46.3496833],[-72.4927039,46.361017],[-72.4735738,46.3718655],[-72.4539197,46.3820074],[-72.4336901,46.391221],[-72.4242804,46.3950461],[-72.4124874,46.3992611],[-72.388953,46.406047],[-72.3638534,46.41197],[-72.3382344,46.4174609],[-72.3131418,46.4229503],[-72.2896212,46.4288685],[-72.2687185,46.4356464],[-72.2514794,46.4437143],[-72.2474846,46.4462405],[-72.2384627,46.4545311],[-72.22828,46.4699911],[-72.2196556,46.4880878],[-72.2113564,46.506629],[-72.2021495,46.523423],[-72.1908017,46.5362776],[-72.1868002,46.5390354],[-72.1756662,46.5443205],[-72.1556011,46.5504947],[-72.1319323,46.5555376],[-72.1061014,46.559986],[-72.0795501,46.5643767],[-72.0537202,46.5692465],[-72.0300533,46.5751321],[-72.0195718,46.5785903],[-72.0096171,46.5828945],[-71.9909619,46.5943077],[-71.9734214,46.6085068],[-71.9566155,46.6242411],[-71.9401643,46.6402597],[-71.9236878,46.6553119],[-71.9068059,46.6681469],[-71.8891385,46.6775138],[-71.8703058,46.6821618],[-71.8642945,46.6824491],[-71.8498816,46.680202],[-71.8278608,46.6716147],[-71.8049014,46.6614045],[-71.7816862,46.6547969],[-71.7743772,46.6542969],[-71.7586606,46.6545758],[-71.735464,46.6559307],[-71.712079,46.6582958],[-71.6885287,46.6615427],[-71.6648359,46.6655432],[-71.6410236,46.6701691],[-71.6171146,46.6752921],[-71.5931321,46.6807839],[-71.5690988,46.6865163],[-71.5450377,46.692361],[-71.5209718,46.6981897],[-71.496924,46.7038743],[-71.4729172,46.7092864],[-71.4489743,46.7142977],[-71.4302835,46.7178594],[-71.4250931,46.718779],[-71.4006837,46.7226808],[-71.3758272,46.72626],[-71.3509781,46.7298329],[-71.326591,46.7337162],[-71.3031204,46.7382261],[-71.2810209,46.7436794],[-71.2743263,46.7456711],[-71.2601361,46.7509888],[-71.2397196,46.7615],[-71.2215342,46.7739521],[-71.2107303,46.7834931],[-71.2075269,46.7872561],[-71.1983153,46.8048879],[-71.1899376,46.8224691],[-71.1798118,46.8318708],[-71.1775152,46.8326811],[-71.1534509,46.8369204],[-71.1401726,46.8383805],[-71.1281134,46.8395377],[-71.1029637,46.8413191],[-71.0774632,46.8426474],[-71.0522017,46.8438999],[-71.0277688,46.8454539],[-71.0047542,46.8476868],[-71.0010143,46.8481625],[-70.9834928,46.8520473],[-70.963544,46.8601174],[-70.9444966,46.8709056],[-70.9259451,46.8833685],[-70.9074841,46.8964624],[-70.8887082,46.9091438],[-70.8692119,46.9203691],[-70.861049,46.9242496],[-70.848755,46.9295907],[-70.8278125,46.9382875],[-70.8064979,46.9466906],[-70.7848615,46.9548333],[-70.7629535,46.9627491],[-70.7408242,46.9704712],[-70.7185238,46.978033],[-70.6961026,46.9854679],[-70.6736109,46.9928091],[-70.651099,47.0000902],[-70.628617,47.0073443],[-70.6062154,47.0146049],[-70.6042711,47.0152382],[-70.5830627,47.0214777],[-70.5589162,47.0278105],[-70.5353454,47.0343024],[-70.5139296,47.0416573],[-70.5045197,47.0458801],[-70.4957217,47.0505446],[-70.4785699,47.0611101],[-70.4620698,47.0731251],[-70.4462813,47.0863563],[-70.4312642,47.1005705],[-70.4170781,47.1155342],[-70.403783,47.1310142],[-70.3914386,47.1467771],[-70.3801046,47.1625897],[-70.3698409,47.1782186],[-70.363748,47.1882085],[-70.3607504,47.1935316],[-70.3532047,47.2094716],[-70.3467779,47.2260338],[-70.3408429,47.2428466],[-70.3347727,47.2595384],[-70.3279402,47.2757376],[-70.3211109,47.2887642],[-70.3197309,47.2910848],[-70.3103176,47.3059341],[-70.3000364,47.3206096],[-70.2889364,47.335118],[-70.2770668,47.3494658],[-70.2644768,47.3636595],[-70.2512157,47.3777058],[-70.2373325,47.3916111],[-70.2228766,47.4053821],[-70.2078971,47.4190252],[-70.1924432,47.4325471],[-70.1765641,47.4459543],[-70.160309,47.4592534],[-70.1437271,47.4724509],[-70.1268676,47.4855534],[-70.1097797,47.4985674],[-70.0925126,47.5114995],[-70.0751155,47.5243563],[-70.0576375,47.5371442],[-70.0401279,47.54987],[-70.0226359,47.5625401],[-70.0052107,47.5751611],[-69.9879014,47.5877395],[-69.9707573,47.6002819],[-69.9538275,47.6127949],[-69.9436603,47.620391],[-69.9370528,47.6252484],[-69.9195275,47.6373387],[-69.901297,47.6491081],[-69.8826845,47.6606949],[-69.8640133,47.6722377],[-69.8456067,47.6838749],[-69.827788,47.6957451],[-69.8108803,47.7079865],[-69.800259,47.716435],[-69.7951514,47.7207214],[-69.7800923,47.733825],[-69.7654731,47.7472214],[-69.7512619,47.7608893],[-69.7374269,47.7748075],[-69.7239364,47.7889548],[-69.7107584,47.8033098],[-69.6978612,47.8178514],[-69.6852129,47.8325583],[-69.6727818,47.8474093],[-69.660536,47.8623831],[-69.6484438,47.8774585],[-69.6364732,47.8926143],[-69.6245925,47.9078291],[-69.6127698,47.9230818],[-69.6009734,47.938351],[-69.5891715,47.9536157],[-69.5773321,47.9688544],[-69.5654236,47.984046],[-69.553414,47.9991693],[-69.5412716,48.0142029],[-69.5289646,48.0291257],[-69.5164611,48.0439164],[-69.5037293,48.0585537],[-69.4907374,48.0730164],[-69.4774536,48.0872833],[-69.4638461,48.1013331],[-69.449883,48.1151446],[-69.4355326,48.1286965],[-69.420763,48.1419676],[-69.4196289,48.1429585],[-69.4056082,48.155024],[-69.390151,48.1679759],[-69.3744037,48.1808272],[-69.3583781,48.1935808],[-69.342086,48.20624],[-69.3255392,48.2188078],[-69.3087495,48.2312874],[-69.2917288,48.2436819],[-69.2744889,48.2559945],[-69.2570416,48.2682282],[-69.2393988,48.2803862],[-69.2215721,48.2924716],[-69.2035736,48.3044876],[-69.1854149,48.3164373],[-69.1671079,48.3283238],[-69.1486644,48.3401502],[-69.1300963,48.3519196],[-69.1114154,48.3636353],[-69.0926334,48.3753003],[-69.0737622,48.3869177],[-69.0548137,48.3984907],[-69.0357996,48.4100224],[-69.0167317,48.4215159],[-68.9976219,48.4329744],[-68.9784821,48.444401],[-68.9593239,48.4557988],[-68.9401593,48.467171],[-68.9210001,48.4785206],[-68.901858,48.4898508],[-68.8827449,48.5011647],[-68.8636727,48.5124655],[-68.8446531,48.5237563],[-68.8256979,48.5350401],[-68.8172077,48.5401072],[-68.8068035,48.5463283],[-68.787899,48.5576591],[-68.7689716,48.569031],[-68.7500185,48.580437],[-68.7310366,48.5918698],[-68.7120231,48.6033222],[-68.6929751,48.614787],[-68.6738895,48.6262571],[-68.6547636,48.6377252],[-68.6355943,48.6491843],[-68.6163787,48.6606271],[-68.5971139,48.6720464],[-68.5777971,48.6834351],[-68.5584251,48.6947859],[-68.5389952,48.7060917],[-68.5195043,48.7173453],[-68.4999497,48.7285395],[-68.4803282,48.7396672],[-68.4606371,48.7507211],[-68.4408734,48.7616942],[-68.4210341,48.7725791],[-68.4011163,48.7833687],[-68.3811172,48.7940558],[-68.3610337,48.8046333],[-68.3408629,48.8150939],[-68.320602,48.8254306],[-68.300248,48.835636],[-68.2797979,48.8457031],[-68.2592489,48.8556246],[-68.238598,48.8653933],[-68.2178423,48.8750022],[-68.1969788,48.8844439],[-68.1760046,48.8937113],[-68.1549169,48.9027973],[-68.1337126,48.9116946],[-68.1176503,48.9182722],[-68.1123884,48.9203996],[-68.0909332,48.928989],[-68.0693455,48.937497],[-68.0476286,48.945925],[-68.0257858,48.9542744],[-68.0038204,48.9625464],[-67.9817356,48.9707425],[-67.9595349,48.9788639],[-67.9372215,48.9869121],[-67.9147986,48.9948885],[-67.8922695,49.0027942],[-67.8696376,49.0106308],[-67.8469061,49.0183996],[-67.8240783,49.0261018],[-67.8011576,49.0337389],[-67.7781471,49.0413123],[-67.7550503,49.0488232],[-67.7318703,49.056273],[-67.7086105,49.0636631],[-67.6852742,49.0709948],[-67.6618646,49.0782695],[-67.6383851,49.0854886],[-67.6148389,49.0926533],[-67.5912293,49.0997651],[-67.5675596,49.1068252],[-67.5438332,49.1138351],[-67.5200532,49.1207961],[-67.4962231,49.1277095],[-67.472346,49.1345768],[-67.4484253,49.1413992],[-67.4244642,49.148178],[-67.4004661,49.1549148],[-67.3764342,49.1616108],[-67.3523719,49.1682673],[-67.3282824,49.1748857],[-67.3041689,49.1814674],[-67.2800349,49.1880137],[-67.2558836,49.194526],[-67.2317183,49.2010057],[-67.2075422,49.207454],[-67.1833587,49.2138723],[-67.1591711,49.220262],[-67.1349826,49.2266245],[-67.1107965,49.232961],[-67.0866161,49.239273],[-67.0624448,49.2455617],[-67.0382858,49.2518287],[-67.0141423,49.2580751],[-66.9900178,49.2643023],[-66.9659154,49.2705118],[-66.9418385,49.2767048],[-66.9177904,49.2828827],[-66.8953099,49.2886529],[-66.8937742,49.2890474],[-66.8697602,49.2953135],[-66.8457235,49.301759],[-66.8216638,49.3083673],[-66.7975806,49.3151223],[-66.7734738,49.3220075],[-66.749343,49.3290067],[-66.7251878,49.3361035],[-66.701008,49.3432816],[-66.6768033,49.3505246],[-66.6525734,49.3578164],[-66.6283179,49.3651404],[-66.6040365,49.3724805],[-66.5797289,49.3798202],[-66.5553949,49.3871433],[-66.5310341,49.3944334],[-66.5066461,49.4016742],[-66.4822307,49.4088493],[-66.4577877,49.4159426],[-66.4333165,49.4229375],[-66.408817,49.4298179],[-66.3842889,49.4365673],[-66.3597317,49.4431695],[-66.3351453,49.4496081],[-66.3105293,49.4558669],[-66.2858834,49.4619294],[-66.2612073,49.4677793],[-66.2365006,49.4734004],[-66.2117632,49.4787763],[-66.1869945,49.4838906],[-66.1621944,49.4887271],[-66.1373625,49.4932695],[-66.1124986,49.4975013],[-66.0876023,49.5014064],[-66.0626732,49.5049683],[-66.0377112,49.5081707],[-66.0127158,49.5109973],[-65.9876868,49.5134318],[-65.9626238,49.5154578],[-65.9375266,49.5170591],[-65.9123948,49.5182193],[-65.8872281,49.5189221],[-65.8627102,49.5191513],[-65.8620263,49.5191513],[-65.8367404,49.5190945],[-65.8113317,49.5189315],[-65.7858074,49.5186648],[-65.7601744,49.5182967],[-65.73444,49.5178295],[-65.7086111,49.5172656],[-65.6826948,49.5166075],[-65.6566983,49.5158574],[-65.6306287,49.5150177],[-65.6044929,49.5140909],[-65.5782982,49.5130792],[-65.5520516,49.511985],[-65.5257602,49.5108108],[-65.4994311,49.5095588],[-65.4730713,49.5082314],[-65.446688,49.506831],[-65.4202882,49.50536],[-65.3938791,49.5038208],[-65.3674678,49.5022156],[-65.3410612,49.500547],[-65.3146665,49.4988171],[-65.2882909,49.4970285],[-65.2619413,49.4951834],[-65.2356249,49.4932843],[-65.2093487,49.4913335],[-65.18312,49.4893334],[-65.1569456,49.4872863],[-65.1308328,49.4851946],[-65.1047886,49.4830607],[-65.0788201,49.480887],[-65.0529344,49.4786757],[-65.0271386,49.4764294],[-65.0014398,49.4741503],[-64.975845,49.4718408],[-64.9503614,49.4695033],[-64.924996,49.4671401],[-64.899756,49.4647537],[-64.8746484,49.4623464],[-64.8496803,49.4599205],[-64.8248588,49.4574784],[-64.8035718,49.4553608],[-64.8001894,49.4550202],[-64.7755796,49.4523972],[-64.7509727,49.4495226],[-64.7263705,49.4464013],[-64.7017751,49.4430381],[-64.6771884,49.4394378],[-64.6526123,49.4356052],[-64.628049,49.4315451],[-64.6035003,49.4272624],[-64.5789681,49.4227618],[-64.5544545,49.4180481],[-64.5299615,49.4131263],[-64.5054909,49.408001],[-64.4810448,49.402677],[-64.4566252,49.3971593],[-64.4322339,49.3914526],[-64.407873,49.3855617],[-64.3835445,49.3794914],[-64.3592502,49.3732466],[-64.3349922,49.366832],[-64.3107725,49.3602524],[-64.286593,49.3535128],[-64.2624556,49.3466178],[-64.2383624,49.3395723],[-64.2143152,49.3323811],[-64.1903162,49.325049],[-64.1663672,49.3175808],[-64.1424702,49.3099814],[-64.1186272,49.3022555],[-64.0948401,49.2944079],[-64.071111,49.2864435],[-64.0474417,49.2783671],[-64.0238343,49.2701835],[-64.0002907,49.2618974],[-63.9768128,49.2535138],[-63.9534028,49.2450374],[-63.9300624,49.236473],[-63.9067938,49.2278255],[-63.8835988,49.2190995],[-63.8604794,49.2103001],[-63.8374376,49.2014319],[-63.8144753,49.1924998],[-63.7915946,49.1835086],[-63.7687974,49.1744631],[-63.7460857,49.1653681],[-63.7234613,49.1562284],[-63.7009264,49.1470488],[-63.6784829,49.1378342],[-63.6561326,49.1285893],[-63.6338777,49.119319],[-63.61172,49.1100281],[-63.5896616,49.1007213],[-63.5677044,49.0914035],[-63.5458503,49.0820796],[-63.5241014,49.0727542],[-63.5024596,49.0634323],[-63.4809268,49.0541186],[-63.4595051,49.044818],[-63.4381964,49.0355352],[-63.4170027,49.0262751],[-63.3959259,49.0170424],[-63.3749681,49.0078421],[-63.3541311,48.9986788],[-63.3334169,48.9895575],[-63.3258228,48.9862111],[-63.3128472,48.9804101],[-63.2924914,48.970978],[-63.2723481,48.9612486],[-63.2524089,48.9512342],[-63.2326655,48.9409471],[-63.2131095,48.9303995],[-63.1937328,48.9196039],[-63.1745269,48.9085723],[-63.1554836,48.8973173],[-63.1365945,48.885851],[-63.1178513,48.8741857],[-63.0992456,48.8623338],[-63.0807692,48.8503075],[-63.0624138,48.8381191],[-63.0441709,48.825781],[-63.0260324,48.8133053],[-63.0079898,48.8007045],[-62.9900349,48.7879908],[-62.9721593,48.7751764],[-62.9543548,48.7622737],[-62.9366129,48.7492951],[-62.9189255,48.7362526],[-62.9012841,48.7231588],[-62.8836804,48.7100258],[-62.8661061,48.6968659],[-62.848553,48.6836915],[-62.8310126,48.6705149],[-62.8134767,48.6573482],[-62.7959369,48.6442039],[-62.7783849,48.6310942],[-62.7608124,48.6180314],[-62.7432112,48.6050278],[-62.7255727,48.5920957],[-62.7078888,48.5792474],[-62.6901512,48.5664952],[-62.6723514,48.5538514],[-62.6544812,48.5413282],[-62.6365323,48.528938],[-62.6184963,48.5166931],[-62.6003649,48.5046057],[-62.5821298,48.4926881],[-62.5637828,48.4809527],[-62.5453153,48.4694117],[-62.5267192,48.4580774],[-62.5079862,48.4469622],[-62.4891078,48.4360782],[-62.4700758,48.4254379],[-62.4508819,48.4150534],[-62.4315177,48.4049372],[-62.4119749,48.3951014],[-62.3922453,48.3855584],[-62.3723204,48.3763205],[-62.3521919,48.3673999],[-62.3318517,48.358809],[-62.3112912,48.35056],[-62.3061308,48.3485585],[-62.2904912,48.3426131],[-62.2694251,48.3348441],[-62.2480995,48.3272425],[-62.2265226,48.3198031],[-62.2047025,48.3125208],[-62.1826475,48.3053905],[-62.1603657,48.2984071],[-62.1378652,48.2915653],[-62.1151542,48.2848603],[-62.0922409,48.2782867],[-62.0691334,48.2718395],[-62.0458398,48.2655136],[-62.0223684,48.2593039],[-61.9987272,48.2532052],[-61.9749244,48.2472124],[-61.9509683,48.2413204],[-61.9268669,48.2355242],[-61.9026284,48.2298185],[-61.8782609,48.2241983],[-61.8537727,48.2186584],[-61.8291718,48.2131938],[-61.8044664,48.2077993],[-61.7796648,48.2024697],[-61.7547749,48.1972001],[-61.7298051,48.1919852],[-61.7047634,48.18682],[-61.679658,48.1816993],[-61.654497,48.176618],[-61.6292887,48.171571],[-61.6040412,48.1665532],[-61.5787626,48.1615594],[-61.553461,48.1565846],[-61.5281447,48.1516236],[-61.5028218,48.1466714],[-61.4775005,48.1417227],[-61.4521888,48.1367725],[-61.4268951,48.1318157],[-61.4016273,48.1268472],[-61.3763938,48.1218617],[-61.3512025,48.1168543],[-61.3260618,48.1118198],[-61.3009796,48.1067531],[-61.2759643,48.101649],[-61.251024,48.0965025],[-61.2261668,48.0913084],[-61.2014008,48.0860616],[-61.1767342,48.0807571],[-61.1521753,48.0753896],[-61.1277321,48.0699541],[-61.1034127,48.0644454],[-61.0792255,48.0588584],[-61.0551784,48.0531881],[-61.0312797,48.0474293],[-61.0075375,48.0415769],[-60.98396,48.0356257],[-60.9605553,48.0295707],[-60.9373316,48.0234067],[-60.914297,48.0171286],[-60.8914597,48.0107314],[-60.8688279,48.0042098],[-60.8464097,47.9975588],[-60.8242133,47.9907732],[-60.8022468,47.983848],[-60.7805184,47.976778],[-60.7590362,47.969558],[-60.7378084,47.9621831],[-60.7168431,47.9546481],[-60.6961485,47.9469478],[-60.6757329,47.9390771],[-60.6667499,47.9355226],[-60.655594,47.9310056],[-60.6356847,47.9226117],[-60.6159918,47.9138893],[-60.596508,47.904849],[-60.5772264,47.8955014],[-60.5581396,47.8858571],[-60.5392406,47.8759267],[-60.5205221,47.8657209],[-60.5019771,47.8552502],[-60.4835983,47.8445253],[-60.4653787,47.8335568],[-60.4473109,47.8223552],[-60.4293879,47.8109313],[-60.4116026,47.7992956],[-60.3939477,47.7874587],[-60.3764161,47.7754312],[-60.3590006,47.7632237],[-60.3416941,47.750847],[-60.3244894,47.7383115],[-60.3073794,47.7256278],[-60.2903568,47.7128067],[-60.2734146,47.6998587],[-60.2565456,47.6867944],[-60.2397426,47.6736244],[-60.2229984,47.6603594],[-60.2063059,47.6470099],[-60.189658,47.6335866],[-60.1730474,47.6201],[-60.156467,47.6065609],[-60.1399097,47.5929797],[-60.1233683,47.5793672],[-60.1068356,47.5657339],[-60.0903045,47.5520904],[-60.0737677,47.5384474],[-60.0572183,47.5248154],[-60.0406489,47.5112051],[-60.0240524,47.4976271],[-60.0074218,47.4840919],[-59.9907497,47.4706103],[-59.9740291,47.4571928],[-59.9572527,47.4438501],[-59.9404135,47.4305926],[-59.9235043,47.4174312],[-59.9065178,47.4043763],[-59.889447,47.3914385],[-59.8722847,47.3786286],[-59.8550237,47.3659571],[-59.8376569,47.3534346],[-59.8201771,47.3410717],[-59.8025772,47.328879],[-59.7848499,47.3168672],[-59.7669881,47.3050469],[-59.7489847,47.2934286],[-59.7308325,47.282023],[-59.7125244,47.2708407],[-59.6940531,47.2598923],[-59.6754116,47.2491885],[-59.6565926,47.2387397],[-59.6375891,47.2285567],[-59.6183937,47.2186501],[-59.6040219,47.2114839],[-59.5990026,47.2090225],[-59.5794759,47.1995173],[-59.5598405,47.1900694],[-59.5400982,47.1806783],[-59.5202509,47.1713435],[-59.5003003,47.1620644],[-59.4802483,47.1528405],[-59.4600967,47.1436712],[-59.4398474,47.134556],[-59.4195022,47.1254942],[-59.3990628,47.1164855],[-59.3785312,47.1075292],[-59.3579091,47.0986248],[-59.3371983,47.0897717],[-59.3164008,47.0809694],[-59.2955183,47.0722173],[-59.2745526,47.063515],[-59.2535056,47.0548618],[-59.232379,47.0462572],[-59.2111748,47.0377006],[-59.1898947,47.0291915],[-59.1685406,47.0207295],[-59.1471143,47.0123138],[-59.1256176,47.003944],[-59.1040524,46.9956195],[-59.0824204,46.9873397],[-59.0607234,46.9791042],[-59.0389635,46.9709124],[-59.0171422,46.9627637],[-58.9952615,46.9546576],[-58.9733232,46.9465935],[-58.9513291,46.9385709],[-58.929281,46.9305892],[-58.9071808,46.9226479],[-58.8850303,46.9147465],[-58.8628313,46.9068844],[-58.8405857,46.899061],[-58.8182952,46.8912758],[-58.7959617,46.8835283],[-58.773587,46.8758179],[-58.7511729,46.8681441],[-58.7287213,46.8605063],[-58.706234,46.8529039],[-58.6837127,46.8453365],[-58.6611595,46.8378034],[-58.6385759,46.8303041],[-58.615964,46.8228382],[-58.5933255,46.815405],[-58.5706622,46.8080039],[-58.5479759,46.8006345],[-58.5252686,46.7932962],[-58.5025419,46.7859884],[-58.4797978,46.7787106],[-58.4570381,46.7714623],[-58.4342645,46.7642429],[-58.4114789,46.7570518],[-58.3886832,46.7498885],[-58.3658791,46.7427525],[-58.3430685,46.7356432],[-58.3202532,46.7285601],[-58.297435,46.7215025],[-58.2746158,46.7144701],[-58.2517974,46.7074622],[-58.2289816,46.7004782],[-58.2061702,46.6935177],[-58.183365,46.6865801],[-58.160568,46.6796648],[-58.1377808,46.6727713],[-58.1150054,46.665899],[-58.0922435,46.6590474],[-58.069497,46.652216],[-58.0467677,46.6454042],[-58.0240574,46.6386114],[-58.001368,46.6318371],[-57.9787012,46.6250808],[-57.956059,46.6183419],[-57.9334431,46.6116198],[-57.9108553,46.6049141],[-57.8882975,46.5982241],[-57.8657715,46.5915494],[-57.8432792,46.5848893],[-57.8208223,46.5782434],[-57.8092771,46.5748277],[-57.7983972,46.5716105],[-57.775971,46.5649873],[-57.7535374,46.5583733],[-57.7310965,46.5517686],[-57.7086483,46.5451733],[-57.6861928,46.5385875],[-57.6637299,46.5320113],[-57.6412596,46.5254449],[-57.6187819,46.5188883],[-57.5962967,46.5123417],[-57.573804,46.5058051],[-57.5513039,46.4992787],[-57.5287962,46.4927626],[-57.506281,46.4862569],[-57.4837583,46.4797618],[-57.4612279,46.4732772],[-57.4386899,46.4668033],[-57.4161443,46.4603403],[-57.393591,46.4538883],[-57.37103,46.4474473],[-57.3484613,46.4410174],[-57.3258849,46.4345989],[-57.3033007,46.4281917],[-57.2807087,46.4217961],[-57.2581089,46.415412],[-57.2355012,46.4090397],[-57.2128857,46.4026792],[-57.1902623,46.3963306],[-57.1676309,46.3899941],[-57.1449917,46.3836698],[-57.1223445,46.3773577],[-57.0996893,46.371058],[-57.077026,46.3647708],[-57.0543548,46.3584962],[-57.0316754,46.3522343],[-57.008988,46.3459853],[-56.9862925,46.3397492],[-56.9635889,46.3335261],[-56.9408771,46.3273161],[-56.9181571,46.3211195],[-56.8954288,46.3149362],[-56.8726924,46.3087664],[-56.8499477,46.3026101],[-56.8271947,46.2964676],[-56.8044334,46.2903389],[-56.7816638,46.2842242],[-56.7588858,46.2781234],[-56.7360995,46.2720368],[-56.7133047,46.2659645],[-56.6905015,46.2599065],[-56.6676898,46.253863],[-56.6448697,46.2478341],[-56.6220411,46.2418199],[-56.5992039,46.2358205],[-56.5763582,46.229836],[-56.5535039,46.2238666],[-56.530641,46.2179122],[-56.5077694,46.2119732],[-56.4848893,46.2060494],[-56.4620004,46.2001412],[-56.4391028,46.1942485],[-56.4161965,46.1883716],[-56.3932815,46.1825104],[-56.3703577,46.1766651],[-56.3474251,46.1708358],[-56.3244836,46.1650227],[-56.3015333,46.1592258],[-56.2785742,46.1534453],[-56.2556061,46.1476812],[-56.2326291,46.1419337],[-56.2096432,46.1362029],[-56.1866483,46.1304889],[-56.1636444,46.1247917],[-56.1406314,46.1191116],[-56.1176095,46.1134486],[-56.0945784,46.1078029],[-56.0715383,46.1021744],[-56.048489,46.0965635],[-56.0254306,46.0909701],[-56.002363,46.0853943],[-55.9792863,46.0798364],[-55.9562003,46.0742963],[-55.9331051,46.0687743],[-55.9100006,46.0632703],[-55.8868868,46.0577846],[-55.8637637,46.0523172],[-55.8406312,46.0468683],[-55.8174894,46.0414379],[-55.7943382,46.0360262],[-55.7711776,46.0306332],[-55.7480075,46.0252592],[-55.724828,46.0199041],[-55.7016389,46.0145681],[-55.6784404,46.0092514],[-55.6552323,46.003954],[-55.6320147,45.998676],[-55.6087875,45.9934176],[-55.5855506,45.9881788],[-55.5623042,45.9829598],[-55.539048,45.9777607],[-55.5157822,45.9725815],[-55.4925067,45.9674225],[-55.4692214,45.9622836],[-55.4459264,45.9571651],[-55.4226215,45.952067],[-55.3993069,45.9469895],[-55.3759825,45.9419326],[-55.3526481,45.9368964],[-55.3293039,45.9318812],[-55.3059498,45.9268869],[-55.2825858,45.9219137],[-55.2592118,45.9169617],[-55.2358278,45.912031],[-55.2124338,45.9071217],[-55.1890298,45.902234],[-55.1656157,45.8973679],[-55.1421915,45.8925235],[-55.1187573,45.887701],[-55.0953129,45.8829005],[-55.0718583,45.8781221],[-55.0483936,45.8733658],[-55.0249187,45.8686319],[-55.0014335,45.8639204],[-54.9779381,45.8592314],[-54.9544324,45.854565],[-54.9309164,45.8499214],[-54.9073901,45.8453006],[-54.8838534,45.8407028],[-54.8603064,45.836128],[-54.8367489,45.8315765],[-54.813181,45.8270482],[-54.7896027,45.8225434],[-54.7660139,45.818062],[-54.7424146,45.8136043],[-54.7188048,45.8091704],[-54.6951844,45.8047602],[-54.6715535,45.800374],[-54.6479119,45.7960119],[-54.6242598,45.791674],[-54.600597,45.7873604],[-54.5769235,45.7830711]]}},{"type":"Feature","properties":{"name":"MDE southern frontier","status":"approximate frontier","dash":true},"geometry":{"type":"LineString","coordinates":[[-87.7,13.05],[-87.54444444444445,13.127777777777778],[-87.25555555555555,13.272222222222222],[-87.1,13.35],[-86.85,13.45],[-86.6,13.55],[-86.44444444444444,13.601851851851853],[-86.15555555555555,13.698148148148148],[-86.0,13.75],[-85.81851851851852,13.827777777777778],[-85.48148148148148,13.972222222222223],[-85.3,14.05],[-85.11851851851851,14.075925925925926],[-84.78148148148148,14.124074074074075],[-84.6,14.15],[-84.475,14.1421875],[-84.19999999999999,14.125],[-83.925,14.1078125],[-83.8,14.1]]}},{"type":"Feature","properties":{"name":"Baja closure review","status":"technical topology review","dash":true},"geometry":{"type":"LineString","coordinates":[[-114.84,31.025],[-114.81341107871721,30.953265306122447],[-114.74483965014578,30.768265306122448],[-114.65107871720117,30.51530612244898],[-114.54892128279883,30.23969387755102],[-114.45516034985422,29.98673469387755],[-114.3865889212828,29.801734693877552],[-114.36,29.73]]}}]}