{"type":"FeatureCollection","features":[{"type":"Feature","properties":{"name":"Pearl River frontier","border":"USA–Caesar's Legions","feature":"Pearl River","kind":"river-border","rule":"This river segment and the political frontier are the same geometry."},"geometry":{"type":"LineString","coordinates":[[-89.583228,30.1893871],[-89.5968928,30.1855291],[-89.6105576,30.1816711],[-89.6138437,30.1905903],[-89.6171872,30.1996649],[-89.6205307,30.2087395],[-89.6238742,30.2178141],[-89.6272176,30.2268887],[-89.6085883,30.2458399],[-89.6130573,30.2539318],[-89.6175263,30.2620237],[-89.6219953,30.2701156],[-89.6264643,30.2782075],[-89.6309333,30.2862994],[-89.6354024,30.2943913],[-89.6347499,30.3138325],[-89.6306041,30.319778],[-89.6264582,30.3257235],[-89.6308348,30.3392164],[-89.6355348,30.3470129],[-89.6402347,30.3548094],[-89.6449346,30.362606],[-89.6496345,30.3704025],[-89.6543345,30.3781991],[-89.6590344,30.3859956],[-89.6637343,30.3937921],[-89.668602,30.4024963],[-89.6742124,30.4249382],[-89.6747815,30.4347833],[-89.6753507,30.4446284],[-89.6759199,30.4544735],[-89.676384,30.4625015],[-89.6764921,30.4626139],[-89.6820505,30.4683916],[-89.687609,30.4741694],[-89.6931674,30.4799471],[-89.6987259,30.4857248],[-89.7042843,30.4915026],[-89.7098428,30.4972803],[-89.7154013,30.5030581],[-89.7209597,30.5088358],[-89.7265182,30.5146136],[-89.7320766,30.5203913],[-89.7376351,30.526169],[-89.6693103,30.6030259],[-89.6706897,30.6128241],[-89.672069,30.6226224],[-89.6734483,30.6324207],[-89.6748276,30.642219],[-89.6762069,30.6520172],[-89.6775862,30.6618155],[-89.6789655,30.6716138],[-89.6803448,30.6814121],[-89.6817241,30.6912103],[-89.6831034,30.7010086],[-89.6844828,30.7108069],[-89.6858621,30.7206052],[-89.6872414,30.7304034],[-89.6886207,30.7402017],[-89.69,30.75],[-89.6909756,30.7597561],[-89.6919512,30.7695122],[-89.6929268,30.7792683],[-89.7833405,30.8236084],[-89.7809873,30.8300819],[-89.7779687,30.838386],[-89.77495,30.8466902],[-89.7719314,30.8549944],[-89.7689128,30.8632985],[-89.7658941,30.8716027],[-89.7628755,30.8799068],[-89.7598569,30.888211],[-89.7568383,30.8965152],[-89.7538196,30.9048193],[-89.750801,30.9131235],[-89.7477824,30.9214276],[-89.7447637,30.9297318],[-89.7417451,30.938036],[-89.7387265,30.9463401],[-89.7357079,30.9546443],[-89.7326892,30.9629484],[-89.7296706,30.9712526],[-89.726652,30.9795568],[-89.7264675,30.9805801],[-89.7290156,30.9899065],[-89.7315638,30.9992329],[-89.7347791,31.0054887],[-89.7384711,31.014077],[-89.7421631,31.0226654],[-89.7458551,31.0312538],[-89.7463913,31.0325012],[-89.773056,31.0769501],[-89.7738721,31.0787182],[-89.7777557,31.0871321],[-89.7816392,31.095546],[-89.7855228,31.1039599],[-89.7894063,31.1123738],[-89.7932899,31.1207877],[-89.8065014,31.1366845],[-89.8197129,31.1525812],[-89.8329243,31.168478]]}},{"type":"Feature","properties":{"name":"Mississippi River frontier","border":"USA–Caesar's Legions","feature":"Mississippi River","kind":"river-border","rule":"This river segment and the political frontier are the same geometry."},"geometry":{"type":"LineString","coordinates":[[-90.5807692,32.0423077],[-90.5846154,32.0538462],[-90.5884615,32.0653846],[-90.5923077,32.0769231],[-90.5961538,32.0884615],[-90.6,32.1],[-90.6038462,32.1115385],[-90.6076923,32.1230769],[-90.6115385,32.1346154],[-90.6153846,32.1461538],[-90.6192308,32.1576923],[-90.6230769,32.1692308],[-90.6269231,32.1807692],[-90.6307692,32.1923077],[-90.6346154,32.2038462],[-90.6384615,32.2153846],[-90.6423077,32.2269231],[-90.6461538,32.2384615],[-90.65,32.25],[-90.6538462,32.2615385],[-90.6576923,32.2730769],[-90.6615385,32.2846154],[-90.6653846,32.2961538],[-90.6692308,32.3076923],[-90.6730769,32.3192308],[-90.6769231,32.3307692],[-90.6807692,32.3423077],[-90.6846154,32.3538462],[-90.6884615,32.3653846],[-90.6923077,32.3769231],[-90.8288892,32.5000852],[-90.8247987,32.5049493],[-90.8207082,32.5098135],[-90.8166177,32.5146776],[-90.8125272,32.5195418],[-90.7319412,32.5663834],[-90.73205,32.566397],[-90.737264,32.5670524],[-90.742478,32.5677077],[-90.747692,32.568363],[-90.752906,32.5690184],[-90.75812,32.5696737],[-90.7633341,32.570329],[-90.7685481,32.5709844],[-90.7737621,32.5716397],[-90.7789761,32.572295],[-90.7841901,32.5729503],[-90.7219467,32.6594543],[-90.7205811,32.6636067],[-90.717532,32.6728775],[-90.7155533,32.678894],[-90.8384615,32.8153846],[-90.8423077,32.8269231],[-90.8461538,32.8384615],[-90.85,32.85],[-90.8538462,32.8615385],[-90.8576923,32.8730769],[-90.8615385,32.8846154],[-90.8653846,32.8961538],[-90.8692308,32.9076923],[-90.8730769,32.9192308],[-90.8769231,32.9307692],[-90.8807692,32.9423077],[-90.8846154,32.9538462],[-90.8884615,32.9653846],[-90.8923077,32.9769231],[-90.8961538,32.9884615],[-90.9,33.0],[-90.9038462,33.0115385],[-90.9076923,33.0230769],[-90.9115385,33.0346154],[-90.9153846,33.0461538],[-90.9192308,33.0576923],[-90.9230769,33.0692308],[-90.9269231,33.0807692],[-90.9307692,33.0923077],[-91.0936029,33.1734458],[-91.0930481,33.1747131],[-91.0934447,33.1774246],[-91.0951774,33.1892722],[-91.0969102,33.2011197],[-91.0986429,33.2129673],[-91.1003756,33.2248148],[-91.1021084,33.2366624],[-91.1038411,33.2485099],[-91.1055739,33.2603575],[-91.1066589,33.2677765],[-91.1283264,33.3886185],[-91.1283613,33.3904472],[-91.1285826,33.4020548],[-91.1288039,33.4136623],[-91.1290251,33.4252699],[-91.1292464,33.4368775],[-91.1294677,33.448485],[-91.129689,33.4600926],[-91.1299103,33.4717002],[-91.1300049,33.4766617],[-91.1307263,33.4772153],[-91.1572266,33.5808334],[-91.1561203,33.5875047],[-91.1543611,33.5981137],[-91.1526019,33.6087227],[-91.1506379,33.6205664],[-91.1497192,33.6261063],[-91.1482473,33.7485107],[-91.1116667,33.7749593],[-91.1057013,33.7775267],[-91.0997359,33.7800941],[-91.0937706,33.7826616],[-91.0878052,33.785229],[-91.0818398,33.7877964],[-91.0677795,33.7902832],[-91.0639437,33.7954986],[-91.0523212,33.8179875],[-91.0561164,33.827537],[-91.0599115,33.8370864],[-91.0637066,33.8466359],[-91.0675018,33.8561854],[-91.0659183,33.878927],[-91.0602835,33.8886466],[-91.0546487,33.8983662],[-91.0490139,33.9080859],[-91.0433791,33.9178055],[-91.0377443,33.9275251],[-91.0402315,33.946697],[-91.0447255,33.9501699],[-91.0492194,33.9536427],[-91.0419082,33.9991885],[-91.0386658,34.0],[-91.0328188,34.0024505],[-91.0269185,34.0049233],[-91.0210181,34.0073961],[-91.0151178,34.009869],[-91.0092174,34.0123418],[-91.0033171,34.0148146],[-91.0,34.0162048],[-90.9537025,34.1374639],[-90.9584882,34.1450315],[-90.9611053,34.1491699],[-91.0638885,34.2297211],[-91.0651812,34.2359066],[-91.0555573,34.3030548],[-91.0557418,34.3073083],[-91.056251,34.3190426],[-91.0567602,34.330777],[-91.0572205,34.3413849],[-90.9519737,34.4881579],[-90.95,34.5],[-90.9461538,34.5115385],[-90.9423077,34.5230769],[-90.9384615,34.5346154],[-90.9346154,34.5461538],[-90.9307692,34.5576923],[-90.9269231,34.5692308],[-90.9230769,34.5807692],[-90.9192308,34.5923077],[-90.9153846,34.6038462],[-90.9115385,34.6153846],[-90.9076923,34.6269231],[-90.9038462,34.6384615],[-90.9,34.65],[-90.8961538,34.6615385],[-90.8923077,34.6730769],[-90.8884615,34.6846154],[-90.8846154,34.6961538],[-90.8807692,34.7076923],[-90.8769231,34.7192308],[-90.8730769,34.7307692],[-90.8692308,34.7423077],[-90.8653846,34.7538462],[-90.8615385,34.7653846],[-90.8576923,34.7769231],[-90.8538462,34.7884615],[-90.85,34.8],[-90.8461538,34.8115385],[-90.8423077,34.8230769],[-90.8384615,34.8346154],[-90.8346154,34.8461538],[-90.8307692,34.8576923],[-90.8269231,34.8692308],[-90.8230769,34.8807692],[-90.8192308,34.8923077],[-90.8153846,34.9038462],[-90.8115385,34.9153846],[-90.8076923,34.9269231],[-90.8038462,34.9384615],[-90.8,34.95],[-90.7961538,34.9615385],[-90.7923077,34.9730769],[-90.7884615,34.9846154],[-90.7846154,34.9961538],[-90.7807692,35.0076923],[-90.7769231,35.0192308],[-90.7730769,35.0307692],[-90.7692308,35.0423077],[-90.7653846,35.0538462],[-90.7615385,35.0653846],[-90.7576923,35.0769231],[-90.7538462,35.0884615],[-90.75,35.1],[-90.7461538,35.1115385],[-90.7423077,35.1230769],[-90.7384615,35.1346154],[-90.7346154,35.1461538],[-90.7307692,35.1576923],[-90.7269231,35.1692308],[-90.7230769,35.1807692],[-90.7192308,35.1923077],[-90.7153846,35.2038462],[-90.7115385,35.2153846],[-90.7076923,35.2269231],[-90.7038462,35.2384615],[-90.7,35.25],[-90.6961538,35.2615385],[-90.6923077,35.2730769],[-90.6884615,35.2846154],[-90.6846154,35.2961538],[-90.6807692,35.3076923],[-90.6769231,35.3192308],[-90.6730769,35.3307692],[-90.6692308,35.3423077],[-90.6653846,35.3538462],[-90.6615385,35.3653846],[-90.6576923,35.3769231],[-90.6538462,35.3884615],[-90.65,35.4],[-90.6397849,35.4086022],[-90.6295699,35.4172043],[-90.6193548,35.4258065],[-90.6091398,35.4344086],[-90.5989247,35.4430108],[-90.5887097,35.4516129],[-90.5784946,35.4602151],[-90.5682796,35.4688172],[-90.5580645,35.4774194],[-90.5478495,35.4860215],[-90.5376344,35.4946237],[-90.5274194,35.5032258],[-90.5172043,35.511828],[-90.5069892,35.5204301],[-90.4967742,35.5290323],[-90.4865591,35.5376344],[-90.4763441,35.5462366],[-90.466129,35.5548387],[-90.455914,35.5634409],[-90.4456989,35.572043],[-90.4354839,35.5806452],[-90.4252688,35.5892473],[-90.4150538,35.5978495],[-90.4048387,35.6064516],[-90.3946237,35.6150538],[-90.3844086,35.6236559],[-90.3741935,35.6322581],[-90.3639785,35.6408602],[-90.3537634,35.6494624],[-90.3435484,35.6580645],[-90.3333333,35.6666667],[-90.3231183,35.6752688],[-90.3129032,35.683871],[-90.3026882,35.6924731],[-90.2924731,35.7010753],[-90.2822581,35.7096774],[-90.272043,35.7182796],[-90.261828,35.7268817],[-90.2516129,35.7354839],[-90.2413978,35.744086],[-90.2311828,35.7526882],[-90.2209677,35.7612903],[-90.2107527,35.7698925],[-90.2005376,35.7784946],[-90.1903226,35.7870968],[-90.1801075,35.7956989],[-90.1698925,35.8043011],[-90.1596774,35.8129032],[-90.1494624,35.8215054],[-90.1392473,35.8301075],[-90.1290323,35.8387097],[-90.1188172,35.8473118],[-90.1086022,35.855914],[-90.0983871,35.8645161],[-90.088172,35.8731183],[-90.077957,35.8817204],[-90.0677419,35.8903226],[-90.0575269,35.8989247],[-90.0473118,35.9075269],[-90.0370968,35.916129],[-90.0268817,35.9247312],[-90.0166667,35.9333333],[-90.0064516,35.9419355],[-89.9962366,35.9505376],[-89.9860215,35.9591398],[-89.9758065,35.9677419],[-89.9655914,35.9763441],[-89.9553763,35.9849462],[-89.9451613,35.9935484],[-89.9349462,36.0021505],[-89.9247312,36.0107527],[-89.9145161,36.0193548],[-89.7310257,36.0],[-89.7252648,36.0097098],[-89.7188302,36.0205549],[-89.7123956,36.0314001],[-89.7059611,36.0422453],[-89.6995265,36.0530904],[-89.6930919,36.0639356],[-89.6866574,36.0747807],[-89.6802228,36.0856259],[-89.6741714,36.0958252],[-89.673242,36.2180932],[-89.6735669,36.2185116],[-89.6738918,36.2189301],[-89.6742167,36.2193485],[-89.6745416,36.219767],[-89.6781908,36.2244669],[-89.6818401,36.2291668],[-89.6854893,36.2338668],[-89.6803833,36.2419894],[-89.6746518,36.2424625],[-89.6689202,36.2429356],[-89.6631886,36.2434087],[-89.629158,36.3169403],[-89.624317,36.3270328],[-89.6190092,36.3380981],[-89.6158371,36.3447113],[-89.6145722,36.3447964],[-89.6089995,36.3451711],[-89.5510623,36.4362741],[-89.5542085,36.4445165],[-89.5569382,36.4516678],[-89.5544499,36.4568553],[-89.5577108,36.4982404],[-89.5613886,36.5031469],[-89.5650664,36.5080533],[-89.5687442,36.5129597],[-89.572422,36.5178661],[-89.5711421,36.5451143]]}},{"type":"Feature","properties":{"name":"Missouri River frontier","border":"Caesar's Legions–UTA","feature":"Missouri River","kind":"river-border","rule":"This river segment and the political frontier are the same geometry."},"geometry":{"type":"LineString","coordinates":[[-95.690518,40.4727529],[-95.6986349,40.4797701],[-95.6974086,40.4926734],[-95.6946129,40.5016712],[-95.7084112,40.5202766],[-95.7156678,40.5225365],[-95.7229244,40.5247964],[-95.730181,40.5270562],[-95.7374376,40.5293161],[-95.7651489,40.5691767],[-95.7662992,40.5807563],[-95.7674494,40.5923359],[-95.7685997,40.6039156],[-95.7697499,40.6154952],[-95.7709002,40.6270748],[-95.7720504,40.6386544],[-95.7732007,40.650234],[-95.7738953,40.6572266],[-95.778096,40.6589386],[-95.78585,40.6620988],[-95.7936041,40.665259],[-95.8013581,40.6684193],[-95.8091121,40.6715795],[-95.8356424,40.6876469],[-95.839542,40.769602],[-95.8357209,40.7750906],[-95.8318999,40.7805791],[-95.8280789,40.7860677],[-95.8261108,40.7888947],[-95.8283387,40.7947281],[-95.832656,40.8060324],[-95.8369733,40.8173368],[-95.8392169,40.8339489],[-95.8355972,40.8423991],[-95.8319775,40.8508493],[-95.8283577,40.8592994],[-95.824738,40.8677496],[-95.8272219,40.8997741],[-95.8321413,40.910631],[-95.8370606,40.9214878],[-95.8416748,40.9316711],[-95.8415712,40.9327496],[-95.8405087,40.9438114],[-95.8394462,40.9548731],[-95.8532491,40.9931435],[-95.8605347,41.0],[-95.8612816,41.0067395],[-95.8625831,41.0184831],[-95.8905961,41.0515106],[-95.8951799,41.0519601],[-95.8997637,41.0524097],[-95.9150652,41.0539104],[-95.9303667,41.0554112],[-95.9456683,41.0569119],[-95.9609698,41.0584126],[-95.9762713,41.0599134],[-95.9915729,41.0614141],[-96.005261,41.061794],[-96.0200487,41.0605385],[-96.0348364,41.0592831],[-96.049624,41.0580276],[-96.0644117,41.0567722],[-96.0791994,41.0555168],[-96.0886078,41.054718],[-96.0908324,41.0535013],[-96.1012192,41.0478202],[-96.1116061,41.0421392],[-96.1219929,41.0364581],[-96.1323797,41.030777],[-96.1710606,41.0159616],[-96.2413024,41.0238357],[-96.304201,41.13515],[-96.3043797,41.1344355],[-96.3045584,41.1337211],[-96.3047371,41.1330067],[-96.3049157,41.1322922],[-96.3050944,41.1315778],[-96.3052731,41.1308633],[-96.3054518,41.1301489],[-96.3056305,41.1294345],[-96.3058092,41.12872],[-96.3059878,41.1280056],[-96.3214319,41.1923664],[-96.3279998,41.2015413],[-96.3313279,41.2061905],[-96.3346561,41.2108398],[-96.3379842,41.215489],[-96.3413124,41.2201382],[-96.3446405,41.2247875],[-96.3479687,41.2294367],[-96.3512968,41.2340859],[-96.5207547,41.1198113],[-96.5358491,41.1160377],[-96.5509434,41.1122642],[-96.5660377,41.1084906],[-96.5811321,41.104717],[-96.5962264,41.1009434],[-96.6113208,41.0971698],[-96.6264151,41.0933962],[-96.6415094,41.0896226],[-96.6566038,41.0858491],[-96.6716981,41.0820755],[-96.6867925,41.0783019],[-96.7018868,41.0745283],[-96.7169811,41.0707547],[-96.7320755,41.0669811],[-96.7471698,41.0632075],[-96.7622642,41.059434],[-96.7773585,41.0556604],[-96.7924528,41.0518868],[-96.8075472,41.0481132],[-96.8226415,41.0443396],[-96.8377358,41.040566],[-96.8528302,41.0367925],[-96.8679245,41.0330189],[-96.8830189,41.0292453],[-96.8981132,41.0254717],[-96.9132075,41.0216981],[-96.9283019,41.0179245],[-96.9433962,41.0141509],[-96.9584906,41.0103774],[-96.9735849,41.0066038],[-96.9886792,41.0028302],[-97.0037736,40.9990566],[-97.0188679,40.995283],[-97.0339623,40.9915094],[-97.0490566,40.9877358],[-97.0641509,40.9839623],[-97.0792453,40.9801887],[-97.0943396,40.9764151],[-97.109434,40.9726415],[-97.1245283,40.9688679],[-97.1396226,40.9650943],[-97.154717,40.9613208],[-97.1698113,40.9575472],[-97.1849057,40.9537736],[-97.2,40.95],[-97.2153846,40.9476923],[-97.2307692,40.9453846],[-97.2461538,40.9430769],[-97.2615385,40.9407692],[-97.2769231,40.9384615],[-97.2923077,40.9361538],[-97.3076923,40.9338462],[-97.3230769,40.9315385],[-97.3384615,40.9292308],[-97.3538462,40.9269231],[-97.3692308,40.9246154],[-97.3846154,40.9223077],[-97.4,40.92],[-97.4153846,40.9176923],[-97.4307692,40.9153846],[-97.4461538,40.9130769],[-97.4615385,40.9107692],[-97.4769231,40.9084615],[-97.4923077,40.9061538],[-97.5076923,40.9038462],[-97.5230769,40.9015385],[-97.5384615,40.8992308],[-97.5538462,40.8969231],[-97.5692308,40.8946154],[-97.5846154,40.8923077],[-97.6,40.89],[-97.6153846,40.8876923],[-97.6307692,40.8853846],[-97.6461538,40.8830769],[-97.6615385,40.8807692],[-97.6769231,40.8784615],[-97.6923077,40.8761538],[-97.7076923,40.8738462],[-97.7230769,40.8715385],[-97.7384615,40.8692308],[-97.7538462,40.8669231],[-97.7692308,40.8646154],[-97.7846154,40.8623077],[-97.8,40.86],[-97.8153846,40.8576923],[-97.8307692,40.8553846],[-97.8461538,40.8530769],[-97.8615385,40.8507692],[-97.8769231,40.8484615],[-97.8923077,40.8461538],[-97.9076923,40.8438462],[-97.9230769,40.8415385],[-97.9384615,40.8392308],[-97.9538462,40.8369231],[-97.9692308,40.8346154],[-97.9846154,40.8323077],[-98.0,40.83],[-98.1285758,40.9888734],[-98.1399645,40.9808756],[-98.1513532,40.9728778],[-98.1627418,40.96488],[-98.1741305,40.9568822],[-98.1855192,40.9488844],[-98.1969078,40.9408866],[-98.2082965,40.9328887],[-98.2196852,40.9248909],[-98.2310738,40.9168931],[-98.2424625,40.9088953],[-98.2538511,40.9008975],[-98.2652398,40.8928997],[-98.2764044,40.8850592],[-98.287569,40.8772188],[-98.2987336,40.8693783],[-98.3098982,40.8615378],[-98.3210628,40.8536974],[-98.3322273,40.8458569],[-98.3433919,40.8380165],[-98.3545565,40.830176],[-98.3657211,40.8223356],[-98.3768857,40.8144951],[-98.3804158,40.8133266],[-98.3948977,40.8086252],[-98.4093796,40.8039238],[-98.4238615,40.7992225],[-98.4383434,40.7945211],[-98.4528253,40.7898198],[-98.4673072,40.7851184],[-98.4817891,40.7804171],[-98.496271,40.7757157],[-98.5107529,40.7710144],[-98.5252348,40.766313],[-98.5397167,40.7616117],[-98.5541986,40.7569103],[-98.5686805,40.7522089],[-98.5831624,40.7475076],[-98.5976443,40.7428062],[-98.6121262,40.7381049],[-98.6266081,40.7334035],[-98.6432062,40.7291299],[-98.6582731,40.7257288],[-98.67334,40.7223277],[-98.6884068,40.7189266],[-98.7034737,40.7155255],[-98.7185406,40.7121244],[-98.7336075,40.7087233],[-98.7486743,40.7053222],[-98.7637412,40.7019211],[-98.7788081,40.69852],[-98.793875,40.6951188],[-98.8089418,40.6917177],[-98.8240087,40.6883166],[-98.8390756,40.6849155],[-98.8541425,40.6815144],[-98.8692094,40.6781133],[-98.8842762,40.6747122],[-98.8993431,40.6713111],[-98.91441,40.66791],[-98.9377424,40.6653066],[-98.9532295,40.6642911],[-98.9687165,40.6632756],[-98.9842036,40.6622601],[-99.0066087,40.6617588],[-99.0218061,40.6629877],[-99.0370034,40.6642167],[-99.0522008,40.6654456],[-99.0673981,40.6666745],[-99.0825955,40.6679035]]}},{"type":"Feature","properties":{"name":"Republican River frontier","border":"Caesar's Legions–UTA","feature":"Republican River","kind":"river-border","rule":"This river segment and the political frontier are the same geometry."},"geometry":{"type":"LineString","coordinates":[[-100.02437588148152,40.30258097927672],[-100.0332868,40.2874731],[-100.0488475,40.2857743],[-100.0644082,40.2840754],[-100.0799689,40.2823766],[-100.0955296,40.2806778],[-100.109436,40.2791595],[-100.1233912,40.2756866],[-100.1384487,40.2719393],[-100.1535062,40.2681921],[-100.1685637,40.2644448],[-100.1836213,40.2606975],[-100.1986788,40.2569502],[-100.2137363,40.253203],[-100.2287938,40.2494557],[-100.2438513,40.2457084],[-100.2589088,40.2419611],[-100.2739664,40.2382138],[-100.2890239,40.2344666],[-100.3115235,40.2313804],[-100.3271113,40.2299974],[-100.342699,40.2286144],[-100.3582868,40.2272314],[-100.3738746,40.2258484],[-100.3894623,40.2244654],[-100.4050501,40.2230824],[-100.4206379,40.2216994],[-100.429094,40.2206319],[-100.4440995,40.2167563],[-100.459105,40.2128806],[-100.4741105,40.2090049],[-100.489116,40.2051293],[-100.5041215,40.2012536],[-100.519127,40.197378],[-100.5341325,40.1935023],[-100.549138,40.1896266],[-100.5641435,40.185751],[-100.604064,40.1819387],[-100.6191148,40.1839567],[-100.6341657,40.1859747],[-100.6492166,40.1879927],[-100.6642675,40.1900107],[-100.6793183,40.1920287],[-100.7017158,40.1963079],[-100.715203,40.2007882],[-100.7286902,40.2052686],[-100.7421774,40.2097489],[-100.7556646,40.2142293],[-100.7691518,40.2187096],[-100.7822266,40.223053],[-100.7968471,40.2191827],[-100.811816,40.2152202],[-100.8267848,40.2112578],[-100.8417536,40.2072953],[-100.8567225,40.2033329],[-100.8716913,40.1993704],[-100.8866601,40.1954079],[-100.901629,40.1914455],[-100.9165978,40.187483],[-100.9315666,40.1835206],[-100.9465355,40.1795581],[-100.9615043,40.1755956],[-100.9764731,40.1716332],[-100.991442,40.1676707],[-101.0104248,40.1638718],[-101.0258308,40.1616055],[-101.0412367,40.1593393],[-101.0566427,40.157073],[-101.0720486,40.1548068],[-101.0874546,40.1525406],[-101.1028606,40.1502743],[-101.1182665,40.1480081],[-101.1336725,40.1457418],[-101.1490784,40.1434756],[-101.1644844,40.1412093],[-101.1798903,40.1389431],[-101.1952963,40.1366768],[-101.2107023,40.1344106],[-101.2261082,40.1321444],[-101.2415142,40.1298781],[-101.2569201,40.1276119],[-101.2723261,40.1253456],[-101.2877321,40.1230794],[-101.303138,40.1208131],[-101.318544,40.1185469],[-101.3294449,40.1169434],[-101.3353517,40.1145447],[-101.3491634,40.1089359],[-101.3629751,40.1033272],[-101.3767868,40.0977184],[-101.3905984,40.0921097],[-101.4044101,40.086501],[-101.4182218,40.0808922],[-101.4320334,40.0752835],[-101.4458451,40.0696747],[-101.4596568,40.064066],[-101.4734684,40.0584572],[-101.4758377,40.0574951],[-101.4763365,40.0569662],[-101.4843253,40.048494],[-101.4923141,40.0400218],[-101.5003028,40.0315495],[-101.6371622,40.1445946],[-101.6527027,40.1432432],[-101.6682432,40.1418919],[-101.6837838,40.1405405],[-101.6993243,40.1391892],[-101.7148649,40.1378378],[-101.7304054,40.1364865],[-101.7459459,40.1351351],[-101.7614865,40.1337838],[-101.777027,40.1324324],[-101.7925676,40.1310811],[-101.8081081,40.1297297],[-101.8236486,40.1283784],[-101.8391892,40.127027],[-101.8547297,40.1256757],[-101.8702703,40.1243243],[-101.8858108,40.122973],[-101.9013514,40.1216216],[-101.9168919,40.1202703],[-101.9324324,40.1189189],[-101.947973,40.1175676],[-101.9635135,40.1162162],[-101.9790541,40.1148649],[-101.9945946,40.1135135],[-102.0101351,40.1121622],[-102.0256757,40.1108108],[-102.0412162,40.1094595],[-102.0567568,40.1081081],[-102.0722973,40.1067568],[-102.0878378,40.1054054],[-102.1033784,40.1040541],[-102.1189189,40.1027027],[-102.1344595,40.1013514],[-102.15,40.1]]}},{"type":"Feature","properties":{"name":"Colorado River frontier","border":"Caesar's Legions–Great Basin","feature":"Colorado River","kind":"river-border","rule":"This river segment and the political frontier are the same geometry."},"geometry":{"type":"LineString","coordinates":[[-106.388002,40.0467339],[-106.3951506,40.0425302],[-106.4070068,40.0347029],[-106.4188631,40.0268755],[-106.4307193,40.0190482],[-106.4425755,40.0112208],[-106.4544318,40.0033934],[-106.4655339,39.9956548],[-106.4769819,39.9873116],[-106.4884298,39.9789683],[-106.4998778,39.970625],[-106.5113258,39.9622817],[-106.5227737,39.9539384],[-106.5342217,39.9455951],[-106.5456697,39.9372518],[-106.5571176,39.9289086],[-106.5612284,39.9247845],[-106.5690103,39.9142028],[-106.5767922,39.903621],[-106.5845741,39.8930393],[-106.592356,39.8824575],[-106.674564,39.8792405],[-106.6759751,39.8809201],[-106.6773863,39.8825996],[-106.6787974,39.8842792],[-106.6802086,39.8859587],[-106.6816197,39.8876383],[-106.6830308,39.8893178],[-106.7379625,39.9049405],[-106.7509724,39.9028626],[-106.7639822,39.9007847],[-106.7769921,39.8987068],[-106.7900019,39.8966289],[-106.8304835,39.8838456],[-106.8427221,39.8766101],[-106.8549608,39.8693747],[-106.8671994,39.8621392],[-106.879438,39.8549038],[-106.8916766,39.8476683],[-106.9039152,39.8404329],[-106.9324777,39.8148217],[-106.9414509,39.804648],[-106.9504242,39.7944742],[-106.9590253,39.7847225],[-106.9676264,39.7749707],[-106.9762275,39.7652189],[-106.9848285,39.7554671],[-106.9934296,39.7457154],[-107.0007354,39.7375549],[-107.0104477,39.7281626],[-107.02016,39.7187704],[-107.0298723,39.7093781],[-107.0395847,39.6999859],[-107.0455372,39.6913785],[-107.0478701,39.6830109],[-107.050203,39.6746434],[-107.0525359,39.6662758],[-107.0548688,39.6579082],[-107.0990409,39.6166393],[-107.1125705,39.610851],[-107.1261002,39.6050627],[-107.1396298,39.5992744],[-107.1531594,39.5934861],[-107.166689,39.5876979],[-107.1802186,39.5819096],[-107.1937483,39.5761213],[-107.2200963,39.5668261],[-107.2343582,39.5641837],[-107.2486201,39.5615413],[-107.2628819,39.5588988],[-107.2771438,39.5562564],[-107.2914056,39.553614],[-107.3056675,39.5509716],[-107.3316762,39.5504167],[-107.3447877,39.5517834],[-107.3578992,39.5531501],[-107.3710107,39.5545167],[-107.3841222,39.5558834],[-107.3972337,39.5572501],[-107.4103452,39.5586167],[-107.4234567,39.5599834],[-107.4365683,39.5613501],[-107.4496798,39.5627167],[-107.4627913,39.5640834],[-107.4841666,39.5644539],[-107.4984176,39.5622704],[-107.5126687,39.560087],[-107.5269197,39.5579035],[-107.5411708,39.55572],[-107.5554219,39.5535365],[-107.5696729,39.551353],[-107.583924,39.5491695],[-107.598175,39.546986],[-107.6124261,39.5448025],[-107.6266771,39.542619],[-107.6409282,39.5404355],[-107.6551792,39.538252],[-107.6694303,39.5360685],[-107.6836813,39.5338851],[-107.6979324,39.5317016],[-107.7121835,39.5295181],[-107.7260723,39.5273901],[-107.7399612,39.5252621],[-107.7538501,39.5231341],[-107.7677389,39.5210061],[-107.7816278,39.5188781],[-107.7955167,39.5167501],[-107.8265101,39.5098532],[-107.840308,39.5053385],[-107.8541059,39.5008238],[-107.8679038,39.4963091],[-107.8817018,39.4917943],[-107.8954997,39.4872796],[-107.9092976,39.4827649],[-107.9230955,39.4782502],[-107.9368934,39.4737355],[-107.9506913,39.4692208],[-107.9644893,39.4647061],[-107.9782872,39.4601913],[-108.0236432,39.4366256],[-108.0354458,39.4284081],[-108.0472485,39.4201907],[-108.0590511,39.4119733],[-108.0708538,39.4037558],[-108.0826565,39.3955384],[-108.0944591,39.3873209],[-108.1062618,39.3791035],[-108.1180644,39.370886],[-108.1298671,39.3626686],[-108.1416697,39.3544511],[-108.1534724,39.3462337],[-108.165275,39.3380162],[-108.1893846,39.3167232],[-108.1987893,39.3069131],[-108.2081939,39.2971029],[-108.2175985,39.2872928],[-108.23997,39.2216405],[-108.2393775,39.2175622],[-108.238785,39.213484],[-108.2381926,39.2094057],[-108.2376001,39.2053275],[-108.2424268,39.1984927],[-108.2504987,39.1882812],[-108.2585707,39.1780696],[-108.2666426,39.1678581],[-108.2747146,39.1576465],[-108.2827865,39.1474349],[-108.2908584,39.1372234],[-108.2989304,39.1270118],[-108.3267863,39.1031667],[-108.3398632,39.0966621],[-108.3529401,39.0901575],[-108.366017,39.0836529],[-108.3790939,39.0771483],[-108.3921708,39.0706437],[-108.4052477,39.0641391],[-108.4361665,39.0552044],[-108.4500326,39.0532405],[-108.4638988,39.0512767],[-108.477765,39.0493129],[-108.502242,39.0486911],[-108.5143332,39.0505097],[-108.5264244,39.0523283]]}},{"type":"Feature","properties":{"name":"Rio Grande frontier","border":"Caesar's Legions–MDE","feature":"Rio Grande","kind":"river-border","rule":"This river segment and the political frontier are the same geometry."},"geometry":{"type":"LineString","coordinates":[[-107.52822224258125,32.39809530271588],[-106.5663834,31.8180542],[-106.491951,31.7533417],[-106.390831,31.7447205],[-106.214447,31.4752731],[-106.0,31.3886871],[-105.7702713,31.1761017],[-105.5977707,31.0800018],[-105.5472794,31.0],[-105.3897171,30.8622284],[-105.0,30.6767197],[-104.9872284,30.6222153],[-104.8925018,30.5597153],[-104.855835,30.4060974],[-104.6822128,30.1875],[-104.6930466,30.0],[-104.5400009,29.6711044],[-104.0,29.3138733],[-103.7794495,29.2688904],[-103.726387,29.1933289],[-103.5430527,29.1491699],[-103.4719467,29.0683289],[-103.3038254,29.0],[-103.1136322,29.0],[-103.1036072,29.0591736],[-103.0,29.1491699],[-102.8625031,29.2241669],[-102.8991699,29.2580566],[-102.8825073,29.3524933],[-102.8194427,29.3966675],[-102.7969513,29.5180588],[-102.6702805,29.7427826],[-102.3850021,29.7697296],[-102.3058395,29.8894501],[-102.0975037,29.8027802],[-102.0,29.8066711],[-101.6252823,29.7663879],[-101.5347214,29.8144531],[-101.531395,29.7641754],[-101.4050064,29.7727814],[-101.3061142,29.6311111],[-101.0,29.3733978],[-100.7936096,29.2572174],[-100.7627792,29.1705475],[-100.6683273,29.113327],[-100.6284866,29.0],[-100.6238937,28.9199982],[-100.5294418,28.8274994],[-100.4788895,28.6736145],[-100.3250046,28.5047226],[-100.3566666,28.4808273],[-100.2825089,28.2813873],[-100.0713806,28.1511078],[-100.0,28.0074463],[-99.994751,28.0],[-99.9319458,27.9786072],[-99.8577728,27.7980652],[-99.7116623,27.6650009],[-99.5908279,27.6388931],[-99.5049973,27.5702744],[-99.472496,27.4005432],[-99.5183334,27.3083344],[-99.4377823,27.2436066],[-99.4555588,27.0577698],[-99.172226,26.5608292],[-99.089447,26.4952774],[-99.0999908,26.4150009],[-99.0,26.3861847],[-98.7994537,26.3688812],[-98.652504,26.2411041],[-98.444725,26.2261047],[-98.1966705,26.058609],[-98.0,26.0534363],[-97.7822266,26.0638885],[-97.6139603,26.0],[-97.4122238,25.8422241],[-97.3494492,25.8488922],[-97.3519516,25.9125061],[-97.2625046,25.9636078],[-97.1399994,25.9663849]]}},{"type":"Feature","properties":{"name":"Montreal River frontier","border":"USA–UTA","feature":"Montreal River","kind":"river-border","rule":"This river segment and the political frontier are the same geometry."},"geometry":{"type":"LineString","coordinates":[[-90.41842478983541,46.565988768181924],[-90.4184249929223,46.56598858406484],[-90.23,46.25],[-90.18,46.05],[-90.32,45.73]]}},{"type":"Feature","properties":{"name":"Mississippi River frontier","border":"USA–UTA","feature":"Mississippi River","kind":"river-border","rule":"This river segment and the political frontier are the same geometry."},"geometry":{"type":"LineString","coordinates":[[-91.24659131111174,43.76279491262497],[-91.24659134349794,43.76279488412059],[-91.2,43.45],[-91.16,43.1],[-91.09003815952002,42.905113558562135],[-91.02007631904003,42.71022711712427]]}},{"type":"Feature","properties":{"name":"Columbia River frontier","border":"NCR–UTA","feature":"Columbia River","kind":"river-border","rule":"This river segment and the political frontier are the same geometry."},"geometry":{"type":"LineString","coordinates":[[-124.06,46.25],[-123.925625,46.2375],[-123.63,46.21],[-123.33437500000001,46.182500000000005],[-123.2,46.17],[-122.95,46.010000000000005],[-122.7,45.85],[-122.51851851851852,45.79814814814815],[-122.18148148148148,45.70185185185185],[-122.0,45.65],[-121.75999999999999,45.68],[-121.52,45.71]]}},{"type":"Feature","properties":{"name":"Colorado River frontier","border":"NCR–MDE","feature":"Colorado River","kind":"river-border","rule":"This river segment and the political frontier are the same geometry."},"geometry":{"type":"LineString","coordinates":[[-114.7194443,32.7180634],[-114.7222923,32.7135227],[-114.7251527,32.7089777],[-114.7280219,32.7044283],[-114.7308964,32.6998745],[-114.7337728,32.6953163],[-114.7366475,32.6907535],[-114.7395171,32.6861862],[-114.7423781,32.6816142],[-114.7452269,32.6770375],[-114.7480602,32.6724561],[-114.7508744,32.6678699],[-114.7536659,32.6632788],[-114.7564315,32.6586828],[-114.7591674,32.6540819],[-114.7618703,32.6494759],[-114.7645367,32.6448649],[-114.767163,32.6402488],[-114.7697459,32.6356275],[-114.7722817,32.6310009],[-114.7747671,32.6263691],[-114.7771984,32.6217319],[-114.7795723,32.6170894],[-114.7818853,32.6124414],[-114.7841338,32.6077879],[-114.7863143,32.6031288],[-114.7884234,32.5984641],[-114.7904577,32.5937938],[-114.7924135,32.5891178],[-114.7942874,32.5844359],[-114.796076,32.5797483],[-114.7977756,32.5750547],[-114.799383,32.5703553],[-114.8008944,32.5656498],[-114.8023066,32.5609383],[-114.8036159,32.5562207],[-114.8048189,32.551497],[-114.8059121,32.546767],[-114.806892,32.5420308],[-114.8077551,32.5372883],[-114.808498,32.5325394],[-114.8091171,32.5277841],[-114.809609,32.5230223],[-114.8099701,32.5182539],[-114.810197,32.513479],[-114.8102862,32.5086975],[-114.8102875,32.508049],[-114.8102831,32.5039083],[-114.8102673,32.4991103],[-114.8102403,32.4943034],[-114.8102025,32.4894879],[-114.8101541,32.484664],[-114.8100955,32.4798319],[-114.810027,32.4749918],[-114.809949,32.4701438],[-114.8098617,32.4652882],[-114.8097655,32.4604251],[-114.8096608,32.4555548],[-114.8095477,32.4506774],[-114.8094268,32.4457931],[-114.8092982,32.440902],[-114.8091624,32.4360045],[-114.8090196,32.4311007],[-114.8088702,32.4261907],[-114.8087145,32.4212748],[-114.8085528,32.4163532],[-114.8083855,32.411426],[-114.8082129,32.4064934],[-114.8080352,32.4015556],[-114.8078529,32.3966129],[-114.8076663,32.3916653],[-114.8074757,32.3867132],[-114.8072813,32.3817566],[-114.8070836,32.3767958],[-114.8068829,32.371831],[-114.8066795,32.3668623],[-114.8064737,32.36189],[-114.8062658,32.3569142],[-114.8060562,32.3519351],[-114.8058452,32.3469529],[-114.8056331,32.3419679],[-114.8054203,32.3369801],[-114.805207,32.3319898],[-114.8049937,32.3269972],[-114.8047806,32.3220024],[-114.804568,32.3170057],[-114.8043563,32.3120073],[-114.8041459,32.3070072],[-114.8039369,32.3020058],[-114.8037298,32.2970032],[-114.803525,32.2919997],[-114.8033226,32.2869953],[-114.803123,32.2819903],[-114.8029267,32.2769848],[-114.8027338,32.2719792],[-114.8025448,32.2669734],[-114.8023598,32.2619679],[-114.8021794,32.2569626],[-114.8020038,32.2519579],[-114.8018333,32.2469539],[-114.8016682,32.2419508],[-114.8015089,32.2369488],[-114.8013557,32.2319481],[-114.801209,32.2269489],[-114.801069,32.2219513],[-114.8009361,32.2169555],[-114.8008106,32.2119619],[-114.8006928,32.2069704],[-114.8005831,32.2019814],[-114.8004818,32.196995],[-114.8003892,32.1920114],[-114.8003056,32.1870308],[-114.8002314,32.1820534],[-114.8001669,32.1770793],[-114.8001124,32.1721088],[-114.8000683,32.1671421],[-114.8000348,32.1621793],[-114.8000124,32.1572207],[-114.8000012,32.1522663],[-114.8,32.15],[-114.8000023,32.1473158],[-114.8000184,32.1423659],[-114.8000494,32.137416],[-114.8000949,32.1324661],[-114.8001545,32.1275163],[-114.8002276,32.1225665],[-114.8003138,32.1176168],[-114.8004126,32.1126671],[-114.8005236,32.1077175],[-114.8006463,32.1027679],[-114.8007803,32.0978183],[-114.800925,32.0928687],[-114.80108,32.0879192],[-114.8012449,32.0829698],[-114.8014191,32.0780203],[-114.8016022,32.0730709],[-114.8017938,32.0681215],[-114.8019934,32.0631722],[-114.8022004,32.0582228],[-114.8024145,32.0532735],[-114.8026352,32.0483242],[-114.802862,32.043375],[-114.8030945,32.0384257],[-114.8033321,32.0334765],[-114.8035744,32.0285273],[-114.8038211,32.0235781],[-114.8040714,32.0186289],[-114.8043251,32.0136797],[-114.8045817,32.0087306],[-114.8048407,32.0037814],[-114.8051015,31.9988322],[-114.8053639,31.9938831],[-114.8056272,31.9889339],[-114.805891,31.9839848],[-114.806155,31.9790357],[-114.8064185,31.9740865],[-114.8066811,31.9691374],[-114.8069424,31.9641882],[-114.8072019,31.9592391],[-114.8074592,31.9542899],[-114.8077137,31.9493407],[-114.807965,31.9443916],[-114.8082126,31.9394424],[-114.8084561,31.9344932],[-114.8086951,31.9295439],[-114.8089289,31.9245947],[-114.8091573,31.9196454],[-114.8093796,31.9146962],[-114.8095955,31.9097469],[-114.8098045,31.9047976],[-114.81,31.9],[-114.8100061,31.8998482],[-114.81001605832455,31.899599778952894]]}},{"type":"Feature","properties":{"name":"Michipicoten River frontier","border":"Iroquois–UTA","feature":"Michipicoten River","kind":"river-border","rule":"This river segment and the political frontier are the same geometry."},"geometry":{"type":"LineString","coordinates":[[-85.39023988926364,47.65350732981229],[-85.2,47.75],[-84.85,47.95],[-84.66875947444481,48.040620262777594]]}},{"type":"Feature","properties":{"name":"St. Lawrence River frontier","border":"Iroquois–Vinland","feature":"St. Lawrence River","kind":"river-border","rule":"This river segment and the political frontier are the same geometry."},"geometry":{"type":"LineString","coordinates":[[-72.543,46.343],[-72.69,46.26703703703704],[-72.96300000000001,46.12596296296296],[-73.11,46.05],[-73.25,46.25],[-73.3,46.35],[-73.46074074074073,46.43555555555556],[-73.75069857103352,46.58988794909848]]}},{"type":"Feature","properties":{"name":"Mattagami River frontier","border":"Iroquois–Vinland","feature":"Mattagami River","kind":"river-border","rule":"This river segment and the political frontier are the same geometry."},"geometry":{"type":"LineString","coordinates":[[-81.28245576105193,49.11803763621839],[-81.52288,49.23008],[-81.63,49.28],[-81.77777777777777,49.35],[-82.05222222222223,49.48],[-82.2,49.55],[-82.30540825125908,49.585450683426714],[-82.55676638887688,49.66998692852118],[-82.85677448861426,49.77088502750492],[-83.10813262623206,49.855421272599386],[-83.21354087749114,49.8908719560261]]}},{"type":"Feature","properties":{"name":"Albany River frontier","border":"UTA–Vinland","feature":"Albany River","kind":"river-border","rule":"This river segment and the political frontier are the same geometry."},"geometry":{"type":"LineString","coordinates":[[-85.94089434273603,51.491085779721686],[-85.9408262,51.4933851],[-85.940285,51.5116414],[-85.940216,51.5139688],[-85.9397437,51.5298978],[-85.9395303,51.5370967],[-85.9392025,51.5481542],[-85.9388446,51.5602246],[-85.9386613,51.5664106],[-85.938159,51.5833525],[-85.938119,51.5846721],[-85.9374411,51.6036435],[-85.9368264,51.622284],[-85.9366608,51.6338882],[-85.9377716,51.63847],[-85.953758,51.6523303],[-85.9795677,51.6650741],[-86.0,51.6755219],[-86.0035588,51.677658],[-86.0252203,51.6900135],[-86.0472893,51.7021347],[-86.0563059,51.7071479],[-86.0691661,51.7143712],[-86.082417,51.721814],[-86.0908775,51.7269304],[-86.1118854,51.7411542],[-86.1336693,51.7535591],[-86.1469421,51.7580566],[-86.1581976,51.760556],[-86.1865978,51.7658479],[-86.2171914,51.7703201],[-86.2479733,51.7736548],[-86.2769383,51.7755345],[-86.2916641,51.7758331],[-86.3022597,51.7741989],[-86.3245854,51.7614361],[-86.3456782,51.7436806],[-86.3671997,51.7302456],[-86.3788834,51.7280579],[-86.3905685,51.729484],[-86.4152289,51.7388267],[-86.4407809,51.7513536],[-86.4595389,51.7586377],[-86.4670996,51.760739],[-86.4925153,51.7669629],[-86.4945768,51.7674833],[-86.5218981,51.7743808],[-86.5254918,51.7752881],[-86.5492229,51.7812792],[-86.5584682,51.7836133],[-86.5765514,51.7881785],[-86.5914446,51.7919385],[-86.6038834,51.7950788],[-86.624421,51.8002637],[-86.631219,51.8019799],[-86.6573975,51.8085889],[-86.6585582,51.8088819],[-86.685901,51.8157848],[-86.6942034,51.8178809],[-86.7132474,51.8226887],[-86.7310093,51.8271729],[-86.7405974,51.8295934],[-86.7678153,51.8364648],[-86.7679509,51.8364991],[-86.7953081,51.8434057],[-86.8046212,51.8457568],[-86.8226689,51.8503131],[-86.8414272,51.8550488],[-86.8500332,51.8572215],[-86.8774012,51.8641308],[-86.8782331,51.8643408],[-86.9047728,51.871041],[-86.9150391,51.8736328],[-86.9321479,51.8779521],[-86.9494781,51.8823273],[-86.9595267,51.8848641],[-86.9839172,51.8910217],[-86.9869091,51.891777],[-87.0142951,51.8986909],[-87.0183563,51.8997162],[-87.0416847,51.9056056],[-87.0527954,51.9084106],[-87.0690779,51.9125213],[-87.0872345,51.9171051],[-87.0964747,51.9194379],[-87.1216736,51.9257996],[-87.1238751,51.9263554],[-87.1512792,51.9332738],[-87.1561127,51.934494],[-87.1786869,51.9401931],[-87.1905518,51.9431885],[-87.2060982,51.9471133],[-87.2261078,51.9521649],[-87.2335131,51.9540344],[-87.2609316,51.9609565],[-87.2616638,51.9611414],[-87.2883538,51.9678795],[-87.2972198,51.9701178],[-87.3157796,51.9748034],[-87.3327759,51.9790942],[-87.343209,51.9817282],[-87.3683319,51.9880707],[-87.3706421,51.9886539],[-87.3980788,51.9955805],[-87.4038879,51.9970471],[-87.4255191,52.0025081],[-87.439444,52.0060236],[-87.452963,52.0094366],[-87.475,52.015],[-87.4804106,52.016366],[-87.5078619,52.0232963],[-87.510556,52.0239764],[-87.5353168,52.0302275],[-87.5461121,52.0329529],[-87.5627753,52.0371597],[-87.5816681,52.0419293],[-87.5902374,52.0440927],[-87.6172241,52.0509058],[-87.6177033,52.0510267],[-87.6451727,52.0579616],[-87.6527802,52.0598822],[-87.6726458,52.0648975],[-87.6883362,52.0688586],[-87.7001226,52.0718342],[-87.7238922,52.0778351],[-87.727603,52.0787719],[-87.7550871,52.0857105],[-87.7594482,52.0868115],[-87.7825748,52.09265],[-87.7938873,52.095506],[-87.8100662,52.0995905],[-87.8283264,52.1042004],[-87.8375612,52.1065318],[-87.8627655,52.1128949],[-87.8650599,52.1134741],[-87.8925623,52.1204174],[-87.8972046,52.1215894],[-87.9200683,52.1273615],[-87.9316437,52.1302838],[-87.947578,52.1343066],[-87.9660828,52.1389783],[-87.975958,52.1411059],[-88.0005219,52.1476727],[-88.0015469,52.1484122],[-88.0115842,52.1637505],[-88.0178219,52.1848553],[-88.0241221,52.2050511],[-88.0322266,52.2163849],[-88.034429,52.217843],[-88.0546033,52.2264149],[-88.0834324,52.2341555],[-88.1166659,52.2405395],[-88.1500532,52.2450416],[-88.1793438,52.2471366],[-88.1852722,52.2472229],[-88.20224,52.2430372],[-88.2221741,52.2281747],[-88.2409934,52.2086849],[-88.2604093,52.1910927],[-88.2821329,52.1819235],[-88.2863998,52.1816711],[-88.3079265,52.1844532],[-88.3370909,52.19161],[-88.3662691,52.1964916],[-88.3668277,52.1965237],[-88.3995272,52.1976004],[-88.4308974,52.1983493],[-88.4438858,52.1991577],[-88.4500512,52.2013142],[-88.4609912,52.2159761],[-88.4692343,52.2378382],[-88.4786883,52.2592654],[-88.4904611,52.2713623],[-88.4935635,52.2727228],[-88.5223898,52.2794285],[-88.5234375,52.2796875],[-88.5499921,52.2863914],[-88.555953,52.2878963],[-88.5775861,52.2933578],[-88.5884684,52.2961051],[-88.6051839,52.3003251],[-88.6209839,52.304314],[-88.6327853,52.3072933],[-88.6534993,52.3125228],[-88.6603904,52.3142625],[-88.6860148,52.3207316],[-88.6879993,52.3212326],[-88.7156119,52.3282037],[-88.7185303,52.3289404],[-88.7432282,52.3351756],[-88.756134,52.3384338],[-88.7708482,52.3421486],[-88.7937378,52.3479272],[-88.7984719,52.3491224],[-88.8260994,52.3560972],[-88.8313416,52.3574207],[-88.8537306,52.363073],[-88.8689453,52.3669141],[-88.8813655,52.3700496],[-88.9012126,52.3750602],[-88.9090041,52.3770273],[-88.9334798,52.3832064],[-88.9366465,52.3840058],[-88.9642926,52.3909853],[-88.9657471,52.3913525],[-88.9919622,52.3979382],[-89.0,52.4],[-89.019447,52.4051605],[-89.0336914,52.4089844],[-89.0468588,52.4124957],[-89.0654297,52.4174479],[-89.0742891,52.4198104],[-89.097168,52.4259115],[-89.1017232,52.4271262],[-89.1289062,52.434375],[-89.1291611,52.434443],[-89.1566028,52.4417608],[-89.1658936,52.4442383],[-89.1840484,52.4490796],[-89.2028809,52.4541016],[-89.2114977,52.4563994],[-89.238951,52.4637203],[-89.2398682,52.4639648],[-89.266408,52.4710421],[-89.2768555,52.4738281],[-89.2938689,52.478365],[-89.3088379,52.4823568],[-89.3213336,52.485689],[-89.3408203,52.4908854],[-89.3488022,52.4930139],[-89.3728027,52.4994141],[-89.3762746,52.5003399],[-89.4037508,52.5076669],[-89.4047852,52.5079427],[-89.4312309,52.5149949],[-89.4367676,52.5164714],[-89.4587148,52.5223239],[-89.46875,52.525],[-89.4862026,52.529654],[-89.5011858,52.5336496],[-89.5136942,52.5369851],[-89.5336217,52.5422991],[-89.5411897,52.5443172],[-89.5660575,52.5509487],[-89.568689,52.5516504],[-89.5961922,52.5589846],[-89.5984933,52.5595982],[-89.6236992,52.5663198],[-89.6309291,52.5682478],[-89.6512101,52.573656],[-89.663365,52.5768973],[-89.6787248,52.5809933],[-89.6958008,52.5855469],[-89.7062435,52.5883316],[-89.7320033,52.5952009],[-89.7337659,52.5956709],[-89.7612923,52.6030113],[-89.7682059,52.6048549],[-89.7888225,52.6103527],[-89.8044085,52.6145089],[-89.8163566,52.6176951],[-89.840611,52.6241629],[-89.8438945,52.6250385],[-89.8714364,52.632383],[-89.8768136,52.633817],[-89.8989821,52.6397285],[-89.9130162,52.643471],[-89.9265316,52.6470751],[-89.9492188,52.653125],[-89.9540851,52.6544227],[-89.9816424,52.6617713],[-89.9830933,52.6621582],[-90.0092037,52.669121],[-90.0169678,52.6711914],[-90.0367688,52.6764717],[-90.0508423,52.6802246],[-90.0643378,52.6838234],[-90.0847168,52.6892578],[-90.0919107,52.6911762],[-90.1185913,52.698291],[-90.1194874,52.69853],[-90.1470681,52.7058848],[-90.1524658,52.7073242],[-90.1746527,52.7132407],[-90.1863403,52.7163574],[-90.2022411,52.7205976],[-90.2202148,52.7253906],[-90.2298335,52.7279556],[-90.255188,52.7347168],[-90.2574298,52.7353146],[-90.2850299,52.7426746],[-90.2901611,52.744043],[-90.312634,52.7500357],[-90.3251343,52.7533691],[-90.340242,52.7573979],[-90.3601074,52.7626953],[-90.3678538,52.764761],[-90.3950806,52.7720215],[-90.3954696,52.7721252],[-90.4230893,52.7794905],[-90.4300537,52.7813477],[-90.450713,52.7868568],[-90.4650269,52.7906738],[-90.4783405,52.7942241],[-90.5,52.8],[-90.5059719,52.8015925],[-90.5336073,52.8089619],[-90.5349731,52.8093262],[-90.5612466,52.8163324],[-90.5699463,52.8186523],[-90.5888898,52.823704],[-90.6049194,52.8279785],[-90.616537,52.8310765],[-90.6398926,52.8373047],[-90.644188,52.8384501],[-90.671843,52.8458248],[-90.6748657,52.8466309],[-90.699502,52.8532005],[-90.7098389,52.855957],[-90.7271648,52.8605773],[-90.744812,52.8652832],[-90.7548316,52.8679551],[-90.7797852,52.8746094],[-90.7825024,52.875334],[-90.8101771,52.8827139],[-90.8136597,52.8836426],[-90.8378557,52.8900948],[-90.8475342,52.8926758],[-90.8655382,52.8974769],[-90.8814087,52.901709],[-90.8932247,52.9048599],[-90.9152832,52.9107422],[-90.9209152,52.9122441],[-90.9486096,52.9196292],[-90.9491577,52.9197754],[-90.976308,52.9270155],[-90.9830322,52.9288086],[-91.0040103,52.9344027],[-91.0169067,52.9378418],[-91.0317165,52.9417911],[-91.0507812,52.946875],[-91.0594268,52.9491805],[-91.0869838,52.956529],[-91.0871409,52.9565709],[-91.1148591,52.9639624],[-91.1231864,52.966183],[-91.1425812,52.971355],[-91.159389,52.9758371],[-91.1703072,52.9787486],[-91.1955915,52.9854911],[-91.1980373,52.9861433],[-91.2257713,52.993539],[-91.2317941,52.9951451],[-91.2535092,53.0009358],[-91.2679967,53.0047991],[-91.2812512,53.0083337],[-91.3041992,53.0144531],[-91.3089971,53.0157326],[-91.336747,53.0231325],[-91.342041,53.0245443],[-91.3645009,53.0305336],[-91.3798828,53.0346354],[-91.3922588,53.0379357],[-91.4177246,53.0447266],[-91.4200206,53.0453388],[-91.4477864,53.052743],[-91.4555664,53.0548177],[-91.4755562,53.0601483],[-91.4934082,53.0649089],[-91.50333,53.0675547],[-91.5311078,53.0749621],[-91.53125,53.075],[-91.5588896,53.0823706],[-91.5632324,53.0835286],[-91.5866754,53.0897801],[-91.5952148,53.0920573],[-91.6144652,53.0971907],[-91.6271973,53.1005859],[-91.6422589,53.1046024],[-91.6591797,53.1091146],[-91.6700567,53.1120151],[-91.6911621,53.1176432],[-91.6978585,53.1194289],[-91.7231445,53.1261719],[-91.7256643,53.1268438],[-91.7534741,53.1342598],[-91.7601318,53.1360352],[-91.7812879,53.1416768],[-91.7971191,53.1458984],[-91.8091057,53.1490948],[-91.8341064,53.1557617],[-91.8369275,53.156514],[-91.8647534,53.1639342],[-91.8710938,53.165625],[-91.8925832,53.1713555],[-91.902832,53.1740885],[-91.9204171,53.1787779],[-91.9345703,53.1825521],[-91.9482549,53.1862013],[-91.9663086,53.1910156],[-91.9761414,53.1935783],[-92.0,53.2],[-92.0038379,53.2011682],[-92.0304163,53.210128],[-92.0336914,53.2112305],[-92.0570527,53.2190176],[-92.0654297,53.2218099],[-92.0836997,53.2278999],[-92.097168,53.2323893],[-92.1103509,53.2367836],[-92.1289062,53.2429688],[-92.1370064,53.2456688],[-92.1584961,53.252832],[-92.1636227,53.2548039],[-92.1880859,53.2626953],[-92.1904979,53.2626876],[-92.2226741,53.2617784],[-92.253541,53.2606577],[-92.2611084,53.2605591],[-92.2742514,53.2656191],[-92.2894678,53.2838676],[-92.3065522,53.3016641],[-92.3088379,53.302946],[-92.3323008,53.3109833],[-92.3408203,53.3136068],[-92.3592994,53.3197665],[-92.3728027,53.3242676],[-92.3859943,53.3286648],[-92.4047852,53.3349284],[-92.4126936,53.3375645],[-92.4367676,53.3455892],[-92.4393971,53.3464657],[-92.4661048,53.3553683],[-92.46875,53.35625],[-92.4928168,53.3642723],[-92.5011858,53.3670619],[-92.519533,53.3731777],[-92.5336217,53.3778739],[-92.5462535,53.3820845],[-92.5660575,53.3886858],[-92.5729782,53.3909927],[-92.5984933,53.3994978],[-92.5997073,53.3999024],[-92.6264405,53.4088135],[-92.6309291,53.4103097],[-92.6531781,53.417726],[-92.663365,53.4211217],[-92.6799199,53.42664],[-92.6958008,53.4319336],[-92.69869267276576,53.43289754871661]]}},{"type":"Feature","properties":{"name":"Slave River frontier","border":"UTA–Vinland","feature":"Slave River","kind":"river-border","rule":"This river segment and the political frontier are the same geometry."},"geometry":{"type":"LineString","coordinates":[[-109.76556488024856,59.75290120013603],[-109.7947049,59.7604128],[-109.7954277,59.7605991],[-109.8277055,59.7689196],[-109.8333333,59.7703704],[-109.8599898,59.7772418],[-109.8771701,59.7816705],[-109.8922803,59.7855656],[-109.9210069,59.7929707],[-109.9245773,59.793891],[-109.9568807,59.8022181],[-109.9648438,59.8042708],[-109.9891904,59.8105469],[-110.0086806,59.815571],[-110.0215066,59.8188772],[-110.0525174,59.8268711],[-110.0538291,59.8272093],[-110.0861581,59.835543],[-110.0963542,59.8381713],[-110.1184934,59.8438783],[-110.1361607,59.8484325],[-110.1508352,59.8522153],[-110.1759673,59.8586938],[-110.1831833,59.8605539],[-110.2155379,59.8688942],[-110.2157738,59.868955],[-110.2478989,59.8772362],[-110.2555804,59.8792163],[-110.2802664,59.8855798],[-110.2953869,59.8894775],[-110.3126403,59.893925],[-110.3351935,59.8997388],[-110.3450206,59.902272],[-110.375,59.91],[-110.3774073,59.9106206],[-110.4098005,59.9189708],[-110.4148065,59.9202612],[-110.4422001,59.9273227],[-110.4546131,59.9305225],[-110.4746062,59.9356763],[-110.4944196,59.9407837],[-110.5070188,59.9440315],[-110.5342262,59.951045],[-110.5394378,59.9523884],[-110.5718632,59.960747],[-110.5740327,59.9613062],[-110.6042952,59.9691072],[-110.6138393,59.9715675],[-110.6367335,59.9774691],[-110.6536458,59.9818287],[-110.6691785,59.9858327],[-110.6974826,59.9931289],[-110.7016298,59.9941979],[-110.7340876,60.0025648],[-110.7413194,60.004429],[-110.766552,60.0109334],[-110.7851562,60.0157292],[-110.7990228,60.0193037],[-110.8289931,60.0270293],[-110.8315001,60.0276756],[-110.8639839,60.0360492],[-110.8728299,60.0383295],[-110.8964743,60.0444245],[-110.9166667,60.0496296],[-110.928971,60.0528014],[-110.9552951,60.0595872],[-110.9614744,60.0611801],[-110.9939236,60.0695448],[-110.9939842,60.0695604],[-111.0265006,60.0779424],[-111.0325521,60.0795023],[-111.0590235,60.0863261],[-111.0711806,60.0894599],[-111.0915529,60.0947114],[-111.109809,60.0994174],[-111.1240889,60.1030985],[-111.1484375,60.109375],[-111.1566314,60.1114872],[-111.1854167,60.1189074],[-111.1891804,60.1198776],[-111.221736,60.1282697],[-111.2223958,60.1284398],[-111.2542982,60.1366635],[-111.259375,60.1379722],[-111.2868668,60.145059],[-111.2963542,60.1475046],[-111.3194421,60.1534562],[-111.3333333,60.157037],[-111.3520239,60.1618551],[-111.3741319,60.167554],[-111.3846123,60.1702556],[-111.4149306,60.178071],[-111.4172072,60.1786579],[-111.4498087,60.1870618],[-111.4557292,60.188588],[-111.4825222,60.1953789],[-111.5,60.2],[-111.5146253,60.2042353],[-111.5291495,60.2085734],[-111.5461979,60.2135876],[-111.558299,60.2171468],[-111.57783,60.2228912],[-111.5973594,60.2286351],[-111.6094686,60.2321966],[-111.6364198,60.2401235],[-111.6411139,60.2415041],[-111.6727659,60.2508135],[-111.6754801,60.2516118],[-111.7044246,60.2601249],[-111.7145405,60.2631001],[-111.7360899,60.2694382],[-111.7522405,60.2741884],[-111.7677618,60.2787535],[-111.7899406,60.2852766],[-111.7994405,60.2880707],[-111.8276406,60.2963649],[-111.8311258,60.2973899],[-111.8628178,60.3067111],[-111.8653406,60.3074531],[-111.8945165,60.3160343],[-111.9030407,60.3185414],[-111.9262219,60.3253594],[-111.9407407,60.3296296],[-111.957934,60.3346865],[-111.9790515,60.3408975],[-111.9896528,60.3440155],[-112.0173623,60.3521654],[-112.0213783,60.3533465],[-112.0531105,60.3626795],[-112.0556731,60.3634333],[-112.0848494,60.3720145],[-112.0939839,60.3747012],[-112.116595,60.3813515],[-112.1322947,60.385969],[-112.1483473,60.3906904],[-112.1706055,60.3972369],[-112.1801064,60.4000313],[-112.2089163,60.4085048],[-112.2118722,60.4093742],[-112.2436447,60.418719],[-112.2492259,60.4203606],[-112.275424,60.4280659],[-112.2895356,60.4322163],[-112.30721,60.4374147],[-112.3298452,60.4440721],[-112.3390952,60.4472386],[-112.3701548,60.4559279],[-112.370768,60.4559222],[-112.4048734,60.4453343],[-112.4347217,60.4287588],[-112.4430618,60.4247208],[-112.4451388,60.4263325],[-112.4485374,60.4411983],[-112.4504678,60.4657222],[-112.4519854,60.4926197],[-112.4541462,60.514606],[-112.4580057,60.5243963],[-112.4583359,60.524437],[-112.4706568,60.5136543],[-112.4932222,60.491076],[-112.5145417,60.4770904],[-112.5161057,60.4769516],[-112.5280321,60.4853844],[-112.5387044,60.5068808],[-112.5512576,60.5292057],[-112.5642989,60.5389322],[-112.5716985,60.540562],[-112.603419,60.5442836],[-112.6097184,60.5451454],[-112.6425392,60.5496351],[-112.6454988,60.5500349],[-112.6812836,60.5549259],[-112.6816593,60.5549865],[-112.7161235,60.5615145],[-112.7194685,60.5624116],[-112.7443116,60.5730574],[-112.7555929,60.578568],[-112.7711525,60.5862729],[-112.797546,60.6004132],[-112.8257223,60.61157],[-112.8333282,60.6133347],[-112.8587675,60.6169505],[-112.896352,60.6201383],[-112.9338792,60.6237252],[-112.9477595,60.6258116],[-112.9672244,60.6309634],[-112.9854595,60.6368999],[-112.9989071,60.640855],[-113.0245199,60.6483882],[-113.0308474,60.6502492],[-113.0627946,60.6596455],[-113.0635802,60.6598765],[-113.0947486,60.6690437],[-113.1026406,60.6713649],[-113.1267096,60.678444],[-113.141701,60.6828532],[-113.1586773,60.6878463],[-113.1708505,60.6914266],[-113.1908604,60.6971276],[-113.2,60.7],[-113.2206457,60.7080182],[-113.2357143,60.7142857],[-113.2493423,60.7197369],[-113.2714286,60.7285714],[-113.2782451,60.731298],[-113.3071429,60.7428571],[-113.3071541,60.7428616],[-113.3360693,60.7544277],[-113.3428571,60.7571429],[-113.3649908,60.7659963],[-113.3785714,60.7714286],[-113.3939185,60.7775674],[-113.4142857,60.7857143],[-113.4228525,60.789141],[-113.45,60.8],[-113.4517928,60.8007171],[-113.4807392,60.8122957],[-113.4857143,60.8142857],[-113.509692,60.8238768],[-113.5214286,60.8285714],[-113.538651,60.8354604],[-113.5571429,60.8428571],[-113.5676163,60.8470465],[-113.5928571,60.8571429],[-113.5965879,60.8586351],[-113.6255657,60.8702263],[-113.6285714,60.8714286],[-113.6545498,60.8818199],[-113.6642857,60.8857143],[-113.6833807,60.8935289],[-113.7,60.9],[-113.7132229,60.9045613],[-113.7351563,60.9117187],[-113.7443649,60.9147883],[-113.7537820641148,60.917927354704936]]}},{"type":"Feature","properties":{"name":"Mackenzie River frontier","border":"UTA–Vinland","feature":"Mackenzie River","kind":"river-border","rule":"This river segment and the political frontier are the same geometry."},"geometry":{"type":"LineString","coordinates":[[-116.25020679920884,61.52085059006537],[-116.2714496,61.5226208],[-116.2768555,61.5230713],[-116.3091746,61.5257646],[-116.3248291,61.5270691],[-116.3469033,61.5289086],[-116.3728027,61.5310669],[-116.3846358,61.532053],[-116.4207764,61.5350647],[-116.4223719,61.5351977],[-116.4601117,61.5383426],[-116.46875,61.5390625],[-116.4978553,61.5414879],[-116.5141602,61.5428467],[-116.5356025,61.5446335],[-116.5595703,61.5466309],[-116.5733535,61.5477795],[-116.6049805,61.550415],[-116.6111081,61.5509257],[-116.6488665,61.5540722],[-116.6503906,61.5541992],[-116.6866286,61.5572191],[-116.6958008,61.5579834],[-116.7243944,61.5603662],[-116.7464844,61.562207],[-116.762164,61.5635137],[-116.797168,61.5664307],[-116.7999372,61.5666614],[-116.8377142,61.5698095],[-116.8478516,61.5706543],[-116.8754949,61.5729579],[-116.8985352,61.5748779],[-116.9132793,61.5761066],[-116.9492188,61.5791016],[-116.9510674,61.5792556],[-116.9888593,61.5824049],[-116.9943848,61.5828654],[-117.0266548,61.5855546],[-117.0395508,61.5866292],[-117.0644542,61.5887045],[-117.0847168,61.5903931],[-117.1022572,61.5918548],[-117.1298828,61.5941569],[-117.140064,61.5950053],[-117.1750488,61.5979207],[-117.1778745,61.5981562],[-117.2156887,61.6013074],[-117.2202148,61.6016846],[-117.2535066,61.6044589],[-117.2668457,61.6055705],[-117.2913283,61.6076107],[-117.3134766,61.6094564],[-117.3291538,61.6107628],[-117.3601074,61.6133423],[-117.3669829,61.6139152],[-117.4048158,61.617068],[-117.4067383,61.6172282],[-117.4426525,61.620221],[-117.4533691,61.6211141],[-117.4804928,61.6233744],[-117.5,61.625],[-117.518337,61.6265281],[-117.5466309,61.6288859],[-117.5561848,61.6296821],[-117.5932617,61.6327718],[-117.5940364,61.6328364],[-117.6318918,61.635991],[-117.6398926,61.6366577],[-117.6697509,61.6391459],[-117.6865234,61.6405436],[-117.7076137,61.6423011],[-117.7331543,61.6444295],[-117.7454803,61.6454567],[-117.7797852,61.6483154],[-117.7833506,61.6486126],[-117.8212247,61.6517687],[-117.8249512,61.6520793],[-117.8591026,61.6549252],[-117.8701172,61.6558431],[-117.8969842,61.658082],[-117.9152832,61.6596069],[-117.9348695,61.6612391],[-117.9604492,61.6633708],[-117.9727586,61.6643966],[-118.0056152,61.6671346],[-118.0106515,61.6675543],[-118.0485481,61.6707123],[-118.0507812,61.6708984],[-118.0864485,61.6738707],[-118.1014648,61.6751221],[-118.1243526,61.6770294],[-118.1521484,61.6793457],[-118.1622605,61.6801884],[-118.2001722,61.6833477],[-118.202832,61.6835693],[-118.2380876,61.6865073],[-118.2535156,61.687793],[-118.2760068,61.6896672],[-118.3041992,61.6920166],[-118.3139297,61.6928275],[-118.3496094,61.6958008],[-118.3518564,61.695988],[-118.3897869,61.6991489],[-118.3950195,61.699585],[-118.4277212,61.7023101],[-118.4404297,61.7033691],[-118.4656592,61.7054716],[-118.4858398,61.7071533],[-118.503601,61.7086334],[-118.53125,61.7109375],[-118.5415466,61.7117956],[-118.5792236,61.7149353],[-118.579496,61.714958],[-118.6174491,61.7181208],[-118.6271973,61.7189331],[-118.655406,61.7212838],[-118.6751709,61.7229309],[-118.6933667,61.7244472],[-118.7231445,61.7269287],[-118.7313312,61.7276109],[-118.7692994,61.730775],[-118.7724609,61.7310384],[-118.8072715,61.7339393],[-118.8217773,61.7351481],[-118.8452473,61.7371039],[-118.8710938,61.7392578],[-118.8832269,61.7402689],[-118.9187012,61.7432251],[-118.9212103,61.7434342],[-118.9591975,61.7465998],[-118.9663086,61.7471924],[-118.9971764,61.749819],[-119.0,61.75],[-119.0355482,61.751669],[-119.0395767,61.7518525],[-119.0739435,61.7534612],[-119.076301,61.7535715],[-119.1123391,61.7552584],[-119.1130253,61.7552905],[-119.1497497,61.7570096],[-119.150737,61.7570558],[-119.189137,61.7588532],[-119.191733,61.7589747],[-119.2275393,61.7606508],[-119.2337164,61.7609399],[-119.2659438,61.7624484],[-119.2756998,61.7629051],[-119.3043505,61.7642462],[-119.3176832,61.7648703],[-119.3427594,61.7660441],[-119.3602549,61.766863],[-119.3811706,61.767842],[-119.4028266,61.7688557],[-119.4195839,61.7696401],[-119.4453983,61.7708484],[-119.4579995,61.7714383],[-119.48797,61.7728411],[-119.4964174,61.7732366],[-119.5305416,61.7748339],[-119.5348374,61.7750349],[-119.5732597,61.7768334],[-119.5795312,61.777127],[-119.6116842,61.778632],[-119.6285207,61.7794201],[-119.6501109,61.7804307],[-119.6775102,61.7817132],[-119.6885399,61.7822295],[-119.7264998,61.7840064],[-119.7269711,61.7840284],[-119.7654045,61.7858274],[-119.7754893,61.7862995],[-119.8038401,61.7876266],[-119.8195228,61.7883606],[-119.842278,61.7894258],[-119.8635564,61.7904218],[-119.880718,61.7912251],[-119.9075899,61.7924829],[-119.9191604,61.7930245],[-119.9516234,61.7945441],[-119.9576049,61.7948241],[-119.995657,61.7966052],[-119.9960517,61.7966237],[-120.0345007,61.7984234],[-120.0396905,61.7986664],[-120.0729519,61.8002233],[-120.0847937,61.8007776],[-120.1114054,61.8020232],[-120.1298968,61.8028888],[-120.1498611,61.8038233],[-120.175,61.805],[-120.188319,61.8056234],[-120.2201032,61.8071112],[-120.2267792,61.8074237],[-120.2652063,61.8092224],[-120.2652416,61.8092241],[-120.3037062,61.8110245],[-120.3103095,61.8113336],[-120.3421731,61.8128251],[-120.354343,61.8133948],[-120.3806422,61.8146258],[-120.3983766,61.8154559],[-120.4191135,61.8164266],[-120.4424101,61.8175171],[-120.4575871,61.8182275],[-120.4864436,61.8195782],[-120.4960629,61.8200285],[-120.5304772,61.8216394],[-120.5345774,61.8218455],[-120.5731702,61.8236959],[-120.5745107,61.8237005],[-120.6054622,61.8162079],[-120.6347086,61.7997705],[-120.6631874,61.7856967],[-120.6791611,61.7830658],[-120.6926804,61.7847635],[-120.7218236,61.7967753],[-120.7518854,61.8118589],[-120.7725738,61.8184476],[-120.785855,61.8204852],[-120.83058,61.8240807],[-120.8702695,61.8279731],[-120.8830032,61.8321991],[-120.8841705,61.8347321],[-120.8883995,61.8365589],[-120.9219702,61.841698],[-120.9678649,61.8441642],[-120.9897703,61.8444762],[-121.0083537,61.8442367],[-121.0322895,61.8436772],[-121.0471058,61.8433362],[-121.0742212,61.8428893],[-121.085601,61.8433816],[-121.1166449,61.8474947],[-121.1229305,61.8485833],[-121.1589839,61.8586019],[-121.189003,61.8641968],[-121.1917883,61.8640822],[-121.22043,61.8518686],[-121.2466859,61.8333555],[-121.2649876,61.8272248],[-121.2716949,61.8275498],[-121.2957622,61.8344033],[-121.3186692,61.8502571],[-121.3402751,61.8752466]]}},{"type":"Feature","properties":{"name":"Skagit River frontier","border":"UTA–アラスカ","feature":"Skagit River","kind":"river-border","rule":"This river segment and the political frontier are the same geometry."},"geometry":{"type":"LineString","coordinates":[[-122.4994431,48.3677673],[-122.4782508,48.3656008],[-122.4581993,48.3642883],[-122.4393673,48.3636158],[-122.4218336,48.3633693],[-122.4058304,48.3633347],[-122.4056771,48.3633351],[-122.3908775,48.3669631],[-122.3772109,48.375874],[-122.3644483,48.387346],[-122.3523603,48.3986577],[-122.3494492,48.4011154],[-122.3410147,48.4086736],[-122.3307974,48.4196618],[-122.3213114,48.4312925],[-122.3121254,48.4430876],[-122.3028081,48.4545691],[-122.2929284,48.4652588],[-122.2820549,48.4746787],[-122.2697564,48.4823507],[-122.2694473,48.4825058],[-122.2550198,48.4883765],[-122.2378454,48.4934944],[-122.2194444,48.4981179],[-122.2010282,48.5026606],[-122.1933705,48.504702],[-122.1835163,48.5075324],[-122.1662817,48.5119504],[-122.1659425,48.5120185],[-122.1476309,48.5150138],[-122.1444371,48.5155209],[-122.1293081,48.5179937],[-122.1225926,48.5190914],[-122.1109931,48.5209873],[-122.100748,48.5226618],[-122.092697,48.5241165],[-122.0789035,48.5262323],[-122.0743027,48.526643],[-122.0556034,48.5281737],[-122.0367475,48.5294113],[-122.0178491,48.5302312],[-122.0,48.5305099],[-121.999022,48.5305072],[-121.9802928,48.5295417],[-121.9615991,48.5274697],[-121.9429047,48.5252074],[-121.9241737,48.523671],[-121.9153925,48.5234602],[-121.9053116,48.5234787],[-121.886281,48.523622],[-121.8711117,48.5238576],[-121.86776,48.5241232],[-121.8500535,48.5288307],[-121.8493824,48.5289938],[-121.8293623,48.5327539],[-121.8058944,48.5364054],[-121.7851443,48.5403193],[-121.7726119,48.545026],[-121.7711182,48.547493],[-121.7720664,48.5513613],[-121.7777858,48.56072],[-121.7871613,48.5723989],[-121.798429,48.5854568],[-121.8098247,48.5989523],[-121.8195842,48.6119439],[-121.8259435,48.6234904],[-121.8274273,48.6302411],[-121.8256749,48.6326557],[-121.8077862,48.6399002],[-121.8068686,48.64033],[-121.7925684,48.6473476],[-121.7863099,48.6504189],[-121.7773853,48.6547985],[-121.7657512,48.6605078],[-121.7622008,48.6622501],[-121.7470148,48.6697024],[-121.7451925,48.6705967],[-121.7318274,48.6771554],[-121.7246338,48.6806856],[-121.7166385,48.6846092],[-121.7040751,48.6907745],[-121.7014482,48.6920636],[-121.6862564,48.6995188],[-121.6835164,48.7008634],[-121.6710632,48.7069746],[-121.6629577,48.7109523],[-121.6558686,48.7144312],[-121.6439907,48.7202601],[-121.6406725,48.7218885],[-121.6254749,48.7293465],[-121.6250236,48.7295679],[-121.6102759,48.7368052],[-121.6060566,48.7388757],[-121.5950754,48.7442646],[-121.5870895,48.7481836],[-121.5792302,48.7515448],[-121.5681224,48.7574914]]}},{"type":"Feature","properties":{"name":"Fraser River frontier","border":"UTA–アラスカ","feature":"Fraser River","kind":"river-border","rule":"This river segment and the political frontier are the same geometry."},"geometry":{"type":"LineString","coordinates":[[-121.49237505760249,49.36192720547999],[-121.4923751,49.3619272],[-121.4958187,49.3614821],[-121.4971643,49.3613082],[-121.5019536,49.3606892],[-121.5067428,49.3600702],[-121.511532,49.3594512],[-121.5147529,49.3590349],[-121.537828,49.3560525],[-121.5624467,49.3528706],[-121.5822969,49.350305],[-121.5910665,49.3491715],[-121.5911026,49.3491669],[-121.5896159,49.3512169],[-121.5852123,49.357461],[-121.5786363,49.3671477],[-121.5706399,49.3795152],[-121.5619749,49.3938021],[-121.5533934,49.4092467],[-121.5456472,49.4250873],[-121.5394883,49.4405624],[-121.5356687,49.4549103],[-121.5347891,49.4640453],[-121.5353462,49.4674772],[-121.5414024,49.4795236],[-121.5417628,49.4803275],[-121.5465744,49.4915616],[-121.5487365,49.4966097],[-121.5517303,49.5035996],[-121.5559563,49.5134665],[-121.5568864,49.5156379],[-121.5620425,49.5276764],[-121.5631762,49.5303234],[-121.5671987,49.5397151],[-121.570396,49.5471802],[-121.572355,49.551754],[-121.5775113,49.5637931],[-121.5776158,49.5640371],[-121.5826678,49.5758325],[-121.5848356,49.5808939],[-121.5878244,49.587872],[-121.5920554,49.5977508],[-121.592981,49.5999118],[-121.5981378,49.6119518],[-121.5992753,49.6146076],[-121.6032946,49.6239919],[-121.6064951,49.6314645],[-121.6084515,49.6360324],[-121.6136085,49.648073],[-121.6137149,49.6483213],[-121.6187657,49.6601138],[-121.6209347,49.6651782],[-121.6239229,49.6721548],[-121.6281546,49.682035],[-121.6290802,49.6841961],[-121.6342375,49.6962375],[-121.6353744,49.6988919],[-121.639395,49.7082792],[-121.6425942,49.7157487],[-121.6445526,49.7203211],[-121.6497102,49.7323632],[-121.649814,49.7326055],[-121.654868,49.7444055],[-121.6570338,49.7494624],[-121.6600258,49.7564481],[-121.6642537,49.7663192],[-121.6651837,49.7684908],[-121.6703418,49.7805337],[-121.6714735,49.7831761],[-121.6754999,49.7925769],[-121.6786933,49.8000329],[-121.6806581,49.8046203],[-121.6858164,49.8166639],[-121.6859131,49.8168898],[-121.6909748,49.8287077],[-121.693133,49.8337466],[-121.6961332,49.8407517],[-121.7003528,49.8506035],[-121.7012918,49.8527959],[-121.7064505,49.8648404],[-121.7075726,49.8674603],[-121.7116092,49.876885],[-121.7147924,49.8843172],[-121.7167681,49.8889299],[-121.721927,49.900975],[-121.7220122,49.901174],[-121.727086,49.9130203],[-121.7292321,49.9180309],[-121.7322451,49.9250658],[-121.7364519,49.9348877],[-121.7374043,49.9371115],[-121.7425636,49.9491574],[-121.7436717,49.9517446],[-121.747723,49.9612036],[-121.7508915,49.9686014],[-121.7528825,49.9732499],[-121.7580421,49.9852965],[-121.7581114,49.9854583],[-121.7632017,49.9973433],[-121.7653312,50.0023151],[-121.7683615,50.0093903],[-121.772551,50.019172],[-121.7735213,50.0214375],[-121.7786812,50.0334849],[-121.7797708,50.0360288],[-121.7838413,50.0455325],[-121.7869906,50.0528857],[-121.7890014,50.0575804],[-121.7941616,50.0696284],[-121.7942105,50.0697425],[-121.7993219,50.0816767],[-121.8011842,50.0860247],[-121.8044823,50.0937252],[-121.8081578,50.1023069],[-121.8096428,50.1057739],[-121.8148033,50.1178228],[-121.8151315,50.1185891],[-121.819964,50.1298719],[-121.8221052,50.1348713],[-121.8251248,50.1419212],[-121.8290789,50.1511534],[-121.8302856,50.1539708],[-121.8354465,50.1660205],[-121.8360526,50.1674356],[-121.8406076,50.1780705],[-121.8430263,50.1837178],[-121.8460148,50.1900987],[-121.85,50.2],[-121.8505423,50.20221],[-121.8527794,50.2146343],[-121.8533482,50.2178571],[-121.8550714,50.2270475],[-121.8566964,50.2357143],[-121.8573976,50.2394537],[-121.8597237,50.25186],[-121.8600446,50.2535714],[-121.8620499,50.2642663],[-121.8633929,50.2714286],[-121.8643761,50.2766727],[-121.8667023,50.2890791],[-121.8667411,50.2892857],[-121.8690285,50.3014855],[-121.8700893,50.3071429],[-121.8713548,50.313892],[-121.8734375,50.325],[-121.873681,50.3262986],[-121.8760072,50.3387052],[-121.8766602,50.3421875],[-121.8783335,50.3511118],[-121.8798828,50.359375],[-121.8806597,50.3635185],[-121.882986,50.3759252],[-121.8831055,50.3765625],[-121.8853123,50.388332],[-121.8863281,50.39375],[-121.8876385,50.4007388],[-121.8895508,50.4109375],[-121.8899648,50.4131457],[-121.8922911,50.4255526],[-121.8927734,50.428125],[-121.8946174,50.4379596],[-121.8959961,50.4453125],[-121.8969437,50.4503666],[-121.8992187,50.4625],[-121.8992701,50.4627736],[-121.9015964,50.4751807],[-121.9024414,50.4796875],[-121.9039227,50.4875879],[-121.9056641,50.496875],[-121.9062491,50.4999951],[-121.9085754,50.5124023],[-121.9088867,50.5140625],[-121.9113739,50.5249044],[-121.9121094,50.53125],[-121.9112954,50.5369622],[-121.9051736,50.5486597],[-121.8948399,50.5601388],[-121.8824351,50.5714302],[-121.8700997,50.5825642],[-121.8599743,50.5935714],[-121.8541995,50.6044822],[-121.8535862,50.6090008],[-121.8586766,50.6152178],[-121.8637585,50.6193717],[-121.8705081,50.6257539],[-121.8828911,50.636138],[-121.8954691,50.6465005],[-121.9066746,50.6570201],[-121.9149398,50.6678756],[-121.9177856,50.6744537],[-121.9190878,50.6792478],[-121.9215543,50.6912144],[-121.9233346,50.7036258],[-121.9247557,50.7163085],[-121.9261441,50.7290889],[-121.9278266,50.7417936],[-121.9301301,50.7542491],[-121.9305573,50.7561188],[-121.9337466,50.7663946],[-121.9390916,50.7783862],[-121.9455371,50.7902846],[-121.9524395,50.8021482],[-121.9591551,50.8140351],[-121.9650402,50.8260035],[-121.9694513,50.8381116],[-121.9701172,50.840625],[-121.972064,50.8504565],[-121.9733398,50.8578125],[-121.9742918,50.8628895],[-121.9765625,50.875],[-121.9766184,50.875298],[-121.978945,50.8877066],[-121.9799107,50.8928571],[-121.9812716,50.9001153],[-121.9832589,50.9107143],[-121.9835983,50.912524],[-121.9859249,50.9249328],[-121.9866071,50.9285714],[-121.9886625,50.9376145],[-121.9899554,50.9464286],[-121.9894743,50.949287],[-121.9804332,50.9592005],[-121.963539,50.9682336],[-121.9435213,50.9768167],[-121.9251099,50.98538],[-121.9130344,50.9943538],[-121.9107971,51.0],[-121.9111283,51.0041139],[-121.9144873,51.0144384],[-121.9209682,51.025149],[-121.9299517,51.0361482],[-121.9408188,51.0473384],[-121.9529504,51.0586221],[-121.9657275,51.0699017],[-121.9785309,51.0810798],[-121.9907417,51.0920588],[-122.0,51.1009674],[-122.0017577,51.1027599],[-122.0119808,51.1138155],[-122.0221988,51.1251379],[-122.032915,51.1361252],[-122.044633,51.1461754],[-122.0578562,51.1546865],[-122.0605811,51.1560803],[-122.0715986,51.1598956],[-122.0747698,51.1609577],[-122.0941586,51.1665436],[-122.1140395,51.1720152],[-122.1313549,51.178087],[-122.1416626,51.1841583],[-122.1431222,51.1854931],[-122.1507925,51.19547],[-122.1568099,51.2075842],[-122.1620861,51.2206572],[-122.1675326,51.2335104],[-122.1693418,51.2371583],[-122.173429,51.2455879],[-122.1775432,51.2528623],[-122.1809723,51.2569806],[-122.1940603,51.2672864],[-122.2094731,51.2771132],[-122.222834,51.2870003],[-122.229766,51.2974869],[-122.2299957,51.2997131],[-122.2295562,51.3089475],[-122.2280003,51.3211419],[-122.2257279,51.3337917],[-122.2231694,51.3466232],[-122.2207554,51.359363],[-122.2199343,51.3643232],[-122.2186338,51.3718749],[-122.2161298,51.3844892],[-122.2136453,51.3970975],[-122.2117062,51.4095348],[-122.2108383,51.4216364],[-122.2108307,51.4227829],[-122.2136361,51.4332912],[-122.2217483,51.4446084],[-122.2326567,51.4557492],[-122.2438144,51.4668747],[-122.2495549,51.4735907],[-122.2531362,51.4781007],[-122.2605085,51.4879623],[-122.2614218,51.4894515],[-122.2680918,51.5012248],[-122.2739157,51.5132359],[-122.278755,51.5252516],[-122.2787937,51.5253591],[-122.2825168,51.5376321],[-122.2840878,51.5431496],[-122.2861088,51.5499322],[-122.2894207,51.5610476],[-122.2897696,51.5622183],[-122.2934303,51.5745045],[-122.2947536,51.5789456],[-122.2970912,51.5867908],[-122.3000865,51.5968436],[-122.3007412,51.5990828],[-122.3040624,51.6115434],[-122.3072359,51.6240798],[-122.3107114,51.6364616],[-122.3149385,51.6484584],[-122.3166733,51.6525116],[-122.3211181,51.6599396],[-122.3313826,51.6711348],[-122.3444677,51.6820949],[-122.3588529,51.6928474],[-122.3730181,51.7034201],[-122.3854429,51.7138404],[-122.3946071,51.724136],[-122.3989903,51.7343344],[-122.3991623,51.7366638],[-122.3977737,51.7377777],[-122.3962311,51.7450629],[-122.3946957,51.7570405],[-122.393819,51.7697542],[-122.3932426,51.7828035],[-122.392608,51.7957877],[-122.3920661,51.8031991],[-122.391585,51.808371],[-122.3902603,51.8208459],[-122.3888979,51.8333204],[-122.3877401,51.8457968],[-122.387029,51.8582773],[-122.38694,51.8619537],[-122.386809,51.8707758],[-122.386643,51.8833168],[-122.3865002,51.8958819],[-122.3863806,51.9084506],[-122.3862844,51.9210019],[-122.3862117,51.9335153],[-122.3861626,51.94597],[-122.3861372,51.9583453],[-122.3861333,51.9653333],[-122.3872087,51.970601],[-122.3930667,51.9826667],[-122.3930819,51.9827047],[-122.3985378,51.9948019],[-122.4,52.0],[-122.4008611,52.0071306],[-122.4017333,52.0173333],[-122.4019636,52.019636],[-122.4032108,52.0321076],[-122.4034667,52.0346667],[-122.4044579,52.0445791],[-122.4052,52.052],[-122.4057051,52.0570507],[-122.4069333,52.0693333],[-122.4069522,52.0695223],[-122.4081994,52.0819939],[-122.4086667,52.0866667],[-122.4094466,52.0944655],[-122.4104,52.104],[-122.4106937,52.1069371],[-122.4119409,52.1194088],[-122.4121714,52.1217143],[-122.413188,52.1318805],[-122.4139429,52.1394286],[-122.4144352,52.1443521],[-122.4156824,52.1568238],[-122.4157143,52.1571429],[-122.4169296,52.1692955],[-122.4174857,52.1748571],[-122.4181767,52.1817672],[-122.4192571,52.1925714],[-122.4194239,52.1942389],[-122.4206711,52.2067107],[-122.4210286,52.2102857],[-122.4219182,52.2191824],[-122.4228,52.228],[-122.4231654,52.2316542],[-122.4244126,52.244126],[-122.4245714,52.2457143],[-122.4256598,52.2565978],[-122.4263429,52.2634286],[-122.426907,52.2690696],[-122.4281143,52.2811429],[-122.428155,52.281542],[-122.429657,52.2941867],[-122.4298857,52.2988571],[-122.4279671,52.3058],[-122.4181563,52.3165588],[-122.4032661,52.3268409],[-122.3869754,52.3369439],[-122.372963,52.3471656],[-122.3649079,52.3578036],[-122.3641739,52.3619385],[-122.3649712,52.369086],[-122.3690095,52.3808494],[-122.3753905,52.3929211],[-122.3829059,52.4051421],[-122.3903471,52.4173535],[-122.3949886,52.4260673],[-122.3965938,52.4294081],[-122.4021123,52.4408927],[-122.4023558,52.4413993],[-122.4081178,52.4533908],[-122.4092361,52.4557181],[-122.41388,52.4653825],[-122.4163599,52.4705434],[-122.4196423,52.4773744],[-122.4234836,52.4853688],[-122.4253275,52.4893965],[-122.4306074,52.5001942],[-122.4313118,52.5013114],[-122.4414546,52.5124527],[-122.4545849,52.5231669],[-122.4674362,52.5337806],[-122.4767419,52.5446204],[-122.4794388,52.5536118],[-122.4793916,52.5560082],[-122.4779834,52.5680027],[-122.4751349,52.5803969],[-122.4715464,52.5929964],[-122.4679183,52.6056069],[-122.4657653,52.6141805],[-122.4647328,52.6180694],[-122.4621097,52.630374],[-122.4621101,52.6304285],[-122.4681292,52.6406485],[-122.4682315,52.642247],[-122.4687673,52.6547096],[-122.4689379,52.667287],[-122.4689383,52.6679802],[-122.4649258,52.6795723],[-122.4638791,52.6843741],[-122.4649701,52.6919143],[-122.4675463,52.7016868],[-122.4681038,52.7043186],[-122.4707291,52.7167121],[-122.4712136,52.7189995],[-122.4738745,52.7291007],[-122.4748808,52.7363122],[-122.4745293,52.741521],[-122.4723277,52.7534214],[-122.4722192,52.7539621],[-122.4687836,52.7662831],[-122.4678736,52.7694003],[-122.4653087,52.7786019],[-122.4634195,52.7853792],[-122.4618741,52.7909231],[-122.4589654,52.8013581],[-122.458423,52.8032454],[-122.4542732,52.8156048],[-122.4497354,52.8279849],[-122.4457366,52.8403365],[-122.4432041,52.8526104],[-122.4427719,52.8594513],[-122.4431956,52.8647599],[-122.4468777,52.8767874],[-122.4532624,52.8887326],[-122.461029,52.900636],[-122.4688568,52.9125376],[-122.4742067,52.9219478],[-122.4754785,52.9244763],[-122.4814931,52.9364339],[-122.4815148,52.9364771],[-122.48729,52.948467],[-122.4928508,52.9605816],[-122.4984805,52.9726728],[-122.5044843,52.9846353],[-122.5111672,52.9963642],[-122.5134659,53.0],[-122.519652,53.0077731],[-122.5315219,53.0189073],[-122.544715,53.0298589],[-122.5569531,53.0407194],[-122.5659577,53.05158],[-122.5694504,53.0625],[-122.5694503,53.0625322],[-122.5608375,53.0734419],[-122.5476825,53.084457],[-122.5452805,53.0899963],[-122.5453189,53.0960193],[-122.5456066,53.108029],[-122.5461592,53.1203615],[-122.5469578,53.1329291],[-122.5479832,53.1456439],[-122.5492162,53.1584181],[-122.5506377,53.1711638],[-122.5522285,53.1837932],[-122.5533854,53.1921875],[-122.5541863,53.196225],[-122.5579224,53.2085396],[-122.5581597,53.209375],[-122.5613514,53.2208652],[-122.562934,53.2265625],[-122.5647753,53.2331911],[-122.5677083,53.24375],[-122.5681992,53.245517],[-122.5716231,53.2578431],[-122.5724826,53.2609375],[-122.575047,53.2701693],[-122.5772569,53.278125],[-122.578471,53.2824955],[-122.581895,53.2948219],[-122.5820312,53.2953125],[-122.585136,53.3071992],[-122.5868056,53.3125],[-122.5896251,53.3192897],[-122.5961783,53.3311006],[-122.6041411,53.3427407],[-122.6128164,53.3542919],[-122.6215072,53.365836],[-122.6295167,53.3774548],[-122.6361477,53.3892302],[-122.6391678,53.3963852],[-122.6408426,53.4012385],[-122.6444949,53.4134625],[-122.6476151,53.4258295],[-122.6504614,53.4382702],[-122.6532923,53.4507152],[-122.6556893,53.4605106],[-122.6563559,53.4630977],[-122.659538,53.4754484],[-122.6601391,53.4777817],[-122.6627201,53.4877992],[-122.664589,53.4950528],[-122.6657808,53.500227],[-122.6669388,53.5041733],[-122.6721353,53.5117418],[-122.6856302,53.5222774],[-122.7013021,53.5324294],[-122.7138368,53.5426916],[-122.7180557,53.5519485],[-122.7180095,53.5535543],[-122.7153689,53.5651592],[-122.7095579,53.5772681],[-122.7018143,53.589675],[-122.6933757,53.6021738],[-122.6854799,53.6145583],[-122.6793646,53.6266225],[-122.6762675,53.6381603],[-122.6761093,53.6411133],[-122.6805098,53.6489119],[-122.6957678,53.6589587],[-122.7128066,53.6689276],[-122.7218571,53.6794625],[-122.7219467,53.6805573],[-122.7211463,53.6909113],[-122.7187676,53.7029879],[-122.7154354,53.7155025],[-122.7117851,53.7282672],[-122.708452,53.7410945],[-122.7060716,53.7537968],[-122.7052689,53.7649994],[-122.7052894,53.7661891],[-122.7076607,53.7784665],[-122.7131942,53.790795],[-122.7207817,53.8031091],[-122.7293152,53.8153433],[-122.7376865,53.827432],[-122.7447876,53.8393096],[-122.7495104,53.8509107],[-122.7508316,53.8600006],[-122.7506395,53.8621628],[-122.7444274,53.8728487],[-122.7318919,53.8831035],[-122.7163473,53.893217],[-122.7011081,53.9034792],[-122.6894887,53.91418],[-122.6872177,53.9174957],[-122.68309,53.9255943],[-122.6784256,53.9377012],[-122.6746838,53.9502419],[-122.6713041,53.9629522],[-122.6677261,53.9755679],[-122.6633894,53.9878248],[-122.6577335,53.9994586],[-122.6574173,54.0],[-122.6482402,54.0102507],[-122.6344641,54.0204373],[-122.6197362,54.0304552],[-122.6073944,54.0407415],[-122.6014697,54.0494889],[-122.6006377,54.0517282],[-122.5972065,54.0635145],[-122.5947534,54.07586],[-122.5928191,54.0885416],[-122.5909442,54.1013365],[-122.5886692,54.1140216],[-122.5855348,54.1263738],[-122.5852737,54.1272125],[-122.5799853,54.1384451],[-122.5714579,54.1504754],[-122.56586681265829,54.157258330520364]]}},{"type":"Feature","properties":{"name":"Liard River frontier","border":"UTA–アラスカ","feature":"Liard River","kind":"river-border","rule":"This river segment and the political frontier are the same geometry."},"geometry":{"type":"LineString","coordinates":[[-123.20412078783052,60.35592955826294],[-123.2037794,60.3561287],[-123.1888889,60.3648148],[-123.1874406,60.3656597],[-123.1710997,60.3751918],[-123.1666667,60.3777778],[-123.1547569,60.3847251],[-123.1444444,60.3907407],[-123.1384121,60.3942596],[-123.1222222,60.4037037],[-123.1220652,60.4037953],[-123.1057164,60.4133321],[-123.1,60.4166667],[-123.0893655,60.4228701],[-123.0777778,60.4296296],[-123.0730127,60.4324093],[-123.0566578,60.4419496],[-123.0555556,60.4425926],[-123.040301,60.4514911],[-123.0333333,60.4555556],[-123.0239421,60.4610338],[-123.0111111,60.4685185],[-123.0075812,60.4705776],[-122.9912184,60.4801226],[-122.9888889,60.4814815],[-122.9748535,60.4896688],[-122.9666667,60.4944444],[-122.9584866,60.4992161],[-122.9444444,60.5074074],[-122.9421178,60.5087646],[-122.9257469,60.5183143],[-122.9222222,60.5203704],[-122.909374,60.5278652],[-122.9,60.5333333],[-122.8929991,60.5374172],[-122.8777778,60.5462963],[-122.8766222,60.5469704],[-122.8602432,60.5565248],[-122.8555556,60.5592593],[-122.8438623,60.5660803],[-122.8333333,60.5722222],[-122.8274794,60.575637],[-122.8111111,60.5851852],[-122.8110944,60.5851949],[-122.7947075,60.594754],[-122.7888889,60.5981481],[-122.7783185,60.6043142],[-122.7666667,60.6111111],[-122.7619275,60.6138756],[-122.7455345,60.6234382],[-122.7444444,60.6240741],[-122.7291395,60.633002],[-122.7222222,60.637037],[-122.7127425,60.6425669],[-122.7,60.65],[-122.6963434,60.652133],[-122.6799424,60.6617003],[-122.6777778,60.662963],[-122.6635393,60.6712687],[-122.6555556,60.6759259],[-122.6471342,60.6808384],[-122.6333333,60.6888889],[-122.6307271,60.6904092],[-122.614318,60.6999812],[-122.6111111,60.7018519],[-122.5979069,60.7095543],[-122.5888889,60.7148148],[-122.5814937,60.7191287],[-122.5666667,60.7277778],[-122.5650785,60.7287042],[-122.5486613,60.7382809],[-122.5444444,60.7407407],[-122.5322421,60.7478588],[-122.5222222,60.7537037],[-122.5158209,60.7574378],[-122.5,60.7666667],[-122.4993976,60.7670181],[-122.4829723,60.7765995],[-122.4777778,60.7796296],[-122.466545,60.7861821],[-122.4555556,60.7925926],[-122.4501157,60.7957658],[-122.4336843,60.8053508],[-122.4333333,60.8055556],[-122.417251,60.8149369],[-122.4111111,60.8185185],[-122.4008156,60.8245243],[-122.3888889,60.8314815],[-122.3843781,60.8341128],[-122.3679387,60.8437024],[-122.3666667,60.8444444],[-122.3514972,60.8532933],[-122.3444444,60.8574074],[-122.3350537,60.8628854],[-122.3222222,60.8703704],[-122.3186081,60.8724786],[-122.3021606,60.882073],[-122.3,60.8833333],[-122.285711,60.8916686],[-122.2777778,60.8962963],[-122.2692594,60.9012654],[-122.2555556,60.9092593],[-122.2528057,60.9108633],[-122.23635,60.9204625],[-122.2333333,60.9222222],[-122.2198923,60.9300628],[-122.2111111,60.9351852],[-122.2034325,60.9396644],[-122.1888889,60.9481481],[-122.1869708,60.9492671],[-122.1705069,60.958871],[-122.1666667,60.9611111],[-122.1540411,60.968476],[-122.1444444,60.9740741],[-122.1375732,60.9780823],[-122.1222222,60.987037],[-122.1210902,60.9876869],[-122.1039232,60.9971451],[-122.1,61.0],[-122.0924395,61.0081262],[-122.0869792,61.0149306],[-122.0827475,61.0197829],[-122.0739583,61.0298611],[-122.0727096,61.031293],[-122.0626711,61.0428038],[-122.0609375,61.0447917],[-122.0526321,61.0543152],[-122.0479167,61.0597222],[-122.0425925,61.0658273],[-122.0348958,61.0746528],[-122.0325523,61.07734],[-122.0225116,61.0888533],[-122.021875,61.0895833],[-122.0124704,61.1003673],[-122.0088542,61.1045139],[-122.0024286,61.1118819],[-121.9958333,61.1194444],[-121.9923862,61.1233971],[-121.9828125,61.134375],[-121.9823433,61.134913],[-121.9722999,61.1464295],[-121.9684896,61.1507986],[-121.9622559,61.1579466],[-121.9541667,61.1672222],[-121.9522113,61.1694643],[-121.9421662,61.1809827],[-121.9398437,61.1836458],[-121.9321206,61.1925017],[-121.9255208,61.2000694],[-121.9220744,61.2040214],[-121.9120276,61.2155417],[-121.9111979,61.2164931],[-121.9019803,61.2270626],[-121.896875,61.2329167],[-121.8919325,61.2385841],[-121.8825521,61.2493403],[-121.8818841,61.2501063],[-121.8718351,61.2616291],[-121.8682292,61.2657639],[-121.8606432,61.2730969],[-121.8539062,61.2821875],[-121.8533216,61.2848224],[-121.8513329,61.2985579],[-121.8502418,61.3139558],[-121.8496641,61.3298459],[-121.8492155,61.3450578],[-121.8485118,61.3584213],[-121.8471689,61.3687661],[-121.8448026,61.3749219],[-121.8439018,61.3757371],[-121.8287069,61.3765878],[-121.8272247,61.3766708],[-121.8255044,61.3769059],[-121.8109851,61.3832662],[-121.8058248,61.3853619],[-121.7929644,61.3905849],[-121.7859245,61.393444],[-121.7749438,61.3979036],[-121.7660212,61.4015273],[-121.7569231,61.4052223],[-121.7461149,61.4096118],[-121.7389024,61.412541],[-121.7262055,61.4176975],[-121.7208817,61.4198597],[-121.7062932,61.4257845],[-121.7028611,61.4271784],[-121.6863779,61.4338726],[-121.6848404,61.4344971],[-121.6733322,61.4391708],[-121.6644136,61.4397948],[-121.6638107,61.4398352],[-121.6484168,61.4409093],[-121.6365073,61.4415287],[-121.6330228,61.4419835],[-121.6312672,61.4454772],[-121.6298194,61.4536261],[-121.629013,61.4650649],[-121.6285932,61.478868],[-121.628305,61.4941097],[-121.6278934,61.5098644],[-121.6271035,61.5252067],[-121.6256803,61.539211],[-121.6247396,61.5449653],[-121.620943,61.551252],[-121.6104167,61.5613889],[-121.6092563,61.5627195],[-121.5991924,61.5742594],[-121.5960937,61.5778125],[-121.589128,61.5857999],[-121.5817708,61.5942361],[-121.579063,61.5973411],[-121.5689974,61.608883],[-121.5674479,61.6106597],[-121.5595485,61.6210688],[-121.553125,61.6270833],[-121.5460965,61.6303978],[-121.520586,61.6367411],[-121.4895447,61.6419106],[-121.4616139,61.6470426],[-121.4454348,61.6532733],[-121.4441605,61.6555634],[-121.4436789,61.6616166],[-121.443225,61.6720709],[-121.4429693,61.6841497],[-121.4428188,61.6973648],[-121.4426807,61.7112281],[-121.442462,61.7252515],[-121.4420699,61.7389468],[-121.4414115,61.7518259],[-121.4411458,61.7554861],[-121.4354697,61.763594],[-121.428125,61.7704167],[-121.4237084,61.7750687],[-121.4151042,61.7853472],[-121.4144209,61.7866995],[-121.4094797,61.8002828],[-121.4061397,61.8158553],[-121.4037749,61.83227],[-121.4017591,61.8483802],[-121.3994663,61.863039],[-121.3962704,61.8750995],[-121.3915452,61.883415],[-121.3846648,61.8868386],[-121.3838537,61.8868678],[-121.3743954,61.8848765],[-121.3649371,61.8828853],[-121.3619669,61.8822928],[-121.3554787,61.880894],[-121.3402751,61.8752466]]}},{"type":"Feature","properties":{"name":"Mackenzie River frontier","border":"Vinland–アラスカ","feature":"Mackenzie River","kind":"river-border","rule":"This river segment and the political frontier are the same geometry."},"geometry":{"type":"LineString","coordinates":[[-121.2649876,61.8272248],[-121.2726226,61.8355375],[-121.2813562,61.843251],[-121.2910783,61.8503902],[-121.3016789,61.85698],[-121.3130481,61.8630453],[-121.3250758,61.8686109],[-121.337652,61.8737016],[-121.3506667,61.8783424],[-121.3640099,61.8825582],[-121.3655562,61.8830156],[-121.3791785,61.8859699],[-121.385092,61.8871285],[-121.3949056,61.8891945],[-121.4046278,61.8912413],[-121.410475,61.8924723],[-121.4242613,61.8953747],[-121.4260457,61.8957504],[-121.4416179,61.8990288],[-121.4438948,61.8995081],[-121.4571915,61.9023074],[-121.4635283,61.9036415],[-121.4735588,61.9054269],[-121.4831618,61.9077749],[-121.4862021,61.9095316],[-121.4927597,61.9171604],[-121.4999108,61.9247409],[-121.4999494,61.9247658],[-121.512454,61.9301637],[-121.5176684,61.9322011],[-121.5253582,61.9355057],[-121.536321,61.9402557],[-121.5379166,61.9410021],[-121.5503598,61.9474972],[-121.5549736,61.9483103],[-121.5640721,61.9459207],[-121.5784088,61.9404422],[-121.5801867,61.9403106],[-121.5906193,61.9444375],[-121.5977879,61.9488401],[-121.6026037,61.9510082],[-121.6141958,61.9567356],[-121.6142995,61.9568085],[-121.6212267,61.9651294],[-121.6277599,61.9727395],[-121.6310531,61.9739944],[-121.6412845,61.9748882],[-121.6497728,61.975386],[-121.6588843,61.9760633],[-121.6684925,61.9767776],[-121.675843,61.9772639],[-121.6872122,61.9781692],[-121.6923851,61.9789367],[-121.7078318,61.9825468],[-121.7085239,61.9827123],[-121.7227642,61.9864608],[-121.7273763,61.9877071],[-121.7376456,61.9904279],[-121.7462287,61.992702],[-121.7525472,61.994376],[-121.7650811,61.9976968],[-121.7674503,61.9983245],[-121.7823549,62.0022734],[-121.7839336,62.0026917],[-121.7972609,62.0062227],[-121.8030914,62.0077674],[-121.8121684,62.0101723],[-121.8222492,62.0128432],[-121.8270774,62.0141223],[-121.8414071,62.0179189],[-121.841988,62.0180726],[-121.8569263,62.0220039],[-121.8605649,62.0229947],[-121.8716087,62.0261421],[-121.8860559,62.0304977],[-121.9003683,62.0349754],[-121.9146415,62.0394813],[-121.9289712,62.0439214],[-121.9434531,62.0482019],[-121.9581829,62.0522289],[-121.9660034,62.0541992],[-121.973232,62.0559527],[-121.9884986,62.0595887],[-122.0039476,62.0631452],[-122.0195677,62.0665804],[-122.035348,62.0698526],[-122.0512771,62.0729198],[-122.067344,62.0757401],[-122.0835375,62.0782719],[-122.0849001,62.0784696],[-122.1000996,62.0803332],[-122.1050853,62.080917],[-122.1167309,62.0823289],[-122.1252706,62.0833643],[-122.1333963,62.0842933],[-122.1454559,62.0858117],[-122.1498306,62.0865082],[-122.1657612,62.089602],[-122.1810153,62.0932982],[-122.1815349,62.0934358],[-122.1951346,62.0978354],[-122.2014317,62.1000105],[-122.2090908,62.1025414],[-122.2213284,62.1065852],[-122.2231181,62.1071855],[-122.2371191,62.1124173],[-122.2510887,62.1183078],[-122.2650462,62.1244675],[-122.2790106,62.1305073],[-122.2930011,62.1360379],[-122.3070367,62.1406701],[-122.3211366,62.1440145],[-122.3353198,62.1456818],[-122.3399963,62.1457977],[-122.3510711,62.1436687],[-122.3672407,62.1375771],[-122.3720016,62.1361008],[-122.373868,62.1363198],[-122.3774191,62.138276],[-122.380274,62.1420814],[-122.3825343,62.1475187],[-122.3843014,62.1543707],[-122.3856767,62.16242],[-122.3867617,62.1714495],[-122.3876579,62.1812418],[-122.3884667,62.1915796],[-122.3892895,62.2022457],[-122.3902279,62.2130227],[-122.3913832,62.2236935],[-122.392857,62.2340406],[-122.3947507,62.2438469],[-122.3971657,62.252895],[-122.4002034,62.2609676],[-122.4039655,62.2678476],[-122.4048942,62.2691711],[-122.4138937,62.2733066],[-122.4234862,62.2763825],[-122.4285237,62.2783365],[-122.44179,62.2834822],[-122.4420782,62.283594],[-122.4550575,62.2886284],[-122.4606702,62.2908054],[-122.4683264,62.2937751],[-122.4792622,62.2980169],[-122.4815966,62.2989223],[-122.4948682,62.3040701],[-122.4978542,62.3052283],[-122.5081411,62.3092184],[-122.5164462,62.3124397],[-122.5214153,62.3143672],[-122.5346909,62.3195165],[-122.5350382,62.3196512],[-122.5479678,62.3246663],[-122.5536302,62.3268626],[-122.5612461,62.3298167],[-122.5722222,62.3340741],[-122.5745257,62.3349675],[-122.5878067,62.3401189],[-122.5905178,62.3411706],[-122.6010889,62.3452709],[-122.6088134,62.348267],[-122.6143726,62.3504233],[-122.6271091,62.3553635],[-122.6276575,62.3555763],[-122.6409439,62.3607297],[-122.6454047,62.36246],[-122.6542315,62.3658837],[-122.6637003,62.3695565],[-122.6675205,62.3710383],[-122.6808109,62.3761933],[-122.6819959,62.3766529],[-122.6941026,62.3813489],[-122.7002915,62.3837494],[-122.7073956,62.386505],[-122.7185871,62.3908459],[-122.72069,62.3916616],[-122.7339857,62.3968187],[-122.7368827,62.3979424],[-122.7472828,62.4019764],[-122.7551783,62.4050389],[-122.7605812,62.4071345],[-122.7734739,62.4121353],[-122.773881,62.4122932],[-122.7871821,62.4174524],[-122.7917695,62.4192318],[-122.8004845,62.4226122],[-122.8107253,62.4265844],[-122.8137883,62.4277724],[-122.8270935,62.4329332],[-122.8296811,62.4339369],[-122.8404,62.4380945],[-122.8486368,62.4412894],[-122.8537079,62.4432564],[-122.8670171,62.4484187],[-122.8675926,62.448642],[-122.8803276,62.4535816],[-122.8865484,62.4559945],[-122.8936395,62.458745],[-122.9055041,62.4633471],[-122.9069528,62.463909],[-122.9202674,62.4690734],[-122.9244599,62.4706996],[-122.9335833,62.4742384],[-122.9434156,62.4780521],[-122.9469006,62.4794039],[-122.9602193,62.4845699],[-122.9622771,62.4853681],[-122.9735393,62.4897365],[-122.9811385,62.492684],[-122.9870406,62.4948454],[-123.0,62.5],[-123.0001557,62.5000802],[-123.0101151,62.5066568],[-123.0128906,62.5085938],[-123.0199929,62.5132901],[-123.0257812,62.5171875],[-123.0297794,62.5199347],[-123.0395623,62.5266019],[-123.0494089,62.5332702],[-123.0592675,62.5399474],[-123.0690866,62.5466414],[-123.0788146,62.5533601],[-123.0883999,62.5601114],[-123.0977909,62.5669032],[-123.106936,62.5737434],[-123.1157837,62.58064],[-123.1242824,62.5876007],[-123.1323804,62.5946336],[-123.1340027,62.5960999],[-123.1399601,62.6018373],[-123.1469203,62.6093693],[-123.1533712,62.6171645],[-123.1594288,62.6251512],[-123.1652091,62.6332574],[-123.1708282,62.6414115],[-123.176402,62.6495416],[-123.1820466,62.6575759],[-123.1878778,62.6654427],[-123.1940119,62.6730702],[-123.2005647,62.6803865],[-123.2076523,62.6873199],[-123.2153906,62.6937987],[-123.2238957,62.6997509],[-123.2289963,62.7028046],[-123.2334943,62.7050986],[-123.2456238,62.7098072],[-123.2599865,62.7140235],[-123.2759148,62.7179164],[-123.2927411,62.7216547],[-123.3097976,62.7254074],[-123.3264169,62.7293433],[-123.3419312,62.7336314],[-123.3556729,62.7384404],[-123.3615579,62.7410386],[-123.366922,62.7441767],[-123.3756893,62.7504596],[-123.3765575,62.7510383],[-123.3864924,62.7576616],[-123.3898208,62.7598805],[-123.396428,62.7642853],[-123.4039522,62.7693015],[-123.4063644,62.7709096],[-123.4163014,62.7775343],[-123.4180836,62.7787224],[-123.4262392,62.7841595],[-123.4322151,62.7881434],[-123.4361777,62.7907851],[-123.4461169,62.7974112],[-123.4463465,62.7975643],[-123.4560568,62.8040378],[-123.4604779,62.8069853],[-123.4659974,62.8106649],[-123.4746094,62.8164062],[-123.4759387,62.8172925],[-123.4858808,62.8239205],[-123.4891036,62.8260691],[-123.4958236,62.830549],[-123.5035979,62.8357319],[-123.5057671,62.837178],[-123.5157113,62.8438075],[-123.5180921,62.8453947],[-123.5256562,62.8504375],[-123.5325863,62.8550576],[-123.5356018,62.8570679],[-123.5455482,62.8636988],[-123.5470806,62.8647204],[-123.5554952,62.8703302],[-123.5615748,62.8743832],[-123.565443,62.876962],[-123.5753915,62.8835944],[-123.5760691,62.8840461],[-123.5853408,62.8902272],[-123.5905633,62.8937089],[-123.5952907,62.8968605],[-123.6050576,62.9033717],[-123.6052413,62.9034942],[-123.6151927,62.9101285],[-123.6195518,62.9130345],[-123.6251448,62.9167632],[-123.6340461,62.9226974],[-123.6350976,62.9233984],[-123.6450511,62.9300341],[-123.6485403,62.9323602],[-123.6550053,62.9366702],[-123.6630345,62.942023],[-123.6649603,62.9433069],[-123.674916,62.949944],[-123.6775288,62.9516859],[-123.6848724,62.9565816],[-123.692023,62.9613487],[-123.6948295,62.9632196],[-123.7047873,62.9698582],[-123.7065173,62.9710115],[-123.7147458,62.9764972],[-123.7210115,62.9806743],[-123.7247051,62.9831367],[-123.7346651,62.9897767],[-123.7355058,62.9903372],[-123.7446257,62.9964172],[-123.75,63.0],[-123.7545872,63.0030581],[-123.7644942,63.0096628],[-123.7645493,63.0096995],[-123.7745121,63.0163414],[-123.7789885,63.0193257],[-123.7844757,63.0229838],[-123.7934827,63.0289885],[-123.79444,63.0296267],[-123.804405,63.03627],[-123.807977,63.0386513],[-123.8143707,63.0429138],[-123.8224712,63.0483141],[-123.8243371,63.0495581],[-123.8343043,63.0562029],[-123.8369655,63.057977],[-123.8442722,63.0628481],[-123.8514597,63.0676398],[-123.8542408,63.0694938],[-123.8642101,63.0761401],[-123.8659539,63.0773026],[-123.8741801,63.0827867],[-123.8804482,63.0869655],[-123.8841509,63.0894339],[-123.8941223,63.0960816],[-123.8949424,63.0966283],[-123.9040945,63.1027297],[-123.9094367,63.1062911],[-123.9140674,63.1093783],[-123.9239309,63.1159539],[-123.9240411,63.1160274],[-123.9340154,63.1226769],[-123.9384252,63.1256168],[-123.9439905,63.129327],[-123.9529194,63.1352796],[-123.9539663,63.1359775],[-123.9639428,63.1426285],[-123.9674137,63.1449424],[-123.97392,63.14928],[-123.9819079,63.1546053],[-123.9838979,63.155932],[-123.9938766,63.1625844],[-123.9964021,63.1642681],[-124.003856,63.1692373],[-124.0108964,63.1739309],[-124.0138361,63.1758907],[-124.0238169,63.1825446],[-124.0253906,63.1835938],[-124.0337985,63.189199],[-124.0395221,63.1930147],[-124.0437807,63.1958538],[-124.0536535,63.2024357],[-124.0537637,63.2025091],[-124.0637474,63.2091649],[-124.0677849,63.2118566],[-124.0737318,63.2158212],[-124.0819164,63.2212776],[-124.083717,63.222478],[-124.0937029,63.2291352],[-124.0960478,63.2306985],[-124.1036895,63.235793],[-124.1101792,63.2401195],[-124.1136768,63.2424512],[-124.1236648,63.2491099],[-124.1243107,63.2495404],[-124.1336535,63.255769],[-124.1384421,63.2589614],[-124.143643,63.2624287],[-124.1525735,63.2683824],[-124.1536332,63.2690888],[-124.1636241,63.2757494],[-124.166705,63.2778033],[-124.1736158,63.2824105],[-124.1808364,63.2872243],[-124.1836081,63.2890721],[-124.1936012,63.2957341],[-124.1949678,63.2966452],[-124.203595,63.3023967],[-124.2090993,63.3060662],[-124.2135895,63.3090597],[-124.2232307,63.3154871],[-124.2235848,63.3157232],[-124.2335808,63.3223872],[-124.2373621,63.3249081],[-124.2435774,63.3290516],[-124.2514936,63.334329],[-124.2535749,63.3357166],[-124.263573,63.342382],[-124.265625,63.34375],[-124.2735719,63.3490479],[-124.2797852,63.3531901],[-124.2835714,63.3557143],[-124.2935717,63.3623812],[-124.2939453,63.3626302],[-124.3035728,63.3690485],[-124.3081055,63.3720703],[-124.3135745,63.3757163],[-124.3222656,63.3815104],[-124.323577,63.3823847],[-124.3335802,63.3890534],[-124.3364258,63.3909505],[-124.3435841,63.3957227],[-124.3505859,63.4003906],[-124.3535887,63.4023925],[-124.3635941,63.4090627],[-124.3647461,63.4098307],[-124.3736002,63.4157334],[-124.3789062,63.4192708],[-124.383607,63.4224047],[-124.3930664,63.4287109],[-124.3936145,63.4290763],[-124.4036228,63.4357485],[-124.4072266,63.438151],[-124.4136317,63.4424212],[-124.4213867,63.4475911],[-124.4236414,63.4490943],[-124.4336519,63.4557679],[-124.4355469,63.4570312],[-124.443663,63.462442],[-124.4484375,63.465625],[-124.4536749,63.4691166],[-124.4613281,63.4742187],[-124.4636875,63.4757917],[-124.4737008,63.4824672],[-124.4742188,63.4828125],[-124.4837149,63.4891432],[-124.4871094,63.4914062],[-124.4937296,63.4958197],[-124.5,63.5],[-124.5037451,63.5024967],[-124.5128906,63.5085938],[-124.5137613,63.5091742],[-124.5237783,63.5158522],[-124.5257812,63.5171875],[-124.5337959,63.5225306],[-124.5386719,63.5257813],[-124.5438143,63.5292096],[-124.5515625,63.534375],[-124.5538334,63.535889],[-124.5638533,63.5425689],[-124.5644531,63.5429688],[-124.5738739,63.5492492],[-124.5786133,63.5524089],[-124.5838951,63.5559301],[-124.5927734,63.561849],[-124.5939172,63.5626114],[-124.6039399,63.5692933],[-124.6069336,63.5712891],[-124.6139634,63.5759756],[-124.6210938,63.5807292],[-124.6239875,63.5826584],[-124.6340125,63.5893416],[-124.6352539,63.5901693],[-124.6440381,63.5960254],[-124.6494141,63.5996094],[-124.6540645,63.6027096],[-124.6635742,63.6090495],[-124.6640916,63.6093944],[-124.6741194,63.6160796],[-124.6777344,63.6184896],[-124.6841479,63.6227653],[-124.6918945,63.6279297],[-124.6941772,63.6294515],[-124.7042072,63.6361381],[-124.7060547,63.6373698],[-124.7142379,63.6428253],[-124.7202148,63.6468099],[-124.7242693,63.6495129],[-124.7343015,63.656201],[-124.734375,63.65625],[-124.7443344,63.6628896],[-124.7485064,63.665671],[-124.754368,63.6695787],[-124.7626379,63.6750919],[-124.7644024,63.6762683],[-124.7744375,63.6829583],[-124.7767693,63.6845129],[-124.7844733,63.6896488],[-124.7909007,63.6939338],[-124.7945098,63.6963399],[-124.8045471,63.7030314],[-124.8050322,63.7033548],[-124.814585,63.7097234],[-124.8191636,63.7127757],[-124.8246237,63.7164158],[-124.833295,63.7221967],[-124.8346632,63.7231088],[-124.8447033,63.7298022],[-124.8474265,63.7316176],[-124.8547442,63.7364962],[-124.8615579,63.7410386],[-124.8647859,63.7431906],[-124.8748282,63.7498855],[-124.8756893,63.7504596],[-124.8848713,63.7565809],[-124.8898208,63.7598805],[-124.8949151,63.7632767],[-124.9039522,63.7693015],[-124.9049596,63.7699731],[-124.9150049,63.7766699],[-124.9180836,63.7787224],[-124.9250508,63.7833672],[-124.9322151,63.7881434],[-124.9350975,63.790065],[-124.945145,63.7967633],[-124.9463465,63.7975643],[-124.9551932,63.8034621],[-124.9604779,63.8069853],[-124.965242,63.8101614],[-124.9746094,63.8164062],[-124.9752917,63.8168611],[-124.985342,63.8235613],[-124.9891036,63.8260691],[-124.9953931,63.8302621],[-125.0035979,63.8357319],[-125.0056503,63.8369547],[-125.0172463,63.8435919],[-125.0180921,63.8453947],[-125.0179962,63.8509773],[-125.0175845,63.8593577],[-125.0168859,63.8685588],[-125.0159419,63.878404],[-125.0147934,63.8887163],[-125.0134819,63.8993192],[-125.0120485,63.9100356],[-125.0105343,63.9206889],[-125.0089807,63.9311023],[-125.0074288,63.941099],[-125.0059199,63.9505021],[-125.0044951,63.9591349],[-125.0031956,63.9668207],[-125.0020628,63.9733825],[-125.0011377,63.9786437],[-125.0004616,63.9824273],[-125.0000757,63.9845567],[-125.0,63.9849701],[-125.0003332,63.9848],[-125.0048776,63.9825357],[-125.014076,63.9781232],[-125.0270749,63.9721836],[-125.0430207,63.9653381],[-125.06106,63.9582077],[-125.080339,63.9514138],[-125.1000044,63.9455772],[-125.1192025,63.9413194],[-125.1370797,63.9392613],[-125.1413879,63.9391632],[-125.1537831,63.939376],[-125.1712766,63.9402371],[-125.1894102,63.9415763],[-125.2079182,63.9431949],[-125.2265349,63.9448945],[-125.2449949,63.9464764],[-125.2537517,63.9471378],[-125.2631129,63.9478021],[-125.2688556,63.9482097],[-125.2783432,63.9488831],[-125.2811457,63.9487092],[-125.2854957,63.9481761],[-125.298904,63.946851],[-125.2989876,63.9468427],[-125.3123122,63.9455258],[-125.3176142,63.944979],[-125.3257205,63.9442006],[-125.3276577,63.9444715],[-125.3309175,63.9465416],[-125.3334706,63.950463],[-125.3354255,63.9560122],[-125.3368908,63.9629654],[-125.3379749,63.9710991],[-125.3387864,63.9801897],[-125.3394337,63.9900135],[-125.3400255,64.000347],[-125.3406703,64.0109665],[-125.3414765,64.0216485],[-125.3425527,64.0321692],[-125.3440075,64.0423051],[-125.3459492,64.0518326],[-125.3484866,64.060528],[-125.3514597,64.0676398],[-125.3517747,64.0681682],[-125.3618412,64.0748874],[-125.3659539,64.0773026],[-125.3723668,64.0815779],[-125.3804482,64.0869655],[-125.382446,64.0882973],[-125.3925258,64.0950172],[-125.3949424,64.0966283],[-125.4034343,64.1016641],[-125.4094367,64.1062911],[-125.4112251,64.1086518],[-125.4161343,64.1167621],[-125.4201945,64.1258674],[-125.4235528,64.1357098],[-125.4263563,64.1460311],[-125.4287518,64.1565735],[-125.4308865,64.1670788],[-125.4329073,64.1772891],[-125.4349612,64.1869463],[-125.4371953,64.1957925],[-125.4397566,64.2035696],[-125.442792,64.2100196],[-125.4464486,64.2148845],[-125.4508735,64.2179062],[-125.4556802,64.2188368],[-125.4562291,64.2188206],[-125.4645915,64.2167668],[-125.476715,64.2120196],[-125.4917004,64.2056482],[-125.5086485,64.1987218],[-125.52666,64.1923096],[-125.5448357,64.1874808],[-125.5622763,64.1853045],[-125.5644455,64.1852722],[-125.5792287,64.1855071],[-125.5970258,64.186266],[-125.615434,64.1873976],[-125.6341959,64.1887448],[-125.6530542,64.1901506],[-125.6717517,64.1914579],[-125.6808505,64.1920192],[-125.6901065,64.1925557],[-125.6963931,64.1929201],[-125.708401,64.193616],[-125.7119358,64.1938209],[-125.7273487,64.1946586],[-125.7274784,64.1947218],[-125.7286549,64.1969474],[-125.7296141,64.2008022],[-125.7303351,64.2060508],[-125.7308563,64.2125215],[-125.7312159,64.2200424],[-125.7314523,64.228442],[-125.7316037,64.2375483],[-125.7317084,64.2471896],[-125.7318048,64.2571942],[-125.7319311,64.2673904],[-125.7321256,64.2776062],[-125.7324267,64.2876701],[-125.7328726,64.2974103],[-125.7335015,64.3066549],[-125.7343519,64.3152322],[-125.735462,64.3229705],[-125.7355957,64.3237305],[-125.7433864,64.3298162],[-125.7506104,64.3337402],[-125.7547419,64.3364946],[-125.7648488,64.3432325],[-125.765625,64.34375],[-125.7749564,64.3499709],[-125.7797852,64.3531901],[-125.7850648,64.3567098],[-125.7939453,64.3626302],[-125.7951739,64.3634492],[-125.8052837,64.3701891],[-125.8081055,64.3720703],[-125.8153943,64.3769295],[-125.8222656,64.3815104],[-125.8255056,64.3836704],[-125.8356176,64.3904117],[-125.8364258,64.3909505],[-125.8457304,64.3971536],[-125.8505859,64.4003906],[-125.8558439,64.4038959],[-125.8647461,64.4098307],[-125.8659581,64.4106387],[-125.8760731,64.4173821],[-125.8789062,64.4192708],[-125.8861888,64.4241259],[-125.8930664,64.4287109],[-125.8963053,64.4308702],[-125.9064224,64.437615],[-125.9072266,64.438151],[-125.9165404,64.4443602],[-125.9213867,64.4475911],[-125.926659,64.451106],[-125.9355469,64.4570312],[-125.9367784,64.4578523],[-125.9468985,64.464599],[-125.9484375,64.465625],[-125.9570194,64.4713462],[-125.9613281,64.4742188],[-125.967141,64.478094],[-125.9742188,64.4828125],[-125.9772633,64.4848422],[-125.9871094,64.4914062],[-125.9873858,64.4915911],[-125.997361,64.4983957],[-126.0,64.5],[-126.0090417,64.5046309],[-126.0155272,64.5077636],[-126.0213615,64.5106808],[-126.0310543,64.5155272],[-126.0335414,64.5167707],[-126.0457224,64.5228612],[-126.0465815,64.5232908],[-126.0579045,64.5289523],[-126.062547,64.5312735],[-126.0700878,64.5350439],[-126.0785124,64.5392562],[-126.0822723,64.5411362],[-126.0944579,64.547229],[-126.0944778,64.5472389],[-126.1066447,64.5533224],[-126.1104433,64.5552216],[-126.1188326,64.5594163],[-126.1264087,64.5632044],[-126.1310217,64.5655109],[-126.1423742,64.5711871],[-126.143212,64.571606],[-126.1554034,64.5777017],[-126.1583396,64.5791698],[-126.167596,64.583798],[-126.174305,64.5871525],[-126.1797897,64.5898949],[-126.1916536,64.5958268],[-126.1919846,64.5959923],[-126.2041806,64.6020903],[-126.2090021,64.6045011],[-126.2163778,64.6081889],[-126.2263507,64.6131753],[-126.2285762,64.6142881],[-126.2407757,64.6203879],[-126.2436992,64.6218496],[-126.2529764,64.6264882],[-126.2610477,64.6305239],[-126.2651782,64.6325891],[-126.2773812,64.6386906],[-126.2783963,64.6391981],[-126.2895854,64.6447927],[-126.2957448,64.6478724],[-126.3017907,64.6508954],[-126.3130934,64.6565467],[-126.3139972,64.6569986],[-126.3262049,64.6631024],[-126.3304419,64.665221],[-126.3384137,64.6692068],[-126.3477905,64.6738952],[-126.3506236,64.6753118],[-126.3628348,64.6814174],[-126.365139,64.6825695],[-126.3750471,64.6875235],[-126.3832861,64.6916431],[-126.3872605,64.6936303],[-126.3994751,64.6997376],[-126.4014333,64.7007166],[-126.4116909,64.7058455],[-126.4195804,64.7097902],[-126.4239079,64.7119539],[-126.436126,64.718063],[-126.4377276,64.7188638],[-126.4483452,64.7241726],[-126.4558747,64.7279374],[-126.4605657,64.7302828],[-126.4727873,64.7363936],[-126.4740218,64.7370109],[-126.48501,64.742505],[-126.492169,64.7460845],[-126.497234,64.748617],[-126.509459,64.7547295],[-126.5103161,64.7551581],[-126.5216853,64.7608427],[-126.5284633,64.7642316],[-126.5339127,64.7669564],[-126.5461413,64.7730707],[-126.5466104,64.7733052],[-126.5583711,64.7791855],[-126.5647576,64.7823788],[-126.570602,64.785301],[-126.5828341,64.791417],[-126.5829047,64.7914523],[-126.5950673,64.7975337],[-126.6010518,64.8005259],[-126.6073017,64.8036509],[-126.6185825,64.8092913],[-126.6195373,64.8097687],[-126.6317741,64.815887],[-126.6361132,64.8180566],[-126.644012,64.822006],[-126.6536439,64.8268219],[-126.6562511,64.8281255],[-126.6684913,64.8342457],[-126.6711746,64.8355873],[-126.6807328,64.8403664],[-126.6887052,64.8443526],[-126.6929754,64.8464877],[-126.7052191,64.8526096],[-126.7062359,64.853118],[-126.7174641,64.858732],[-126.7237666,64.8618833],[-126.7297102,64.8648551],[-126.7412973,64.8706486],[-126.7419574,64.8709787],[-126.7542059,64.8771029],[-126.7588279,64.879414],[-126.7664555,64.8832277],[-126.7763586,64.8881793],[-126.7787062,64.8893531],[-126.7909582,64.8954791],[-126.7938893,64.8969447],[-126.8032113,64.9016057],[-126.81142,64.90571],[-126.8154656,64.9077328],[-126.8277211,64.9138605],[-126.8289507,64.9144753],[-126.8399777,64.9199888],[-126.8464813,64.9232407],[-126.8522355,64.9261177],[-126.864012,64.932006],[-126.8644945,64.9322472],[-126.8767546,64.9383773],[-126.8821438,64.9410719],[-126.8890159,64.944508],[-126.9002755,64.9501377],[-126.9012784,64.9506392],[-126.9135421,64.956771],[-126.9184072,64.9592036],[-126.9258069,64.9629035],[-126.9365389,64.9682695],[-126.9380729,64.9690365],[-126.9503401,64.9751701],[-126.9546707,64.9773353],[-126.9626085,64.9813042],[-126.9728024,64.9864012],[-126.974878,64.987439],[-126.9871487,64.9935744],[-126.9909341,64.9954671],[-126.9994206,64.9997103],[-127.0090659,65.0045329],[-127.0116936,65.0058468],[-127.0239679,65.0119839],[-127.0271976,65.0135988],[-127.0362433,65.0181216],[-127.0453293,65.0226647],[-127.0485198,65.0242599],[-127.0607976,65.0303988],[-127.0634611,65.0317305],[-127.0730765,65.0365383],[-127.0815928,65.0407964],[-127.0853566,65.0426783],[-127.0976379,65.048819],[-127.0997245,65.0498623],[-127.1099204,65.0549602],[-127.1178562,65.0589281],[-127.122204,65.061102],[-127.1344888,65.0672444],[-127.135988,65.067994],[-127.1467748,65.0733874],[-127.1535187,65.0767593],[-127.159062,65.079531],[-127.1710493,65.0855247],[-127.1713503,65.0856752],[-127.1836398,65.0918199],[-127.18858,65.09429],[-127.1959305,65.0979653],[-127.2061107,65.1030553],[-127.2082224,65.1041112],[-127.2205155,65.1102577],[-127.2236414,65.1118207],[-127.2328097,65.1164049],[-127.2411721,65.120586],[-127.2451051,65.1225526],[-127.2574017,65.1287009],[-127.2587027,65.1293514],[-127.2696995,65.1348498],[-127.2762334,65.1381167],[-127.2819985,65.1409992],[-127.2937641,65.146882],[-127.2942986,65.1471493],[-127.3065999,65.1533],[-127.3112948,65.1556474],[-127.3189024,65.1594512],[-127.3288254,65.1644127],[-127.3312061,65.165603],[-127.3435109,65.1717555],[-127.3463561,65.1731781],[-127.355817,65.1779085],[-127.3638868,65.1819434],[-127.3681242,65.1840621],[-127.3804326,65.1902163],[-127.3814175,65.1907087],[-127.3927422,65.1963711],[-127.3989482,65.1994741],[-127.4050529,65.2025265],[-127.4170953,65.2085477],[-127.4173649,65.2086824],[-127.429678,65.214839],[-127.4352424,65.2176212],[-127.4419923,65.2209962],[-127.4533896,65.2266948],[-127.4543078,65.2271539],[-127.4666245,65.2333123],[-127.4715367,65.2357684],[-127.4789424,65.2394712],[-127.4896839,65.2448419],[-127.4912614,65.2456307],[-127.5035816,65.2517908],[-127.507831,65.2539155],[-127.5159031,65.2579515],[-127.5259782,65.2629891],[-127.5282257,65.2641128],[-127.5405494,65.2702747],[-127.5441253,65.2720626],[-127.5528744,65.2764372],[-127.5622724,65.2811362],[-127.5652006,65.2826003],[-127.5775279,65.288764],[-127.5804196,65.2902098],[-127.5898564,65.2949282],[-127.5985667,65.2992834],[-127.6021862,65.3010931],[-127.6145171,65.3072585],[-127.6167139,65.3083569],[-127.6268491,65.3134246],[-127.634861,65.3174305],[-127.6399908,65.3195569],[-127.6521553,65.3257314],[-127.6522095,65.3261048],[-127.6516814,65.3325576],[-127.6500568,65.3396763],[-127.6474727,65.3470544],[-127.644068,65.3546607],[-127.6399817,65.3624638],[-127.6353527,65.3704326],[-127.6303198,65.3785357],[-127.6250221,65.3867419],[-127.6195983,65.3950199],[-127.6141874,65.4033385],[-127.6089283,65.4116663],[-127.6039599,65.4199722],[-127.5994212,65.4282248],[-127.595451,65.4363929],[-127.5921882,65.4444452],[-127.5897718,65.4523505],[-127.5883407,65.4600774],[-127.5879974,65.4657974],[-127.5880792,65.4676379],[-127.590071,65.4759153],[-127.5944911,65.4849758],[-127.6010242,65.4944272],[-127.6093551,65.5038775],[-127.6191687,65.5129344],[-127.63015,65.521206],[-127.6419837,65.5282999],[-127.6543546,65.5338242],[-127.6669477,65.5373867],[-127.6790009,65.5385971],[-127.6794507,65.5385967],[-127.6938177,65.5382923],[-127.7113299,65.5375246],[-127.7311292,65.5364453],[-127.7523579,65.5352059],[-127.7741581,65.5339577],[-127.7956718,65.5328525],[-127.8160411,65.5320416],[-127.8344082,65.5316765],[-127.8369446,65.5316696],[-127.8506944,65.5326859],[-127.866032,65.5361197],[-127.8806959,65.541362],[-127.8949409,65.5477696],[-127.9090217,65.5546992],[-127.9231931,65.5615077],[-127.9377098,65.5675517],[-127.9406962,65.5686188],[-127.952802,65.5726629],[-127.9683789,65.5775804],[-127.9841516,65.5824261],[-127.9998289,65.5872969],[-128.01512,65.5922893],[-128.0297336,65.5975002],[-128.0433787,65.6030262],[-128.0440063,65.603302],[-128.0553823,65.6102765],[-128.0662716,65.6186634],[-128.0777669,65.6247204],[-128.0850067,65.6258011],[-128.0914593,65.6255616],[-128.107332,65.6235513],[-128.1248388,65.6201029],[-128.1435227,65.6159511],[-128.1629265,65.6118309],[-128.182593,65.6084774],[-128.2020652,65.6066255],[-128.2089644,65.606468],[-128.22228,65.6066515],[-128.2264729,65.606804],[-128.233201,65.611387],[-128.2403703,65.6207428],[-128.2436933,65.6216258],[-128.2569067,65.6212885],[-128.2608018,65.6211756],[-128.2765562,65.6207611],[-128.2779102,65.6207255],[-128.2950187,65.6202753],[-128.2959814,65.62025],[-128.3121272,65.6198251],[-128.3154062,65.6197389],[-128.3292356,65.619375],[-128.3348307,65.6192278],[-128.3463441,65.6189248],[-128.3542548,65.6187167],[-128.3634525,65.6184747],[-128.3738517,65.6181847],[-128.3943028,65.6175499],[-128.4151121,65.6168719],[-128.4356185,65.6162303],[-128.455161,65.6157048],[-128.4730785,65.615375],[-128.4839935,65.615303],[-128.4887996,65.6154471],[-128.5031503,65.6176098],[-128.5166056,65.6219877],[-128.5292967,65.6280899],[-128.541355,65.6354259],[-128.5529117,65.6435048],[-128.564098,65.6518361],[-128.5750454,65.659929],[-128.5858851,65.6672928],[-128.5879974,65.668602],[-128.5964029,65.6740753],[-128.6060891,65.6812694],[-128.6151629,65.6887682],[-128.6238647,65.6964294],[-128.6324345,65.7041107],[-128.6411127,65.7116698],[-128.6501394,65.7189645],[-128.659755,65.7258525],[-128.6701996,65.7321914],[-128.6817135,65.7378391],[-128.6869965,65.7399979],[-128.6951009,65.7426377],[-128.7122142,65.7466026],[-128.7314152,65.7501165],[-128.750688,65.7535873],[-128.7680167,65.7574228],[-128.7799988,65.7613983],[-128.7814162,65.7620313],[-128.791764,65.767708],[-128.8006536,65.7743195],[-128.808491,65.7816378],[-128.8156822,65.789435],[-128.8226334,65.7974832],[-128.8297505,65.8055543],[-128.8374397,65.8134204],[-128.8461071,65.8208535],[-128.8527849,65.825556],[-128.8563076,65.8276249],[-128.8688482,65.8338559],[-128.8702008,65.8345437],[-128.8810605,65.8401481],[-128.8876167,65.8435315],[-128.8932593,65.8464435],[-128.9050326,65.8525193],[-128.9054593,65.8527395],[-128.9176602,65.859036],[-128.9230456,65.8618152],[-128.9303226,65.8653064],[-128.9451413,65.8714492],[-128.961206,65.8775183],[-128.9772802,65.8835874],[-128.9921271,65.8897299],[-129.0045102,65.8960195],[-129.0131928,65.9025297],[-129.0169383,65.909334],[-129.0169983,65.9103012],[-129.0168185,65.9165148],[-129.0162209,65.9240754],[-129.015307,65.9319428],[-129.0141837,65.9400437],[-129.0129574,65.9483044],[-129.0117347,65.9566514],[-129.0106225,65.9650111],[-129.0097272,65.9733101],[-129.0091554,65.9814748],[-129.0090027,65.9878006],[-129.0090281,65.9894646],[-129.0098455,65.9981554],[-129.0117623,66.0077186],[-129.0147081,66.0178195],[-129.0186126,66.0281236],[-129.0234054,66.0382962],[-129.0290164,66.0480025],[-129.0353751,66.0569081],[-129.0424112,66.0646781],[-129.0500544,66.0709781],[-129.0582344,66.0754732],[-129.0668809,66.077829],[-129.0709991,66.0781021],[-129.0772806,66.0778812],[-129.0949195,66.0765581],[-129.1172471,66.0745932],[-129.1405979,66.0726305],[-129.1613065,66.071314],[-129.1699982,66.0710983],[-129.1764955,66.0713959],[-129.1893269,66.0738784],[-129.2009211,66.0785206],[-129.2115599,66.0848892],[-129.2215249,66.0925515],[-129.2310978,66.1010742],[-129.2405602,66.1100244],[-129.2501938,66.118969],[-129.2602802,66.127475],[-129.2711012,66.1351093],[-129.2762334,66.1381167],[-129.2830116,66.141617],[-129.2937641,66.146882],[-129.2956533,66.1478267],[-129.3081483,66.1540741],[-129.3112948,66.1556474],[-129.3206445,66.1603222],[-129.3288254,66.1644127],[-129.3331419,66.1665709],[-129.3456405,66.1728202],[-129.3463561,66.1731781],[-129.3581403,66.1790702],[-129.3638868,66.1819434],[-129.3706414,66.1853207],[-129.3814175,66.1907087],[-129.3831437,66.1915718],[-129.3956472,66.1978236],[-129.3989482,66.1994741],[-129.4081519,66.2040759],[-129.4170953,66.2085477],[-129.4206578,66.2103289],[-129.433165,66.2165825],[-129.4352424,66.2176212],[-129.4456734,66.2228367],[-129.4533896,66.2266948],[-129.458183,66.2290915],[-129.4706938,66.2353469],[-129.4715367,66.2357684],[-129.4832058,66.2416029],[-129.4896839,66.2448419],[-129.4957191,66.2478596],[-129.507831,66.2539155],[-129.5082336,66.2541168],[-129.5207493,66.2603747],[-129.5259782,66.2629891],[-129.5332662,66.2666331],[-129.5441253,66.2720626],[-129.5457844,66.2728922],[-129.5583038,66.2791519],[-129.5622724,66.2811362],[-129.5708244,66.2854122],[-129.5804196,66.2902098],[-129.5833462,66.2916731],[-129.5958693,66.2979346],[-129.5985667,66.2992834],[-129.6083935,66.3041968],[-129.6167139,66.3083569],[-129.620919,66.3104595],[-129.6334458,66.3167229],[-129.634861,66.3174305],[-129.6459737,66.3229869],[-129.6522095,66.3261048],[-129.6585029,66.3292514],[-129.6695581,66.334779],[-129.6710333,66.3355166],[-129.6835649,66.3417825],[-129.6869066,66.3434533],[-129.6960978,66.3480489],[-129.7042552,66.3521276],[-129.7086318,66.3543159],[-129.7211671,66.3605836],[-129.7216037,66.3608019],[-129.7337037,66.3668518],[-129.7389523,66.3694761],[-129.7462414,66.3731207],[-129.7563008,66.3781504],[-129.7587804,66.3793902],[-129.7713206,66.3856603],[-129.7736493,66.3868247],[-129.783862,66.391931],[-129.7909979,66.3954989],[-129.7964047,66.3982024],[-129.8083464,66.4041732],[-129.8089486,66.4044743],[-129.8214937,66.4107469],[-129.825695,66.4128475],[-129.8340401,66.41702],[-129.8439412,66.4219706],[-129.8465876,66.4232938],[-129.8591364,66.4295682],[-129.8621874,66.4310937],[-129.8716865,66.4358432],[-129.8804336,66.4402168],[-129.8842377,66.4421189],[-129.8967902,66.4483951],[-129.8986798,66.4493399],[-129.909344,66.454672],[-129.916926,66.458463],[-129.9218989,66.4609495],[-129.9344551,66.4672275],[-129.9351723,66.4675861],[-129.9470125,66.4735063],[-129.9534185,66.4767092],[-129.9595711,66.4797856],[-129.9689457,66.4844728],[-129.972131,66.4860655],[-129.9844728,66.4922364],[-129.9846919,66.4923461],[-129.9971365,66.4986741],[-130.0,66.5],[-130.0110626,66.5044642],[-130.0155272,66.5062109],[-130.0253447,66.5101379],[-130.0310543,66.5124217],[-130.0395739,66.5158295],[-130.0465815,66.5186326],[-130.0538047,66.5215219],[-130.0648277,66.5259311],[-130.0680371,66.5272148],[-130.0822711,66.5329085],[-130.083074,66.5332296],[-130.0965068,66.5386027],[-130.1013202,66.5405281],[-130.1107441,66.5442976],[-130.1195664,66.5478266],[-130.124983,66.5499932],[-130.1378126,66.555125],[-130.1392235,66.5556894],[-130.1534657,66.5613863],[-130.1560588,66.5624235],[-130.1677095,66.5670838],[-130.174305,66.569722],[-130.1819549,66.572782],[-130.1955088,66.5782035],[-130.1962019,66.5784808],[-130.2104506,66.5841802],[-130.2167126,66.586685],[-130.2247009,66.5898804],[-130.2379164,66.5951665],[-130.2389528,66.5955811],[-130.2532063,66.6012825],[-130.2591201,66.6036481],[-130.2674615,66.6069846],[-130.2803239,66.6121296],[-130.2817183,66.6126873],[-130.2959767,66.6183907],[-130.3015277,66.6206111],[-130.3102368,66.6240947],[-130.3227314,66.6290926],[-130.3244984,66.6297994],[-130.3387617,66.6355047],[-130.3439352,66.6375741],[-130.3530267,66.6412107],[-130.365139,66.6460556],[-130.3672933,66.6469173],[-130.3815615,66.6526246],[-130.3847984,66.6539194],[-130.3958313,66.6583325],[-130.4044578,66.6617831],[-130.4101028,66.6640411],[-130.4241172,66.6696469],[-130.4243758,66.6697503],[-130.4386506,66.6754602],[-130.4437766,66.6775106],[-130.4529269,66.6811708],[-130.463436,66.6853744],[-130.4672049,66.686882],[-130.4814846,66.6925938],[-130.4830954,66.6932382],[-130.4957658,66.6983063],[-130.5027548,66.7011019],[-130.5100487,66.7040195],[-130.5224142,66.7089657],[-130.5243332,66.7097333],[-130.5386194,66.7154478],[-130.5420736,66.7168295],[-130.5529072,66.7211629],[-130.561733,66.7246932],[-130.5671967,66.7268787],[-130.5813924,66.732557],[-130.5814877,66.7325951],[-130.5957805,66.7383122],[-130.6010518,66.7404207],[-130.6100748,66.7440299],[-130.6212795,66.7485118],[-130.6243708,66.7497483],[-130.6386684,66.7554674],[-130.6415073,66.7566029],[-130.6529677,66.7611871],[-130.661735,66.764694],[-130.6672686,66.7669074],[-130.6815712,66.7726285],[-130.6819627,66.7727851],[-130.6958753,66.7783501],[-130.7021904,66.7808761],[-130.7101812,66.7840725],[-130.7224181,66.7889672],[-130.7244886,66.7897955],[-130.7387978,66.7955191],[-130.7426458,66.7970583],[-130.7531085,66.8012434],[-130.7628735,66.8051494],[-130.7674209,66.8069684],[-130.7817349,66.812694],[-130.7831012,66.8132405],[-130.7960506,66.8184203],[-130.8033289,66.8213316],[-130.810368,66.8241472],[-130.8235566,66.8294226],[-130.8246869,66.8298748],[-130.8390076,66.835603],[-130.8437843,66.8375137],[-130.8533298,66.8413319],[-130.864012,66.8456048],[-130.8676537,66.8470615],[-130.8819793,66.8527917],[-130.8849332,66.8539733],[-130.8963065,66.8585226],[-130.9058545,66.8623418],[-130.9106353,66.8642541],[-130.9249658,66.8699863],[-130.9267757,66.8707103],[-130.939298,66.8757192],[-130.9476969,66.8790788],[-130.9536318,66.8814527],[-130.9679672,66.8871869],[-130.9686182,66.8874473],[-130.9823043,66.8929217],[-130.9895394,66.8958158],[-130.996643,66.8986572],[-131.0104606,66.9041842],[-131.0109834,66.9043934],[-131.0253255,66.9101302],[-131.0313818,66.9125527],[-131.0396692,66.9158677],[-131.0523031,66.9209212],[-131.0540145,66.9216058],[-131.0683615,66.9273446],[-131.0732243,66.9292897],[-131.0827102,66.9330841],[-131.0941455,66.9376582],[-131.0970605,66.9388242],[-131.1114124,66.944565],[-131.1150668,66.9460267],[-131.125766,66.9503064],[-131.135988,66.9543952],[-131.1401213,66.9560485],[-131.1544782,66.9617913],[-131.1562157,66.9624863],[-131.1688368,66.9675347],[-131.1764434,66.9705774],[-131.183197,66.9732788],[-131.1966711,66.9786684],[-131.1975589,66.9790236],[-131.2119224,66.984769],[-131.2168988,66.9867595],[-131.2262876,66.9905151],[-131.2371265,66.9948506],[-131.2406545,66.9962618],[-131.255023,67.0020092],[-131.2573542,67.0029417],[-131.2693932,67.0077573],[-131.2775819,67.0110328],[-131.283765,67.013506],[-131.2978096,67.0191239],[-131.2981385,67.0192554],[-131.3125136,67.0250055],[-131.3180373,67.0272149],[-131.3268904,67.0307562],[-131.338265,67.035306],[-131.3412689,67.0365076],[-131.355649,67.0422596],[-131.3584927,67.0433971],[-131.3700308,67.0480123],[-131.3787205,67.0514882],[-131.3844143,67.0537657],[-131.3987994,67.0595198],[-131.3989482,67.0595793],[-131.4131862,67.0652745],[-131.4203948,67.0681579],[-131.4275746,67.0710298],[-131.4418414,67.0767366],[-131.4419647,67.0767859],[-131.4563565,67.0825426],[-131.463288,67.0853152],[-131.4707499,67.0883],[-131.4847346,67.0938939],[-131.485145,67.094058],[-131.4995418,67.0998167],[-131.5061813,67.1024725],[-131.5139402,67.1055761],[-131.5276279,67.1110512],[-131.5283403,67.1113361],[-131.5427421,67.1170968],[-131.5490745,67.1196298],[-131.5571455,67.1228582],[-131.5705211,67.1282085],[-131.5715506,67.1286202],[-131.5859573,67.1343829],[-131.5919678,67.1367871],[-131.6003658,67.1401463],[-131.6134144,67.1453658],[-131.6147759,67.1459103],[-131.6291876,67.1516751],[-131.634861,67.1539444],[-131.6436011,67.1574404],[-131.6560648,67.1624259],[-131.6580162,67.1632065],[-131.672433,67.1689732],[-131.6772686,67.1709074],[-131.6868514,67.1747406],[-131.6984723,67.1793889],[-131.7012715,67.1805086],[-131.7156933,67.1862773],[-131.7196761,67.1878704],[-131.7301168,67.1920467],[-131.7408799,67.1963519],[-131.7445419,67.1978168],[-131.7589688,67.2035875],[-131.7620836,67.2048335],[-131.7733973,67.2093589],[-131.7832874,67.213315],[-131.7878274,67.215131],[-131.8022592,67.2209037],[-131.8044912,67.2217965],[-131.8166928,67.2266771],[-131.825695,67.230278],[-131.8317707,67.2324054],[-131.8463333,67.2381712],[-131.8469822,67.2387929],[-131.8514533,67.2451229],[-131.8554551,67.2532776],[-131.8585958,67.2624027],[-131.8610247,67.2722668],[-131.8628909,67.2826387],[-131.8643436,67.293287],[-131.8655321,67.3039802],[-131.8666056,67.3144871],[-131.8677132,67.3245764],[-131.8690043,67.3340165],[-131.8706279,67.3425763],[-131.8727333,67.3500242],[-131.8754697,67.3561291],[-131.8789864,67.3606595],[-131.8834325,67.363384],[-131.8878665,67.3641084],[-131.8897254,67.3639173],[-131.9071814,67.3608677],[-131.9104783,67.3603145],[-131.9264962,67.357627],[-131.9296112,67.3571044],[-131.9458111,67.3543863],[-131.948742,67.3538946],[-131.965126,67.3511457],[-131.9678706,67.3506852],[-131.9792145,67.3487819],[-131.986997,67.3474761],[-131.993303,67.3464181],[-132.0061213,67.3442674],[-132.0073915,67.3440543],[-132.0252434,67.341059],[-132.0269264,67.3407767],[-132.0443634,67.3378511],[-132.0464612,67.3374991],[-132.0634812,67.3346434],[-132.0682135,67.3338494],[-132.0825968,67.3314362],[-132.0899659,67.3301998],[-132.1028658,67.3277398],[-132.1117182,67.3265502],[-132.1164922,67.327849],[-132.123228,67.336484],[-132.1287482,67.3473466],[-132.1369731,67.3534389],[-132.1382462,67.3535174],[-132.1553391,67.3512159],[-132.1603944,67.3504505],[-132.1752949,67.3483872],[-132.1814945,67.3475287],[-132.1949257,67.3456689],[-132.2025945,67.344607],[-132.2145545,67.3429508],[-132.2236945,67.3416852],[-132.2341813,67.3402331],[-132.2447945,67.3387635],[-132.2538062,67.3375156],[-132.2658945,67.3358417],[-132.2734291,67.3347984],[-132.2869945,67.33292],[-132.29305,67.3320815],[-132.3080945,67.3299982],[-132.3126689,67.3293648],[-132.3291945,67.3270765],[-132.3322859,67.3266484],[-132.3505902,67.3241138],[-132.3519009,67.3239323],[-132.3715139,67.3212165],[-132.3719859,67.3211511],[-132.391125,67.3185009],[-132.3933815,67.3181884],[-132.4126101,67.3154173],[-132.4147772,67.3152257],[-132.4189841,67.3159552],[-132.4232943,67.3188094],[-132.4266509,67.323576],[-132.4292149,67.3299915],[-132.4311467,67.3377926],[-132.4326072,67.3467157],[-132.4337571,67.3564974],[-132.4347571,67.3668742],[-132.4357679,67.3775828],[-132.4369503,67.3883596],[-132.438465,67.3989412],[-132.4404727,67.4090642],[-132.4431341,67.4184651],[-132.4466099,67.4268805],[-132.4510609,67.4340468],[-132.4534155,67.4367844],[-132.4603172,67.4396802],[-132.4761721,67.4436494],[-132.4789605,67.4444907],[-132.495426,67.4494579],[-132.4989286,67.4505145],[-132.5118936,67.4544258],[-132.5216851,67.4573796],[-132.5283633,67.4593943],[-132.5444417,67.4642447],[-132.5448352,67.4643634],[-132.5613092,67.4693332],[-132.5671982,67.4711098],[-132.5777853,67.4743037],[-132.5910047,67.4782917],[-132.5942635,67.4792747],[-132.6107439,67.4842465],[-132.6148113,67.4854735],[-132.6272264,67.4892188],[-132.6386178,67.4926553],[-132.643711,67.4941918],[-132.6601978,67.4991655],[-132.6624243,67.4998372],[-132.6766866,67.5041398],[-132.6862308,67.507019],[-132.6931777,67.5091147],[-132.7096708,67.5140903],[-132.7100374,67.5142009],[-132.7261661,67.5190665],[-132.7338439,67.5213827],[-132.7426635,67.5240434],[-132.7576504,67.5285646],[-132.7591631,67.5290209],[-132.7756647,67.5339991],[-132.7814569,67.5357464],[-132.7921686,67.5389779],[-132.8052635,67.5429283],[-132.8086745,67.5439573],[-132.8251826,67.5489374],[-132.82907,67.5501101],[-132.8416929,67.5539181],[-132.8526079,67.5572109],[-132.8582052,67.5588995],[-132.8747198,67.5638815],[-132.8761459,67.5643118],[-132.8912364,67.5688642],[-132.8996839,67.5714126],[-132.9077552,67.5738475],[-132.9232218,67.5785134],[-132.9242761,67.5788315],[-132.9407992,67.5838161],[-132.9467598,67.5856142],[-132.9573245,67.5888013],[-132.9702978,67.5927151],[-132.9738518,67.5937872],[-132.9903813,67.5987738],[-132.9938357,67.5998159],[-133.006913,67.603761],[-133.0173737,67.6069167],[-133.0234468,67.6087488],[-133.0399828,67.6137373],[-133.0409117,67.6140176],[-133.0565209,67.6187265],[-133.0644496,67.6211184],[-133.0730611,67.6237163],[-133.0879876,67.6282192],[-133.0896035,67.6287067],[-133.1061481,67.6336978],[-133.1115256,67.63532],[-133.1226948,67.6386895],[-133.1356353,67.6425933],[-133.1392436,67.6436819],[-133.1557946,67.6486749],[-133.159745,67.6498667],[-133.1723478,67.6536686],[-133.1838548,67.65714],[-133.1889031,67.6586629],[-133.2054606,67.6636579],[-133.2079645,67.6644133],[-133.2220202,67.6686536],[-133.2320742,67.6716866],[-133.238582,67.6736498],[-133.2551459,67.6786468],[-133.256184,67.6789599],[-133.271712,67.6836444],[-133.2802937,67.6862333],[-133.2882803,67.6886426],[-133.3044034,67.6935066],[-133.3048507,67.6936415],[-133.3214233,67.698641],[-133.3285132,67.7007799],[-133.337998,67.7036412],[-133.3526229,67.7080532],[-133.3545749,67.7086421],[-133.3711539,67.7136436],[-133.3767327,67.7153265],[-133.3877352,67.7186457],[-133.4008424,67.7225998],[-133.4043185,67.7236485],[-133.4209041,67.728652],[-133.4243804,67.7297007],[-133.4374918,67.7336561],[-133.4479183,67.7368015],[-133.4540817,67.7386608],[-133.4706737,67.7436662],[-133.4714563,67.7439023],[-133.4872679,67.7486723],[-133.4949942,67.7510031],[-133.5038643,67.753679],[-133.5185322,67.758104],[-133.5204629,67.7586864],[-133.5370636,67.7636944],[-133.5420702,67.7652048],[-133.5536665,67.7687031],[-133.5656081,67.7723056],[-133.5702715,67.7737125],[-133.5868788,67.7787225],[-133.5891461,67.7794065],[-133.6034882,67.7837331],[-133.6126841,67.7865073],[-133.6200998,67.7887444],[-133.636222,67.7936081],[-133.6367135,67.7937564],[-133.6533294,67.798769],[-133.65976,67.8007089],[-133.6699475,67.8037823],[-133.683298,67.8078098],[-133.6865678,67.8087962],[-133.7031903,67.8138108],[-133.7071045,67.8149916],[-133.7198149,67.818826],[-133.730911,67.8221735],[-133.7364417,67.8238419],[-133.7530707,67.8288585],[-133.7547175,67.8293553],[-133.7697019,67.8338757],[-133.778524,67.8365371],[-133.7863352,67.8388936],[-133.8023306,67.843719],[-133.8029708,67.8439121],[-133.8196085,67.8489313],[-133.8261371,67.8509008],[-133.8362484,67.8539512],[-133.8499436,67.8580827],[-133.8528905,67.8589717],[-133.8695348,67.8639928],[-133.8737501,67.8652645],[-133.8861812,67.8690147],[-133.8975567,67.8724464],[-133.9028299,67.8740372],[-133.9194807,67.8790603],[-133.9213632,67.8796282],[-133.9361337,67.8840841],[-133.9451697,67.8868101],[-133.9527889,67.8891086],[-133.9679263,67.8936751],[-133.9694463,67.8941337],[-133.9861059,67.8991595],[-133.9906828,67.9005402],[-134.0027676,67.9041859],[-134.0134393,67.9074053],[-134.0194316,67.9092131],[-134.0360978,67.9142408],[-134.0361959,67.9142704],[-134.0541055,67.9191252],[-134.0589524,67.9211355],[-134.0648667,67.9250778],[-134.0731681,67.9325283],[-134.0802868,67.9411674],[-134.0864191,67.9506958],[-134.0917608,67.9608142],[-134.0965081,67.9712231],[-134.1008569,67.9816231],[-134.1050033,67.9917149],[-134.1091432,68.001199],[-134.1134728,68.0097762],[-134.1181879,68.017147],[-134.1234848,68.023012],[-134.1295592,68.0270718],[-134.1366074,68.0290271],[-134.1391602,68.0291595],[-134.1448966,68.0275673],[-134.1546897,68.0207977],[-134.1658616,68.0116031],[-134.1782642,68.0031703],[-134.1855927,68.0],[-134.1921645,67.99807],[-134.2102121,67.9937935],[-134.2320691,67.9896121],[-134.2567195,67.9855776],[-134.2831473,67.981742],[-134.3103365,67.9781571],[-134.3372711,67.9748751],[-134.3629353,67.9719477],[-134.386313,67.9694269],[-134.4063883,67.9673648],[-134.4221451,67.9658131],[-134.4325676,67.9648238],[-134.4366397,67.9644489],[-134.4366608,67.964447],[-134.4359466,67.9662932],[-134.4338511,67.9718353],[-134.4308307,67.9800971],[-134.4273467,67.9900894],[-134.4238605,68.0008226],[-134.4208336,68.0113074],[-134.4187273,68.0205544],[-134.4179993,68.0271988],[-134.4180344,68.0275786],[-134.4262036,68.0328045],[-134.4452819,68.037284],[-134.4703035,68.0413612],[-134.4963029,68.0453804],[-134.51413822525876,68.04886888441429]]}},{"type":"Feature","properties":{"name":"St. Lawrence / Gulf frontier","border":"USA–Vinland","feature":"St. Lawrence River / Gulf of St. Lawrence","kind":"river-border","rule":"This river segment and the political frontier are the same geometry."},"geometry":{"type":"LineString","coordinates":[[-72.5113615,46.3496833],[-72.4927039,46.361017],[-72.4735738,46.3718655],[-72.4539197,46.3820074],[-72.4336901,46.391221],[-72.4242804,46.3950461],[-72.4124874,46.3992611],[-72.388953,46.406047],[-72.3638534,46.41197],[-72.3382344,46.4174609],[-72.3131418,46.4229503],[-72.2896212,46.4288685],[-72.2687185,46.4356464],[-72.2514794,46.4437143],[-72.2474846,46.4462405],[-72.2384627,46.4545311],[-72.22828,46.4699911],[-72.2196556,46.4880878],[-72.2113564,46.506629],[-72.2021495,46.523423],[-72.1908017,46.5362776],[-72.1868002,46.5390354],[-72.1756662,46.5443205],[-72.1556011,46.5504947],[-72.1319323,46.5555376],[-72.1061014,46.559986],[-72.0795501,46.5643767],[-72.0537202,46.5692465],[-72.0300533,46.5751321],[-72.0195718,46.5785903],[-72.0096171,46.5828945],[-71.9909619,46.5943077],[-71.9734214,46.6085068],[-71.9566155,46.6242411],[-71.9401643,46.6402597],[-71.9236878,46.6553119],[-71.9068059,46.6681469],[-71.8891385,46.6775138],[-71.8703058,46.6821618],[-71.8642945,46.6824491],[-71.8498816,46.680202],[-71.8278608,46.6716147],[-71.8049014,46.6614045],[-71.7816862,46.6547969],[-71.7743772,46.6542969],[-71.7586606,46.6545758],[-71.735464,46.6559307],[-71.712079,46.6582958],[-71.6885287,46.6615427],[-71.6648359,46.6655432],[-71.6410236,46.6701691],[-71.6171146,46.6752921],[-71.5931321,46.6807839],[-71.5690988,46.6865163],[-71.5450377,46.692361],[-71.5209718,46.6981897],[-71.496924,46.7038743],[-71.4729172,46.7092864],[-71.4489743,46.7142977],[-71.4302835,46.7178594],[-71.4250931,46.718779],[-71.4006837,46.7226808],[-71.3758272,46.72626],[-71.3509781,46.7298329],[-71.326591,46.7337162],[-71.3031204,46.7382261],[-71.2810209,46.7436794],[-71.2743263,46.7456711],[-71.2601361,46.7509888],[-71.2397196,46.7615],[-71.2215342,46.7739521],[-71.2107303,46.7834931],[-71.2075269,46.7872561],[-71.1983153,46.8048879],[-71.1899376,46.8224691],[-71.1798118,46.8318708],[-71.1775152,46.8326811],[-71.1534509,46.8369204],[-71.1401726,46.8383805],[-71.1281134,46.8395377],[-71.1029637,46.8413191],[-71.0774632,46.8426474],[-71.0522017,46.8438999],[-71.0277688,46.8454539],[-71.0047542,46.8476868],[-71.0010143,46.8481625],[-70.9834928,46.8520473],[-70.963544,46.8601174],[-70.9444966,46.8709056],[-70.9259451,46.8833685],[-70.9074841,46.8964624],[-70.8887082,46.9091438],[-70.8692119,46.9203691],[-70.861049,46.9242496],[-70.848755,46.9295907],[-70.8278125,46.9382875],[-70.8064979,46.9466906],[-70.7848615,46.9548333],[-70.7629535,46.9627491],[-70.7408242,46.9704712],[-70.7185238,46.978033],[-70.6961026,46.9854679],[-70.6736109,46.9928091],[-70.651099,47.0000902],[-70.628617,47.0073443],[-70.6062154,47.0146049],[-70.6042711,47.0152382],[-70.5830627,47.0214777],[-70.5589162,47.0278105],[-70.5353454,47.0343024],[-70.5139296,47.0416573],[-70.5045197,47.0458801],[-70.4957217,47.0505446],[-70.4785699,47.0611101],[-70.4620698,47.0731251],[-70.4462813,47.0863563],[-70.4312642,47.1005705],[-70.4170781,47.1155342],[-70.403783,47.1310142],[-70.3914386,47.1467771],[-70.3801046,47.1625897],[-70.3698409,47.1782186],[-70.363748,47.1882085],[-70.3607504,47.1935316],[-70.3532047,47.2094716],[-70.3467779,47.2260338],[-70.3408429,47.2428466],[-70.3347727,47.2595384],[-70.3279402,47.2757376],[-70.3211109,47.2887642],[-70.3197309,47.2910848],[-70.3103176,47.3059341],[-70.3000364,47.3206096],[-70.2889364,47.335118],[-70.2770668,47.3494658],[-70.2644768,47.3636595],[-70.2512157,47.3777058],[-70.2373325,47.3916111],[-70.2228766,47.4053821],[-70.2078971,47.4190252],[-70.1924432,47.4325471],[-70.1765641,47.4459543],[-70.160309,47.4592534],[-70.1437271,47.4724509],[-70.1268676,47.4855534],[-70.1097797,47.4985674],[-70.0925126,47.5114995],[-70.0751155,47.5243563],[-70.0576375,47.5371442],[-70.0401279,47.54987],[-70.0226359,47.5625401],[-70.0052107,47.5751611],[-69.9879014,47.5877395],[-69.9707573,47.6002819],[-69.9538275,47.6127949],[-69.9436603,47.620391],[-69.9370528,47.6252484],[-69.9195275,47.6373387],[-69.901297,47.6491081],[-69.8826845,47.6606949],[-69.8640133,47.6722377],[-69.8456067,47.6838749],[-69.827788,47.6957451],[-69.8108803,47.7079865],[-69.800259,47.716435],[-69.7951514,47.7207214],[-69.7800923,47.733825],[-69.7654731,47.7472214],[-69.7512619,47.7608893],[-69.7374269,47.7748075],[-69.7239364,47.7889548],[-69.7107584,47.8033098],[-69.6978612,47.8178514],[-69.6852129,47.8325583],[-69.6727818,47.8474093],[-69.660536,47.8623831],[-69.6484438,47.8774585],[-69.6364732,47.8926143],[-69.6245925,47.9078291],[-69.6127698,47.9230818],[-69.6009734,47.938351],[-69.5891715,47.9536157],[-69.5773321,47.9688544],[-69.5654236,47.984046],[-69.553414,47.9991693],[-69.5412716,48.0142029],[-69.5289646,48.0291257],[-69.5164611,48.0439164],[-69.5037293,48.0585537],[-69.4907374,48.0730164],[-69.4774536,48.0872833],[-69.4638461,48.1013331],[-69.449883,48.1151446],[-69.4355326,48.1286965],[-69.420763,48.1419676],[-69.4196289,48.1429585],[-69.4056082,48.155024],[-69.390151,48.1679759],[-69.3744037,48.1808272],[-69.3583781,48.1935808],[-69.342086,48.20624],[-69.3255392,48.2188078],[-69.3087495,48.2312874],[-69.2917288,48.2436819],[-69.2744889,48.2559945],[-69.2570416,48.2682282],[-69.2393988,48.2803862],[-69.2215721,48.2924716],[-69.2035736,48.3044876],[-69.1854149,48.3164373],[-69.1671079,48.3283238],[-69.1486644,48.3401502],[-69.1300963,48.3519196],[-69.1114154,48.3636353],[-69.0926334,48.3753003],[-69.0737622,48.3869177],[-69.0548137,48.3984907],[-69.0357996,48.4100224],[-69.0167317,48.4215159],[-68.9976219,48.4329744],[-68.9784821,48.444401],[-68.9593239,48.4557988],[-68.9401593,48.467171],[-68.9210001,48.4785206],[-68.901858,48.4898508],[-68.8827449,48.5011647],[-68.8636727,48.5124655],[-68.8446531,48.5237563],[-68.8256979,48.5350401],[-68.8172077,48.5401072],[-68.8068035,48.5463283],[-68.787899,48.5576591],[-68.7689716,48.569031],[-68.7500185,48.580437],[-68.7310366,48.5918698],[-68.7120231,48.6033222],[-68.6929751,48.614787],[-68.6738895,48.6262571],[-68.6547636,48.6377252],[-68.6355943,48.6491843],[-68.6163787,48.6606271],[-68.5971139,48.6720464],[-68.5777971,48.6834351],[-68.5584251,48.6947859],[-68.5389952,48.7060917],[-68.5195043,48.7173453],[-68.4999497,48.7285395],[-68.4803282,48.7396672],[-68.4606371,48.7507211],[-68.4408734,48.7616942],[-68.4210341,48.7725791],[-68.4011163,48.7833687],[-68.3811172,48.7940558],[-68.3610337,48.8046333],[-68.3408629,48.8150939],[-68.320602,48.8254306],[-68.300248,48.835636],[-68.2797979,48.8457031],[-68.2592489,48.8556246],[-68.238598,48.8653933],[-68.2178423,48.8750022],[-68.1969788,48.8844439],[-68.1760046,48.8937113],[-68.1549169,48.9027973],[-68.1337126,48.9116946],[-68.1176503,48.9182722],[-68.1123884,48.9203996],[-68.0909332,48.928989],[-68.0693455,48.937497],[-68.0476286,48.945925],[-68.0257858,48.9542744],[-68.0038204,48.9625464],[-67.9817356,48.9707425],[-67.9595349,48.9788639],[-67.9372215,48.9869121],[-67.9147986,48.9948885],[-67.8922695,49.0027942],[-67.8696376,49.0106308],[-67.8469061,49.0183996],[-67.8240783,49.0261018],[-67.8011576,49.0337389],[-67.7781471,49.0413123],[-67.7550503,49.0488232],[-67.7318703,49.056273],[-67.7086105,49.0636631],[-67.6852742,49.0709948],[-67.6618646,49.0782695],[-67.6383851,49.0854886],[-67.6148389,49.0926533],[-67.5912293,49.0997651],[-67.5675596,49.1068252],[-67.5438332,49.1138351],[-67.5200532,49.1207961],[-67.4962231,49.1277095],[-67.472346,49.1345768],[-67.4484253,49.1413992],[-67.4244642,49.148178],[-67.4004661,49.1549148],[-67.3764342,49.1616108],[-67.3523719,49.1682673],[-67.3282824,49.1748857],[-67.3041689,49.1814674],[-67.2800349,49.1880137],[-67.2558836,49.194526],[-67.2317183,49.2010057],[-67.2075422,49.207454],[-67.1833587,49.2138723],[-67.1591711,49.220262],[-67.1349826,49.2266245],[-67.1107965,49.232961],[-67.0866161,49.239273],[-67.0624448,49.2455617],[-67.0382858,49.2518287],[-67.0141423,49.2580751],[-66.9900178,49.2643023],[-66.9659154,49.2705118],[-66.9418385,49.2767048],[-66.9177904,49.2828827],[-66.8953099,49.2886529],[-66.8937742,49.2890474],[-66.8697602,49.2953135],[-66.8457235,49.301759],[-66.8216638,49.3083673],[-66.7975806,49.3151223],[-66.7734738,49.3220075],[-66.749343,49.3290067],[-66.7251878,49.3361035],[-66.701008,49.3432816],[-66.6768033,49.3505246],[-66.6525734,49.3578164],[-66.6283179,49.3651404],[-66.6040365,49.3724805],[-66.5797289,49.3798202],[-66.5553949,49.3871433],[-66.5310341,49.3944334],[-66.5066461,49.4016742],[-66.4822307,49.4088493],[-66.4577877,49.4159426],[-66.4333165,49.4229375],[-66.408817,49.4298179],[-66.3842889,49.4365673],[-66.3597317,49.4431695],[-66.3351453,49.4496081],[-66.3105293,49.4558669],[-66.2858834,49.4619294],[-66.2612073,49.4677793],[-66.2365006,49.4734004],[-66.2117632,49.4787763],[-66.1869945,49.4838906],[-66.1621944,49.4887271],[-66.1373625,49.4932695],[-66.1124986,49.4975013],[-66.0876023,49.5014064],[-66.0626732,49.5049683],[-66.0377112,49.5081707],[-66.0127158,49.5109973],[-65.9876868,49.5134318],[-65.9626238,49.5154578],[-65.9375266,49.5170591],[-65.9123948,49.5182193],[-65.8872281,49.5189221],[-65.8627102,49.5191513],[-65.8620263,49.5191513],[-65.8367404,49.5190945],[-65.8113317,49.5189315],[-65.7858074,49.5186648],[-65.7601744,49.5182967],[-65.73444,49.5178295],[-65.7086111,49.5172656],[-65.6826948,49.5166075],[-65.6566983,49.5158574],[-65.6306287,49.5150177],[-65.6044929,49.5140909],[-65.5782982,49.5130792],[-65.5520516,49.511985],[-65.5257602,49.5108108],[-65.4994311,49.5095588],[-65.4730713,49.5082314],[-65.446688,49.506831],[-65.4202882,49.50536],[-65.3938791,49.5038208],[-65.3674678,49.5022156],[-65.3410612,49.500547],[-65.3146665,49.4988171],[-65.2882909,49.4970285],[-65.2619413,49.4951834],[-65.2356249,49.4932843],[-65.2093487,49.4913335],[-65.18312,49.4893334],[-65.1569456,49.4872863],[-65.1308328,49.4851946],[-65.1047886,49.4830607],[-65.0788201,49.480887],[-65.0529344,49.4786757],[-65.0271386,49.4764294],[-65.0014398,49.4741503],[-64.975845,49.4718408],[-64.9503614,49.4695033],[-64.924996,49.4671401],[-64.899756,49.4647537],[-64.8746484,49.4623464],[-64.8496803,49.4599205],[-64.8248588,49.4574784],[-64.8035718,49.4553608],[-64.8001894,49.4550202],[-64.7755796,49.4523972],[-64.7509727,49.4495226],[-64.7263705,49.4464013],[-64.7017751,49.4430381],[-64.6771884,49.4394378],[-64.6526123,49.4356052],[-64.628049,49.4315451],[-64.6035003,49.4272624],[-64.5789681,49.4227618],[-64.5544545,49.4180481],[-64.5299615,49.4131263],[-64.5054909,49.408001],[-64.4810448,49.402677],[-64.4566252,49.3971593],[-64.4322339,49.3914526],[-64.407873,49.3855617],[-64.3835445,49.3794914],[-64.3592502,49.3732466],[-64.3349922,49.366832],[-64.3107725,49.3602524],[-64.286593,49.3535128],[-64.2624556,49.3466178],[-64.2383624,49.3395723],[-64.2143152,49.3323811],[-64.1903162,49.325049],[-64.1663672,49.3175808],[-64.1424702,49.3099814],[-64.1186272,49.3022555],[-64.0948401,49.2944079],[-64.071111,49.2864435],[-64.0474417,49.2783671],[-64.0238343,49.2701835],[-64.0002907,49.2618974],[-63.9768128,49.2535138],[-63.9534028,49.2450374],[-63.9300624,49.236473],[-63.9067938,49.2278255],[-63.8835988,49.2190995],[-63.8604794,49.2103001],[-63.8374376,49.2014319],[-63.8144753,49.1924998],[-63.7915946,49.1835086],[-63.7687974,49.1744631],[-63.7460857,49.1653681],[-63.7234613,49.1562284],[-63.7009264,49.1470488],[-63.6784829,49.1378342],[-63.6561326,49.1285893],[-63.6338777,49.119319],[-63.61172,49.1100281],[-63.5896616,49.1007213],[-63.5677044,49.0914035],[-63.5458503,49.0820796],[-63.5241014,49.0727542],[-63.5024596,49.0634323],[-63.4809268,49.0541186],[-63.4595051,49.044818],[-63.4381964,49.0355352],[-63.4170027,49.0262751],[-63.3959259,49.0170424],[-63.3749681,49.0078421],[-63.3541311,48.9986788],[-63.3334169,48.9895575],[-63.3258228,48.9862111],[-63.3128472,48.9804101],[-63.2924914,48.970978],[-63.2723481,48.9612486],[-63.2524089,48.9512342],[-63.2326655,48.9409471],[-63.2131095,48.9303995],[-63.1937328,48.9196039],[-63.1745269,48.9085723],[-63.1554836,48.8973173],[-63.1365945,48.885851],[-63.1178513,48.8741857],[-63.0992456,48.8623338],[-63.0807692,48.8503075],[-63.0624138,48.8381191],[-63.0441709,48.825781],[-63.0260324,48.8133053],[-63.0079898,48.8007045],[-62.9900349,48.7879908],[-62.9721593,48.7751764],[-62.9543548,48.7622737],[-62.9366129,48.7492951],[-62.9189255,48.7362526],[-62.9012841,48.7231588],[-62.8836804,48.7100258],[-62.8661061,48.6968659],[-62.848553,48.6836915],[-62.8310126,48.6705149],[-62.8134767,48.6573482],[-62.7959369,48.6442039],[-62.7783849,48.6310942],[-62.7608124,48.6180314],[-62.7432112,48.6050278],[-62.7255727,48.5920957],[-62.7078888,48.5792474],[-62.6901512,48.5664952],[-62.6723514,48.5538514],[-62.6544812,48.5413282],[-62.6365323,48.528938],[-62.6184963,48.5166931],[-62.6003649,48.5046057],[-62.5821298,48.4926881],[-62.5637828,48.4809527],[-62.5453153,48.4694117],[-62.5267192,48.4580774],[-62.5079862,48.4469622],[-62.4891078,48.4360782],[-62.4700758,48.4254379],[-62.4508819,48.4150534],[-62.4315177,48.4049372],[-62.4119749,48.3951014],[-62.3922453,48.3855584],[-62.3723204,48.3763205],[-62.3521919,48.3673999],[-62.3318517,48.358809],[-62.3112912,48.35056],[-62.3061308,48.3485585],[-62.2904912,48.3426131],[-62.2694251,48.3348441],[-62.2480995,48.3272425],[-62.2265226,48.3198031],[-62.2047025,48.3125208],[-62.1826475,48.3053905],[-62.1603657,48.2984071],[-62.1378652,48.2915653],[-62.1151542,48.2848603],[-62.0922409,48.2782867],[-62.0691334,48.2718395],[-62.0458398,48.2655136],[-62.0223684,48.2593039],[-61.9987272,48.2532052],[-61.9749244,48.2472124],[-61.97317382944239,48.2467818473756]]}}]}