{"type":"FeatureCollection","features":[{"type":"Feature","properties":{},"geometry":{"type":"Polygon","coordinates":[[[-86.21666717529297,42.727500915527344],[-86.35472106933594,42.279998779296875],[-86.66944122314453,41.86082458496094],[-87.22306060791016,41.624725341796875],[-87.51083374023438,41.70582580566406],[-87.81749725341797,42.24082946777344],[-87.76499938964844,42.78639221191406],[-87.90389251708984,43.022499084472656],[-87.90972137451172,43.23388671875],[-87.70693969726562,43.677215576171875],[-87.72693634033203,43.918060302734375],[-87.64193725585938,44.09666442871094],[-87.50556182861328,44.18444061279297],[-87.55082702636719,44.3255615234375],[-87.32694244384766,44.78193664550781],[-87.44361114501953,44.88917541503906],[-87.59361267089844,44.851104736328125],[-87.94471740722656,44.538055419921875],[-88.04528045654297,44.576385498046875],[-87.98944091796875,44.716941833496094],[-87.83556365966797,44.942779541015625],[-87.6380615234375,44.997222900390625],[-87.60193634033203,45.163055419921875],[-87.09249877929688,45.69749450683594],[-86.97888946533203,45.91999816894531],[-86.97389221191406,45.684173583984375],[-86.85193634033203,45.728057861328125],[-86.77027893066406,45.87055969238281],[-86.55027770996094,45.89056396484375],[-86.56360626220703,45.77861022949219],[-86.7138900756836,45.684722900390625],[-86.62361145019531,45.60499572753906],[-86.5824966430664,45.709999084472656],[-86.35388946533203,45.809173583984375],[-86.27971649169922,45.94000244140625],[-85.6736068725586,45.97416687011719],[-85.52889251708984,46.10139465332031],[-85.01499938964844,46.02111053466797],[-84.75250244140625,45.850830078125],[-84.6433334350586,46.05610656738281],[-84.52806091308594,45.9808349609375],[-83.90361022949219,45.96971893310547],[-84.02889251708984,46.14250183105469],[-84.2619400024414,46.20806121826172],[-84.1786117553711,46.25666809082031],[-84.32305908203125,46.49806213378906],[-84.56194305419922,46.41972351074219],[-84.65389251708984,46.49443817138672],[-85.0244369506836,46.491668701171875],[-84.95639038085938,46.7852783203125],[-85.5008316040039,46.68360900878906],[-86.1449966430664,46.68556213378906],[-86.647216796875,46.43083190917969],[-86.76083374023438,46.49528503417969],[-86.8708267211914,46.45555877685547],[-87.01277923583984,46.54888916015625],[-87.34971618652344,46.51167297363281],[-87.60582733154297,46.80082702636719],[-87.8166732788086,46.9041748046875],[-88.08110809326172,46.929168701171875],[-88.29499816894531,46.83027648925781],[-88.16221618652344,46.9708251953125],[-88.48361206054688,46.76499938964844],[-88.44361114501953,46.989715576171875],[-88.52027893066406,47.117218017578125],[-88.63583374023438,47.14332580566406],[-88.64888763427734,47.23443603515625],[-88.95693969726562,47.021942138671875],[-89.13139343261719,47.00416564941406],[-89.32305908203125,46.883056640625],[-89.80249786376953,46.828887939453125],[-90.038330078125,46.68333435058594],[-90.4477767944336,46.568328857421875],[-90.75472259521484,46.70167541503906],[-90.7880630493164,46.62971496582031],[-90.95027923583984,46.60194396972656],[-90.75917053222656,46.896392822265625],[-90.8619384765625,46.9666748046875],[-91.7750015258789,46.70832824707031],[-92.01167297363281,46.69721984863281],[-92.11000061035156,46.76860809326172],[-90.78721618652344,47.61332702636719],[-89.836669921875,47.88749694824219],[-89.34278106689453,48.11250305175781],[-89.19889068603516,48.324440002441406],[-89.24305725097656,48.388328552246094],[-89.13861083984375,48.48443603515625],[-88.75943756103516,48.58055877685547],[-88.93860626220703,48.31443786621094],[-88.74639129638672,48.366111755371094],[-88.62444305419922,48.624725341796875],[-88.54000091552734,48.64527893066406],[-88.48027801513672,48.85443878173828],[-88.31388854980469,48.76055908203125],[-88.55638885498047,48.546112060546875],[-88.55972290039062,48.43028259277344],[-88.43028259277344,48.5736083984375],[-88.3125,48.5816650390625],[-88.3324966430664,48.65721893310547],[-88.20443725585938,48.60667419433594],[-88.10582733154297,48.7933349609375],[-88.25389099121094,48.872222900390625],[-88.27056121826172,48.97138977050781],[-88.03556060791016,49.022216796875],[-87.28971862792969,48.76750183105469],[-86.43472290039062,48.7772216796875],[-86.26277923583984,48.584442138671875],[-86.13139343261719,48.24139404296875],[-85.86028289794922,47.98527526855469],[-85.55750274658203,47.925559997558594],[-84.8486099243164,47.952781677246094],[-85.02777862548828,47.61138916015625],[-84.57888793945312,47.28889465332031],[-84.78083038330078,46.986114501953125],[-84.35111236572266,46.882781982421875],[-84.5441665649414,46.82499694824219],[-84.54833221435547,46.699440002441406],[-84.46582794189453,46.758331298828125],[-84.42194366455078,46.69610595703125],[-84.59027862548828,46.565826416015625],[-84.51721954345703,46.48222351074219],[-84.17305755615234,46.55250549316406],[-84.07499694824219,46.50360870361328],[-84.11943817138672,46.375274658203125],[-84.04972076416016,46.32611083984375],[-83.04805755615234,46.17694091796875],[-82.63027954101562,46.21778106689453],[-82.68138885498047,46.16693878173828],[-82.45333099365234,46.203330993652344],[-81.71443939208984,46.10417175292969],[-81.7772216796875,46.063331604003906],[-81.7611083984375,46.0130615234375],[-81.6544418334961,46.11444091796875],[-81.54138946533203,46.09056091308594],[-81.7013931274414,46.01417541503906],[-81.50389099121094,46.04167175292969],[-81.64472198486328,46.01499938964844],[-81.56777954101562,46.00611114501953],[-81.67028045654297,45.946388244628906],[-81.49082946777344,46.02056121826172],[-81.49749755859375,45.974998474121094],[-81.25055694580078,45.95750427246094],[-81.16139221191406,46.015830993652344],[-81.15528106689453,45.92582702636719],[-80.80693817138672,45.950828552246094],[-80.50138854980469,45.56944274902344],[-80.40028381347656,45.60667419433594],[-80.3499984741211,45.382781982421875],[-80.33583068847656,45.43556213378906],[-80.23332977294922,45.34111022949219],[-80.05944061279297,45.382781982421875],[-80.0374984741211,45.314170837402344],[-80.12944030761719,45.23750305175781],[-79.98860931396484,45.14833068847656],[-80.07611083984375,45.09443664550781],[-79.82861328125,44.93611145019531],[-79.78360748291016,44.8175048828125],[-79.68305969238281,44.87916564941406],[-79.72167205810547,44.78721618652344],[-79.65972137451172,44.751670837402344],[-79.87750244140625,44.76832580566406],[-79.94583129882812,44.86555480957031],[-80.10388946533203,44.81999969482422],[-80.11332702636719,44.75250244140625],[-79.98750305175781,44.68278503417969],[-79.99749755859375,44.55693817138672],[-80.0897216796875,44.46806335449219],[-80.58444213867188,44.612220764160156],[-80.6500015258789,44.726104736328125],[-80.93417358398438,44.59333038330078],[-80.89277648925781,44.791107177734375],[-81.13278198242188,44.758056640625],[-80.9486083984375,44.96360778808594],[-81.15028381347656,44.91139221191406],[-81.11028289794922,44.96028137207031],[-81.25360870361328,45.001670837402344],[-81.3255615234375,45.157501220703125],[-81.28360748291016,45.249168395996094],[-81.69528198242188,45.26472473144531],[-81.72000122070312,45.21583557128906],[-81.57611083984375,45.192779541015625],[-81.43389129638672,44.98249816894531],[-81.34971618652344,44.973060607910156],[-81.26583099365234,44.623329162597656],[-81.40528106689453,44.437774658203125],[-81.58055877685547,44.34666442871094],[-81.74500274658203,44.083892822265625],[-81.6977767944336,43.48777770996094],[-81.74555969238281,43.3458251953125],[-82.1755599975586,43.07167053222656],[-82.415283203125,43.015281677246094],[-82.63027954101562,43.790557861328125],[-82.79277801513672,44.02056121826172],[-82.95249938964844,44.06694030761719],[-83.39694213867188,43.92138671875],[-83.33860778808594,43.894439697265625],[-83.47306060791016,43.71638488769531],[-83.67194366455078,43.60166931152344],[-83.9463882446289,43.72999572753906],[-83.85360717773438,43.991668701171875],[-83.59443664550781,44.05610656738281],[-83.53861236572266,44.255279541015625],[-83.33332824707031,44.33555603027344],[-83.30388641357422,44.82417297363281],[-83.46056365966797,45.00611114501953],[-83.41221618652344,45.074440002441406],[-83.26721954345703,45.037498474121094],[-83.3888931274414,45.28111267089844],[-84.10861206054688,45.508331298828125],[-84.32083129882812,45.671669006347656],[-84.47528076171875,45.66444396972656],[-84.76249694824219,45.80389404296875],[-84.99028015136719,45.77333068847656],[-84.94194030761719,45.72471618652344],[-85.08277893066406,45.627777099609375],[-85.10582733154297,45.52833557128906],[-84.91221618652344,45.41139221191406],[-85.38583374023438,45.26777648925781],[-85.39527893066406,44.99360656738281],[-85.52832794189453,44.77166748046875],[-85.49500274658203,44.997222900390625],[-85.6138916015625,44.78221893310547],[-85.65583038330078,44.856109619140625],[-85.55610656738281,45.217498779296875],[-85.8277816772461,44.95361328125],[-86.07499694824219,44.913055419921875],[-86.09166717529297,44.74749755859375],[-86.26499938964844,44.7005615234375],[-86.26750183105469,44.36528015136719],[-86.52471923828125,44.07221984863281],[-86.43028259277344,43.809173583984375],[-86.54638671875,43.64167022705078],[-86.352783203125,43.250274658203125],[-86.25193786621094,43.266387939453125],[-86.32943725585938,43.22528076171875],[-86.22917175292969,42.999725341796875],[-86.21666717529297,42.727500915527344]]]}},{"type":"Feature","properties":{},"geometry":{"type":"Polygon","coordinates":[[[-123.49444580078125,65.18360900878906],[-122.86444091796875,65.26166534423828],[-122.7300033569336,65.34833526611328],[-122.94166564941406,65.49028015136719],[-122.35055541992188,65.63833618164062],[-122.13972473144531,65.78388977050781],[-122.53111267089844,65.94999694824219],[-122.78555297851562,65.96639251708984],[-122.35111236572266,66.01194763183594],[-121.46833038330078,65.9302749633789],[-121.28861236572266,65.98249816894531],[-121.22916412353516,66.07917022705078],[-121.56194305419922,66.0969467163086],[-121.93277740478516,66.25389099121094],[-123.00861358642578,66.25499725341797],[-123.05611419677734,66.23777770996094],[-122.9366683959961,66.17888641357422],[-123.11305236816406,66.10749816894531],[-123.11833190917969,66.04000091552734],[-123.27527618408203,66.17082977294922],[-123.8597183227539,66.0999984741211],[-124.19055938720703,66.17610931396484],[-124.58055877685547,66.15333557128906],[-124.62110900878906,66.12527465820312],[-124.55332946777344,66.00861358642578],[-124.73999786376953,66.04666900634766],[-124.79000091552734,65.90888977050781],[-125.1191635131836,66.13444519042969],[-125.08472442626953,66.25027465820312],[-124.97555541992188,66.3066635131836],[-124.46971893310547,66.24666595458984],[-124.2972183227539,66.36555480957031],[-123.99500274658203,66.30972290039062],[-123.16555786132812,66.52833557128906],[-123.08833312988281,66.46111297607422],[-122.89444732666016,66.54861450195312],[-122.4736099243164,66.55638885498047],[-122.56666564941406,66.56527709960938],[-122.50138854980469,66.60778045654297],[-122.34111022949219,66.60888671875],[-122.33583068847656,66.55750274658203],[-121.445556640625,66.72666931152344],[-121.4749984741211,66.76388549804688],[-121.16638946533203,66.86582946777344],[-119.80638885498047,67.04694366455078],[-119.73638916015625,67.02055358886719],[-119.77833557128906,66.975830078125],[-119.42749786376953,66.99333190917969],[-119.51860809326172,66.94833374023438],[-118.9527816772461,66.87472534179688],[-119.7911148071289,66.67666625976562],[-120.12027740478516,66.66500091552734],[-120.05000305175781,66.62860870361328],[-120.38138580322266,66.51055908203125],[-120.241943359375,66.47389221191406],[-120.50666809082031,66.41471862792969],[-119.86972045898438,66.3227767944336],[-119.7669448852539,66.36277770996094],[-119.6050033569336,66.35111236572266],[-119.78166961669922,66.30833435058594],[-118.82416534423828,66.3052749633789],[-118.35277557373047,66.37944030761719],[-118.12833404541016,66.46305847167969],[-118.28028106689453,66.43472290039062],[-118.07083129882812,66.58333587646484],[-117.6036148071289,66.67472076416016],[-117.73944091796875,66.63666534423828],[-117.58860778808594,66.62889099121094],[-117.9030532836914,66.4102783203125],[-117.54305267333984,66.48944091796875],[-117.4638900756836,66.44139099121094],[-117.711669921875,66.31138610839844],[-117.60944366455078,66.27249908447266],[-117.65194702148438,66.22972106933594],[-117.82555389404297,66.17555236816406],[-117.68888854980469,66.1763916015625],[-118.02583312988281,66.09666442871094],[-117.77555847167969,66.02610778808594],[-118.12972259521484,66.01860809326172],[-118.14666748046875,65.91166687011719],[-118.26583099365234,65.85472106933594],[-118.09083557128906,65.7941665649414],[-117.78055572509766,65.85639190673828],[-117.99861145019531,65.77972412109375],[-117.80694580078125,65.72416687011719],[-118.58333587646484,65.65721893310547],[-118.51166534423828,65.62194061279297],[-118.9286117553711,65.79194641113281],[-119.69139099121094,65.79389190673828],[-119.76444244384766,65.74166870117188],[-119.59278106689453,65.7074966430664],[-120.10277557373047,65.62166595458984],[-119.5441665649414,65.43138885498047],[-119.47472381591797,65.32167053222656],[-119.8852767944336,65.336669921875],[-120.05194091796875,65.19110870361328],[-121.024169921875,64.93083190917969],[-121.1772232055664,64.8102798461914],[-121.36499786376953,64.81500244140625],[-121.50472259521484,64.93611145019531],[-120.95388793945312,65.04138946533203],[-120.9830551147461,65.11499786376953],[-120.71055603027344,65.18722534179688],[-120.35749816894531,65.42666625976562],[-120.36638641357422,65.55194091796875],[-120.79472351074219,65.6036148071289],[-121.52777862548828,65.38999938964844],[-121.6191635131836,65.26000213623047],[-121.5955581665039,65.15638732910156],[-121.66805267333984,65.12222290039062],[-121.58944702148438,65.07499694824219],[-122.0683364868164,64.98194122314453],[-122.03944396972656,64.93888854980469],[-123.31500244140625,65.10277557373047],[-123.49444580078125,65.18360900878906]]]}},{"type":"Feature","properties":{},"geometry":{"type":"Polygon","coordinates":[[[-114.5905990600586,60.911109924316406],[-115.95559692382812,60.84083557128906],[-116.5374984741211,61.0272216796875],[-117.23609924316406,61.07110595703125],[-117.68389892578125,61.30250549316406],[-117.0886001586914,61.14305877685547],[-116.7074966430664,61.2147216796875],[-116.79969787597656,61.29167175292969],[-116.75689697265625,61.324440002441406],[-116.19309997558594,61.26777648925781],[-115.96109771728516,61.17250061035156],[-116.02420043945312,61.23222351074219],[-115.8488998413086,61.30999755859375],[-116.0614013671875,61.374168395996094],[-115.71080017089844,61.43556213378906],[-115.76529693603516,61.52278137207031],[-115.51860046386719,61.696388244628906],[-115.54560089111328,61.749168395996094],[-115.06060028076172,61.73249816894531],[-114.62139892578125,61.855560302734375],[-114.68440246582031,61.877777099609375],[-114.64330291748047,61.93556213378906],[-114.75579833984375,61.92694091796875],[-114.7802963256836,62.00611114501953],[-115.04280090332031,62.0897216796875],[-115.06079864501953,62.19139099121094],[-115.3292007446289,62.225555419921875],[-115.23139953613281,62.309722900390625],[-115.30719757080078,62.33917236328125],[-115.25830078125,62.47943878173828],[-115.69920349121094,62.47833251953125],[-115.77220153808594,62.533058166503906],[-115.69499969482422,62.55332946777344],[-116.05280303955078,62.70361328125],[-115.99250030517578,62.7791748046875],[-115.69439697265625,62.699440002441406],[-115.77310180664062,62.65583038330078],[-115.28610229492188,62.608062744140625],[-114.7031021118164,62.363059997558594],[-114.26940155029297,62.412498474121094],[-114.20999908447266,62.37139129638672],[-114.25559997558594,62.31944274902344],[-113.74859619140625,62.15528106689453],[-113.80419921875,62.13499450683594],[-113.74079895019531,62.08610534667969],[-113.318603515625,61.989715576171875],[-112.4175033569336,62.0736083984375],[-111.71330261230469,62.380279541015625],[-111.44139862060547,62.69499969482422],[-110.7157974243164,62.920562744140625],[-109.94609832763672,62.950279235839844],[-108.97000122070312,62.802215576171875],[-109.15139770507812,62.71888732910156],[-108.90080261230469,62.799720764160156],[-108.98670196533203,62.696388244628906],[-109.28970336914062,62.57611083984375],[-109.1613998413086,62.65777587890625],[-109.9531021118164,62.820556640625],[-110.65809631347656,62.827781677246094],[-110.74220275878906,62.79417419433594],[-110.58499908447266,62.768890380859375],[-111.39109802246094,62.63194274902344],[-111.6707992553711,62.359169006347656],[-111.2782974243164,62.6119384765625],[-110.497802734375,62.6602783203125],[-110.42749786376953,62.75193786621094],[-110.47109985351562,62.79582977294922],[-109.747802734375,62.728057861328125],[-110.37249755859375,62.747222900390625],[-110.4207992553711,62.68193817138672],[-109.68309783935547,62.665557861328125],[-110.03579711914062,62.55500030517578],[-110.77140045166016,62.53916931152344],[-110.64109802246094,62.48777770996094],[-110.31809997558594,62.537498474121094],[-110.67420196533203,62.429168701171875],[-109.85030364990234,62.55528259277344],[-110.47940063476562,62.38360595703125],[-110.22250366210938,62.38972473144531],[-110.29810333251953,62.36444091796875],[-111.0625,62.38056182861328],[-111.7155990600586,62.0513916015625],[-111.46499633789062,62.073890686035156],[-111.59750366210938,61.94999694824219],[-112.15470123291016,61.69917297363281],[-112.20580291748047,61.61332702636719],[-112.93440246582031,61.383888244628906],[-113.118896484375,61.486114501953125],[-113.66500091552734,61.31111145019531],[-113.7146987915039,61.260833740234375],[-113.67140197753906,61.19444274902344],[-113.74720001220703,61.165283203125],[-113.61969757080078,61.10333251953125],[-113.74189758300781,61.00860595703125],[-114.03780364990234,60.96583557128906],[-114.2208023071289,61.01249694824219],[-114.5905990600586,60.911109924316406]]]}},{"type":"Feature","properties":{},"geometry":{"type":"Polygon","coordinates":[[[-81.55722045898438,42.5574951171875],[-81.13971710205078,42.673065185546875],[-80.1005630493164,42.543060302734375],[-80.0486068725586,42.554718017578125],[-80.4494400024414,42.623329162597656],[-80.19667053222656,42.79193878173828],[-79.45471954345703,42.87750244140625],[-79.09249877929688,42.841941833496094],[-78.915283203125,42.924171447753906],[-79.07861328125,43.09222412109375],[-78.8880615234375,43.0494384765625],[-78.93694305419922,42.97193908691406],[-78.86332702636719,42.84693908691406],[-78.87139129638672,42.78639221191406],[-79.14472198486328,42.570281982421875],[-80.29332733154297,42.0513916015625],[-81.3477783203125,41.72694396972656],[-81.72444152832031,41.49694061279297],[-82.04666900634766,41.510284423828125],[-82.46666717529297,41.38749694824219],[-82.68000030517578,41.49583435058594],[-82.61000061035156,41.42694091796875],[-82.804443359375,41.47888946533203],[-82.92527770996094,41.428611755371094],[-83.05944061279297,41.461669921875],[-82.70249938964844,41.54138946533203],[-82.83361053466797,41.588890075683594],[-82.95639038085938,41.529441833496094],[-83.461669921875,41.72193908691406],[-83.1786117553711,42.01499938964844],[-83.11778259277344,42.27555847167969],[-83.0111083984375,42.35028076171875],[-82.88777923583984,42.39805603027344],[-82.87167358398438,42.537498474121094],[-82.77555847167969,42.59361267089844],[-82.81555938720703,42.64250183105469],[-82.71861267089844,42.692779541015625],[-82.62805938720703,42.67500305175781],[-82.60193634033203,42.51249694824219],[-82.41889190673828,42.498329162597656],[-82.40193939208984,42.38749694824219],[-82.48500061035156,42.31361389160156],[-83.05693817138672,42.314170837402344],[-83.12249755859375,42.064720153808594],[-82.9175033569336,41.98527526855469],[-82.62777709960938,42.0352783203125],[-82.50167083740234,41.91389465332031],[-82.41638946533203,42.10528564453125],[-81.85749816894531,42.320831298828125],[-81.85639190673828,42.25639343261719],[-81.80610656738281,42.37889099121094],[-81.55722045898438,42.5574951171875]]]}},{"type":"Feature","properties":{},"geometry":{"type":"Polygon","coordinates":[[[-98.47611236572266,53.05889129638672],[-99.03083038330078,53.04278564453125],[-99.25138854980469,53.187774658203125],[-99.21582794189453,53.33000183105469],[-99.07527923583984,53.453887939453125],[-98.97000122070312,53.69306182861328],[-99.008056640625,53.772499084472656],[-98.90833282470703,53.87889099121094],[-98.35333251953125,53.85528564453125],[-97.88417053222656,53.70306396484375],[-98.25833129882812,53.8941650390625],[-98.31694030761719,53.9888916015625],[-98.04167175292969,54.39250183105469],[-97.96527862548828,54.40361022949219],[-97.90693664550781,54.35028076171875],[-97.9869384765625,54.310829162597656],[-97.79638671875,54.30082702636719],[-98.13916778564453,54.18611145019531],[-98.15028381347656,54.04750061035156],[-98.22693634033203,54.0050048828125],[-98.07888793945312,53.92250061035156],[-97.7316665649414,54.086395263671875],[-97.77971649169922,53.99333190917969],[-97.977783203125,53.96055603027344],[-97.95693969726562,53.85472106933594],[-97.5633316040039,53.26361083984375],[-97.41972351074219,53.1683349609375],[-97.4130630493164,53.048614501953125],[-97.32749938964844,53.0130615234375],[-97.4352798461914,52.947784423828125],[-97.0352783203125,52.42028045654297],[-97.06806182861328,52.329437255859375],[-97.00277709960938,52.25944519042969],[-97.08805847167969,52.24000549316406],[-96.8236083984375,51.961395263671875],[-96.87249755859375,51.87361145019531],[-96.70221710205078,51.812774658203125],[-96.78360748291016,51.7550048828125],[-96.258056640625,51.21278381347656],[-96.35778045654297,51.17028045654297],[-96.3133316040039,51.111114501953125],[-96.42500305175781,51.08416748046875],[-96.38139343261719,50.71028137207031],[-96.29556274414062,50.61943817138672],[-96.53721618652344,50.727783203125],[-96.61778259277344,50.55194091796875],[-96.55777740478516,50.461944580078125],[-96.76917266845703,50.377777099609375],[-96.915283203125,50.42193603515625],[-96.9866714477539,50.69444274902344],[-96.94416809082031,51.046112060546875],[-96.60639190673828,51.336669921875],[-96.71083068847656,51.37194061279297],[-96.95443725585938,51.18000030517578],[-96.98056030273438,51.258888244628906],[-96.7227783203125,51.60639190673828],[-96.79499816894531,51.59944152832031],[-96.82527923583984,51.72943878173828],[-97.0897216796875,51.66221618652344],[-97.12027740478516,51.51361083984375],[-97.25917053222656,51.43110656738281],[-97.30306243896484,51.61277770996094],[-97.21888732910156,51.79472351074219],[-97.3324966430664,52.03582763671875],[-97.58778381347656,51.92193603515625],[-97.6097183227539,51.99443817138672],[-97.4869384765625,52.13111114501953],[-97.77111053466797,52.12249755859375],[-97.7147216796875,52.0816650390625],[-97.80972290039062,51.91889190673828],[-97.76416778564453,51.859718322753906],[-98.02555847167969,51.94361114501953],[-98.19055938720703,52.288330078125],[-98.41500091552734,52.364166259765625],[-98.46666717529297,52.50138854980469],[-98.78278350830078,52.69166564941406],[-98.89833068847656,52.850555419921875],[-98.86332702636719,52.93806457519531],[-98.47611236572266,53.05889129638672]]]}},{"type":"Feature","properties":{},"geometry":{"type":"Polygon","coordinates":[[[-75.78056335449219,44.487220764160156],[-75.85722351074219,44.37638854980469],[-76.36360931396484,44.12139129638672],[-76.30555725097656,44.026939392089844],[-76.125,44.05278015136719],[-76.20916748046875,43.97999572753906],[-76.05750274658203,44.00611114501953],[-76.2138900756836,43.86000061035156],[-76.30194091796875,43.860565185546875],[-76.1691665649414,43.66166687011719],[-76.19110870361328,43.57806396484375],[-76.41638946533203,43.53472137451172],[-76.94444274902344,43.25416564941406],[-77.1500015258789,43.29777526855469],[-77.57083129882812,43.24888610839844],[-77.74694061279297,43.3416748046875],[-78.11528015136719,43.388328552246094],[-78.63417053222656,43.36750030517578],[-79.34528350830078,43.18806457519531],[-79.76889038085938,43.28916931152344],[-79.58778381347656,43.564720153808594],[-79.09249877929688,43.826385498046875],[-77.67832946777344,44.000831604003906],[-77.70361328125,44.041107177734375],[-77.53888702392578,44.019439697265625],[-77.5808334350586,44.002777099609375],[-77.48555755615234,43.94221496582031],[-77.17028045654297,43.95417022705078],[-77.23278045654297,43.8800048828125],[-77.13443756103516,43.855560302734375],[-76.84806060791016,43.943328857421875],[-77.04222106933594,43.948333740234375],[-76.84667205810547,44.11833190917969],[-76.98082733154297,44.05389404296875],[-77.12777709960938,44.03361511230469],[-77.07666778564453,44.179443359375],[-77.31777954101562,44.0897216796875],[-77.31443786621094,44.1522216796875],[-77.56722259521484,44.113609313964844],[-77.01139068603516,44.21110534667969],[-77.04666900634766,44.12944030761719],[-76.92832946777344,44.195831298828125],[-76.88667297363281,44.17750549316406],[-77.06999969482422,44.09222412109375],[-76.98416900634766,44.071388244628906],[-75.78056335449219,44.487220764160156]]]}},{"type":"Feature","properties":{},"geometry":{"type":"Polygon","coordinates":[[[-85.78194427490234,12.118888854980469],[-85.18694305419922,11.751388549804688],[-84.78971862792969,11.269721984863281],[-84.77999877929688,11.071945190429688],[-84.9013900756836,11.025001525878906],[-85.25138854980469,11.100830078125],[-85.73500061035156,11.351943969726562],[-85.91416931152344,11.710556030273438],[-85.93694305419922,11.950553894042969],[-85.87361145019531,12.090278625488281],[-85.78194427490234,12.118888854980469]]]}},{"type":"Feature","properties":{},"geometry":{"type":"Polygon","coordinates":[[[-111.28805541992188,58.7369384765625],[-111.17916870117188,58.801109313964844],[-111.15721893310547,58.69805908203125],[-110.82611083984375,58.83111572265625],[-110.55388641357422,59.10833740234375],[-109.8316650390625,59.351112365722656],[-109.86528015136719,59.39555358886719],[-109.74444580078125,59.41278076171875],[-109.82694244384766,59.431671142578125],[-109.50611114501953,59.60417175292969],[-109.20805358886719,59.616111755371094],[-109.03500366210938,59.47389221191406],[-108.74944305419922,59.491668701171875],[-108.93583679199219,59.371665954589844],[-108.16194152832031,59.47444152832031],[-107.2155532836914,59.31805419921875],[-106.01583099365234,59.273887634277344],[-106.68499755859375,59.2449951171875],[-107.74722290039062,59.33860778808594],[-107.8183364868164,59.20111083984375],[-108.18138885498047,59.15083312988281],[-109.1066665649414,59.07972717285156],[-109.29166412353516,59.138336181640625],[-110.20305633544922,58.90361022949219],[-110.44833374023438,58.7388916015625],[-110.46499633789062,58.66139221191406],[-110.33999633789062,58.6844482421875],[-110.37527465820312,58.62305450439453],[-110.77583312988281,58.625],[-110.75499725341797,58.54249572753906],[-110.84139251708984,58.470001220703125],[-110.83611297607422,58.63139343261719],[-110.94721984863281,58.63916778564453],[-111.07250213623047,58.49805450439453],[-111.1227798461914,58.54527282714844],[-111.07555389404297,58.616111755371094],[-111.28805541992188,58.7369384765625]]]}},{"type":"Feature","properties":{},"geometry":{"type":"Polygon","coordinates":[[[-103.23805236816406,56.26472473144531],[-103.30944061279297,56.39055633544922],[-103.18250274658203,56.486663818359375],[-103.30750274658203,56.45416259765625],[-103.32250213623047,56.55083465576172],[-103.23361206054688,56.594444274902344],[-103.149169921875,56.54777526855469],[-103.10388946533203,56.87694549560547],[-103.0433349609375,56.869171142578125],[-103.11222076416016,56.47166442871094],[-102.96138763427734,56.521392822265625],[-102.75305938720703,56.79694366455078],[-102.87388610839844,56.59083557128906],[-102.67028045654297,56.68638610839844],[-102.70249938964844,56.76249694824219],[-102.55416870117188,56.77861022949219],[-102.56805419921875,57.06916809082031],[-102.774169921875,57.086944580078125],[-102.66777801513672,57.25],[-102.82167053222656,57.31861114501953],[-102.98444366455078,57.260833740234375],[-102.9044418334961,57.32611083984375],[-102.93444061279297,57.44805908203125],[-102.6897201538086,57.53443908691406],[-102.65528106689453,57.59611511230469],[-102.72083282470703,57.68388366699219],[-102.5647201538086,57.67583465576172],[-102.41139221191406,57.84832763671875],[-102.13471984863281,57.94361114501953],[-102.17444610595703,58.03166198730469],[-102.02083587646484,58.12750244140625],[-101.95055389404297,58.122779846191406],[-102.0647201538086,57.9647216796875],[-101.96527862548828,57.9405517578125],[-101.77111053466797,58.15472412109375],[-101.83333587646484,58.06138610839844],[-101.76777648925781,57.946388244628906],[-101.94083404541016,57.78944396972656],[-101.90916442871094,57.77667236328125],[-101.7763900756836,57.81639099121094],[-101.70361328125,57.9324951171875],[-101.66194152832031,57.88417053222656],[-101.51499938964844,57.92500305175781],[-101.54694366455078,57.79249572753906],[-101.76388549804688,57.59666442871094],[-102.09944152832031,57.49082946777344],[-102.16444396972656,57.34583282470703],[-101.82833099365234,57.29527282714844],[-102.07221984863281,57.18805694580078],[-101.95639038085938,56.98333740234375],[-102.43083190917969,56.78944396972656],[-102.22694396972656,56.755828857421875],[-102.4991683959961,56.6380615234375],[-102.42028045654297,56.59583282470703],[-102.83638763427734,56.50250244140625],[-102.9477767944336,56.45249938964844],[-102.90750122070312,56.40416717529297],[-102.97888946533203,56.34972381591797],[-103.1080551147461,56.44139099121094],[-103.23805236816406,56.26472473144531]]]}},{"type":"Feature","properties":{},"geometry":{"type":"Polygon","coordinates":[[[-64.43333435058594,54.781944274902344],[-64.24749755859375,54.635276794433594],[-64.37166595458984,54.49444580078125],[-64.1500015258789,54.386390686035156],[-64.09027862548828,54.27888488769531],[-63.921112060546875,54.245277404785156],[-63.78416442871094,54.07472229003906],[-63.560279846191406,54.046661376953125],[-63.52111053466797,54.06944274902344],[-63.745277404785156,54.11500549316406],[-63.33777618408203,54.075836181640625],[-63.24305725097656,54.11944580078125],[-63.427223205566406,54.137779235839844],[-63.17250061035156,54.138336181640625],[-63.067779541015625,54.116943359375],[-63.26416778564453,54.073890686035156],[-63.0675048828125,53.994720458984375],[-63.24833679199219,53.9505615234375],[-63.52916717529297,54.0050048828125],[-63.201385498046875,54.037498474121094],[-63.67388916015625,54.03083801269531],[-63.355560302734375,53.91278076171875],[-64.09500122070312,53.837501525878906],[-64.15110778808594,54.02360534667969],[-64.68360900878906,54.11027526855469],[-64.69388580322266,54.05500030517578],[-64.5888900756836,54.025001525878906],[-64.7388916015625,53.91416931152344],[-65.12166595458984,53.883331298828125],[-65.16278076171875,53.84166717529297],[-65.04472351074219,53.77916717529297],[-65.27305603027344,53.83777618408203],[-65.22250366210938,53.78722381591797],[-65.33499908447266,53.74888610839844],[-65.15777587890625,53.687225341796875],[-65.21971893310547,53.61250305175781],[-65.07583618164062,53.510833740234375],[-65.2300033569336,53.59666442871094],[-65.21028137207031,53.53694152832031],[-65.28639221191406,53.49139404296875],[-64.97027587890625,53.42555236816406],[-65.42194366455078,53.45500183105469],[-65.6050033569336,53.56305694580078],[-65.38444519042969,53.52471923828125],[-65.43416595458984,53.5927734375],[-65.29777526855469,53.5947265625],[-65.46360778808594,53.741111755371094],[-65.3147201538086,53.67527770996094],[-65.41805267333984,53.77305603027344],[-65.29777526855469,53.77806091308594],[-65.31194305419922,53.90055847167969],[-65.39167022705078,53.95750427246094],[-65.40389251708984,53.87861633300781],[-65.51944732666016,53.94000244140625],[-65.57694244384766,53.99305725097656],[-65.45249938964844,53.9244384765625],[-65.43250274658203,53.969444274902344],[-65.67666625976562,54.12611389160156],[-65.77222442626953,54.088890075683594],[-66.47944641113281,54.595550537109375],[-66.3727798461914,54.43305969238281],[-66.17666625976562,54.3427734375],[-66.48139190673828,54.356666564941406],[-66.320556640625,54.26972198486328],[-66.46221923828125,54.288612365722656],[-66.31888580322266,54.190834045410156],[-66.30472564697266,54.11000061035156],[-66.4719467163086,54.223052978515625],[-66.59471893310547,54.424163818359375],[-66.45805358886719,54.41166687011719],[-66.61888885498047,54.46611022949219],[-66.62666320800781,54.52806091308594],[-66.49388885498047,54.50444030761719],[-66.70249938964844,54.60221862792969],[-66.54499816894531,54.549163818359375],[-66.66166687011719,54.61639404296875],[-66.48278045654297,54.635833740234375],[-66.54528045654297,54.692222595214844],[-66.48388671875,54.67194366455078],[-66.51860809326172,54.80694580078125],[-66.3294448852539,54.739723205566406],[-66.67305755615234,54.97888946533203],[-66.55972290039062,54.931671142578125],[-66.65333557128906,55.05583190917969],[-66.56639099121094,55.01472473144531],[-66.57722473144531,55.070281982421875],[-66.42138671875,54.97166442871094],[-66.58472442626953,55.09111022949219],[-66.5152816772461,55.0755615234375],[-66.53971862792969,55.12333679199219],[-66.29305267333984,54.96638488769531],[-66.41361236572266,54.951385498046875],[-66.3405532836914,54.87694549560547],[-66.44305419921875,54.91278076171875],[-66.38417053222656,54.80083465576172],[-66.55332946777344,54.89582824707031],[-66.30750274658203,54.73194885253906],[-66.42805480957031,54.72833251953125],[-66.32527923583984,54.663330078125],[-66.38888549804688,54.650001525878906],[-66.30000305175781,54.64666748046875],[-66.11528015136719,54.48805236816406],[-66.45417022705078,54.641944885253906],[-66.39611053466797,54.58305358886719],[-65.91361236572266,54.24833679199219],[-65.88500213623047,54.315277099609375],[-65.81138610839844,54.17832946777344],[-65.66944122314453,54.18611145019531],[-65.36027526855469,53.966949462890625],[-65.41471862792969,54.043060302734375],[-65.15194702148438,53.953338623046875],[-65.0433349609375,54.02360534667969],[-65.30750274658203,54.1058349609375],[-64.7300033569336,54.029449462890625],[-64.99333190917969,54.15861511230469],[-65.00305938720703,54.2550048828125],[-65.12999725341797,54.39555358886719],[-65.12444305419922,54.45222473144531],[-65.31194305419922,54.45916748046875],[-65.25611114501953,54.48249816894531],[-65.26305389404297,54.6572265625],[-65.12777709960938,54.65943908691406],[-65.13777923583984,54.56194305419922],[-65.23583221435547,54.6058349609375],[-65.2330551147461,54.53333282470703],[-65.08555603027344,54.48333740234375],[-65.10250091552734,54.39166259765625],[-64.94083404541016,54.30055236816406],[-64.9977798461914,54.301666259765625],[-64.98694610595703,54.22944641113281],[-64.88694763183594,54.135833740234375],[-64.6308364868164,54.11582946777344],[-64.6361083984375,54.18611145019531],[-64.47166442871094,54.155555725097656],[-64.50444030761719,54.2147216796875],[-64.3066635131836,54.14027404785156],[-64.16166687011719,54.16749572753906],[-64.31555938720703,54.298057556152344],[-64.50611114501953,54.244171142578125],[-64.4183349609375,54.29583740234375],[-64.37999725341797,54.40333557128906],[-64.43638610839844,54.47166442871094],[-64.33944702148438,54.62305450439453],[-64.44499969482422,54.75250244140625],[-64.43333435058594,54.781944274902344]]]}},{"type":"Feature","properties":{},"geometry":{"type":"Polygon","coordinates":[[[-100.56555938720703,53.177223205566406],[-99.73500061035156,52.95916748046875],[-99.79582977294922,52.859161376953125],[-99.6580581665039,52.90333557128906],[-99.7308349609375,52.8155517578125],[-99.63471984863281,52.5322265625],[-99.7347183227539,52.342498779296875],[-99.85778045654297,52.27000427246094],[-99.83916473388672,52.084999084472656],[-99.7388916015625,52.01750183105469],[-99.80305480957031,51.74444580078125],[-99.72000122070312,51.72999572753906],[-99.68638610839844,51.870277404785156],[-99.63361358642578,51.847503662109375],[-99.60610961914062,51.61860656738281],[-99.7911148071289,51.57249450683594],[-99.9463882446289,51.69444274902344],[-99.8861083984375,51.84889221191406],[-99.96583557128906,52.04277801513672],[-100.02471923828125,52.026390075683594],[-99.99722290039062,51.719444274902344],[-100.14111328125,51.90888977050781],[-100.17666625976562,52.277496337890625],[-99.97888946533203,52.5594482421875],[-100.06999969482422,52.62249755859375],[-100.04861450195312,52.798057556152344],[-100.18861389160156,52.814720153808594],[-100.25,52.89805603027344],[-100.36277770996094,52.810279846191406],[-100.258056640625,52.75971984863281],[-100.26305389404297,52.602500915527344],[-100.43305969238281,52.74944305419922],[-100.42916870117188,52.97166442871094],[-100.65694427490234,52.99833679199219],[-100.72555541992188,52.97138977050781],[-100.6161117553711,52.839447021484375],[-100.6786117553711,52.829444885253906],[-100.67361450195312,52.75138854980469],[-100.82805633544922,52.73444366455078],[-100.80555725097656,52.81971740722656],[-100.95833587646484,52.7933349609375],[-100.92527770996094,52.847503662109375],[-101.01333618164062,52.866111755371094],[-100.97611236572266,53.00917053222656],[-101.11333465576172,53.08555603027344],[-100.97444152832031,53.15472412109375],[-100.91305541992188,53.13249969482422],[-100.94611358642578,53.09611511230469],[-100.6675033569336,53.084716796875],[-100.56555938720703,53.177223205566406]]]}},{"type":"Feature","properties":{},"geometry":{"type":"Polygon","coordinates":[[[-99.17527770996094,51.79499816894531],[-99.04000091552734,51.6925048828125],[-98.89611053466797,51.337501525878906],[-98.90972137451172,51.58860778808594],[-98.99305725097656,51.654998779296875],[-98.80972290039062,51.69610595703125],[-98.7219467163086,51.571388244628906],[-98.80055236816406,51.40055847167969],[-98.70417022705078,51.29833221435547],[-98.56222534179688,51.282501220703125],[-98.63666534423828,51.0977783203125],[-98.7750015258789,51.03333282470703],[-98.75777435302734,50.92222595214844],[-98.39138793945312,50.83055114746094],[-98.21778106689453,50.70750427246094],[-97.95333099365234,50.4566650390625],[-97.94083404541016,50.33222198486328],[-98.33777618408203,50.178611755371094],[-98.55638885498047,50.250274658203125],[-98.51194763183594,50.39971923828125],[-98.5897216796875,50.55610656738281],[-98.8558349609375,50.872779846191406],[-98.83361053466797,50.96583557128906],[-99.01388549804688,51.07777404785156],[-98.991943359375,51.15972137451172],[-98.8397216796875,51.01222229003906],[-98.77861022949219,51.100830078125],[-98.87750244140625,51.14361572265625],[-98.8477783203125,51.26166534423828],[-98.97944641113281,51.20805358886719],[-99.11000061035156,51.36555480957031],[-99.11194610595703,51.49888610839844],[-99.2572250366211,51.523887634277344],[-99.31138610839844,51.643333435058594],[-99.46666717529297,51.6361083984375],[-99.52916717529297,51.503334045410156],[-99.51721954345703,51.665283203125],[-99.56749725341797,51.68138885498047],[-99.48611450195312,51.78582763671875],[-99.31805419921875,51.77777862548828],[-99.225830078125,51.62555694580078],[-99.14083099365234,51.640838623046875],[-99.17527770996094,51.79499816894531]]]}},{"type":"Feature","properties":{},"geometry":{"type":"Polygon","coordinates":[[[-88.33305358886719,50.27833557128906],[-88.15694427490234,50.12861633300781],[-88.23777770996094,50.12361145019531],[-88.23027801513672,49.980560302734375],[-88.14444732666016,50.04277801513672],[-88.00444030761719,49.96083068847656],[-88.19694519042969,49.90583801269531],[-88.09222412109375,49.88916778564453],[-88.15083312988281,49.783050537109375],[-88.10555267333984,49.64582824707031],[-88.17444610595703,49.58416748046875],[-88.14611053466797,49.40110778808594],[-88.19194030761719,49.470001220703125],[-88.3405532836914,49.474998474121094],[-88.4286117553711,49.361114501953125],[-88.55110931396484,49.572776794433594],[-88.52694702148438,49.467498779296875],[-88.62110900878906,49.412498474121094],[-88.79944610595703,49.47694396972656],[-88.72666931152344,49.58583068847656],[-88.57638549804688,49.595001220703125],[-88.60778045654297,49.64611053466797],[-88.75333404541016,49.648887634277344],[-88.79472351074219,49.53971862792969],[-88.95555877685547,49.47666931152344],[-89.05194091796875,49.58528137207031],[-88.9044418334961,49.541107177734375],[-88.91444396972656,49.75666809082031],[-88.9888916015625,49.69999694824219],[-89.10778045654297,49.75611114501953],[-89.0697250366211,49.866943359375],[-88.9888916015625,49.76611328125],[-88.9302749633789,49.8125],[-88.98110961914062,49.886390686035156],[-88.8477783203125,49.94000244140625],[-88.94527435302734,50.04194641113281],[-88.6763916015625,50.27667236328125],[-88.26972198486328,50.127220153808594],[-88.43444061279297,50.27111053466797],[-88.33305358886719,50.27833557128906]]]}},{"type":"Feature","properties":{},"geometry":{"type":"Polygon","coordinates":[[[-94.51860809326172,49.908050537109375],[-94.56138610839844,49.862220764160156],[-94.4566650390625,49.72472381591797],[-94.27194213867188,49.68499755859375],[-94.38138580322266,49.6280517578125],[-94.2508316040039,49.587501525878906],[-94.4183349609375,49.586387634277344],[-94.07250213623047,49.4505615234375],[-94.17500305175781,49.44972229003906],[-94.01444244384766,49.36639404296875],[-94.03111267089844,49.246665954589844],[-94.14778137207031,49.1905517578125],[-94.07416534423828,49.26972198486328],[-94.21611022949219,49.320281982421875],[-94.2219467163086,49.42194366455078],[-94.3236083984375,49.37555694580078],[-94.2219467163086,49.46527862548828],[-94.30555725097656,49.48277282714844],[-94.62027740478516,49.46916198730469],[-94.80777740478516,49.334999084472656],[-94.56500244140625,49.349998474121094],[-94.62166595458984,49.30805969238281],[-94.4941635131836,49.2308349609375],[-94.31916809082031,49.28472137451172],[-94.25527954101562,49.239166259765625],[-94.27999877929688,49.168609619140625],[-94.01000213623047,49.17388916015625],[-94.17388916015625,49.08917236328125],[-94.31277465820312,49.1138916015625],[-94.66388702392578,48.85694885253906],[-94.82499694824219,48.861663818359375],[-95.00389099121094,48.97528076171875],[-95.13027954101562,48.898887634277344],[-95.32221984863281,48.924720764160156],[-95.23361206054688,49.01499938964844],[-95.2691650390625,49.144439697265625],[-94.93083190917969,49.22166442871094],[-94.9477767944336,49.32472229003906],[-95.08361053466797,49.36250305175781],[-94.91583251953125,49.3880615234375],[-94.86360931396484,49.51055908203125],[-94.61305236816406,49.621665954589844],[-94.74805450439453,49.62361145019531],[-95.12305450439453,49.44389343261719],[-95.16471862792969,49.46583557128906],[-95.09278106689453,49.538055419921875],[-95.17888641357422,49.61333465576172],[-95.09500122070312,49.6522216796875],[-94.89055633544922,49.56694030761719],[-94.80472564697266,49.62444305419922],[-94.89861297607422,49.643890380859375],[-94.81999969482422,49.692222595214844],[-94.5191650390625,49.69721984863281],[-94.5977783203125,49.87305450439453],[-94.70805358886719,49.93694305419922],[-94.61972045898438,49.997779846191406],[-94.51860809326172,49.908050537109375]]]}},{"type":"Feature","properties":{},"geometry":{"type":"Polygon","coordinates":[[[-100.15472412109375,54.26722717285156],[-99.99833679199219,54.16139221191406],[-99.79360961914062,54.186668395996094],[-100.24222564697266,54.032501220703125],[-100.0352783203125,53.945831298828125],[-100.17749786376953,53.87916564941406],[-100.11027526855469,53.79833221435547],[-99.81138610839844,53.9102783203125],[-99.65833282470703,54.05278015136719],[-99.57888793945312,54.002777099609375],[-99.70555877685547,53.9344482421875],[-99.74166870117188,53.78277587890625],[-99.87055969238281,53.853057861328125],[-99.92194366455078,53.73138427734375],[-100.26499938964844,53.624168395996094],[-100.01277923583984,53.55583190917969],[-99.97472381591797,53.438331604003906],[-99.88639068603516,53.41278076171875],[-99.98500061035156,53.34056091308594],[-99.84278106689453,53.220001220703125],[-99.7441635131836,53.314720153808594],[-99.37388610839844,53.35749816894531],[-99.41388702392578,53.19389343261719],[-99.33027648925781,53.15777587890625],[-99.44000244140625,53.14361572265625],[-99.38277435302734,53.06083679199219],[-99.54611206054688,53.04444885253906],[-99.50360870361328,53.10527801513672],[-99.58000183105469,53.0947265625],[-99.62805938720703,53.19916534423828],[-99.62638854980469,53.14027404785156],[-99.76166534423828,53.16194152832031],[-99.90888977050781,53.07722473144531],[-100.30110931396484,53.1552734375],[-100.41222381591797,53.30055236816406],[-100.50111389160156,53.27027893066406],[-100.93138885498047,53.44471740722656],[-100.81888580322266,53.5272216796875],[-100.59666442871094,53.46638488769531],[-100.5736083984375,53.535003662109375],[-100.65638732910156,53.583892822265625],[-100.29194641113281,53.59222412109375],[-100.32805633544922,53.71888732910156],[-100.46666717529297,53.81305694580078],[-100.1705551147461,53.92805480957031],[-100.4366683959961,53.859161376953125],[-100.52111053466797,53.93583679199219],[-100.2558364868164,53.94694519042969],[-100.36360931396484,54.22389221191406],[-100.23110961914062,54.174720764160156],[-100.15472412109375,54.26722717285156]]]}},{"type":"Feature","properties":{},"geometry":{"type":"Polygon","coordinates":[[[-68.16805267333984,51.705833435058594],[-68.31361389160156,51.60194396972656],[-68.23638916015625,51.561668395996094],[-68.29694366455078,51.557220458984375],[-68.28639221191406,51.477783203125],[-68.1624984741211,51.293060302734375],[-68.32527923583984,51.20611572265625],[-68.33833312988281,51.117218017578125],[-68.49305725097656,51.11860656738281],[-68.63027954101562,51.01416778564453],[-68.73638916015625,50.679718017578125],[-68.69999694824219,50.92083740234375],[-69.12638854980469,51.304718017578125],[-69.1763916015625,51.2802734375],[-69.11861419677734,51.570831298828125],[-69.36194610595703,51.798057556152344],[-69.30555725097656,51.7611083984375],[-69.258056640625,51.81805419921875],[-69.26361083984375,51.72666931152344],[-69.11000061035156,51.628334045410156],[-69.08472442626953,51.93028259277344],[-69.01889038085938,51.61750030517578],[-68.87222290039062,51.67277526855469],[-68.85749816894531,51.749168395996094],[-68.82499694824219,51.676109313964844],[-68.71805572509766,51.66389465332031],[-68.59305572509766,51.703338623046875],[-68.6161117553711,51.78333282470703],[-68.53221893310547,51.72917175292969],[-68.50666809082031,51.9888916015625],[-68.45861053466797,51.837501525878906],[-68.38444519042969,51.89527893066406],[-68.54777526855469,51.67277526855469],[-68.29611206054688,51.635276794433594],[-68.195556640625,51.790283203125],[-68.16805267333984,51.705833435058594]]]}},{"type":"Feature","properties":{},"geometry":{"type":"Polygon","coordinates":[[[-102.11305236816406,63.02861022949219],[-101.9558334350586,63.08111572265625],[-102.14527893066406,63.08027648925781],[-102.19305419921875,63.165000915527344],[-101.85861206054688,63.227783203125],[-101.67333221435547,63.388885498046875],[-101.52278137207031,63.38360595703125],[-101.59500122070312,63.464996337890625],[-101.33528137207031,63.374168395996094],[-101.2852783203125,63.43305969238281],[-101.4102783203125,63.468055725097656],[-101.30083465576172,63.5],[-101.09638977050781,63.375831604003906],[-101.08694458007812,63.47972106933594],[-100.98916625976562,63.429443359375],[-100.97638702392578,63.49833679199219],[-100.89666748046875,63.54444885253906],[-100.8147201538086,63.49833679199219],[-100.7772216796875,63.58222198486328],[-100.60778045654297,63.487220764160156],[-100.6705551147461,63.3397216796875],[-100.86027526855469,63.31611633300781],[-100.8183364868164,63.27305603027344],[-101.07527923583984,63.286109924316406],[-100.99305725097656,63.22666931152344],[-101.14305877685547,63.157501220703125],[-101.06944274902344,63.05305480957031],[-100.8213882446289,63.00860595703125],[-100.9447250366211,62.89666748046875],[-101.13166809082031,62.862220764160156],[-100.96833038330078,62.78639221191406],[-101.2852783203125,62.64166259765625],[-101.42277526855469,62.65110778808594],[-101.43305969238281,62.73472595214844],[-101.30611419677734,62.818328857421875],[-101.41722106933594,62.95222473144531],[-101.47472381591797,62.93333435058594],[-101.3949966430664,62.84333801269531],[-101.54694366455078,62.65943908691406],[-101.55332946777344,62.783050537109375],[-101.76583099365234,62.779998779296875],[-101.83833312988281,62.885833740234375],[-101.99250030517578,62.859161376953125],[-102.0361099243164,62.926666259765625],[-101.98860931396484,62.96583557128906],[-102.11305236816406,63.02861022949219]]]}},{"type":"Feature","properties":{},"geometry":{"type":"Polygon","coordinates":[[[-70.35416412353516,64.59750366210938],[-70.79972076416016,64.62555694580078],[-70.59805297851562,64.70305633544922],[-70.87611389160156,64.8066635131836],[-71.05110931396484,64.77527618408203],[-71.16444396972656,64.62833404541016],[-71.53639221191406,64.59638977050781],[-71.82083129882812,64.66944122314453],[-71.92888641357422,64.75027465820312],[-71.8469467163086,64.7925033569336],[-71.98249816894531,64.80055236816406],[-72.00111389160156,64.89360809326172],[-72.06722259521484,64.89583587646484],[-71.77111053466797,64.92472076416016],[-71.94139099121094,64.84249877929688],[-71.77889251708984,64.80305480957031],[-71.64861297607422,64.82416534423828],[-71.80332946777344,64.88166809082031],[-71.39277648925781,64.90833282470703],[-71.67250061035156,64.97333526611328],[-71.52278137207031,65.04611206054688],[-71.57805633544922,65.16471862792969],[-71.72138977050781,65.21083068847656],[-71.65027618408203,65.29083251953125],[-71.79138946533203,65.37333679199219],[-71.7397232055664,65.42916870117188],[-71.48388671875,65.27666473388672],[-71.29000091552734,65.26805877685547],[-71.11805725097656,65.14944458007812],[-70.70555877685547,65.04305267333984],[-70.61444091796875,64.87333679199219],[-70.34638977050781,64.70027923583984],[-70.50749969482422,64.66083526611328],[-70.35416412353516,64.59750366210938]]]}},{"type":"Feature","properties":{},"geometry":{"type":"Polygon","coordinates":[[[-112.78083038330078,41.682220458984375],[-112.69972229003906,41.46833801269531],[-112.56610870361328,41.42583465576172],[-112.47638702392578,41.22416687011719],[-112.33222198486328,41.23805236816406],[-111.99583435058594,40.932777404785156],[-112.0697250366211,40.91278076171875],[-112.23916625976562,41.07472229003906],[-112.15860748291016,40.812774658203125],[-112.34666442871094,40.6875],[-112.5713882446289,41.078338623046875],[-112.68333435058594,40.97111511230469],[-112.9574966430664,41.49305725097656],[-112.87333679199219,41.6683349609375],[-112.78083038330078,41.682220458984375]]]}},{"type":"Feature","properties":{},"geometry":{"type":"Polygon","coordinates":[[[-72.7780532836914,51.36444091796875],[-73.13194274902344,51.165000915527344],[-73.03944396972656,51.14027404785156],[-72.73416900634766,51.26972198486328],[-72.62000274658203,51.236114501953125],[-73.04194641113281,51.089447021484375],[-73.14944458007812,50.95305633544922],[-73.1463851928711,51.033050537109375],[-73.54305267333984,50.7308349609375],[-73.14305877685547,51.05999755859375],[-73.1763916015625,51.16583251953125],[-73.7347183227539,50.69000244140625],[-73.82638549804688,50.54833221435547],[-73.7955551147461,50.3719482421875],[-73.73750305175781,50.35749816894531],[-73.81916809082031,50.3558349609375],[-73.84583282470703,50.461387634277344],[-73.87110900878906,50.42527770996094],[-73.81083679199219,50.322776794433594],[-73.81500244140625,50.220550537109375],[-74.0697250366211,50.04638671875],[-74.20999908447266,50.04694366455078],[-73.82111358642578,50.22972106933594],[-73.92111206054688,50.37305450439453],[-73.85250091552734,50.35749816894531],[-73.8949966430664,50.415000915527344],[-73.79582977294922,50.67805480957031],[-73.92527770996094,50.55250549316406],[-73.92333221435547,50.43055725097656],[-74.01055908203125,50.48194885253906],[-74.13639068603516,50.342498779296875],[-74.22888946533203,50.282501220703125],[-73.83305358886719,50.877777099609375],[-73.93000030517578,50.872222900390625],[-73.85888671875,50.95777893066406],[-73.93861389160156,50.98027801513672],[-73.72472381591797,51.0272216796875],[-73.07194519042969,51.38555908203125],[-72.92416381835938,51.36138916015625],[-73.17111206054688,51.249168395996094],[-72.7780532836914,51.36444091796875]]]}},{"type":"Feature","properties":{},"geometry":{"type":"Polygon","coordinates":[[[-154.0944366455078,59.692222595214844],[-154.65943908691406,59.60527801513672],[-154.5752716064453,59.526390075683594],[-154.50083923339844,59.55610656738281],[-154.58082580566406,59.508331298828125],[-154.73194885253906,59.513336181640625],[-154.52000427246094,59.487220764160156],[-154.5755615234375,59.428611755371094],[-155.1780548095703,59.428611755371094],[-155.59249877929688,59.31999969482422],[-155.89971923828125,59.35028076171875],[-155.91944885253906,59.49305725097656],[-155.67111206054688,59.627220153808594],[-154.9441680908203,59.66667175292969],[-154.76499938964844,59.77360534667969],[-153.88360595703125,59.795555114746094],[-154.0944366455078,59.692222595214844]]]}},{"type":"Feature","properties":{},"geometry":{"type":"Polygon","coordinates":[[[-108.63361358642578,56.80389404296875],[-108.68499755859375,56.736663818359375],[-108.59027862548828,56.67250061035156],[-108.47666931152344,56.706390380859375],[-108.3597183227539,56.40472412109375],[-108.29444122314453,56.46888732910156],[-108.0411148071289,56.4102783203125],[-108.08361053466797,56.25860595703125],[-108.23860931396484,56.28111267089844],[-108.15888977050781,56.24388885498047],[-108.20805358886719,56.13471984863281],[-108.11528015136719,56.03138732910156],[-108.1772232055664,56.035003662109375],[-108.29972076416016,55.82916259765625],[-108.43583679199219,55.82972717285156],[-108.49138641357422,55.722503662109375],[-108.63500213623047,55.684722900390625],[-108.6441650390625,55.518333435058594],[-108.73055267333984,55.90916442871094],[-109.02471923828125,55.92194366455078],[-109.20166778564453,56.076942443847656],[-109.13027954101562,56.1441650390625],[-108.8933334350586,56.122779846191406],[-108.59833526611328,55.93194580078125],[-108.6258316040039,55.831390380859375],[-108.48361206054688,55.87083435058594],[-108.45639038085938,56.1058349609375],[-108.24722290039062,56.16166687011719],[-108.31500244140625,56.29499816894531],[-108.34527587890625,56.25138854980469],[-108.42416381835938,56.33777618408203],[-108.56694030761719,56.32416534423828],[-108.4486083984375,56.59722137451172],[-108.53916931152344,56.478057861328125],[-108.68083190917969,56.47027587890625],[-108.7491683959961,56.584442138671875],[-108.6816635131836,56.68611145019531],[-108.9102783203125,56.66749572753906],[-108.83472442626953,56.79638671875],[-108.63361358642578,56.80389404296875]]]}},{"type":"Feature","properties":{},"geometry":{"type":"Polygon","coordinates":[[[-102.97305297851562,58.500274658203125],[-102.76222229003906,58.399169921875],[-103.01333618164062,58.26416778564453],[-103.03555297851562,58.20222473144531],[-102.89111328125,58.20750427246094],[-102.95639038085938,58.15361022949219],[-103.24944305419922,58.09388732910156],[-103.30416870117188,57.88194274902344],[-103.23722076416016,57.82221984863281],[-103.1513900756836,57.86528015136719],[-103.22027587890625,57.774169921875],[-103.40472412109375,57.66444396972656],[-103.2691650390625,57.80305480957031],[-103.53916931152344,57.899169921875],[-103.86750030517578,57.755279541015625],[-103.63417053222656,57.929443359375],[-103.82749938964844,57.945556640625],[-103.51721954345703,58.11944580078125],[-103.79528045654297,58.05860900878906],[-103.54694366455078,58.29833221435547],[-103.69667053222656,58.25611114501953],[-103.58444213867188,58.37305450439453],[-103.6352767944336,58.396942138671875],[-103.23388671875,58.455833435058594],[-103.1816635131836,58.570281982421875],[-103.17138671875,58.51777648925781],[-102.91889190673828,58.54833221435547],[-102.97305297851562,58.500274658203125]]]}},{"type":"Feature","properties":{},"geometry":{"type":"Polygon","coordinates":[[[-99.7427749633789,56.750274658203125],[-99.50555419921875,56.77471923828125],[-99.53221893310547,56.853057861328125],[-99.44027709960938,56.828338623046875],[-99.32805633544922,57.003334045410156],[-99.15666961669922,56.916107177734375],[-99.03166961669922,57.0947265625],[-98.96527862548828,57.06694030761719],[-99.06555938720703,56.923614501953125],[-98.85527801513672,56.915000915527344],[-98.91722106933594,57.07472229003906],[-98.71444702148438,57.07444763183594],[-98.62000274658203,57.24278259277344],[-98.88417053222656,57.27360534667969],[-98.47888946533203,57.30055236816406],[-98.54027557373047,57.318328857421875],[-98.51721954345703,57.46221923828125],[-98.62916564941406,57.527496337890625],[-98.5977783203125,57.591949462890625],[-98.53472137451172,57.62750244140625],[-98.57917022705078,57.55805969238281],[-98.50527954101562,57.51499938964844],[-98.30638885498047,57.65888977050781],[-98.11555480957031,57.666107177734375],[-98.25527954101562,57.62055969238281],[-98.18416595458984,57.59583282470703],[-98.25138854980469,57.51722717285156],[-98.38888549804688,57.48444366455078],[-98.25499725341797,57.48027801513672],[-98.19527435302734,57.3800048828125],[-97.98361206054688,57.39971923828125],[-98.14971923828125,57.326385498046875],[-98.2249984741211,57.11027526855469],[-98.57527923583984,57.08332824707031],[-98.79944610595703,56.825836181640625],[-99.06527709960938,56.87916564941406],[-99.25194549560547,56.70416259765625],[-99.57027435302734,56.7388916015625],[-99.50861358642578,56.6925048828125],[-99.57305908203125,56.62305450439453],[-99.7427749633789,56.750274658203125]]]}},{"type":"Feature","properties":{},"geometry":{"type":"Polygon","coordinates":[[[-100.05416870117188,59.875274658203125],[-100.03694152832031,60.00721740722656],[-99.81416320800781,60.06944274902344],[-99.86194610595703,60.11333465576172],[-99.71916961669922,60.3477783203125],[-99.65416717529297,60.34527587890625],[-99.64694213867188,60.44667053222656],[-99.820556640625,60.598609924316406],[-99.54166412353516,60.47639465332031],[-99.48222351074219,60.518890380859375],[-99.54833221435547,60.575836181640625],[-99.40583038330078,60.55500030517578],[-99.45944213867188,60.60388946533203],[-99.29694366455078,60.71360778808594],[-99.3294448852539,60.752777099609375],[-99.08499908447266,60.82444763183594],[-98.82472229003906,60.80250549316406],[-98.70694732666016,60.87083435058594],[-98.73500061035156,60.78916931152344],[-99.10111236572266,60.76777648925781],[-99.17555236816406,60.68388366699219],[-99.34222412109375,60.657501220703125],[-99.29305267333984,60.526390075683594],[-99.19667053222656,60.55694580078125],[-99.15833282470703,60.47193908691406],[-99.36000061035156,60.50749969482422],[-99.4486083984375,60.446388244628906],[-99.38916778564453,60.44194030761719],[-99.45861053466797,60.320831298828125],[-99.54194641113281,60.30805969238281],[-99.27166748046875,60.339447021484375],[-99.27333068847656,60.216949462890625],[-99.10778045654297,60.106109619140625],[-99.31138610839844,60.092498779296875],[-99.44139099121094,60.20832824707031],[-99.68250274658203,60.226112365722656],[-99.68777465820312,60.163330078125],[-99.50499725341797,60.12750244140625],[-99.61888885498047,60.09027862548828],[-99.58361053466797,60.04083251953125],[-99.67028045654297,59.95166778564453],[-99.59471893310547,59.871665954589844],[-99.65166473388672,59.80555725097656],[-99.37999725341797,59.80500030517578],[-99.47166442871094,59.606666564941406],[-99.5905532836914,59.58528137207031],[-99.49888610839844,59.70750427246094],[-99.53055572509766,59.76222229003906],[-99.96611022949219,59.8427734375],[-99.99055480957031,59.6824951171875],[-99.93360900878906,59.650001525878906],[-100.03916931152344,59.59111022949219],[-100.25638580322266,59.78333282470703],[-100.08139038085938,59.71527862548828],[-100.13749694824219,59.852783203125],[-100.05416870117188,59.875274658203125]]]}},{"type":"Feature","properties":{},"geometry":{"type":"Polygon","coordinates":[[[-107.0374984741211,63.924163818359375],[-107.27194213867188,63.82110595703125],[-107.20833587646484,63.72944641113281],[-107.42416381835938,63.806671142578125],[-107.53277587890625,63.77583312988281],[-107.53916931152344,63.852500915527344],[-107.68861389160156,63.90638732910156],[-107.54083251953125,63.975830078125],[-107.78388977050781,63.99833679199219],[-107.8338851928711,63.94000244140625],[-107.87805938720703,64.04138946533203],[-108.29222106933594,64.0213851928711],[-108.43194580078125,63.91278076171875],[-108.7508316040039,64.00499725341797],[-108.75027465820312,64.054443359375],[-109.63194274902344,64.03555297851562],[-108.56361389160156,64.15777587890625],[-108.57083129882812,64.22805786132812],[-108.65666961669922,64.23860931396484],[-108.60333251953125,64.26222229003906],[-108.6361083984375,64.32805633544922],[-108.44499969482422,64.42305755615234],[-108.4183349609375,64.24138641357422],[-108.22666931152344,64.32083129882812],[-108.39138793945312,64.15860748291016],[-108.18222045898438,64.12083435058594],[-108.30055236816406,64.15777587890625],[-108.14611053466797,64.17416381835938],[-108.05583190917969,64.09527587890625],[-107.741943359375,64.0522232055664],[-107.47083282470703,64.14861297607422],[-107.25638580322266,64.12472534179688],[-107.21444702148438,64.0816650390625],[-107.34944152832031,64.02694702148438],[-107.1802749633789,64.02333068847656],[-107.38333129882812,63.98750305175781],[-107.20944213867188,63.899444580078125],[-107.0374984741211,63.924163818359375]]]}},{"type":"Feature","properties":{},"geometry":{"type":"Polygon","coordinates":[[[-100.81444549560547,46.71417236328125],[-100.5433349609375,46.583892822265625],[-100.53360748291016,46.33610534667969],[-100.58777618408203,46.07722473144531],[-100.39527893066406,45.888885498046875],[-100.31194305419922,45.908050537109375],[-100.36805725097656,45.836944580078125],[-100.29638671875,45.692222595214844],[-100.45500183105469,45.55528259277344],[-100.25499725341797,45.3880615234375],[-100.30916595458984,45.08361053466797],[-100.2441635131836,45.062225341796875],[-100.28555297851562,44.995277404785156],[-100.39749908447266,45.0050048828125],[-100.37638854980469,44.877220153808594],[-100.50250244140625,44.76055908203125],[-100.68583679199219,44.788612365722656],[-100.5969467163086,44.70832824707031],[-100.59833526611328,44.58777618408203],[-100.47528076171875,44.612220764160156],[-100.55000305175781,44.484161376953125],[-100.41999816894531,44.49749755859375],[-100.39555358886719,44.434165954589844],[-100.61499786376953,44.46888732910156],[-100.65777587890625,44.512779235839844],[-100.57111358642578,44.54222106933594],[-100.68611145019531,44.583892822265625],[-100.70471954345703,44.74082946777344],[-101.21861267089844,44.70832824707031],[-100.85778045654297,44.802223205566406],[-100.87083435058594,44.858055114746094],[-100.7602767944336,44.8125],[-100.76055908203125,44.88916778564453],[-100.55472564697266,44.78416442871094],[-100.54305267333984,44.89277648925781],[-100.42749786376953,44.88166809082031],[-100.47638702392578,45.04694366455078],[-100.33472442626953,45.051109313964844],[-100.29528045654297,45.255828857421875],[-100.38027954101562,45.34388732910156],[-100.7147216796875,45.32749938964844],[-100.30500030517578,45.383056640625],[-100.66638946533203,45.65027618408203],[-100.59222412109375,45.67778015136719],[-100.48278045654297,45.59972381591797],[-100.3375015258789,45.690277099609375],[-100.68805694580078,46.16082763671875],[-100.58444213867188,46.220001220703125],[-100.5955581665039,46.5655517578125],[-100.81444549560547,46.71417236328125]]]}},{"type":"Feature","properties":{},"geometry":{"type":"Polygon","coordinates":[[[-94.32917022705078,63.986114501953125],[-94.24722290039062,63.932777404785156],[-94.97333526611328,64.1241683959961],[-95.81500244140625,64.03360748291016],[-95.83361053466797,64.09666442871094],[-96.2477798461914,64.16944122314453],[-96.14555358886719,64.19249725341797],[-96.31694030761719,64.2491683959961],[-96.07666778564453,64.26583099365234],[-96.274169921875,64.29833221435547],[-95.48833465576172,64.30110931396484],[-94.70833587646484,64.21749877929688],[-94.58638763427734,64.19027709960938],[-94.68250274658203,64.17111206054688],[-94.62666320800781,64.13888549804688],[-94.20111083984375,64.10778045654297],[-94.32917022705078,63.986114501953125]]]}},{"type":"Feature","properties":{},"geometry":{"type":"Polygon","coordinates":[[[-97.03666687011719,64.70500183105469],[-97.13861083984375,64.66416931152344],[-97.02666473388672,64.58305358886719],[-97.07666778564453,64.5616683959961],[-97.20083618164062,64.66444396972656],[-97.45361328125,64.71611022949219],[-97.35610961914062,64.66166687011719],[-97.72333526611328,64.72750091552734],[-97.79138946533203,64.66222381591797],[-97.93444061279297,64.6977767944336],[-97.97305297851562,64.60888671875],[-98.10221862792969,64.68305969238281],[-98.30833435058594,64.65638732910156],[-98.39167022705078,64.62944030761719],[-98.38111114501953,64.50277709960938],[-98.02889251708984,64.43499755859375],[-98.35916900634766,64.43222045898438],[-98.58611297607422,64.52305603027344],[-98.47721862792969,64.38777923583984],[-98.51444244384766,64.36027526855469],[-99.03416442871094,64.39083099365234],[-99.15166473388672,64.55472564697266],[-99.29611206054688,64.47416687011719],[-99.9847183227539,64.63583374023438],[-100.24028015136719,64.54055786132812],[-100.7972183227539,64.59889221191406],[-100.29944610595703,64.66805267333984],[-100.3941650390625,64.60277557373047],[-100.28055572509766,64.57611083984375],[-100.19416809082031,64.6683349609375],[-100.00638580322266,64.67527770996094],[-99.78111267089844,64.60916900634766],[-99.16999816894531,64.61582946777344],[-98.90416717529297,64.52333068847656],[-98.45305633544922,64.59361267089844],[-98.50111389160156,64.68222045898438],[-98.21916961669922,64.6691665649414],[-97.66083526611328,64.78778076171875],[-97.38694763183594,64.79000091552734],[-97.1986083984375,64.7138900756836],[-97.25472259521484,64.80472564697266],[-97.03666687011719,64.70500183105469]]]}},{"type":"Feature","properties":{},"geometry":{"type":"Polygon","coordinates":[[[-74.56305694580078,48.825836181640625],[-74.48278045654297,48.74082946777344],[-74.59527587890625,48.651947021484375],[-74.5919418334961,48.55999755859375],[-74.47888946533203,48.595001220703125],[-74.4816665649414,48.52527618408203],[-74.38417053222656,48.584442138671875],[-74.43499755859375,48.51750183105469],[-74.30332946777344,48.40583801269531],[-74.19055938720703,48.46583557128906],[-74.24694061279297,48.38499450683594],[-74.1138916015625,48.402496337890625],[-74.06138610839844,48.33833312988281],[-74.22638702392578,48.364723205566406],[-74.24972534179688,48.302223205566406],[-74.51499938964844,48.49444580078125],[-74.4433364868164,48.317222595214844],[-74.48694610595703,48.26555633544922],[-74.56805419921875,48.43388366699219],[-74.65416717529297,48.439720153808594],[-74.70222473144531,48.347503662109375],[-74.71221923828125,48.47639465332031],[-74.72888946533203,48.37055969238281],[-74.77527618408203,48.49749755859375],[-74.87000274658203,48.59944152832031],[-74.95388793945312,48.551109313964844],[-74.93111419677734,48.59693908691406],[-74.98666381835938,48.516387939453125],[-74.91666412353516,48.47444152832031],[-75.03555297851562,48.42527770996094],[-74.94083404541016,48.34222412109375],[-75.06555938720703,48.34693908691406],[-75.0602798461914,48.45861053466797],[-75.13777923583984,48.25611114501953],[-75.11861419677734,48.480560302734375],[-74.99082946777344,48.554168701171875],[-74.9847183227539,48.63972473144531],[-75.17832946777344,48.55500030517578],[-75.14722442626953,48.500274658203125],[-75.21666717529297,48.437225341796875],[-75.1544418334961,48.428611755371094],[-75.15972137451172,48.39582824707031],[-75.32888793945312,48.404998779296875],[-75.3036117553711,48.47888946533203],[-75.38583374023438,48.37249755859375],[-75.34916687011719,48.46277618408203],[-75.42916870117188,48.43333435058594],[-75.35778045654297,48.5352783203125],[-75.22222137451172,48.54527282714844],[-75.32416534423828,48.57472229003906],[-75.16555786132812,48.598052978515625],[-75.03194427490234,48.734161376953125],[-75.008056640625,48.67083740234375],[-74.92888641357422,48.71611022949219],[-74.9286117553711,48.65943908691406],[-74.83194732666016,48.771942138671875],[-74.56305694580078,48.825836181640625]]]}},{"type":"Feature","properties":{},"geometry":{"type":"Polygon","coordinates":[[[-117.6138916015625,63.086944580078125],[-118.22166442871094,63.241943359375],[-118.1272201538086,63.30583190917969],[-118.33333587646484,63.25971984863281],[-118.29694366455078,63.28889465332031],[-118.65972137451172,63.32444763183594],[-118.57833099365234,63.44305419921875],[-118.04194641113281,63.5816650390625],[-117.9352798461914,63.44305419921875],[-117.3861083984375,63.301666259765625],[-117.25611114501953,63.14250183105469],[-117.6138916015625,63.086944580078125]]]}},{"type":"Feature","properties":{},"geometry":{"type":"Polygon","coordinates":[[[-124.8338851928711,56.75138854980469],[-124.21639251708984,56.23472595214844],[-123.99388885498047,56.2933349609375],[-124.09610748291016,56.15388488769531],[-123.95555877685547,56.038055419921875],[-123.64722442626953,56.052223205566406],[-123.20471954345703,55.983055114746094],[-123.09722137451172,56.0302734375],[-123.12110900878906,56.09222412109375],[-122.55194091796875,56.15916442871094],[-122.16527557373047,56.03722381591797],[-122.56916809082031,56.125],[-122.72972106933594,56.04194641113281],[-123.01388549804688,56.06444549560547],[-123.18722534179688,55.970550537109375],[-123.7713851928711,56.02055358886719],[-123.78888702392578,55.890838623046875],[-123.64888763427734,55.735557556152344],[-123.3963851928711,55.606109619140625],[-123.21333312988281,55.352500915527344],[-123.1875,55.40611267089844],[-123.1594467163086,55.41471862792969],[-123.11888885498047,55.157501220703125],[-123.4447250366211,55.58583068847656],[-123.70194244384766,55.685279846191406],[-123.9080581665039,55.87110900878906],[-123.83361053466797,55.72416687011719],[-123.98194122314453,55.901947021484375],[-124.04638671875,55.89611053466797],[-124.03416442871094,56.0130615234375],[-124.25694274902344,55.99278259277344],[-124.5183334350586,56.100830078125],[-124.23332977294922,56.02055358886719],[-124.12889099121094,56.071388244628906],[-124.39111328125,56.22027587890625],[-124.8338851928711,56.75138854980469]]]}},{"type":"Feature","properties":{},"geometry":{"type":"Polygon","coordinates":[[[-102.70059967041016,48.12860870361328],[-102.52310180664062,48.02777862548828],[-102.62809753417969,47.874168395996094],[-102.58499908447266,47.815277099609375],[-102.41780090332031,47.78778076171875],[-102.36389923095703,47.826934814453125],[-102.43109893798828,47.96943664550781],[-102.23999786376953,47.97528076171875],[-102.306396484375,47.91638946533203],[-102.24939727783203,47.74610900878906],[-102.10359954833984,47.73638916015625],[-102.2146987915039,47.72027587890625],[-102.2228012084961,47.625274658203125],[-101.64939880371094,47.55027770996094],[-101.15750122070312,47.660003662109375],[-101.10469818115234,47.570281982421875],[-101.89640045166016,47.448333740234375],[-102.24720001220703,47.59693908691406],[-102.44029998779297,47.53111267089844],[-102.42440032958984,47.60888671875],[-102.29329681396484,47.625],[-102.2771987915039,47.71527862548828],[-102.64469909667969,47.815277099609375],[-102.65029907226562,47.93888854980469],[-102.57170104980469,48.00444030761719],[-102.78720092773438,48.11138916015625],[-103.07250213623047,48.151390075683594],[-103.4719009399414,47.99694061279297],[-103.57060241699219,48.12083435058594],[-103.7677993774414,48.022499084472656],[-103.81279754638672,48.078330993652344],[-103.57219696044922,48.168609619140625],[-103.46309661865234,48.038604736328125],[-103.11389923095703,48.18278503417969],[-102.70059967041016,48.12860870361328]]]}},{"type":"Feature","properties":{},"geometry":{"type":"Polygon","coordinates":[[[-80.66278076171875,27.096664428710938],[-80.61194610595703,26.936660766601562],[-80.75360870361328,26.6824951171875],[-81.09527587890625,26.947219848632812],[-80.83000183105469,27.18499755859375],[-80.66278076171875,27.096664428710938]]]}},{"type":"Feature","properties":{},"geometry":{"type":"Polygon","coordinates":[[[-106.28028106689453,57.72222137451172],[-106.03971862792969,57.64472198486328],[-106.1866683959961,57.56388854980469],[-106.04861450195312,57.55027770996094],[-106.13833618164062,57.48527526855469],[-106.08000183105469,57.478057861328125],[-106.08833312988281,57.397499084472656],[-106.16889190673828,57.464996337890625],[-106.274169921875,57.35499572753906],[-106.25,57.397499084472656],[-106.71221923828125,57.30027770996094],[-106.7772216796875,57.322776794433594],[-106.6786117553711,57.385833740234375],[-106.80500030517578,57.3880615234375],[-106.92555236816406,57.25860595703125],[-107.13166809082031,57.24055480957031],[-106.97389221191406,57.29722595214844],[-107.17194366455078,57.339447021484375],[-106.99305725097656,57.42138671875],[-107.08944702148438,57.46916198730469],[-106.9375,57.39860534667969],[-106.65833282470703,57.59138488769531],[-106.28028106689453,57.72222137451172]]]}},{"type":"Feature","properties":{},"geometry":{"type":"Polygon","coordinates":[[[-91.47611236572266,50.72666931152344],[-91.7316665649414,50.660003662109375],[-91.88583374023438,50.55027770996094],[-91.83194732666016,50.41638946533203],[-91.96138763427734,50.353057861328125],[-91.65638732910156,50.29249572753906],[-91.6883316040039,50.25194549560547],[-92.02166748046875,50.25749969482422],[-92.0213851928711,50.344444274902344],[-92.1419448852539,50.364723205566406],[-92.1852798461914,50.211669921875],[-92.27083587646484,50.27610778808594],[-92.33361053466797,50.193328857421875],[-92.39555358886719,50.17083740234375],[-92.44139099121094,50.19694519042969],[-92.336669921875,50.26611328125],[-92.4013900756836,50.30000305175781],[-92.71277618408203,50.22666931152344],[-92.70027923583984,50.27333068847656],[-92.78250122070312,50.27777862548828],[-92.78221893310547,50.40666198730469],[-92.95333099365234,50.29888916015625],[-92.92194366455078,50.41638946533203],[-93.00861358642578,50.477783203125],[-92.95972442626953,50.51777648925781],[-93.15027618408203,50.60638427734375],[-92.95694732666016,50.602500915527344],[-92.85444641113281,50.4969482421875],[-92.69388580322266,50.599998474121094],[-92.75305938720703,50.47888946533203],[-92.70471954345703,50.371665954589844],[-92.39666748046875,50.408050537109375],[-92.37333679199219,50.33721923828125],[-92.25305938720703,50.315277099609375],[-91.9544448852539,50.49000549316406],[-92.15583038330078,50.51611328125],[-91.6138916015625,50.7227783203125],[-91.47611236572266,50.72666931152344]]]}},{"type":"Feature","properties":{},"geometry":{"type":"Polygon","coordinates":[[[-98.30694580078125,62.69000244140625],[-98.491943359375,62.83027648925781],[-97.71360778808594,62.84166717529297],[-97.62638854980469,62.974998474121094],[-97.62361145019531,62.650001525878906],[-97.5072250366211,62.62444305419922],[-97.4222183227539,62.486663818359375],[-97.2780532836914,62.464996337890625],[-97.40694427490234,62.40333557128906],[-97.74610900878906,62.51416778564453],[-97.89805603027344,62.44166564941406],[-98.07861328125,62.529998779296875],[-97.95166778564453,62.551666259765625],[-98.0441665649414,62.56055450439453],[-98.05750274658203,62.649169921875],[-98.19499969482422,62.68694305419922],[-98.34889221191406,62.613609313964844],[-98.30694580078125,62.69000244140625]]]}},{"type":"Feature","properties":{},"geometry":{"type":"Polygon","coordinates":[[[-111.79972076416016,58.26805114746094],[-112.28971862792969,58.44721984863281],[-112.20471954345703,58.445281982421875],[-112.24972534179688,58.46666717529297],[-112.19721984863281,58.54833221435547],[-112.41805267333984,58.573333740234375],[-112.4447250366211,58.69972229003906],[-112.10111236572266,58.84832763671875],[-111.98361206054688,58.788612365722656],[-112.19750213623047,58.752777099609375],[-112.09972381591797,58.7005615234375],[-111.8375015258789,58.738609313964844],[-111.69611358642578,58.65777587890625],[-111.82221984863281,58.59666442871094],[-111.79777526855469,58.491943359375],[-111.90721893310547,58.44694519042969],[-111.75250244140625,58.34027862548828],[-111.82389068603516,58.29583740234375],[-111.73388671875,58.293609619140625],[-111.79972076416016,58.26805114746094]]]}},{"type":"Feature","properties":{},"geometry":{"type":"Polygon","coordinates":[[[-111.36111450195312,65.95610809326172],[-111.01972198486328,65.86499786376953],[-110.96499633789062,65.80722045898438],[-111.09610748291016,65.81555938720703],[-111.01472473144531,65.76222229003906],[-110.66222381591797,65.83110809326172],[-110.80638885498047,65.74861145019531],[-110.7780532836914,65.69889068603516],[-110.51472473144531,65.68055725097656],[-110.49555969238281,65.5816650390625],[-110.33944702148438,65.62305450439453],[-110.43638610839844,65.57472229003906],[-110.14971923828125,65.50555419921875],[-110.22250366210938,65.41722106933594],[-109.70972442626953,65.2911148071289],[-109.78639221191406,65.21666717529297],[-109.60888671875,65.12472534179688],[-109.36638641357422,65.13944244384766],[-109.33555603027344,65.06555938720703],[-109.64749908447266,65.11222076416016],[-109.63861083984375,65.01611328125],[-109.45861053466797,64.97972106933594],[-109.76750183105469,64.98750305175781],[-109.73249816894531,64.94249725341797],[-109.86666870117188,64.90528106689453],[-109.84166717529297,64.85194396972656],[-109.65750122070312,64.85028076171875],[-109.7941665649414,64.81888580322266],[-109.96360778808594,64.88361358642578],[-109.79805755615234,64.94999694824219],[-109.85055541992188,64.98638916015625],[-109.72694396972656,65.10916900634766],[-109.81666564941406,65.23555755615234],[-110.48777770996094,65.45639038085938],[-110.5616683959961,65.42472076416016],[-110.31388854980469,65.16166687011719],[-110.6147232055664,65.19055938720703],[-110.44249725341797,65.21888732910156],[-110.5513916015625,65.3499984741211],[-110.84083557128906,65.40389251708984],[-110.63027954101562,65.38166809082031],[-110.5263900756836,65.48750305175781],[-110.70527648925781,65.64971923828125],[-111.15721893310547,65.65860748291016],[-111.0374984741211,65.70999908447266],[-111.29861450195312,65.82250213623047],[-111.45333099365234,65.73194122314453],[-111.63500213623047,65.79750061035156],[-111.46333312988281,65.80000305175781],[-111.50305938720703,65.87083435058594],[-111.35778045654297,65.84805297851562],[-111.3536148071289,65.90472412109375],[-111.47528076171875,65.94139099121094],[-111.3405532836914,66.0374984741211],[-111.26555633544922,66.0263900756836],[-111.36111450195312,65.95610809326172]]]}},{"type":"Feature","properties":{},"geometry":{"type":"Polygon","coordinates":[[[-102.01000213623047,59.913330078125],[-102.36499786376953,60.27000427246094],[-102.65694427490234,60.19916534423828],[-102.58777618408203,60.3447265625],[-102.49082946777344,60.2802734375],[-102.31666564941406,60.380828857421875],[-102.30889129638672,60.44499969482422],[-102.413330078125,60.411109924316406],[-102.47027587890625,60.533050537109375],[-102.3419418334961,60.652496337890625],[-102.21805572509766,60.65666198730469],[-102.15416717529297,60.45832824707031],[-101.93888854980469,60.372222900390625],[-101.93888854980469,60.27861022949219],[-101.82499694824219,60.17832946777344],[-101.90638732910156,60.03582763671875],[-101.87388610839844,59.96417236328125],[-101.97694396972656,60.02972412109375],[-101.94499969482422,59.9647216796875],[-102.01000213623047,59.913330078125]]]}},{"type":"Feature","properties":{},"geometry":{"type":"Polygon","coordinates":[[[-104.58000183105469,55.27000427246094],[-104.62139129638672,55.19916534423828],[-104.40916442871094,55.26861572265625],[-104.42749786376953,55.19667053222656],[-104.35194396972656,55.161109924316406],[-104.50027465820312,55.11500549316406],[-104.65611267089844,55.18083190917969],[-104.8308334350586,54.96861267089844],[-105.11000061035156,54.897216796875],[-105.25666809082031,54.977500915527344],[-105.22333526611328,55.02888488769531],[-105.28722381591797,55.0816650390625],[-105.179443359375,55.15083312988281],[-105.27999877929688,55.20832824707031],[-105.15860748291016,55.282501220703125],[-105.0433349609375,55.30332946777344],[-105.09416961669922,55.22444152832031],[-104.8125,55.31889343261719],[-104.7074966430664,55.32472229003906],[-104.7155532836914,55.25],[-104.64389038085938,55.318328857421875],[-104.58000183105469,55.27000427246094]]]}},{"type":"Feature","properties":{},"geometry":{"type":"Polygon","coordinates":[[[-98.58777618408203,66.04861450195312],[-98.64805603027344,65.91555786132812],[-98.6986083984375,66.00638580322266],[-98.8036117553711,65.95610809326172],[-98.92277526855469,66.05611419677734],[-99.06944274902344,66.06639099121094],[-99.258056640625,65.99388885498047],[-99.2330551147461,65.93250274658203],[-99.85194396972656,65.81610870361328],[-99.8647232055664,65.725830078125],[-100.01000213623047,65.7602767944336],[-99.93638610839844,65.83916473388672],[-100.04750061035156,65.90083312988281],[-100.3919448852539,65.85888671875],[-100.47389221191406,65.78221893310547],[-100.63194274902344,65.87055969238281],[-100.68111419677734,65.80000305175781],[-100.78861236572266,65.81916809082031],[-100.87944030761719,65.89555358886719],[-101.09361267089844,65.85861206054688],[-101.1361083984375,65.77194213867188],[-101.19110870361328,65.85388946533203],[-101.42888641357422,65.88972473144531],[-101.56666564941406,65.8277816772461],[-101.5272216796875,65.92361450195312],[-101.7699966430664,65.9352798461914],[-101.2861099243164,65.96778106689453],[-101.3308334350586,65.89666748046875],[-101.1530532836914,65.87999725341797],[-101.2027816772461,66.00555419921875],[-101.070556640625,65.88194274902344],[-100.8638916015625,65.92416381835938],[-100.46805572509766,65.88166809082031],[-100.38055419921875,65.90472412109375],[-100.48527526855469,65.96611022949219],[-100.36194610595703,66.07527923583984],[-100.43638610839844,66.1530532836914],[-100.2699966430664,66.09166717529297],[-100.2588882446289,65.94805908203125],[-100.19499969482422,65.91860961914062],[-99.9816665649414,66.0058364868164],[-99.94305419921875,65.94027709960938],[-99.57611083984375,65.90721893310547],[-99.36055755615234,65.97389221191406],[-99.3838882446289,66.06666564941406],[-99.28028106689453,66.04805755615234],[-99.20111083984375,66.12055969238281],[-99.19305419921875,66.0330581665039],[-98.9927749633789,66.1897201538086],[-98.95249938964844,66.09361267089844],[-98.81111145019531,66.03166961669922],[-98.73805236816406,66.10416412353516],[-98.72166442871094,66.03666687011719],[-98.58777618408203,66.04861450195312]]]}},{"type":"Feature","properties":{},"geometry":{"type":"Polygon","coordinates":[[[-74.35194396972656,56.303611755371094],[-74.25166320800781,56.14250183105469],[-73.9566650390625,56.108612060546875],[-74.0294418334961,55.95916748046875],[-74.2611083984375,55.929443359375],[-74.19944763183594,55.999168395996094],[-74.80999755859375,56.09388732910156],[-74.74444580078125,56.11778259277344],[-74.84972381591797,56.15777587890625],[-74.79750061035156,56.16777801513672],[-74.81999969482422,56.30638885498047],[-74.73583221435547,56.33833312988281],[-74.35194396972656,56.303611755371094]]]}},{"type":"Feature","properties":{},"geometry":{"type":"Polygon","coordinates":[[[-73.09889221191406,44.98277282714844],[-73.21778106689453,44.96333312988281],[-73.14083099365234,44.811668395996094],[-73.2330551147461,44.61860656738281],[-73.19667053222656,44.562774658203125],[-73.30611419677734,44.55332946777344],[-73.22166442871094,44.426109313964844],[-73.4124984741211,44.059165954589844],[-73.36750030517578,43.74583435058594],[-73.45833587646484,44.03388977050781],[-73.43083190917969,44.1905517578125],[-73.33805847167969,44.268890380859375],[-73.44000244140625,44.70916748046875],[-73.38444519042969,44.69721984863281],[-73.32971954345703,45.073890686035156],[-73.28944396972656,44.86444091796875],[-73.1513900756836,45.08111572265625],[-73.08528137207031,45.070281982421875],[-73.09889221191406,44.98277282714844]]]}},{"type":"Feature","properties":{},"geometry":{"type":"Polygon","coordinates":[[[-73.52194213867188,55.02833557128906],[-73.27111053466797,55.0513916015625],[-72.87166595458984,55.208892822265625],[-72.47138977050781,55.20472717285156],[-72.3838882446289,55.26750183105469],[-72.11861419677734,55.29222106933594],[-72.4094467163086,55.220550537109375],[-72.25555419921875,55.1522216796875],[-72.75694274902344,54.98805236816406],[-73.15055847167969,54.92500305175781],[-73.08638763427734,54.959716796875],[-73.53416442871094,54.90638732910156],[-73.66222381591797,54.93028259277344],[-73.3677749633789,54.93305969238281],[-73.42527770996094,54.97639465332031],[-73.23805236816406,55.024169921875],[-73.52194213867188,55.02833557128906]]]}},{"type":"Feature","properties":{},"geometry":{"type":"Polygon","coordinates":[[[-104.23527526855469,60.30694580078125],[-104.0411148071289,60.551109313964844],[-104.29277801513672,60.58416748046875],[-104.40055847167969,60.703338623046875],[-104.59500122070312,60.68194580078125],[-104.28583526611328,60.90638732910156],[-104.40638732910156,60.913612365722656],[-104.50666809082031,60.79444885253906],[-104.66777801513672,60.85194396972656],[-104.51416778564453,60.85139465332031],[-104.42972564697266,60.99861145019531],[-104.47611236572266,61.023887634277344],[-104.2699966430664,61.016944885253906],[-104.34972381591797,60.945281982421875],[-104.20694732666016,60.96305847167969],[-104.23666381835938,60.785552978515625],[-104.03083038330078,60.83777618408203],[-104.27278137207031,60.74360656738281],[-104.2074966430664,60.71083068847656],[-103.72777557373047,60.84388732910156],[-103.774169921875,60.94499969482422],[-103.63639068603516,60.919166564941406],[-103.66889190673828,60.82221984863281],[-104.21888732910156,60.62555694580078],[-103.89971923828125,60.605560302734375],[-103.7763900756836,60.727500915527344],[-103.67444610595703,60.62555694580078],[-103.95471954345703,60.49638366699219],[-103.9030532836914,60.4505615234375],[-103.95138549804688,60.396392822265625],[-104.23527526855469,60.30694580078125]]]}},{"type":"Feature","properties":{},"geometry":{"type":"Polygon","coordinates":[[[-62.724998474121094,7.718330383300781],[-62.67194366455078,7.679718017578125],[-62.779998779296875,7.695831298828125],[-62.73333740234375,7.61944580078125],[-62.84527587890625,7.598052978515625],[-62.66583251953125,7.5583343505859375],[-62.78582763671875,7.474723815917969],[-62.73472595214844,7.32861328125],[-62.918609619140625,6.989166259765625],[-62.9263916015625,6.924163818359375],[-62.839996337890625,6.900001525878906],[-62.8558349609375,6.805000305175781],[-62.9969482421875,6.955833435058594],[-62.991668701171875,7.082221984863281],[-62.801666259765625,7.249725341796875],[-62.80528259277344,7.367500305175781],[-62.866943359375,7.378334045410156],[-62.809722900390625,7.401390075683594],[-62.861663818359375,7.524444580078125],[-62.959999084472656,7.4466705322265625],[-63.00944519042969,7.485832214355469],[-62.950836181640625,7.5777740478515625],[-63.06138610839844,7.594718933105469],[-62.96833801269531,7.660835266113281],[-62.99444580078125,7.768058776855469],[-62.90388488769531,7.6886138916015625],[-62.724998474121094,7.718330383300781]]]}},{"type":"Feature","properties":{},"geometry":{"type":"Polygon","coordinates":[[[-111.94110870361328,63.7630615234375],[-111.62000274658203,63.77166748046875],[-111.57694244384766,63.82916259765625],[-111.68499755859375,63.826942443847656],[-111.47944641113281,63.91222381591797],[-111.41777801513672,64.02889251708984],[-110.7236099243164,63.84222412109375],[-110.39749908447266,63.92527770996094],[-110.3455581665039,63.97721862792969],[-110.42194366455078,64.06694030761719],[-110.12222290039062,64.2300033569336],[-109.76805877685547,64.14611053466797],[-110.13027954101562,64.11083221435547],[-110.24527740478516,64.0455551147461],[-110.21360778808594,63.973052978515625],[-110.41222381591797,63.86639404296875],[-111.17138671875,63.75666809082031],[-110.96611022949219,63.86277770996094],[-111.08555603027344,63.9072265625],[-111.33499908447266,63.82972717285156],[-111.28416442871094,63.76499938964844],[-111.62166595458984,63.68333435058594],[-111.94110870361328,63.7630615234375]]]}},{"type":"Feature","properties":{},"geometry":{"type":"Polygon","coordinates":[[[-114.81361389160156,55.30583190917969],[-115.37944030761719,55.45166778564453],[-115.58611297607422,55.330833435058594],[-115.76583099365234,55.421112060546875],[-115.88500213623047,55.375831604003906],[-116.07861328125,55.434165954589844],[-116.22638702392578,55.58277893066406],[-116.0263900756836,55.483055114746094],[-114.98777770996094,55.54083251953125],[-114.74888610839844,55.35749816894531],[-114.81361389160156,55.30583190917969]]]}},{"type":"Feature","properties":{},"geometry":{"type":"Polygon","coordinates":[[[-93.2941665649414,48.83777618408203],[-93.17888641357422,48.733055114746094],[-93.27333068847656,48.67138671875],[-93.11083221435547,48.73638916015625],[-93.17361450195312,48.68028259277344],[-92.78360748291016,48.67750549316406],[-92.88666534423828,48.60499572753906],[-92.71360778808594,48.565834045410156],[-92.64611053466797,48.61000061035156],[-92.55249786376953,48.48750305175781],[-92.67277526855469,48.461669921875],[-92.46639251708984,48.464447021484375],[-92.45055389404297,48.32221984863281],[-92.50305938720703,48.424163818359375],[-93.03221893310547,48.445556640625],[-93.06944274902344,48.52360534667969],[-92.80889129638672,48.43944549560547],[-92.65638732910156,48.51861572265625],[-92.95361328125,48.5977783203125],[-93.19444274902344,48.55389404296875],[-93.37555694580078,48.61138916015625],[-93.32722473144531,48.649444580078125],[-93.41527557373047,48.720001220703125],[-93.33777618408203,48.682220458984375],[-93.350830078125,48.77000427246094],[-93.63749694824219,48.82611083984375],[-93.429443359375,48.81944274902344],[-93.41305541992188,48.88166809082031],[-93.4786148071289,48.900001525878906],[-93.30472564697266,48.9566650390625],[-93.2941665649414,48.83777618408203]]]}},{"type":"Feature","properties":{},"geometry":{"type":"Polygon","coordinates":[[[-93.60778045654297,54.76666259765625],[-93.93777465820312,54.77111053466797],[-93.88583374023438,54.731666564941406],[-94.02083587646484,54.63499450683594],[-94.42361450195312,54.589996337890625],[-94.49082946777344,54.48027801513672],[-94.7955551147461,54.38417053222656],[-94.70777893066406,54.53388977050781],[-94.53722381591797,54.572776794433594],[-94.57194519042969,54.651947021484375],[-94.4022216796875,54.70916748046875],[-94.47694396972656,54.81666564941406],[-94.09111022949219,54.867218017578125],[-93.60778045654297,54.76666259765625]]]}},{"type":"Feature","properties":{},"geometry":{"type":"Polygon","coordinates":[[[-156.6205596923828,58.103057861328125],[-155.96444702148438,57.91999816894531],[-155.96888732910156,57.83277893066406],[-156.12527465820312,57.825279235839844],[-155.97332763671875,57.79083251953125],[-155.99749755859375,57.727500915527344],[-156.18666076660156,57.609161376953125],[-156.0994415283203,57.684165954589844],[-156.09666442871094,57.79583740234375],[-156.6858367919922,57.872779846191406],[-156.88555908203125,57.9727783203125],[-156.82749938964844,58.06861114501953],[-156.6205596923828,58.103057861328125]]]}},{"type":"Feature","properties":{},"geometry":{"type":"Polygon","coordinates":[[[-94.5513916015625,53.98222351074219],[-94.70639038085938,53.89222717285156],[-94.55944061279297,53.8316650390625],[-93.98583221435547,53.860557556152344],[-94.02972412109375,53.75055694580078],[-94.41777801513672,53.742218017578125],[-94.46888732910156,53.68694305419922],[-94.82917022705078,53.736663818359375],[-94.96778106689453,53.8316650390625],[-94.9477767944336,53.92222595214844],[-94.82221984863281,53.9949951171875],[-94.5513916015625,53.98222351074219]]]}},{"type":"Feature","properties":{},"geometry":{"type":"Polygon","coordinates":[[[-94.58944702148438,48.20277404785156],[-94.53944396972656,48.146942138671875],[-94.60277557373047,48.09111022949219],[-95.01721954345703,48.057220458984375],[-94.76721954345703,48.000274658203125],[-94.79528045654297,47.89666748046875],[-95.27916717529297,47.897216796875],[-95.24666595458984,48.0272216796875],[-95.0280532836914,48.13417053222656],[-94.58944702148438,48.20277404785156]]]}},{"type":"Feature","properties":{},"geometry":{"type":"Polygon","coordinates":[[[-112.77305603027344,66.49138641357422],[-112.8397216796875,66.4625015258789],[-112.73027801513672,66.3638916015625],[-112.84638977050781,66.06749725341797],[-112.9486083984375,65.99805450439453],[-113.10555267333984,66.14694213867188],[-113.63138580322266,66.22389221191406],[-113.59139251708984,66.27861022949219],[-113.4316635131836,66.20999908447266],[-113.5191650390625,66.34889221191406],[-113.02972412109375,66.27777862548828],[-112.97138977050781,66.04972076416016],[-112.8822250366211,66.17250061035156],[-112.93805694580078,66.29305267333984],[-113.48278045654297,66.48444366455078],[-112.96221923828125,66.54194641113281],[-112.77305603027344,66.49138641357422]]]}},{"type":"Feature","properties":{},"geometry":{"type":"Polygon","coordinates":[[[-107.08694458007812,62.54888916015625],[-106.81749725341797,62.65916442871094],[-107.06944274902344,62.790557861328125],[-106.62944030761719,62.80999755859375],[-106.69889068603516,62.692779541015625],[-106.39221954345703,62.75444030761719],[-106.85916900634766,62.58610534667969],[-106.76055908203125,62.491668701171875],[-106.14167022705078,62.52555847167969],[-106.30583190917969,62.40277862548828],[-105.99472045898438,62.38916778564453],[-105.88444519042969,62.287498474121094],[-105.79000091552734,62.30083465576172],[-105.88055419921875,62.20361328125],[-106.04000091552734,62.184165954589844],[-105.93305969238281,62.149169921875],[-106.09444427490234,62.097503662109375],[-106.18389129638672,62.125],[-106.12611389160156,62.21916198730469],[-106.19305419921875,62.23638916015625],[-105.98361206054688,62.29833221435547],[-106.40333557128906,62.331939697265625],[-106.39778137207031,62.41999816894531],[-106.81666564941406,62.4647216796875],[-106.929443359375,62.55638885498047],[-107.08694458007812,62.54888916015625]]]}},{"type":"Feature","properties":{},"geometry":{"type":"Polygon","coordinates":[[[-72.3236083984375,48.75250244140625],[-71.77305603027344,48.62388610839844],[-71.78916931152344,48.46583557128906],[-72.15555572509766,48.46083068847656],[-72.22027587890625,48.58222198486328],[-72.35694122314453,48.64166259765625],[-72.3036117553711,48.6552734375],[-72.3236083984375,48.75250244140625]]]}},{"type":"Feature","properties":{},"geometry":{"type":"Polygon","coordinates":[[[-86.3197250366211,12.498336791992188],[-86.19721984863281,12.275001525878906],[-86.0986099243164,12.331108093261719],[-86.116943359375,12.17388916015625],[-86.31555938720703,12.161941528320312],[-86.31138610839844,12.287498474121094],[-86.4124984741211,12.239723205566406],[-86.5977783203125,12.348892211914062],[-86.586669921875,12.423332214355469],[-86.49500274658203,12.388336181640625],[-86.3197250366211,12.498336791992188]]]}},{"type":"Feature","properties":{},"geometry":{"type":"Polygon","coordinates":[[[-103.0294418334961,20.339996337890625],[-102.72083282470703,20.259719848632812],[-102.77111053466797,20.19249725341797],[-102.69249725341797,20.200836181640625],[-102.80999755859375,20.10388946533203],[-103.42583465576172,20.254440307617188],[-103.0294418334961,20.339996337890625]]]}},{"type":"Feature","properties":{},"geometry":{"type":"Polygon","coordinates":[[[-108.20138549804688,47.60139465332031],[-107.91166687011719,47.57972717285156],[-107.8597183227539,47.468055725097656],[-107.84278106689453,47.543060302734375],[-107.65638732910156,47.65777587890625],[-107.73027801513672,47.69166564941406],[-107.4477767944336,47.638336181640625],[-107.3338851928711,47.746665954589844],[-107.20361328125,47.679718017578125],[-106.92277526855469,47.69721984863281],[-106.98666381835938,47.76611328125],[-106.7652816772461,47.766944885253906],[-106.5736083984375,47.86250305175781],[-106.54305267333984,47.93583679199219],[-106.63833618164062,47.956390380859375],[-106.35277557373047,48.026390075683594],[-106.28472137451172,47.945281982421875],[-106.36582946777344,47.959716796875],[-106.34750366210938,47.86083221435547],[-106.2147216796875,47.82777404785156],[-106.27388763427734,47.802223205566406],[-106.19527435302734,47.575279235839844],[-106.30194091796875,47.50138854980469],[-106.23750305175781,47.654998779296875],[-106.46221923828125,47.91222381591797],[-106.54638671875,47.71305847167969],[-106.6227798461914,47.78388977050781],[-106.74305725097656,47.68611145019531],[-106.83860778808594,47.73333740234375],[-106.87110900878906,47.60388946533203],[-106.87249755859375,47.682777404785156],[-107.0280532836914,47.614166259765625],[-107.00917053222656,47.663612365722656],[-107.22138977050781,47.6602783203125],[-107.37555694580078,47.695831298828125],[-107.42333221435547,47.6219482421875],[-107.6433334350586,47.630828857421875],[-107.94222259521484,47.35221862792969],[-107.92388916015625,47.56083679199219],[-108.20138549804688,47.60139465332031]]]}},{"type":"Feature","properties":{},"geometry":{"type":"Polygon","coordinates":[[[-99.68055725097656,62.11860656738281],[-100.274169921875,62.211944580078125],[-100.2772216796875,62.293609619140625],[-100.49694061279297,62.22833251953125],[-100.44694519042969,62.32305908203125],[-100.5625,62.362220764160156],[-100.40277862548828,62.435279846191406],[-100.51277923583984,62.52555847167969],[-100.413330078125,62.51611328125],[-100.44222259521484,62.55694580078125],[-100.23416900634766,62.66944885253906],[-100.13166809082031,62.63444519042969],[-100.12194061279297,62.54499816894531],[-100.45805358886719,62.359161376953125],[-100.00499725341797,62.30389404296875],[-99.9574966430664,62.22332763671875],[-99.82111358642578,62.27055358886719],[-99.82638549804688,62.326942443847656],[-99.6441650390625,62.323333740234375],[-99.83916473388672,62.34361267089844],[-99.81749725341797,62.44305419921875],[-99.53694152832031,62.32916259765625],[-99.70333099365234,62.236114501953125],[-99.68055725097656,62.11860656738281]]]}},{"type":"Feature","properties":{},"geometry":{"type":"Polygon","coordinates":[[[-80.12472534179688,48.915000915527344],[-79.88055419921875,48.946388244628906],[-79.90888977050781,48.888885498046875],[-79.82583618164062,48.87944030761719],[-79.89138793945312,48.77610778808594],[-79.78388977050781,48.68583679199219],[-79.56722259521484,48.821388244628906],[-79.37777709960938,48.69444274902344],[-79.22944641113281,48.7177734375],[-79.27916717529297,48.52471923828125],[-79.19694519042969,48.48472595214844],[-79.3477783203125,48.450836181640625],[-79.28055572509766,48.49278259277344],[-79.3397216796875,48.497222900390625],[-79.28388977050781,48.595550537109375],[-79.33444213867188,48.649169921875],[-79.82917022705078,48.61778259277344],[-79.91471862792969,48.63999938964844],[-79.89221954345703,48.747779846191406],[-79.95999908447266,48.68611145019531],[-80.02471923828125,48.720001220703125],[-80.03333282470703,48.847503662109375],[-80.05166625976562,48.752777099609375],[-80.1963882446289,48.81971740722656],[-80.11555480957031,48.8477783203125],[-80.12472534179688,48.915000915527344]]]}},{"type":"Feature","properties":{},"geometry":{"type":"Polygon","coordinates":[[[-70.33638763427734,49.9072265625],[-70.23777770996094,49.67805480957031],[-70.11360931396484,49.747779846191406],[-70.08139038085938,49.630828857421875],[-69.88417053222656,49.538330078125],[-69.73694610595703,49.331390380859375],[-69.87083435058594,49.32472229003906],[-69.95500183105469,49.52667236328125],[-70.07499694824219,49.468055725097656],[-70.03694152832031,49.39472198486328],[-70.2558364868164,49.64778137207031],[-70.36805725097656,49.58055114746094],[-70.30332946777344,49.486663818359375],[-70.46499633789062,49.55083465576172],[-70.52333068847656,49.3880615234375],[-70.57167053222656,49.48222351074219],[-70.71111297607422,49.41638946533203],[-70.74694061279297,49.538330078125],[-70.8469467163086,49.570831298828125],[-70.8405532836914,49.49360656738281],[-70.99138641357422,49.34027862548828],[-70.82027435302734,49.651390075683594],[-70.70471954345703,49.488609313964844],[-70.61194610595703,49.562225341796875],[-70.65499877929688,49.47083282470703],[-70.48222351074219,49.6925048828125],[-70.29582977294922,49.66278076171875],[-70.43305969238281,49.910003662109375],[-70.35221862792969,49.86027526855469],[-70.33638763427734,49.9072265625]]]}},{"type":"Feature","properties":{},"geometry":{"type":"Polygon","coordinates":[[[-114.50833129882812,65.67082977294922],[-114.16305541992188,65.63111114501953],[-114.34333038330078,65.62166595458984],[-114.35444641113281,65.5058364868164],[-114.22666931152344,65.54528045654297],[-114.258056640625,65.47805786132812],[-113.78277587890625,65.44499969482422],[-114.00917053222656,65.39583587646484],[-113.9808349609375,65.35639190673828],[-113.59388732910156,65.41166687011719],[-113.41972351074219,65.3455581665039],[-113.29861450195312,65.41000366210938],[-112.99055480957031,65.3550033569336],[-113.40472412109375,65.29805755615234],[-113.15055847167969,65.30055236816406],[-112.65638732910156,65.17805480957031],[-112.46194458007812,65.23583221435547],[-112.18805694580078,65.22472381591797],[-112.14555358886719,65.17666625976562],[-112.30110931396484,65.19833374023438],[-112.3838882446289,65.10639190673828],[-112.22805786132812,65.07333374023438],[-112.3405532836914,65.03778076171875],[-112.26777648925781,64.9527816772461],[-112.33055877685547,64.94972229003906],[-112.29389190673828,64.98139190673828],[-112.4111099243164,65.0361099243164],[-112.36722564697266,65.08110809326172],[-112.44055938720703,65.16583251953125],[-112.78416442871094,65.15055847167969],[-113.03472137451172,65.241943359375],[-113.0,65.15888977050781],[-113.15166473388672,65.26194763183594],[-113.50777435302734,65.27916717529297],[-113.74305725097656,65.22083282470703],[-113.91972351074219,65.28805541992188],[-113.86638641357422,65.32971954345703],[-114.14888763427734,65.36944580078125],[-114.07638549804688,65.44944763183594],[-114.49666595458984,65.4669418334961],[-114.3597183227539,65.55999755859375],[-114.50833129882812,65.67082977294922]]]}},{"type":"Feature","properties":{},"geometry":{"type":"Polygon","coordinates":[[[-118.44305419921875,65.27111053466797],[-118.2205581665039,65.17805480957031],[-118.33583068847656,65.133056640625],[-118.19499969482422,65.13722229003906],[-118.32638549804688,65.04916381835938],[-118.19166564941406,65.00749969482422],[-118.3647232055664,64.9911117553711],[-118.18360900878906,64.96360778808594],[-118.42472076416016,64.8691635131836],[-118.34388732910156,64.81749725341797],[-118.15389251708984,64.86166381835938],[-118.26805877685547,64.80583190917969],[-118.08999633789062,64.76638793945312],[-118.53111267089844,64.84388732910156],[-118.68722534179688,64.95805358886719],[-118.65055847167969,65.01333618164062],[-118.72166442871094,65.04528045654297],[-118.63888549804688,65.06527709960938],[-118.68722534179688,65.12694549560547],[-118.88444519042969,65.20777893066406],[-118.44305419921875,65.27111053466797]]]}},{"type":"Feature","properties":{},"geometry":{"type":"Polygon","coordinates":[[[-109.91083526611328,61.621665954589844],[-109.72916412353516,61.90833282470703],[-109.68055725097656,61.91222381591797],[-109.71138763427734,61.80278015136719],[-109.38749694824219,62.07249450683594],[-109.35778045654297,62.04527282714844],[-109.0513916015625,62.22888946533203],[-108.78138732910156,62.28694152832031],[-109.18194580078125,62.13444519042969],[-109.33139038085938,61.95805358886719],[-109.48110961914062,61.95249938964844],[-109.66889190673828,61.779998779296875],[-109.5250015258789,61.774444580078125],[-109.5736083984375,61.70249938964844],[-109.31277465820312,61.786109924316406],[-109.20138549804688,61.88111114501953],[-109.23999786376953,61.927223205566406],[-108.9911117553711,61.85444641113281],[-108.95777893066406,61.8175048828125],[-109.09139251708984,61.8255615234375],[-109.32917022705078,61.703887939453125],[-109.32888793945312,61.50250244140625],[-109.52555847167969,61.41638946533203],[-109.38694763183594,61.663330078125],[-109.67972564697266,61.624725341796875],[-109.72333526611328,61.72416687011719],[-109.91083526611328,61.621665954589844]]]}},{"type":"Feature","properties":{},"geometry":{"type":"Polygon","coordinates":[[[-69.195556640625,50.73638916015625],[-69.211669921875,50.46666717529297],[-69.11000061035156,50.507781982421875],[-69.24082946777344,50.400001525878906],[-69.2330551147461,50.339996337890625],[-69.163330078125,50.387779235839844],[-69.2236099243164,50.245277404785156],[-69.12860870361328,50.15833282470703],[-69.08055877685547,50.242218017578125],[-69.06555938720703,50.163055419921875],[-68.98222351074219,50.148887634277344],[-69.00111389160156,50.01361083984375],[-68.88500213623047,49.70472717285156],[-69.04222106933594,49.80500030517578],[-68.97389221191406,49.863609313964844],[-69.01388549804688,49.9263916015625],[-69.16638946533203,49.75749969482422],[-69.28166961669922,49.80500030517578],[-69.29389190673828,49.877220153808594],[-69.22416687011719,49.7852783203125],[-69.15194702148438,49.79777526855469],[-69.10221862792969,49.96861267089844],[-69.14778137207031,50.08055114746094],[-69.48833465576172,50.19416809082031],[-69.27916717529297,50.288055419921875],[-69.35028076171875,50.45750427246094],[-69.28111267089844,50.412498474121094],[-69.23194122314453,50.51472473144531],[-69.29389190673828,50.62666320800781],[-69.195556640625,50.73638916015625]]]}},{"type":"Feature","properties":{},"geometry":{"type":"Polygon","coordinates":[[[-79.50472259521484,46.325836181640625],[-79.36305236816406,46.20361328125],[-79.52361297607422,46.192222595214844],[-79.53277587890625,46.125274658203125],[-79.74888610839844,46.21611022949219],[-79.99555969238281,46.13499450683594],[-80.03277587890625,46.16471862792969],[-79.90416717529297,46.23027801513672],[-80.29472351074219,46.22222137451172],[-80.47138977050781,46.27972412109375],[-80.10138702392578,46.24944305419922],[-80.16583251953125,46.328887939453125],[-80.01194763183594,46.3699951171875],[-79.50472259521484,46.325836181640625]]]}},{"type":"Feature","properties":{},"geometry":{"type":"Polygon","coordinates":[[[-127.52583312988281,53.69416809082031],[-127.16083526611328,53.676109313964844],[-126.33499908447266,53.86277770996094],[-126.03333282470703,53.80000305175781],[-125.7286148071289,53.625],[-125.42527770996094,53.548614501953125],[-125.15750122070312,53.44000244140625],[-124.79194641113281,53.56055450439453],[-125.04750061035156,53.42388916015625],[-125.51333618164062,53.356109619140625],[-125.19721984863281,53.43611145019531],[-125.74055480957031,53.60944366455078],[-125.95500183105469,53.72944641113281],[-126.44583129882812,53.814720153808594],[-126.625,53.72639465332031],[-126.76277923583984,53.54527282714844],[-127.23222351074219,53.37638854980469],[-127.2874984741211,53.413330078125],[-126.78416442871094,53.58361053466797],[-126.71888732910156,53.74250030517578],[-127.17972564697266,53.65167236328125],[-127.46111297607422,53.690277099609375],[-127.6875,53.6199951171875],[-127.52583312988281,53.69416809082031]]]}},{"type":"Feature","properties":{},"geometry":{"type":"Polygon","coordinates":[[[-76.50444030761719,47.714447021484375],[-76.7347183227539,47.52555847167969],[-76.59139251708984,47.5736083984375],[-76.6308364868164,47.483612060546875],[-76.44999694824219,47.499168395996094],[-76.44944763183594,47.4425048828125],[-76.33499908447266,47.42694091796875],[-76.45555877685547,47.38555908203125],[-76.47611236572266,47.213890075683594],[-76.54444122314453,47.18944549560547],[-76.45610809326172,47.09944152832031],[-76.30305480957031,47.084999084472656],[-76.39444732666016,47.029998779296875],[-76.5808334350586,47.13417053222656],[-76.62333679199219,47.288055419921875],[-76.69388580322266,47.258056640625],[-76.62305450439453,47.170555114746094],[-76.7308349609375,47.24388885498047],[-76.70500183105469,47.38499450683594],[-76.80249786376953,47.35888671875],[-76.73555755615234,47.48277282714844],[-76.8227767944336,47.51972198486328],[-76.50444030761719,47.714447021484375]]]}},{"type":"Feature","properties":{},"geometry":{"type":"Polygon","coordinates":[[[-92.75944519042969,16.420555114746094],[-92.82389068603516,16.297775268554688],[-92.5969467163086,16.182777404785156],[-92.49888610839844,16.251388549804688],[-92.5361099243164,16.147499084472656],[-92.06555938720703,15.854164123535156],[-92.13888549804688,15.89666748046875],[-92.2027816772461,15.819442749023438],[-92.17082977294922,15.909446716308594],[-92.44083404541016,16.056671142578125],[-92.62527465820312,15.946388244628906],[-92.52972412109375,16.0816650390625],[-92.61000061035156,16.028610229492188],[-92.7347183227539,16.078887939453125],[-92.7941665649414,15.997222900390625],[-92.7508316040039,16.160003662109375],[-92.60138702392578,16.121665954589844],[-92.80999755859375,16.273605346679688],[-92.8677749633789,16.166671752929688],[-92.96444702148438,16.211669921875],[-92.75944519042969,16.420555114746094]]]}},{"type":"Feature","properties":{},"geometry":{"type":"Polygon","coordinates":[[[-153.66416931152344,70.48555755615234],[-154.02471923828125,70.52833557128906],[-154.10694885253906,70.5602798461914],[-154.09832763671875,70.63639068603516],[-154.26832580566406,70.6816635131836],[-153.6205596923828,70.74472045898438],[-152.9361114501953,70.54972076416016],[-153.66416931152344,70.48555755615234]]]}},{"type":"Feature","properties":{},"geometry":{"type":"Polygon","coordinates":[[[-97.04638671875,61.06388854980469],[-97.60472106933594,61.56361389160156],[-97.45305633544922,61.65943908691406],[-97.79528045654297,61.60888671875],[-97.74138641357422,61.64527893066406],[-97.8316650390625,61.654449462890625],[-97.75416564941406,61.73333740234375],[-97.81222534179688,61.8094482421875],[-97.5513916015625,61.81500244140625],[-97.59083557128906,61.7197265625],[-97.27361297607422,61.598052978515625],[-97.33694458007812,61.43305969238281],[-97.179443359375,61.391387939453125],[-97.22972106933594,61.352783203125],[-97.15249633789062,61.294166564941406],[-97.22694396972656,61.27027893066406],[-97.02916717529297,61.18110656738281],[-97.06527709960938,61.133056640625],[-96.91638946533203,61.146392822265625],[-97.04638671875,61.06388854980469]]]}},{"type":"Feature","properties":{},"geometry":{"type":"Polygon","coordinates":[[[-110.3741683959961,37.91222381591797],[-110.445556640625,37.6552734375],[-110.69667053222656,37.470550537109375],[-110.65166473388672,37.43499755859375],[-110.86305236816406,37.20777893066406],[-110.64083099365234,37.19305419921875],[-111.16388702392578,37.089996337890625],[-111.13249969482422,37.004722595214844],[-111.26638793945312,37.03722381591797],[-111.47416687011719,36.931671142578125],[-111.55027770996094,37.046661376953125],[-111.43083190917969,37.030555725097656],[-111.4558334350586,37.10472106933594],[-111.32194519042969,37.024444580078125],[-111.26361083984375,37.122779846191406],[-111.30638885498047,37.16972351074219],[-111.20500183105469,37.084442138671875],[-111.18194580078125,37.179443359375],[-111.11444091796875,37.116111755371094],[-110.95138549804688,37.144439697265625],[-110.85916900634766,37.26499938964844],[-110.89555358886719,37.322776794433594],[-110.7308349609375,37.366111755371094],[-110.76333618164062,37.56805419921875],[-110.66471862792969,37.49861145019531],[-110.3741683959961,37.91222381591797]]]}},{"type":"Feature","properties":{},"geometry":{"type":"Polygon","coordinates":[[[-115.91222381591797,33.496665954589844],[-115.60610961914062,33.28083801269531],[-115.70610809326172,33.10777282714844],[-116.02972412109375,33.4052734375],[-116.05860900878906,33.5],[-115.91222381591797,33.496665954589844]]]}},{"type":"Feature","properties":{},"geometry":{"type":"Polygon","coordinates":[[[-109.59139251708984,64.65361022949219],[-110.2227783203125,64.48722076416016],[-110.20610809326172,64.41166687011719],[-110.60861206054688,64.41500091552734],[-110.78472137451172,64.34249877929688],[-110.8963851928711,64.36083221435547],[-110.71971893310547,64.3838882446289],[-110.70388793945312,64.4669418334961],[-111.20916748046875,64.58027648925781],[-110.9013900756836,64.61250305175781],[-110.87805938720703,64.54499816894531],[-110.6161117553711,64.50749969482422],[-110.67277526855469,64.57305908203125],[-110.5425033569336,64.5736083984375],[-110.49028015136719,64.64694213867188],[-110.39749908447266,64.53778076171875],[-110.07917022705078,64.5552749633789],[-110.26388549804688,64.6580581665039],[-110.15611267089844,64.67500305175781],[-110.2388916015625,64.7316665649414],[-109.99028015136719,64.60333251953125],[-109.59139251708984,64.65361022949219]]]}},{"type":"Feature","properties":{},"geometry":{"type":"Polygon","coordinates":[[[-76.3013916015625,56.497779846191406],[-76.34583282470703,56.48277282714844],[-76.1947250366211,56.40611267089844],[-76.29528045654297,56.34832763671875],[-75.89444732666016,56.125831604003906],[-76.58110809326172,56.154998779296875],[-76.4566650390625,56.16444396972656],[-76.5727767944336,56.177223205566406],[-76.35888671875,56.32499694824219],[-76.43777465820312,56.35833740234375],[-76.36805725097656,56.47027587890625],[-76.40833282470703,56.535552978515625],[-76.3013916015625,56.497779846191406]]]}},{"type":"Feature","properties":{},"geometry":{"type":"Polygon","coordinates":[[[-101.3478012084961,18.520828247070312],[-101.42720031738281,18.427215576171875],[-101.63420104980469,18.59222412109375],[-101.8478012084961,18.547775268554688],[-101.8510971069336,18.29582977294922],[-101.78720092773438,18.289443969726562],[-101.8364028930664,18.239166259765625],[-101.99469757080078,18.47528076171875],[-101.88860321044922,18.44000244140625],[-101.8760986328125,18.675277709960938],[-102.13529968261719,18.848609924316406],[-102.05220031738281,18.913330078125],[-102.02469635009766,18.818603515625],[-101.95030212402344,18.912498474121094],[-102.00080108642578,18.798057556152344],[-101.87030029296875,18.75250244140625],[-101.87110137939453,18.69249725341797],[-101.80940246582031,18.742218017578125],[-101.85279846191406,18.628326416015625],[-101.70559692382812,18.670562744140625],[-101.6511001586914,18.61750030517578],[-101.62190246582031,18.6763916015625],[-101.51329803466797,18.498611450195312],[-101.3478012084961,18.520828247070312]]]}},{"type":"Feature","properties":{},"geometry":{"type":"Polygon","coordinates":[[[-94.06416320800781,31.994720458984375],[-93.8419418334961,31.8619384765625],[-93.76139068603516,31.564720153808594],[-93.68083190917969,31.622772216796875],[-93.70861053466797,31.539718627929688],[-93.62527465820312,31.539169311523438],[-93.69222259521484,31.479995727539062],[-93.6683349609375,31.42083740234375],[-93.59583282470703,31.441390991210938],[-93.64167022705078,31.3447265625],[-93.5736083984375,31.307220458984375],[-93.58027648925781,31.171661376953125],[-93.7955551147461,31.236663818359375],[-93.69194030761719,31.265830993652344],[-93.77861022949219,31.300827026367188],[-93.68638610839844,31.365554809570312],[-93.84249877929688,31.37999725341797],[-93.76000213623047,31.468612670898438],[-93.85888671875,31.60028076171875],[-93.88138580322266,31.803054809570312],[-94.06416320800781,31.994720458984375]]]}},{"type":"Feature","properties":{},"geometry":{"type":"Polygon","coordinates":[[[-114.33499908447266,36.470001220703125],[-114.38749694824219,36.20777893066406],[-114.25555419921875,36.046661376953125],[-114.15416717529297,36.04083251953125],[-114.10388946533203,36.15888977050781],[-113.99610900878906,36.25971984863281],[-113.95833587646484,36.15306091308594],[-113.78333282470703,36.057777404785156],[-113.63111114501953,35.823890686035156],[-113.78028106689453,36.03083801269531],[-113.9816665649414,36.12361145019531],[-113.99361419677734,36.19444274902344],[-114.11027526855469,36.01777648925781],[-114.33000183105469,36.043060302734375],[-114.35138702392578,36.1361083984375],[-114.45083618164062,36.051666259765625],[-114.54222106933594,36.15306091308594],[-114.7347183227539,36.008888244628906],[-114.80999755859375,36.04833221435547],[-114.85610961914062,36.133056640625],[-114.44944763183594,36.17138671875],[-114.36416625976562,36.43499755859375],[-114.41000366210938,36.50694274902344],[-114.34916687011719,36.47888946533203],[-114.33694458007812,36.583892822265625],[-114.33499908447266,36.470001220703125]]]}},{"type":"Feature","properties":{},"geometry":{"type":"Polygon","coordinates":[[[-101.80332946777344,60.72999572753906],[-101.3133316040039,60.84611511230469],[-101.30416870117188,60.932220458984375],[-101.53333282470703,60.9344482421875],[-101.49082946777344,61.01750183105469],[-101.58777618408203,61.076385498046875],[-101.52305603027344,61.15943908691406],[-101.45805358886719,61.1552734375],[-101.40194702148438,61.01055908203125],[-101.17583465576172,61.056671142578125],[-101.28388977050781,60.973609924316406],[-101.23750305175781,60.9324951171875],[-101.17250061035156,60.99583435058594],[-101.12916564941406,60.93194580078125],[-101.06944274902344,61.09889221191406],[-100.95833587646484,61.13194274902344],[-100.93861389160156,61.25361633300781],[-100.8741683959961,61.13249969482422],[-100.87555694580078,61.070281982421875],[-101.04444122314453,61.01750183105469],[-100.98500061035156,60.89277648925781],[-101.12972259521484,60.83000183105469],[-101.71499633789062,60.681671142578125],[-101.80332946777344,60.72999572753906]]]}},{"type":"Feature","properties":{},"geometry":{"type":"Polygon","coordinates":[[[-133.81056213378906,59.790000915527344],[-133.5752716064453,59.4183349609375],[-133.61666870117188,59.34056091308594],[-133.79417419433594,59.334999084472656],[-133.83416748046875,59.114723205566406],[-133.96694946289062,59.17277526855469],[-133.9419403076172,59.21888732910156],[-133.9888916015625,59.1875],[-133.94667053222656,59.27471923828125],[-134.14666748046875,59.254722595214844],[-133.7819366455078,59.551109313964844],[-133.7822265625,59.669166564941406],[-133.88555908203125,59.75721740722656],[-133.7997283935547,60.03722381591797],[-133.81056213378906,59.790000915527344]]]}},{"type":"Feature","properties":{},"geometry":{"type":"Polygon","coordinates":[[[-74.3316650390625,57.46583557128906],[-74.26583099365234,57.424720764160156],[-74.71055603027344,57.38666534423828],[-74.47000122070312,57.349998474121094],[-74.82861328125,57.257781982421875],[-74.47611236572266,57.16972351074219],[-74.45138549804688,57.128334045410156],[-74.7227783203125,57.20277404785156],[-75.45833587646484,57.06944274902344],[-75.57305908203125,57.10028076171875],[-75.4175033569336,57.112220764160156],[-75.53944396972656,57.188331604003906],[-75.08777618408203,57.18805694580078],[-75.25527954101562,57.212501525878906],[-75.28360748291016,57.253334045410156],[-75.1772232055664,57.260276794433594],[-75.29582977294922,57.281944274902344],[-74.95333099365234,57.230560302734375],[-74.8183364868164,57.28333282470703],[-74.83194732666016,57.348609924316406],[-74.72444152832031,57.353607177734375],[-74.87833404541016,57.447776794433594],[-74.76555633544922,57.43638610839844],[-74.78888702392578,57.475555419921875],[-74.7147216796875,57.4102783203125],[-74.49222564697266,57.43000030517578],[-74.25638580322266,57.52916717529297],[-74.3316650390625,57.46583557128906]]]}},{"type":"Feature","properties":{},"geometry":{"type":"Polygon","coordinates":[[[-77.31361389160156,50.999725341796875],[-77.36861419677734,50.99861145019531],[-77.1241683959961,50.91944885253906],[-76.8902816772461,51.05305480957031],[-76.80777740478516,51.03333282470703],[-76.94805908203125,50.834442138671875],[-76.7830581665039,50.9869384765625],[-76.64527893066406,51.03944396972656],[-76.58305358886719,50.997222900390625],[-76.7427749633789,50.940834045410156],[-76.68055725097656,50.883888244628906],[-76.72027587890625,50.81361389160156],[-76.71805572509766,50.88916778564453],[-76.83027648925781,50.875],[-76.94305419921875,50.75971984863281],[-77.1522216796875,50.706390380859375],[-77.03416442871094,50.76861572265625],[-77.11083221435547,50.81055450439453],[-77.07167053222656,50.891387939453125],[-77.25611114501953,50.93944549560547],[-77.35194396972656,50.82167053222656],[-77.2763900756836,50.82499694824219],[-77.28861236572266,50.777496337890625],[-77.36722564697266,50.746665954589844],[-77.383056640625,50.7822265625],[-77.34166717529297,50.850555419921875],[-77.44083404541016,50.839447021484375],[-77.31277465820312,50.94194030761719],[-77.41999816894531,51.010276794433594],[-77.31361389160156,50.999725341796875]]]}},{"type":"Feature","properties":{},"geometry":{"type":"Polygon","coordinates":[[[-105.5250015258789,61.35028076171875],[-105.75861358642578,61.291107177734375],[-105.56583404541016,61.468055725097656],[-105.79694366455078,61.500831604003906],[-105.72027587890625,61.57110595703125],[-105.81138610839844,61.63194274902344],[-105.4527816772461,61.6138916015625],[-105.08139038085938,61.70500183105469],[-105.15416717529297,61.82749938964844],[-105.11222076416016,61.91139221191406],[-105.01721954345703,61.924163818359375],[-105.01139068603516,61.70166778564453],[-104.65750122070312,61.68916320800781],[-104.7652816772461,61.625],[-105.08277893066406,61.68499755859375],[-105.3638916015625,61.59972381591797],[-105.5250015258789,61.35028076171875]]]}},{"type":"Feature","properties":{},"geometry":{"type":"Polygon","coordinates":[[[-96.6963882446289,54.94667053222656],[-97.03861236572266,54.87361145019531],[-97.1177749633789,54.8255615234375],[-97.04638671875,54.823890686035156],[-97.0816650390625,54.788055419921875],[-97.29138946533203,54.73805236816406],[-97.37000274658203,54.77360534667969],[-97.48278045654297,54.71221923828125],[-97.36360931396484,54.70555114746094],[-97.4263916015625,54.67277526855469],[-97.72472381591797,54.685279846191406],[-97.81388854980469,54.55888366699219],[-98.10888671875,54.55638885498047],[-97.74055480957031,54.758888244628906],[-97.63055419921875,54.73249816894531],[-96.98055267333984,54.92832946777344],[-96.6963882446289,54.94667053222656]]]}},{"type":"Feature","properties":{},"geometry":{"type":"Polygon","coordinates":[[[-79.33833312988281,44.749168395996094],[-79.35028076171875,44.59889221191406],[-79.2236099243164,44.561668395996094],[-79.15361022949219,44.450836181640625],[-79.19444274902344,44.353057861328125],[-79.48055267333984,44.31388854980469],[-79.50166320800781,44.20916748046875],[-79.52333068847656,44.40777587890625],[-79.6683349609375,44.39778137207031],[-79.40110778808594,44.53166198730469],[-79.40833282470703,44.64250183105469],[-79.33833312988281,44.749168395996094]]]}},{"type":"Feature","properties":{},"geometry":{"type":"Polygon","coordinates":[[[-89.3052749633789,15.3638916015625],[-89.40638732910156,15.474998474121094],[-89.06527709960938,15.59222412109375],[-88.94249725341797,15.71722412109375],[-88.82749938964844,15.780830383300781],[-88.98278045654297,15.658889770507812],[-88.98278045654297,15.511390686035156],[-89.08110809326172,15.427497863769531],[-89.3052749633789,15.3638916015625]]]}},{"type":"Feature","properties":{},"geometry":{"type":"Polygon","coordinates":[[[-117.92472076416016,61.418060302734375],[-119.16666412353516,61.20861053466797],[-119.47000122070312,61.20555114746094],[-119.99749755859375,61.345001220703125],[-119.46221923828125,61.236663818359375],[-119.04472351074219,61.244171142578125],[-118.41638946533203,61.36138916015625],[-118.38639068603516,61.50555419921875],[-118.22721862792969,61.572776794433594],[-117.6433334350586,61.34361267089844],[-117.92472076416016,61.418060302734375]]]}},{"type":"Feature","properties":{},"geometry":{"type":"Polygon","coordinates":[[[-106.3933334350586,59.78388977050781],[-106.25555419921875,59.997222900390625],[-106.40389251708984,60.01722717285156],[-106.38833618164062,60.08917236328125],[-106.27222442626953,60.10388946533203],[-106.19444274902344,60.00250244140625],[-106.0713882446289,60.184722900390625],[-105.78778076171875,60.24805450439453],[-105.88361358642578,60.17250061035156],[-105.79861450195312,60.15361022949219],[-105.61222076416016,60.22999572753906],[-105.78138732910156,60.1119384765625],[-106.0513916015625,60.138336181640625],[-106.10861206054688,60.027496337890625],[-105.84666442871094,60.01972198486328],[-106.06888580322266,59.980560302734375],[-106.12110900878906,59.89555358886719],[-106.0513916015625,59.899169921875],[-106.0361099243164,59.82916259765625],[-106.1058349609375,59.798057556152344],[-106.19583129882812,59.78333282470703],[-106.19499969482422,59.92583465576172],[-106.30972290039062,59.84083557128906],[-106.25777435302734,59.796661376953125],[-106.3933334350586,59.78388977050781]]]}},{"type":"Feature","properties":{},"geometry":{"type":"Polygon","coordinates":[[[-89.55833435058594,53.771392822265625],[-89.71416473388672,53.6824951171875],[-90.02861022949219,53.665000915527344],[-90.37000274658203,53.763336181640625],[-90.31888580322266,53.860557556152344],[-90.1522216796875,53.823890686035156],[-90.0263900756836,53.8941650390625],[-89.86000061035156,53.79694366455078],[-89.55833435058594,53.771392822265625]]]}},{"type":"Feature","properties":{},"geometry":{"type":"Polygon","coordinates":[[[-103.13722229003906,60.43638610839844],[-103.16471862792969,60.538330078125],[-103.07749938964844,60.69389343261719],[-102.94305419921875,60.72444152832031],[-102.75499725341797,60.89582824707031],[-102.625,60.88972473144531],[-102.84166717529297,60.665557861328125],[-102.80027770996094,60.64305114746094],[-102.98860931396484,60.57221984863281],[-103.02111053466797,60.44166564941406],[-102.91222381591797,60.35527801513672],[-103.10888671875,60.31305694580078],[-103.11416625976562,60.38111114501953],[-103.21888732910156,60.37555694580078],[-103.13722229003906,60.43638610839844]]]}},{"type":"Feature","properties":{},"geometry":{"type":"Polygon","coordinates":[[[-107.4830551147461,54.86860656738281],[-107.10055541992188,54.80389404296875],[-107.07305908203125,54.72444152832031],[-106.98444366455078,54.73750305175781],[-107.16222381591797,54.64555358886719],[-107.21833038330078,54.70361328125],[-107.44611358642578,54.61639404296875],[-107.38861083984375,54.68638610839844],[-107.46194458007812,54.71360778808594],[-107.53472137451172,54.65361022949219],[-107.57416534423828,54.72639465332031],[-107.47944641113281,54.77583312988281],[-107.4830551147461,54.86860656738281]]]}},{"type":"Feature","properties":{},"geometry":{"type":"Polygon","coordinates":[[[-70.67583465576172,53.008056640625],[-70.68694305419922,52.96028137207031],[-70.49639129638672,53.002220153808594],[-70.57333374023438,52.92583465576172],[-70.51721954345703,52.91972351074219],[-70.35194396972656,52.97999572753906],[-70.52166748046875,52.900001525878906],[-70.4397201538086,52.842498779296875],[-70.49361419677734,52.830833435058594],[-70.48416900634766,52.681671142578125],[-70.39360809326172,52.651947021484375],[-70.44222259521484,52.575836181640625],[-70.5433349609375,52.65388488769531],[-70.5522232055664,52.813331604003906],[-70.6763916015625,52.70750427246094],[-70.64805603027344,52.78388977050781],[-70.78944396972656,52.78333282470703],[-70.7683334350586,52.95305633544922],[-70.98139190673828,52.81111145019531],[-70.92416381835938,52.94471740722656],[-70.86582946777344,52.91082763671875],[-70.78666687011719,52.96277618408203],[-70.72250366210938,52.947776794433594],[-70.72333526611328,53.01222229003906],[-70.85055541992188,53.0433349609375],[-70.67583465576172,53.008056640625]]]}},{"type":"Feature","properties":{},"geometry":{"type":"Polygon","coordinates":[[[-104.90166473388672,59.85166931152344],[-104.53028106689453,60.13666534423828],[-104.64138793945312,60.200836181640625],[-104.52610778808594,60.32221984863281],[-104.46888732910156,60.257781982421875],[-104.59249877929688,60.20416259765625],[-104.3147201538086,60.209999084472656],[-104.29638671875,59.956390380859375],[-104.20027923583984,59.96527862548828],[-104.17028045654297,59.87861633300781],[-104.28360748291016,59.91694641113281],[-104.3499984741211,59.81500244140625],[-104.44833374023438,59.920555114746094],[-104.35944366455078,59.9375],[-104.36888885498047,59.99360656738281],[-104.66444396972656,59.980560302734375],[-104.90166473388672,59.85166931152344]]]}},{"type":"Feature","properties":{},"geometry":{"type":"Polygon","coordinates":[[[-101.82389068603516,62.224998474121094],[-101.93138885498047,62.27360534667969],[-101.85444641113281,62.3719482421875],[-101.98027801513672,62.475555419921875],[-101.81583404541016,62.510276794433594],[-101.82749938964844,62.45777893066406],[-101.67805480957031,62.399444580078125],[-101.72472381591797,62.33277893066406],[-101.39277648925781,62.43694305419922],[-101.34833526611328,62.36333465576172],[-101.4749984741211,62.203887939453125],[-101.59222412109375,62.27833557128906],[-101.97416687011719,62.075836181640625],[-102.04138946533203,62.089996337890625],[-101.82389068603516,62.224998474121094]]]}},{"type":"Feature","properties":{},"geometry":{"type":"Polygon","coordinates":[[[-99.42749786376953,62.790557861328125],[-99.78472137451172,62.87916564941406],[-99.69110870361328,62.88249969482422],[-99.26499938964844,63.19499969482422],[-99.33638763427734,63.046112060546875],[-99.1058349609375,62.92500305175781],[-99.42749786376953,62.790557861328125]]]}},{"type":"Feature","properties":{},"geometry":{"type":"Polygon","coordinates":[[[-76.55332946777344,53.44166564941406],[-76.48444366455078,53.37694549560547],[-76.69277954101562,53.33610534667969],[-76.66222381591797,53.28472137451172],[-76.52777862548828,53.34083557128906],[-76.48777770996094,53.29888916015625],[-76.68499755859375,53.25971984863281],[-76.5816650390625,53.23333740234375],[-76.711669921875,53.22472381591797],[-76.65083312988281,53.147499084472656],[-76.80750274658203,53.16777801513672],[-76.87305450439453,53.08027648925781],[-76.81194305419922,53.012779235839844],[-76.85694122314453,52.97193908691406],[-76.63027954101562,52.970001220703125],[-76.84610748291016,52.959716796875],[-76.93360900878906,52.97416687011719],[-76.87999725341797,53.021942138671875],[-76.98278045654297,53.10694885253906],[-76.87444305419922,53.182220458984375],[-76.90611267089844,53.2177734375],[-76.81305694580078,53.223052978515625],[-76.95305633544922,53.24638366699219],[-76.83805847167969,53.310279846191406],[-76.91222381591797,53.351112365722656],[-76.69139099121094,53.48805236816406],[-76.76388549804688,53.3094482421875],[-76.59750366210938,53.47721862792969],[-76.50555419921875,53.48444366455078],[-76.55332946777344,53.44166564941406]]]}},{"type":"Feature","properties":{},"geometry":{"type":"Polygon","coordinates":[[[-73.55194091796875,60.761390686035156],[-73.66694641113281,60.531944274902344],[-73.53055572509766,60.578338623046875],[-73.49888610839844,60.4808349609375],[-73.274169921875,60.43499755859375],[-73.40972137451172,60.40833282470703],[-73.61861419677734,60.50250244140625],[-73.88639068603516,60.47166442871094],[-73.991943359375,60.549163818359375],[-74.15499877929688,60.50999450683594],[-74.48139190673828,60.52055358886719],[-75.04861450195312,60.628334045410156],[-74.866943359375,60.70527648925781],[-74.31944274902344,60.538612365722656],[-74.09361267089844,60.540000915527344],[-73.9800033569336,60.61083221435547],[-73.80027770996094,60.526390075683594],[-73.82583618164062,60.565834045410156],[-73.61111450195312,60.73249816894531],[-73.66194152832031,60.755279541015625],[-73.55194091796875,60.761390686035156]]]}},{"type":"Feature","properties":{},"geometry":{"type":"Polygon","coordinates":[[[-90.41222381591797,51.12333679199219],[-90.64555358886719,51.008888244628906],[-91.40416717529297,50.890838623046875],[-91.28944396972656,50.994720458984375],[-91.16666412353516,50.978607177734375],[-91.30750274658203,51.06361389160156],[-90.9566650390625,51.002220153808594],[-90.60055541992188,51.227500915527344],[-90.65416717529297,51.12750244140625],[-90.50277709960938,51.20166778564453],[-90.41222381591797,51.12333679199219]]]}},{"type":"Feature","properties":{},"geometry":{"type":"Polygon","coordinates":[[[-103.1875,66.81083679199219],[-102.80750274658203,66.69721984863281],[-102.65528106689453,66.5183334350586],[-102.5986099243164,66.59361267089844],[-102.57111358642578,66.48222351074219],[-102.47027587890625,66.4647216796875],[-102.60111236572266,66.4094467163086],[-102.36305236816406,66.3838882446289],[-102.2861099243164,66.43805694580078],[-102.19277954101562,66.35861206054688],[-102.52555847167969,66.35749816894531],[-102.60832977294922,66.30000305175781],[-102.6691665649414,66.36861419677734],[-102.57805633544922,66.37694549560547],[-102.6883316040039,66.41083526611328],[-102.69249725341797,66.47333526611328],[-103.05249786376953,66.56222534179688],[-102.96666717529297,66.60416412353516],[-103.07666778564453,66.67916870117188],[-103.33777618408203,66.7066650390625],[-103.1875,66.81083679199219]]]}},{"type":"Feature","properties":{},"geometry":{"type":"Polygon","coordinates":[[[-95.32694244384766,62.06694030761719],[-95.38277435302734,62.15861511230469],[-95.3338851928711,62.2469482421875],[-95.40389251708984,62.294166564941406],[-95.35111236572266,62.33000183105469],[-95.0977783203125,62.2994384765625],[-95.28944396972656,62.285552978515625],[-95.27861022949219,62.19416809082031],[-95.100830078125,62.17694091796875],[-95.10722351074219,62.25],[-94.99722290039062,62.212501525878906],[-95.01499938964844,62.3074951171875],[-94.82167053222656,62.37138366699219],[-94.70861053466797,62.382781982421875],[-94.7933349609375,62.30805969238281],[-94.649169921875,62.29194641113281],[-94.83583068847656,62.218055725097656],[-94.77305603027344,62.1683349609375],[-94.9911117553711,62.16999816894531],[-94.93694305419922,62.087501525878906],[-95.2925033569336,62.1361083984375],[-95.18389129638672,62.043609619140625],[-95.32694244384766,62.06694030761719]]]}},{"type":"Feature","properties":{},"geometry":{"type":"Polygon","coordinates":[[[-56.983055114746094,49.372779846191406],[-56.9102783203125,49.25694274902344],[-57.117218017578125,49.211387634277344],[-57.10888671875,49.156944274902344],[-57.703338623046875,48.69166564941406],[-57.92277526855469,48.6380615234375],[-58.08610534667969,48.66667175292969],[-57.92527770996094,48.663612365722656],[-57.43888854980469,48.943328857421875],[-57.26194763183594,49.06999969482422],[-57.2691650390625,49.19610595703125],[-57.0130615234375,49.25721740722656],[-56.983055114746094,49.372779846191406]]]}},{"type":"Feature","properties":{},"geometry":{"type":"Polygon","coordinates":[[[-134.28611755371094,60.49583435058594],[-134.19305419921875,60.36000061035156],[-134.25222778320312,60.146942138671875],[-134.08055114746094,59.91444396972656],[-134.26693725585938,59.89277648925781],[-134.16806030273438,59.674720764160156],[-134.23777770996094,59.608055114746094],[-133.86972045898438,59.684165954589844],[-133.83944702148438,59.64111328125],[-134.2052764892578,59.600555419921875],[-134.2372283935547,59.45305633544922],[-134.30360412597656,59.415557861328125],[-134.4580535888672,59.404998779296875],[-134.27972412109375,59.456939697265625],[-134.2897186279297,59.57249450683594],[-134.20889282226562,59.65943908691406],[-134.2755584716797,59.63999938964844],[-134.2375030517578,59.71611022949219],[-134.30250549316406,59.880279541015625],[-134.1730499267578,60.02806091308594],[-134.27444458007812,60.1361083984375],[-134.44027709960938,60.13555908203125],[-134.65306091308594,59.97639465332031],[-134.52806091308594,60.12361145019531],[-134.73333740234375,60.165000915527344],[-134.98416137695312,59.856666564941406],[-134.883056640625,60.06889343261719],[-135.17250061035156,60.04583740234375],[-134.75555419921875,60.18083190917969],[-134.3513946533203,60.17277526855469],[-134.2630615234375,60.35972595214844],[-134.33583068847656,60.48472595214844],[-134.4963836669922,60.53722381591797],[-134.28611755371094,60.49583435058594]]]}},{"type":"Feature","properties":{},"geometry":{"type":"Polygon","coordinates":[[[-115.04805755615234,60.33583068847656],[-115.14611053466797,60.17889404296875],[-115.32722473144531,60.1552734375],[-115.30694580078125,60.089447021484375],[-115.93861389160156,60.19194030761719],[-115.13999938964844,60.366943359375],[-115.04805755615234,60.33583068847656]]]}},{"type":"Feature","properties":{},"geometry":{"type":"Polygon","coordinates":[[[-104.36138916015625,69.47888946533203],[-104.80750274658203,69.30472564697266],[-105.0361099243164,69.39722442626953],[-106.02833557128906,69.3486099243164],[-106.2972183227539,69.39805603027344],[-105.95166778564453,69.47833251953125],[-104.87110900878906,69.41527557373047],[-104.36138916015625,69.47888946533203]]]}},{"type":"Feature","properties":{},"geometry":{"type":"Polygon","coordinates":[[[-108.4625015258789,62.85527801513672],[-107.89389038085938,63.188331604003906],[-107.82833099365234,63.260276794433594],[-107.92361450195312,63.271392822265625],[-107.68555450439453,63.442779541015625],[-107.53111267089844,63.45166778564453],[-107.61499786376953,63.36500549316406],[-107.56111145019531,63.286109924316406],[-107.75250244140625,63.12750244140625],[-108.4625015258789,62.85527801513672]]]}},{"type":"Feature","properties":{},"geometry":{"type":"Polygon","coordinates":[[[-68.4094467163086,57.112220764160156],[-68.36555480957031,57.138336181640625],[-68.1852798461914,56.86555480957031],[-68.06388854980469,56.900001525878906],[-68.11805725097656,56.76222229003906],[-68.03555297851562,56.71083068847656],[-67.83027648925781,56.771942138671875],[-68.0552749633789,56.65277862548828],[-67.99305725097656,56.565277099609375],[-68.10472106933594,56.633331298828125],[-68.3558349609375,56.62249755859375],[-68.29750061035156,56.6875],[-68.1058349609375,56.64555358886719],[-68.03778076171875,56.69416809082031],[-68.19750213623047,56.80583190917969],[-68.4566650390625,57.119720458984375],[-68.52278137207031,57.052223205566406],[-68.65055847167969,57.141944885253906],[-68.68916320800781,57.02667236328125],[-68.76000213623047,57.174163818359375],[-68.69944763183594,57.208892822265625],[-68.5522232055664,57.14472198486328],[-68.5513916015625,57.084716796875],[-68.50111389160156,57.160003662109375],[-68.62472534179688,57.237220764160156],[-68.48750305175781,57.273887634277344],[-68.39250183105469,57.24388885498047],[-68.4094467163086,57.112220764160156]]]}},{"type":"Feature","properties":{},"geometry":{"type":"Polygon","coordinates":[[[-117.53500366210938,60.66082763671875],[-117.25166320800781,60.562774658203125],[-117.35555267333984,60.4244384765625],[-118.03333282470703,60.447776794433594],[-117.53500366210938,60.66082763671875]]]}},{"type":"Feature","properties":{},"geometry":{"type":"Polygon","coordinates":[[[-105.29499816894531,59.28472137451172],[-104.90833282470703,59.23750305175781],[-105.0072250366211,59.165283203125],[-105.5352783203125,59.11750030517578],[-105.73555755615234,59.02278137207031],[-105.74527740478516,58.918609619140625],[-105.8838882446289,58.916107177734375],[-105.78778076171875,59.06388854980469],[-105.29499816894531,59.28472137451172]]]}},{"type":"Feature","properties":{},"geometry":{"type":"Polygon","coordinates":[[[-126.63500213623047,55.31611633300781],[-126.52471923828125,55.080833435058594],[-126.31777954101562,55.0494384765625],[-126.2699966430664,55.12694549560547],[-126.21833038330078,54.93194580078125],[-126.21722412109375,55.02333068847656],[-126.0986099243164,54.935279846191406],[-126.09444427490234,54.83833312988281],[-125.92111206054688,54.785552978515625],[-125.8808364868164,54.673057556152344],[-125.65194702148438,54.521942138671875],[-125.16999816894531,54.48500061035156],[-125.47083282470703,54.43499755859375],[-125.6875,54.497779846191406],[-126.11750030517578,54.7822265625],[-126.33694458007812,55.02055358886719],[-126.5536117553711,55.078887939453125],[-126.63500213623047,55.31611633300781]]]}},{"type":"Feature","properties":{},"geometry":{"type":"Polygon","coordinates":[[[-116.14055633544922,62.87861633300781],[-116.33944702148438,62.963890075683594],[-116.3419418334961,63.05833435058594],[-116.15277862548828,63.00999450683594],[-116.15499877929688,62.947776794433594],[-116.00971984863281,62.87944030761719],[-115.80972290039062,62.976112365722656],[-115.9647216796875,63.01166534423828],[-115.83000183105469,63.04444885253906],[-115.83638763427734,63.09889221191406],[-116.16305541992188,63.21666717529297],[-115.97222137451172,63.23638916015625],[-115.76277923583984,63.08000183105469],[-115.7572250366211,63.15833282470703],[-115.64666748046875,63.195556640625],[-115.63777923583984,63.11333465576172],[-115.57027435302734,63.11138916015625],[-115.76361083984375,63.00944519042969],[-115.7830581665039,62.898887634277344],[-116.03333282470703,62.855560302734375],[-115.96666717529297,62.804443359375],[-116.01499938964844,62.782501220703125],[-116.19916534423828,62.807777404785156],[-116.14055633544922,62.87861633300781]]]}},{"type":"Feature","properties":{},"geometry":{"type":"Polygon","coordinates":[[[-156.04833984375,58.71305847167969],[-156.16610717773438,58.66222381591797],[-155.98971557617188,58.66583251953125],[-156.00917053222656,58.709442138671875],[-155.41305541992188,58.665557861328125],[-155.491943359375,58.605560302734375],[-155.80221557617188,58.614166259765625],[-155.3463897705078,58.535552978515625],[-155.6199951171875,58.50055694580078],[-155.81166076660156,58.59944152832031],[-156.31777954101562,58.609161376953125],[-156.4611053466797,58.67527770996094],[-156.04833984375,58.71305847167969]]]}},{"type":"Feature","properties":{},"geometry":{"type":"Polygon","coordinates":[[[-74.3102798461914,56.483612060546875],[-74.05889129638672,56.477500915527344],[-73.58499908447266,56.55888366699219],[-73.80999755859375,56.65306091308594],[-73.5433349609375,56.59388732910156],[-73.44833374023438,56.66471862792969],[-73.19194030761719,56.665283203125],[-73.56083679199219,56.551109313964844],[-73.3808364868164,56.54638671875],[-73.41555786132812,56.49749755859375],[-73.23249816894531,56.53778076171875],[-73.33361053466797,56.46028137207031],[-73.76249694824219,56.5272216796875],[-73.70777893066406,56.50721740722656],[-73.7925033569336,56.469444274902344],[-73.7330551147461,56.44471740722656],[-73.88999938964844,56.44805908203125],[-73.84638977050781,56.424720764160156],[-74.00416564941406,56.353057861328125],[-74.3102798461914,56.483612060546875]]]}},{"type":"Feature","properties":{},"geometry":{"type":"Polygon","coordinates":[[[-108.15361022949219,63.41888427734375],[-108.52027893066406,63.32472229003906],[-108.51750183105469,63.38694763183594],[-108.8486099243164,63.448333740234375],[-108.49527740478516,63.49055480957031],[-108.9527816772461,63.527496337890625],[-108.82833099365234,63.611663818359375],[-108.94694519042969,63.69805908203125],[-108.73722076416016,63.73249816894531],[-108.6036148071289,63.55555725097656],[-108.15361022949219,63.41888427734375]]]}},{"type":"Feature","properties":{},"geometry":{"type":"Polygon","coordinates":[[[-106.73361206054688,51.149444580078125],[-106.42416381835938,50.97166442871094],[-106.61638641357422,51.06416320800781],[-106.85916900634766,51.00694274902344],[-107.00055694580078,50.731109619140625],[-107.16361236572266,50.741668701171875],[-107.51777648925781,50.61138916015625],[-108.00527954101562,50.6522216796875],[-107.88888549804688,50.695281982421875],[-107.53138732910156,50.63999938964844],[-107.19833374023438,50.76972198486328],[-107.0361099243164,50.761390686035156],[-106.86750030517578,51.054443359375],[-106.65750122070312,51.08860778808594],[-106.87916564941406,51.24944305419922],[-106.80027770996094,51.25917053222656],[-106.73361206054688,51.149444580078125]]]}},{"type":"Feature","properties":{},"geometry":{"type":"Polygon","coordinates":[[[-103.1419448852539,54.84111022949219],[-103.35221862792969,54.913330078125],[-103.46416473388672,54.874168395996094],[-103.38861083984375,54.78416442871094],[-103.52916717529297,54.7147216796875],[-103.38500213623047,54.671112060546875],[-103.51638793945312,54.56083679199219],[-103.68805694580078,54.603607177734375],[-103.63277435302734,54.73805236816406],[-103.7508316040039,54.775001525878906],[-103.56083679199219,54.75111389160156],[-103.5566635131836,54.88055419921875],[-103.445556640625,54.90388488769531],[-103.43222045898438,54.975830078125],[-103.0897216796875,54.9072265625],[-103.1419448852539,54.84111022949219]]]}},{"type":"Feature","properties":{},"geometry":{"type":"Polygon","coordinates":[[[-69.0647201538086,53.41694641113281],[-69.00111389160156,53.57221984863281],[-68.95222473144531,53.548057556152344],[-68.90249633789062,53.56500244140625],[-68.95972442626953,53.629722595214844],[-68.7669448852539,53.655555725097656],[-68.89944458007812,53.720001220703125],[-68.83860778808594,53.77166748046875],[-68.76583099365234,53.718055725097656],[-68.7441635131836,53.8125],[-68.90333557128906,53.90666198730469],[-68.95972442626953,53.84889221191406],[-68.97916412353516,53.94916534423828],[-69.09750366210938,53.94389343261719],[-69.06361389160156,53.98388671875],[-69.1522216796875,53.93944549560547],[-69.2508316040039,53.9405517578125],[-69.19972229003906,54.00860595703125],[-69.14111328125,53.961944580078125],[-69.16222381591797,54.054443359375],[-69.11166381835938,53.99555969238281],[-68.97083282470703,54.02833557128906],[-69.01361083984375,53.97166442871094],[-68.88249969482422,53.98944091796875],[-68.84027862548828,53.883888244628906],[-68.61194610595703,53.788330078125],[-68.70694732666016,53.796661376953125],[-68.67583465576172,53.754722595214844],[-68.7691650390625,53.681671142578125],[-68.6852798461914,53.58000183105469],[-68.88805389404297,53.61027526855469],[-68.85221862792969,53.49944305419922],[-69.0647201538086,53.41694641113281]]]}},{"type":"Feature","properties":{},"geometry":{"type":"Polygon","coordinates":[[[-97.1138916015625,64.00777435302734],[-97.47166442871094,63.91583251953125],[-97.4191665649414,63.79638671875],[-97.50444030761719,63.80528259277344],[-97.47805786132812,63.75971984863281],[-97.84388732910156,63.904449462890625],[-97.8933334350586,63.98277282714844],[-98.06944274902344,63.98833465576172],[-97.93111419677734,64.09361267089844],[-97.45944213867188,63.98805236816406],[-97.1138916015625,64.00777435302734]]]}},{"type":"Feature","properties":{},"geometry":{"type":"Polygon","coordinates":[[[-107.74888610839844,55.92555236816406],[-107.6594467163086,55.719444274902344],[-107.77194213867188,55.44805908203125],[-107.73416900634766,55.40666198730469],[-107.82694244384766,55.39027404785156],[-107.77916717529297,55.18916320800781],[-107.84916687011719,55.34111022949219],[-108.05000305175781,55.50389099121094],[-107.90110778808594,55.46888732910156],[-108.17416381835938,55.62889099121094],[-107.77916717529297,55.492218017578125],[-107.95083618164062,55.73388671875],[-107.76499938964844,55.610557556152344],[-107.74888610839844,55.92555236816406]]]}},{"type":"Feature","properties":{},"geometry":{"type":"Polygon","coordinates":[[[-98.20027923583984,64.06777954101562],[-98.34278106689453,64.02666473388672],[-98.28500366210938,63.92778015136719],[-98.1963882446289,63.98638916015625],[-98.05388641357422,63.93805694580078],[-98.15721893310547,63.874168395996094],[-98.15055847167969,63.76249694824219],[-98.25527954101562,63.87444305419922],[-98.43111419677734,63.83805847167969],[-98.63888549804688,63.96556091308594],[-98.61138916015625,64.12055969238281],[-98.25194549560547,64.07111358642578],[-98.25917053222656,64.15333557128906],[-98.20027923583984,64.06777954101562]]]}},{"type":"Feature","properties":{},"geometry":{"type":"Polygon","coordinates":[[[-95.78805541992188,62.64778137207031],[-95.77333068847656,62.7469482421875],[-95.97777557373047,62.88417053222656],[-95.93000030517578,62.97027587890625],[-95.65110778808594,62.98944091796875],[-95.6594467163086,63.04888916015625],[-95.79944610595703,63.08721923828125],[-95.66305541992188,63.0897216796875],[-95.53722381591797,63.19194030761719],[-95.39360809326172,63.16389465332031],[-95.5602798461914,63.084716796875],[-95.54055786132812,62.93888854980469],[-95.68194580078125,62.94471740722656],[-95.65611267089844,62.883331298828125],[-95.83416748046875,62.913612365722656],[-95.56916809082031,62.810279846191406],[-95.7300033569336,62.67778015136719],[-95.6308364868164,62.614723205566406],[-95.78805541992188,62.64778137207031]]]}},{"type":"Feature","properties":{},"geometry":{"type":"Polygon","coordinates":[[[-74.31416320800781,59.598052978515625],[-73.72916412353516,59.41888427734375],[-73.7691650390625,59.390838623046875],[-73.69027709960938,59.34222412109375],[-73.35472106933594,59.28277587890625],[-73.71221923828125,59.29249572753906],[-73.8405532836914,59.388885498046875],[-73.94916534423828,59.34944152832031],[-73.9647216796875,59.397216796875],[-73.82305908203125,59.415283203125],[-73.95333099365234,59.44499969482422],[-74.46083068847656,59.40167236328125],[-74.52111053466797,59.472503662109375],[-74.57861328125,59.394439697265625],[-74.74055480957031,59.46360778808594],[-74.61582946777344,59.476112365722656],[-74.71833038330078,59.50971984863281],[-74.62222290039062,59.50555419921875],[-74.6322250366211,59.5625],[-74.49250030517578,59.554443359375],[-74.48278045654297,59.49250030517578],[-74.43138885498047,59.54777526855469],[-74.22222137451172,59.491111755371094],[-74.31416320800781,59.598052978515625]]]}},{"type":"Feature","properties":{},"geometry":{"type":"Polygon","coordinates":[[[-65.13194274902344,52.62333679199219],[-65.42666625976562,52.692779541015625],[-65.47444152832031,52.80278015136719],[-65.366943359375,52.74028015136719],[-65.41860961914062,52.80638885498047],[-65.29083251953125,52.809722900390625],[-65.31305694580078,52.91999816894531],[-65.06861114501953,52.84972381591797],[-65.07333374023438,52.74610900878906],[-64.9558334350586,52.654998779296875],[-65.16444396972656,52.69194030761719],[-65.09944152832031,52.71722412109375],[-65.17832946777344,52.763885498046875],[-65.25360870361328,52.68916320800781],[-65.04750061035156,52.64778137207031],[-64.9302749633789,52.51555633544922],[-65.06916809082031,52.589996337890625],[-65.1361083984375,52.54499816894531],[-65.13194274902344,52.62333679199219]]]}},{"type":"Feature","properties":{},"geometry":{"type":"Polygon","coordinates":[[[-68.96333312988281,53.18138885498047],[-69.03472137451172,53.27166748046875],[-69.0111083984375,53.30332946777344],[-68.9477767944336,53.261390686035156],[-68.82305908203125,53.40110778808594],[-68.61166381835938,53.42805480957031],[-68.62777709960938,53.491668701171875],[-68.71194458007812,53.456390380859375],[-68.74888610839844,53.477783203125],[-68.70249938964844,53.55860900878906],[-68.69249725341797,53.48027801513672],[-68.66305541992188,53.505828857421875],[-68.5344467163086,53.5050048828125],[-68.5433349609375,53.67500305175781],[-68.63833618164062,53.59583282470703],[-68.68389129638672,53.68499755859375],[-68.51083374023438,53.747779846191406],[-68.1722183227539,53.70305633544922],[-68.3772201538086,53.68611145019531],[-68.23916625976562,53.66999816894531],[-68.35221862792969,53.649444580078125],[-68.24972534179688,53.62249755859375],[-68.48249816894531,53.630279541015625],[-68.40833282470703,53.54750061035156],[-68.50917053222656,53.487220764160156],[-68.47916412353516,53.42277526855469],[-68.60305786132812,53.397499084472656],[-68.39944458007812,53.193328857421875],[-68.6691665649414,53.40888977050781],[-68.8405532836914,53.34138488769531],[-68.96333312988281,53.18138885498047]]]}},{"type":"Feature","properties":{},"geometry":{"type":"Polygon","coordinates":[[[-97.3455581665039,66.56722259521484],[-97.27694702148438,66.53138732910156],[-97.3277816772461,66.39583587646484],[-97.18722534179688,66.36138916015625],[-97.04861450195312,66.38333129882812],[-96.98278045654297,66.48666381835938],[-96.95916748046875,66.42361450195312],[-97.02889251708984,66.37166595458984],[-96.94305419921875,66.28333282470703],[-97.23611450195312,66.37110900878906],[-97.30805969238281,66.27694702148438],[-97.41722106933594,66.29194641113281],[-97.39805603027344,66.36555480957031],[-97.50499725341797,66.41666412353516],[-97.55916595458984,66.29582977294922],[-97.72638702392578,66.21194458007812],[-97.88417053222656,66.28138732910156],[-97.80332946777344,66.30889129638672],[-97.88639068603516,66.34972381591797],[-97.82250213623047,66.3647232055664],[-97.57971954345703,66.32833099365234],[-97.53944396972656,66.44416809082031],[-97.64221954345703,66.51721954345703],[-97.51499938964844,66.47000122070312],[-97.42805480957031,66.5919418334961],[-97.2780532836914,66.625],[-97.3455581665039,66.56722259521484]]]}},{"type":"Feature","properties":{},"geometry":{"type":"Polygon","coordinates":[[[-64.72694396972656,52.58361053466797],[-64.586669921875,52.61555480957031],[-64.76166534423828,52.81416320800781],[-64.6322250366211,52.80833435058594],[-64.67028045654297,52.90861511230469],[-64.60749816894531,52.88999938964844],[-64.61861419677734,52.7852783203125],[-64.47389221191406,52.74000549316406],[-64.53277587890625,52.711387634277344],[-64.1691665649414,52.47111511230469],[-64.32749938964844,52.556671142578125],[-64.47333526611328,52.540283203125],[-64.43222045898438,52.49861145019531],[-64.72694396972656,52.58361053466797]]]}},{"type":"Feature","properties":{},"geometry":{"type":"Polygon","coordinates":[[[-68.91444396972656,81.93472290039062],[-71.74500274658203,81.68861389160156],[-72.90194702148438,81.67166900634766],[-72.28472137451172,81.77027893066406],[-68.91444396972656,81.93472290039062]]]}},{"type":"Feature","properties":{},"geometry":{"type":"Polygon","coordinates":[[[-95.53778076171875,64.93222045898438],[-95.4191665649414,64.836669921875],[-95.48555755615234,64.81305694580078],[-95.45500183105469,64.75611114501953],[-95.68083190917969,64.80999755859375],[-95.54888916015625,64.8469467163086],[-95.79888916015625,64.86027526855469],[-95.77889251708984,64.9183349609375],[-95.93000030517578,64.9161148071289],[-95.86138916015625,64.8277816772461],[-96.09972381591797,64.9044418334961],[-95.96833038330078,65.01139068603516],[-95.80500030517578,64.98805236816406],[-95.83110809326172,65.03722381591797],[-95.61416625976562,64.96888732910156],[-95.46221923828125,65.00749969482422],[-95.71055603027344,65.0263900756836],[-95.17388916015625,65.01249694824219],[-95.53778076171875,64.93222045898438]]]}},{"type":"Feature","properties":{},"geometry":{"type":"Polygon","coordinates":[[[-117.15611267089844,63.74250030517578],[-117.20083618164062,63.78416442871094],[-117.10610961914062,63.820281982421875],[-117.4527816772461,63.83305358886719],[-117.39944458007812,63.966949462890625],[-117.54528045654297,63.95832824707031],[-117.23278045654297,64.07305908203125],[-117.23527526855469,64.0169448852539],[-117.05472564697266,64.02583312988281],[-117.08194732666016,63.936668395996094],[-116.98583221435547,63.93333435058594],[-117.08333587646484,63.8880615234375],[-116.97305297851562,63.86277770996094],[-117.22528076171875,63.68944549560547],[-117.15611267089844,63.74250030517578]]]}},{"type":"Feature","properties":{},"geometry":{"type":"Polygon","coordinates":[[[-99.8558349609375,51.445556640625],[-99.55027770996094,51.2005615234375],[-99.55555725097656,51.17500305175781],[-99.6402816772461,51.11083221435547],[-99.836669921875,51.16471862792969],[-99.96333312988281,51.43083190917969],[-99.8558349609375,51.445556640625]]]}},{"type":"Feature","properties":{},"geometry":{"type":"Polygon","coordinates":[[[-93.09249877929688,51.2197265625],[-93.17888641357422,51.17583465576172],[-93.04194641113281,51.15083312988281],[-93.26166534423828,51.100555419921875],[-93.15166473388672,51.075279235839844],[-93.22750091552734,51.02027893066406],[-93.49028015136719,51.201385498046875],[-93.37194061279297,51.30860900878906],[-93.40194702148438,51.25944519042969],[-93.20027923583984,51.30888366699219],[-93.09249877929688,51.2197265625]]]}},{"type":"Feature","properties":{},"geometry":{"type":"Polygon","coordinates":[[[-100.51777648925781,56.12444305419922],[-100.35028076171875,55.95750427246094],[-100.39221954345703,55.85139465332031],[-100.14472198486328,55.848609924316406],[-99.9102783203125,55.69916534423828],[-100.02388763427734,55.6552734375],[-100.12222290039062,55.77305603027344],[-100.3638916015625,55.81111145019531],[-100.43444061279297,55.793060302734375],[-100.375,55.74444580078125],[-100.48527526855469,55.6138916015625],[-100.51750183105469,55.726112365722656],[-100.73222351074219,55.75694274902344],[-100.46111297607422,55.87249755859375],[-100.53028106689453,56.02861022949219],[-100.51777648925781,56.12444305419922]]]}},{"type":"Feature","properties":{},"geometry":{"type":"Polygon","coordinates":[[[-99.27916717529297,63.682777404785156],[-99.21360778808594,63.8255615234375],[-99.09972381591797,63.73805236816406],[-98.94805908203125,63.761390686035156],[-99.0736083984375,63.79472351074219],[-99.06361389160156,63.891944885253906],[-98.77777862548828,63.89500427246094],[-98.66055297851562,63.77471923828125],[-98.82167053222656,63.82861328125],[-98.7138900756836,63.67694091796875],[-98.84889221191406,63.6138916015625],[-98.92194366455078,63.69139099121094],[-99.14472198486328,63.61778259277344],[-99.27916717529297,63.682777404785156]]]}},{"type":"Feature","properties":{},"geometry":{"type":"Polygon","coordinates":[[[-103.12305450439453,55.43555450439453],[-103.3405532836914,55.34361267089844],[-102.91527557373047,55.17500305175781],[-102.63194274902344,55.19139099121094],[-102.78500366210938,55.1602783203125],[-102.70999908447266,55.09361267089844],[-102.73916625976562,54.99861145019531],[-102.76972198486328,55.105560302734375],[-102.86582946777344,55.14555358886719],[-103.08721923828125,55.029998779296875],[-103.01444244384766,55.17500305175781],[-103.2652816772461,55.19944763183594],[-103.46055603027344,55.364723205566406],[-103.14472198486328,55.487220764160156],[-103.12305450439453,55.43555450439453]]]}},{"type":"Feature","properties":{},"geometry":{"type":"Polygon","coordinates":[[[-119.44277954101562,68.61416625976562],[-119.61499786376953,68.60722351074219],[-119.57472229003906,68.58277893066406],[-119.6611099243164,68.47083282470703],[-119.49361419677734,68.34722137451172],[-119.84944152832031,68.22777557373047],[-119.82083129882812,68.49055480957031],[-119.91000366210938,68.55805969238281],[-119.69750213623047,68.61638641357422],[-119.83694458007812,68.66638946533203],[-119.70388793945312,68.7558364868164],[-119.63333129882812,68.7491683959961],[-119.70222473144531,68.71360778808594],[-119.53360748291016,68.71221923828125],[-119.66777801513672,68.68777465820312],[-119.67305755615234,68.6361083984375],[-119.508056640625,68.66999816894531],[-119.44277954101562,68.61416625976562]]]}},{"type":"Feature","properties":{},"geometry":{"type":"Polygon","coordinates":[[[-100.36055755615234,56.16888427734375],[-100.93222045898438,56.32749938964844],[-100.49749755859375,56.30000305175781],[-100.3566665649414,56.34972381591797],[-100.31083679199219,56.47721862792969],[-100.1897201538086,56.434165954589844],[-100.01805877685547,56.49055480957031],[-100.32416534423828,56.31889343261719],[-100.30694580078125,56.266944885253906],[-100.44999694824219,56.241668701171875],[-100.36055755615234,56.16888427734375]]]}},{"type":"Feature","properties":{},"geometry":{"type":"Polygon","coordinates":[[[-102.07611083984375,54.70166778564453],[-102.12805938720703,54.45361328125],[-102.27222442626953,54.426666259765625],[-102.4183349609375,54.508056640625],[-102.34305572509766,54.54888916015625],[-102.35527801513672,54.66972351074219],[-102.22138977050781,54.761390686035156],[-102.07611083984375,54.70166778564453]]]}},{"type":"Feature","properties":{},"geometry":{"type":"Polygon","coordinates":[[[-88.45861053466797,44.21888732910156],[-88.30555725097656,44.16667175292969],[-88.3236083984375,43.919166564941406],[-88.4486083984375,43.799720764160156],[-88.52249908447266,44.05250549316406],[-88.45861053466797,44.21888732910156]]]}},{"type":"Feature","properties":{},"geometry":{"type":"Polygon","coordinates":[[[-99.9705581665039,63.856666564941406],[-99.9847183227539,64.0727767944336],[-99.83999633789062,64.15472412109375],[-99.73944091796875,64.1463851928711],[-99.7347183227539,64.086669921875],[-99.62999725341797,64.13694763183594],[-99.71111297607422,64.0552749633789],[-99.62805938720703,64.03028106689453],[-99.55000305175781,64.12638854980469],[-99.48278045654297,63.970550537109375],[-99.63777923583984,63.92805480957031],[-99.7147216796875,64.0088882446289],[-99.84249877929688,63.8316650390625],[-99.9705581665039,63.856666564941406]]]}},{"type":"Feature","properties":{},"geometry":{"type":"Polygon","coordinates":[[[-97.3597183227539,55.18194580078125],[-97.304443359375,55.165283203125],[-97.66722106933594,55.054443359375],[-97.27222442626953,55.046112060546875],[-97.6361083984375,55.02777862548828],[-97.8277816772461,54.94667053222656],[-97.9736099243164,54.99888610839844],[-97.68055725097656,55.09083557128906],[-97.59471893310547,55.187225341796875],[-97.25305938720703,55.23249816894531],[-97.3597183227539,55.18194580078125]]]}},{"type":"Feature","properties":{},"geometry":{"type":"Polygon","coordinates":[[[-96.60138702392578,18.37305450439453],[-96.36027526855469,18.199722290039062],[-96.43360900878906,18.224441528320312],[-96.38583374023438,18.173614501953125],[-96.40916442871094,18.0927734375],[-96.42500305175781,18.1602783203125],[-96.50527954101562,18.128326416015625],[-96.59916687011719,18.192779541015625],[-96.64778137207031,18.33916473388672],[-96.5897216796875,18.340835571289062],[-96.68694305419922,18.40277862548828],[-96.56749725341797,18.419998168945312],[-96.53722381591797,18.381668090820312],[-96.60138702392578,18.37305450439453]]]}},{"type":"Feature","properties":{},"geometry":{"type":"Polygon","coordinates":[[[-81.95305633544922,68.68000030517578],[-82.10861206054688,68.60305786132812],[-82.22888946533203,68.62889099121094],[-82.20861053466797,68.57305908203125],[-82.29666900634766,68.5536117553711],[-82.56610870361328,68.6050033569336],[-82.62000274658203,68.54777526855469],[-82.70805358886719,68.68638610839844],[-82.53971862792969,68.69999694824219],[-82.63805389404297,68.76000213623047],[-82.43250274658203,68.69305419921875],[-82.18638610839844,68.75749969482422],[-82.3388900756836,68.85444641113281],[-82.32083129882812,68.90833282470703],[-82.1338882446289,68.80889129638672],[-82.02305603027344,68.8469467163086],[-82.05416870117188,68.7941665649414],[-81.95305633544922,68.68000030517578]]]}},{"type":"Feature","properties":{},"geometry":{"type":"Polygon","coordinates":[[[-66.10555267333984,52.463890075683594],[-66.20361328125,52.70722198486328],[-66.27833557128906,52.665283203125],[-66.2027816772461,52.85499572753906],[-66.22472381591797,53.00694274902344],[-66.05860900878906,52.67583465576172],[-66.10388946533203,52.70777893066406],[-66.1352767944336,52.63471984863281],[-65.86166381835938,52.55500030517578],[-65.97138977050781,52.52972412109375],[-65.99082946777344,52.35388946533203],[-66.0566635131836,52.49278259277344],[-66.10555267333984,52.463890075683594]]]}},{"type":"Feature","properties":{},"geometry":{"type":"Polygon","coordinates":[[[-77.39055633544922,50.3094482421875],[-77.46916961669922,49.88916778564453],[-77.22611236572266,49.91667175292969],[-77.35194396972656,49.83528137207031],[-77.79972076416016,49.820556640625],[-77.84111022949219,49.74555969238281],[-77.90416717529297,49.711669921875],[-77.87750244140625,49.79694366455078],[-77.7138900756836,49.84889221191406],[-77.75694274902344,49.910003662109375],[-77.50111389160156,49.88555908203125],[-77.47528076171875,50.27082824707031],[-77.66583251953125,50.321388244628906],[-77.39055633544922,50.3094482421875]]]}},{"type":"Feature","properties":{},"geometry":{"type":"Polygon","coordinates":[[[-93.53388977050781,46.32722473144531],[-93.48805236816406,46.149444580078125],[-93.5522232055664,46.122779846191406],[-93.76055908203125,46.16194152832031],[-93.83721923828125,46.28666687011719],[-93.63888549804688,46.363609313964844],[-93.53388977050781,46.32722473144531]]]}},{"type":"Feature","properties":{},"geometry":{"type":"Polygon","coordinates":[[[-119.94139099121094,38.96861267089844],[-120.0905532836914,38.95832824707031],[-120.15027618408203,39.103607177734375],[-119.95166778564453,39.25860595703125],[-119.94139099121094,38.96861267089844]]]}},{"type":"Feature","properties":{},"geometry":{"type":"Polygon","coordinates":[[[-104.7249984741211,61.235557556152344],[-104.51055908203125,61.429168701171875],[-104.86138916015625,61.488609313964844],[-104.1513900756836,61.64555358886719],[-104.5272216796875,61.51555633544922],[-104.45249938964844,61.508888244628906],[-104.43416595458984,61.391387939453125],[-104.1763916015625,61.42500305175781],[-104.32333374023438,61.35749816894531],[-104.24138641357422,61.298057556152344],[-104.52361297607422,61.307777404785156],[-104.586669921875,61.250274658203125],[-104.524169921875,61.21277618408203],[-104.59333038330078,61.1844482421875],[-104.7249984741211,61.235557556152344]]]}},{"type":"Feature","properties":{},"geometry":{"type":"Polygon","coordinates":[[[-71.91666412353516,56.12555694580078],[-71.85944366455078,56.035552978515625],[-72.0566635131836,56.03778076171875],[-71.81555938720703,56.016944885253906],[-71.7477798461914,55.967498779296875],[-71.89305877685547,55.997779846191406],[-71.92082977294922,55.92083740234375],[-71.80777740478516,55.91389465332031],[-71.91860961914062,55.82249450683594],[-72.17666625976562,55.88221740722656],[-72.04694366455078,55.93861389160156],[-72.16305541992188,55.959442138671875],[-71.99888610839844,55.9566650390625],[-72.24361419677734,55.97944641113281],[-72.27916717529297,56.08111572265625],[-71.91666412353516,56.12555694580078]]]}},{"type":"Feature","properties":{},"geometry":{"type":"Polygon","coordinates":[[[-88.1352767944336,36.863609313964844],[-87.89611053466797,36.16694641113281],[-87.98416900634766,35.929168701171875],[-88.03500366210938,36.048057556152344],[-87.93888854980469,36.12055969238281],[-87.95527648925781,36.22944641113281],[-88.04027557373047,36.3941650390625],[-88.08944702148438,36.24360656738281],[-88.14444732666016,36.30250549316406],[-88.04833221435547,36.538330078125],[-88.2844467163086,37.01611328125],[-88.1352767944336,36.863609313964844]]]}},{"type":"Feature","properties":{},"geometry":{"type":"Polygon","coordinates":[[[-125.53166961669922,66.7941665649414],[-125.37805938720703,66.87944030761719],[-125.42610931396484,66.96138763427734],[-125.38249969482422,67.00389099121094],[-125.20805358886719,66.98222351074219],[-125.27222442626953,66.93611145019531],[-124.80332946777344,66.65888977050781],[-125.53166961669922,66.7941665649414]]]}},{"type":"Feature","properties":{},"geometry":{"type":"Polygon","coordinates":[[[-116.90055847167969,50.081390380859375],[-116.8822250366211,49.6380615234375],[-116.79805755615234,49.63916778564453],[-116.7611083984375,49.40972137451172],[-116.61111450195312,49.16667175292969],[-116.77194213867188,49.295555114746094],[-116.86083221435547,49.565834045410156],[-116.95833587646484,49.6199951171875],[-116.89444732666016,49.77833557128906],[-116.94889068603516,50.168609619140625],[-116.90055847167969,50.081390380859375]]]}},{"type":"Feature","properties":{},"geometry":{"type":"Polygon","coordinates":[[[-99.24305725097656,26.577774047851562],[-99.24833679199219,26.797775268554688],[-99.27527618408203,26.835556030273438],[-99.35305786132812,26.761947631835938],[-99.41083526611328,26.793609619140625],[-99.35610961914062,26.78083038330078],[-99.3499984741211,26.915000915527344],[-99.45999908447266,27.054718017578125],[-99.2780532836914,26.882781982421875],[-99.1883316040039,26.943328857421875],[-99.24388885498047,26.86888885498047],[-99.18277740478516,26.69916534423828],[-99.14749908447266,26.758331298828125],[-99.08555603027344,26.751663208007812],[-99.15416717529297,26.714996337890625],[-99.1500015258789,26.569717407226562],[-99.24305725097656,26.577774047851562]]]}},{"type":"Feature","properties":{},"geometry":{"type":"Polygon","coordinates":[[[-87.95388793945312,50.744171142578125],[-88.13639068603516,50.7530517578125],[-88.18138885498047,50.66999816894531],[-88.116943359375,50.678611755371094],[-88.13361358642578,50.62083435058594],[-88.45916748046875,50.59693908691406],[-88.18444061279297,50.77667236328125],[-88.61499786376953,50.79472351074219],[-88.56861114501953,50.850830078125],[-88.33528137207031,50.80083465576172],[-88.4749984741211,50.95166778564453],[-88.26055908203125,50.81194305419922],[-87.95388793945312,50.744171142578125]]]}},{"type":"Feature","properties":{},"geometry":{"type":"Polygon","coordinates":[[[-92.32666778564453,63.12916564941406],[-92.01139068603516,62.964447021484375],[-92.36944580078125,63.07611083984375],[-92.27444458007812,63.00999450683594],[-92.3338851928711,63.00250244140625],[-92.49305725097656,63.11305236816406],[-92.55944061279297,63.0816650390625],[-92.66305541992188,63.129722595214844],[-92.77305603027344,63.01861572265625],[-92.54528045654297,62.91583251953125],[-92.8236083984375,62.951942443847656],[-92.80638885498047,63.02360534667969],[-92.9375,63.05332946777344],[-92.8469467163086,63.10777282714844],[-92.98860931396484,63.16082763671875],[-93.008056640625,63.247779846191406],[-92.62055969238281,63.152496337890625],[-92.57167053222656,63.0977783203125],[-92.43138885498047,63.147499084472656],[-92.32666778564453,63.12916564941406]]]}},{"type":"Feature","properties":{},"geometry":{"type":"Polygon","coordinates":[[[-109.46055603027344,59.87333679199219],[-108.80278015136719,59.831939697265625],[-108.71305847167969,59.72472381591797],[-109.27305603027344,59.72416687011719],[-109.46055603027344,59.87333679199219]]]}},{"type":"Feature","properties":{},"geometry":{"type":"Polygon","coordinates":[[[-75.10194396972656,50.578338623046875],[-75.20027923583984,50.52027893066406],[-75.19667053222656,50.443328857421875],[-74.93694305419922,50.53639221191406],[-74.94388580322266,50.40472412109375],[-74.92250061035156,50.475555419921875],[-74.7772216796875,50.456390380859375],[-74.95972442626953,50.36888885498047],[-75.17472076416016,50.12249755859375],[-74.96499633789062,50.399444580078125],[-75.08333587646484,50.4263916015625],[-75.16944122314453,50.30250549316406],[-75.12916564941406,50.27833557128906],[-75.3477783203125,50.24805450439453],[-75.20722198486328,50.27610778808594],[-75.27027893066406,50.311668395996094],[-75.16805267333984,50.40110778808594],[-75.22110748291016,50.43360900878906],[-75.20972442626953,50.49028015136719],[-75.3566665649414,50.44972229003906],[-75.30555725097656,50.544166564941406],[-75.42832946777344,50.562774658203125],[-75.10194396972656,50.578338623046875]]]}},{"type":"Feature","properties":{},"geometry":{"type":"Polygon","coordinates":[[[-114.10610961914062,47.78472137451172],[-114.31861114501953,47.83250427246094],[-114.1433334350586,47.91471862792969],[-114.2088851928711,48.04583740234375],[-114.1463851928711,48.09027862548828],[-114.05860900878906,48.048057556152344],[-113.99666595458984,47.794166564941406],[-114.0294418334961,47.745277404785156],[-114.0647201538086,47.78916931152344],[-114.04611206054688,47.70777893066406],[-114.15694427490234,47.70527648925781],[-114.10610961914062,47.78472137451172]]]}},{"type":"Feature","properties":{},"geometry":{"type":"Polygon","coordinates":[[[-96.71971893310547,54.13499450683594],[-97.03250122070312,54.18638610839844],[-97.1675033569336,54.25166320800781],[-96.68222045898438,54.32666778564453],[-96.48194122314453,54.233612060546875],[-96.71971893310547,54.13499450683594]]]}},{"type":"Feature","properties":{},"geometry":{"type":"Polygon","coordinates":[[[-70.97000122070312,50.978607177734375],[-70.711669921875,50.68055725097656],[-70.60055541992188,50.67694091796875],[-70.63861083984375,50.74610900878906],[-70.58110809326172,50.81999969482422],[-70.5441665649414,50.67583465576172],[-70.5102767944336,50.74055480957031],[-70.42832946777344,50.65583801269531],[-70.54444122314453,50.597503662109375],[-70.5536117553711,50.65972137451172],[-70.65110778808594,50.655555725097656],[-70.68305969238281,50.5574951171875],[-70.81055450439453,50.55528259277344],[-70.72333526611328,50.646942138671875],[-70.88972473144531,50.60472106933594],[-70.90721893310547,50.79638671875],[-71.02777862548828,50.733612060546875],[-70.94277954101562,50.825836181640625],[-70.97000122070312,50.978607177734375]]]}},{"type":"Feature","properties":{},"geometry":{"type":"Polygon","coordinates":[[[-109.51777648925781,54.94305419921875],[-109.58055877685547,54.86778259277344],[-109.86750030517578,54.87861633300781],[-109.90666961669922,54.79388427734375],[-110.0411148071289,54.763885498046875],[-109.80722045898438,55.00999450683594],[-109.56805419921875,55.018333435058594],[-109.51777648925781,54.94305419921875]]]}},{"type":"Feature","properties":{},"geometry":{"type":"Polygon","coordinates":[[[-95.42778015136719,54.901390075683594],[-95.37000274658203,54.81639099121094],[-95.89888763427734,54.7147216796875],[-95.77916717529297,54.782501220703125],[-96.02361297607422,54.77111053466797],[-95.27916717529297,54.954444885253906],[-95.42778015136719,54.901390075683594]]]}},{"type":"Feature","properties":{},"geometry":{"type":"Polygon","coordinates":[[[-94.98388671875,61.3780517578125],[-94.86000061035156,61.40666198730469],[-95.07167053222656,61.483055114746094],[-95.28360748291016,61.63444519042969],[-95.25499725341797,61.741668701171875],[-95.44944763183594,61.82110595703125],[-95.29027557373047,61.88999938964844],[-95.11194610595703,61.82666778564453],[-95.38417053222656,61.82777404785156],[-95.15472412109375,61.76416778564453],[-95.10639190673828,61.686668395996094],[-95.1683349609375,61.678611755371094],[-95.1513900756836,61.61639404296875],[-94.70111083984375,61.369720458984375],[-94.98388671875,61.3780517578125]]]}},{"type":"Feature","properties":{},"geometry":{"type":"Polygon","coordinates":[[[-103.1602783203125,61.8316650390625],[-103.05416870117188,62.070556640625],[-102.73444366455078,62.182220458984375],[-102.93944549560547,62.24888610839844],[-103.149169921875,62.11250305175781],[-103.22888946533203,62.15277862548828],[-103.12388610839844,62.24388885498047],[-102.9191665649414,62.31388854980469],[-102.59444427490234,62.19000244140625],[-102.91666412353516,62.06666564941406],[-102.96527862548828,62.026947021484375],[-102.92277526855469,61.99082946777344],[-103.1602783203125,61.8316650390625]]]}},{"type":"Feature","properties":{},"geometry":{"type":"Polygon","coordinates":[[[-105.54694366455078,54.34138488769531],[-105.71944427490234,54.19139099121094],[-105.71583557128906,54.07221984863281],[-105.80833435058594,54.07305908203125],[-105.8388900756836,54.211944580078125],[-105.79582977294922,54.31194305419922],[-105.72972106933594,54.310279846191406],[-105.72972106933594,54.48583221435547],[-105.56527709960938,54.461944580078125],[-105.54694366455078,54.34138488769531]]]}},{"type":"Feature","properties":{},"geometry":{"type":"Polygon","coordinates":[[[-97.86750030517578,59.56388854980469],[-97.75917053222656,59.720550537109375],[-97.81694030761719,59.78111267089844],[-97.87694549560547,59.704444885253906],[-97.85832977294922,59.80389404296875],[-97.58499908447266,59.656944274902344],[-97.61194610595703,59.52278137207031],[-97.70417022705078,59.513336181640625],[-97.71055603027344,59.38166809082031],[-97.7852783203125,59.49000549316406],[-98.00305938720703,59.41166687011719],[-98.0999984741211,59.47444152832031],[-97.84027862548828,59.50389099121094],[-97.7699966430664,59.57749938964844],[-97.86750030517578,59.56388854980469]]]}},{"type":"Feature","properties":{},"geometry":{"type":"Polygon","coordinates":[[[-92.52777862548828,53.05000305175781],[-92.58555603027344,52.99000549316406],[-92.66860961914062,53.064720153808594],[-93.04305267333984,52.93944549560547],[-93.3691635131836,53.02806091308594],[-92.77361297607422,53.081390380859375],[-92.65694427490234,53.14971923828125],[-92.52777862548828,53.05000305175781]]]}},{"type":"Feature","properties":{},"geometry":{"type":"Polygon","coordinates":[[[-68.42888641357422,56.413330078125],[-68.46888732910156,56.26861572265625],[-68.3963851928711,56.11027526855469],[-68.27111053466797,56.17250061035156],[-68.31361389160156,56.2611083984375],[-68.06555938720703,56.12750244140625],[-68.20111083984375,56.12361145019531],[-68.20777893066406,56.01861572265625],[-68.38583374023438,56.09138488769531],[-68.5344467163086,56.27806091308594],[-68.67916870117188,56.2802734375],[-68.68444061279297,56.42583465576172],[-68.64277648925781,56.35972595214844],[-68.57027435302734,56.46083068847656],[-68.54694366455078,56.34361267089844],[-68.47333526611328,56.31639099121094],[-68.42888641357422,56.413330078125]]]}},{"type":"Feature","properties":{},"geometry":{"type":"Polygon","coordinates":[[[-80.81555938720703,70.68722534179688],[-80.61027526855469,70.75499725341797],[-80.383056640625,70.72528076171875],[-80.45471954345703,70.75638580322266],[-80.37027740478516,70.75250244140625],[-80.34444427490234,70.70361328125],[-80.46221923828125,70.679443359375],[-80.27055358886719,70.6361083984375],[-79.96666717529297,70.6852798461914],[-80.01777648925781,70.6611099243164],[-79.65389251708984,70.57221984863281],[-79.5152816772461,70.46833038330078],[-80.12305450439453,70.64221954345703],[-80.44222259521484,70.55889129638672],[-80.49805450439453,70.6361083984375],[-80.8125,70.66694641113281],[-80.87805938720703,70.61722564697266],[-81.07444763183594,70.7236099243164],[-80.81555938720703,70.68722534179688]]]}},{"type":"Feature","properties":{},"geometry":{"type":"Polygon","coordinates":[[[-163.37611389160156,60.424163818359375],[-163.58555603027344,60.40027618408203],[-163.53472900390625,60.37333679199219],[-163.62388610839844,60.30999755859375],[-163.51222229003906,60.239166259765625],[-163.756103515625,60.15583801269531],[-163.74610900878906,60.208892822265625],[-163.8541717529297,60.22416687011719],[-163.71556091308594,60.283050537109375],[-163.7322235107422,60.32861328125],[-164.163330078125,60.27861022949219],[-163.78305053710938,60.35139465332031],[-163.961669921875,60.387779235839844],[-163.85028076171875,60.44194030761719],[-163.76693725585938,60.386390686035156],[-163.66583251953125,60.398887634277344],[-163.75222778320312,60.42194366455078],[-163.70916748046875,60.44749450683594],[-163.37611389160156,60.424163818359375]]]}},{"type":"Feature","properties":{},"geometry":{"type":"Polygon","coordinates":[[[-119.41999816894531,50.24861145019531],[-119.35639190673828,50.233055114746094],[-119.45388793945312,50.162498474121094],[-119.49444580078125,49.82110595703125],[-119.71944427490234,49.725830078125],[-119.62333679199219,49.62333679199219],[-119.6227798461914,49.491668701171875],[-119.76388549804688,49.72833251953125],[-119.55055236816406,49.84388732910156],[-119.50777435302734,50.19111633300781],[-119.3236083984375,50.34638977050781],[-119.41999816894531,50.24861145019531]]]}},{"type":"Feature","properties":{},"geometry":{"type":"Polygon","coordinates":[[[-125.24055480957031,54.69721984863281],[-124.725830078125,54.65110778808594],[-124.24333190917969,54.41888427734375],[-124.45694732666016,54.428611755371094],[-124.8822250366211,54.643890380859375],[-125.05750274658203,54.59527587890625],[-125.24055480957031,54.69721984863281]]]}},{"type":"Feature","properties":{},"geometry":{"type":"Polygon","coordinates":[[[-110.91222381591797,64.07971954345703],[-111.47638702392578,64.15860748291016],[-112.18055725097656,64.1433334350586],[-111.50138854980469,64.17527770996094],[-111.65721893310547,64.36750030517578],[-111.38916778564453,64.25111389160156],[-111.34666442871094,64.16889190673828],[-110.81916809082031,64.13805389404297],[-110.91222381591797,64.07971954345703]]]}},{"type":"Feature","properties":{},"geometry":{"type":"Polygon","coordinates":[[[-119.51750183105469,40.203887939453125],[-119.43444061279297,39.867218017578125],[-119.69499969482422,40.128334045410156],[-119.51750183105469,40.203887939453125]]]}},{"type":"Feature","properties":{},"geometry":{"type":"Polygon","coordinates":[[[-75.00611114501953,58.4022216796875],[-75.13944244384766,58.35166931152344],[-75.05278015136719,58.288612365722656],[-75.12305450439453,58.22444152832031],[-75.03472137451172,58.18083190917969],[-75.1147232055664,58.16999816894531],[-74.93444061279297,58.06639099121094],[-75.05305480957031,58.09972381591797],[-75.02527618408203,58.04527282714844],[-75.13361358642578,58.02471923828125],[-75.04277801513672,57.98138427734375],[-75.23694610595703,58.035552978515625],[-75.05194091796875,58.04722595214844],[-75.2611083984375,58.094444274902344],[-75.27916717529297,58.15306091308594],[-75.11000061035156,58.12333679199219],[-75.32583618164062,58.206939697265625],[-75.17472076416016,58.28971862792969],[-75.25944519042969,58.38139343261719],[-75.02555847167969,58.45916748046875],[-75.00611114501953,58.4022216796875]]]}},{"type":"Feature","properties":{},"geometry":{"type":"Polygon","coordinates":[[[-126.2683334350586,67.10388946533203],[-126.15888977050781,67.11499786376953],[-126.15916442871094,67.17138671875],[-126.27166748046875,67.21221923828125],[-125.70083618164062,67.32666778564453],[-125.86333465576172,67.06944274902344],[-126.12944030761719,67.03639221191406],[-126.2683334350586,67.10388946533203]]]}},{"type":"Feature","properties":{},"geometry":{"type":"Polygon","coordinates":[[[-100.5280532836914,54.236114501953125],[-100.64472198486328,54.21083068847656],[-100.79055786132812,54.11000061035156],[-101.0513916015625,54.21333312988281],[-100.92778015136719,54.31611633300781],[-100.5280532836914,54.236114501953125]]]}},{"type":"Feature","properties":{},"geometry":{"type":"Polygon","coordinates":[[[-95.83694458007812,56.28778076171875],[-96.1036148071289,56.22389221191406],[-96.12027740478516,56.17805480957031],[-96.02527618408203,56.15972137451172],[-96.12388610839844,56.10694885253906],[-96.0625,56.071388244628906],[-96.5566635131836,56.067779541015625],[-96.58277893066406,56.14277648925781],[-95.83694458007812,56.28778076171875]]]}},{"type":"Feature","properties":{},"geometry":{"type":"Polygon","coordinates":[[[-118.46305847167969,59.64305114746094],[-119.16527557373047,59.74333190917969],[-119.18389129638672,59.7772216796875],[-118.6580581665039,59.85194396972656],[-118.64861297607422,59.763885498046875],[-118.46305847167969,59.64305114746094]]]}},{"type":"Feature","properties":{},"geometry":{"type":"Polygon","coordinates":[[[-156.54833984375,57.73249816894531],[-156.79360961914062,57.56639099121094],[-156.74166870117188,57.510276794433594],[-156.79249572753906,57.42805480957031],[-157.0961151123047,57.565277099609375],[-156.81805419921875,57.560279846191406],[-156.8141632080078,57.68055725097656],[-156.6938934326172,57.69805908203125],[-156.6588897705078,57.77888488769531],[-156.54833984375,57.73249816894531]]]}},{"type":"Feature","properties":{},"geometry":{"type":"Polygon","coordinates":[[[-88.92416381835938,53.00666809082031],[-89.03944396972656,52.85333251953125],[-89.21527862548828,52.82221984863281],[-89.27555847167969,52.87916564941406],[-89.55332946777344,52.867218017578125],[-89.39805603027344,52.891387939453125],[-89.4727783203125,52.9647216796875],[-89.3397216796875,52.95166778564453],[-89.26444244384766,53.021392822265625],[-89.15721893310547,52.934722900390625],[-88.92416381835938,53.00666809082031]]]}},{"type":"Feature","properties":{},"geometry":{"type":"Polygon","coordinates":[[[-94.29528045654297,47.30694580078125],[-94.3277816772461,47.174720764160156],[-94.22528076171875,47.19166564941406],[-94.26194763183594,47.10499572753906],[-94.38972473144531,47.05000305175781],[-94.54944610595703,47.1602783203125],[-94.58916473388672,47.04777526855469],[-94.61416625976562,47.219444274902344],[-94.56416320800781,47.17138671875],[-94.29528045654297,47.30694580078125]]]}},{"type":"Feature","properties":{},"geometry":{"type":"Polygon","coordinates":[[[-75.8308334350586,58.708892822265625],[-75.70361328125,58.63499450683594],[-75.33055877685547,58.71305847167969],[-75.01611328125,58.46527862548828],[-75.37944030761719,58.651947021484375],[-75.40777587890625,58.5755615234375],[-75.47777557373047,58.64055633544922],[-75.6977767944336,58.62138366699219],[-75.83721923828125,58.682220458984375],[-75.90499877929688,58.603607177734375],[-76.16860961914062,58.65638732910156],[-76.12999725341797,58.709716796875],[-76.30777740478516,58.76361083984375],[-76.17694091796875,58.74250030517578],[-76.08110809326172,58.811668395996094],[-76.02278137207031,58.6844482421875],[-75.8308334350586,58.708892822265625]]]}},{"type":"Feature","properties":{},"geometry":{"type":"Polygon","coordinates":[[[-79.20388793945312,47.087501525878906],[-78.98860931396484,47.13694763183594],[-79.02666473388672,47.01555633544922],[-78.87110900878906,46.911109924316406],[-78.83110809326172,46.95222473144531],[-78.76860809326172,46.825836181640625],[-78.95861053466797,46.902496337890625],[-78.96444702148438,46.826942443847656],[-78.82971954345703,46.799720764160156],[-78.93000030517578,46.75944519042969],[-79.02527618408203,46.91389465332031],[-79.24639129638672,47.02610778808594],[-79.0272216796875,46.991668701171875],[-79.20388793945312,47.087501525878906]]]}},{"type":"Feature","properties":{},"geometry":{"type":"Polygon","coordinates":[[[-118.92749786376953,51.24833679199219],[-119.0169448852539,51.00860595703125],[-118.92972564697266,51.121665954589844],[-118.89472198486328,51.07110595703125],[-119.04888916015625,50.87138366699219],[-118.99250030517578,50.831939697265625],[-119.09278106689453,50.779998779296875],[-119.31777954101562,50.69444274902344],[-119.3277816772461,50.774444580078125],[-119.09444427490234,50.81889343261719],[-119.03778076171875,50.97666931152344],[-119.38194274902344,50.875831604003906],[-119.55555725097656,50.88972473144531],[-119.08333587646484,50.989166259765625],[-119.03805541992188,51.171661376953125],[-118.92749786376953,51.24833679199219]]]}},{"type":"Feature","properties":{},"geometry":{"type":"Polygon","coordinates":[[[-125.57389068603516,53.35139465332031],[-126.10944366455078,53.231109619140625],[-126.28083038330078,53.21028137207031],[-126.7138900756836,53.26055908203125],[-126.8949966430664,53.15277862548828],[-126.76249694824219,53.31666564941406],[-126.80388641357422,53.347503662109375],[-126.99166870117188,53.3447265625],[-127.12805938720703,53.26222229003906],[-126.9191665649414,53.44361114501953],[-126.84471893310547,53.40416717529297],[-126.88471984863281,53.35972595214844],[-126.68777465820312,53.33332824707031],[-126.57083129882812,53.258056640625],[-126.31805419921875,53.23333740234375],[-125.76194763183594,53.356666564941406],[-125.633056640625,53.36944580078125],[-125.57389068603516,53.35139465332031]]]}},{"type":"Feature","properties":{},"geometry":{"type":"Polygon","coordinates":[[[-120.31555938720703,42.04722595214844],[-120.37222290039062,41.81083679199219],[-120.4719467163086,41.77000427246094],[-120.50166320800781,42.0272216796875],[-120.44194030761719,42.10221862792969],[-120.31555938720703,42.04722595214844]]]}},{"type":"Feature","properties":{},"geometry":{"type":"Polygon","coordinates":[[[-138.59222412109375,61.44610595703125],[-138.7019500732422,61.279449462890625],[-138.4469451904297,61.170555114746094],[-138.3574981689453,61.05278015136719],[-138.4405517578125,61.00250244140625],[-138.54417419433594,61.14055633544922],[-139.05027770996094,61.40833282470703],[-139.0147247314453,61.46083068847656],[-138.75111389160156,61.356109619140625],[-138.616943359375,61.45777893066406],[-138.6891632080078,61.628334045410156],[-138.59222412109375,61.44610595703125]]]}},{"type":"Feature","properties":{},"geometry":{"type":"Polygon","coordinates":[[[-96.52055358886719,34.06416320800781],[-96.57389068603516,33.99944305419922],[-96.53944396972656,33.82249450683594],[-96.7772216796875,33.82861328125],[-96.78333282470703,33.76472473144531],[-96.90972137451172,33.9263916015625],[-96.99028015136719,33.90388488769531],[-96.9927749633789,33.967498779296875],[-96.90750122070312,33.975555419921875],[-96.85388946533203,33.883331298828125],[-96.72222137451172,33.85722351074219],[-96.7088851928711,33.93388366699219],[-96.59583282470703,33.9375],[-96.66000366210938,34.05194091796875],[-96.52055358886719,34.06416320800781]]]}},{"type":"Feature","properties":{},"geometry":{"type":"Polygon","coordinates":[[[-81.50166320800781,30.402496337890625],[-81.6080551147461,30.375831604003906],[-81.600830078125,30.315277099609375],[-81.65499877929688,30.304718017578125],[-81.65833282470703,30.036109924316406],[-81.54582977294922,29.963058471679688],[-81.58472442626953,29.891387939453125],[-81.51721954345703,29.776947021484375],[-81.54805755615234,29.711387634277344],[-81.6227798461914,29.693328857421875],[-81.58805847167969,29.625831604003906],[-81.6177749633789,29.591110229492188],[-81.64861297607422,29.703330993652344],[-81.55166625976562,29.770278930664062],[-81.60778045654297,29.95611572265625],[-81.71611022949219,30.04444122314453],[-81.65611267089844,30.229446411132812],[-81.70722198486328,30.288604736328125],[-81.62694549560547,30.325271606445312],[-81.62110900878906,30.43694305419922],[-81.50166320800781,30.402496337890625]]]}},{"type":"Feature","properties":{},"geometry":{"type":"Polygon","coordinates":[[[-121.29888916015625,63.874168395996094],[-121.73750305175781,63.83000183105469],[-121.80944061279297,63.85388946533203],[-121.55694580078125,64.07888793945312],[-121.29888916015625,63.874168395996094]]]}},{"type":"Feature","properties":{},"geometry":{"type":"Polygon","coordinates":[[[-70.03277587890625,51.84666442871094],[-69.93389129638672,51.57416534423828],[-70.04472351074219,51.68805694580078],[-70.03944396972656,51.56611633300781],[-70.07389068603516,51.67555236816406],[-70.16166687011719,51.514442443847656],[-70.25971984863281,51.86277770996094],[-70.42749786376953,51.78388977050781],[-70.35138702392578,51.86250305175781],[-70.43583679199219,51.87750244140625],[-70.26277923583984,51.889442443847656],[-70.16278076171875,51.73750305175781],[-70.11888885498047,51.837501525878906],[-70.03277587890625,51.84666442871094]]]}},{"type":"Feature","properties":{},"geometry":{"type":"Polygon","coordinates":[[[-92.80305480957031,69.38944244384766],[-92.97333526611328,69.32167053222656],[-93.02916717529297,69.21722412109375],[-92.95305633544922,69.22888946533203],[-93.08611297607422,69.14888763427734],[-93.09444427490234,69.05083465576172],[-93.21666717529297,69.08528137207031],[-93.1463851928711,69.15055847167969],[-93.3116683959961,69.14444732666016],[-93.21111297607422,69.32083129882812],[-93.29055786132812,69.43499755859375],[-92.80305480957031,69.38944244384766]]]}},{"type":"Feature","properties":{},"geometry":{"type":"Polygon","coordinates":[[[-126.48666381835938,67.37666320800781],[-126.58833312988281,67.43222045898438],[-126.4991683959961,67.45694732666016],[-126.67472076416016,67.48638916015625],[-126.55000305175781,67.49055480957031],[-126.58499908447266,67.52916717529297],[-126.84500122070312,67.5683364868164],[-126.5344467163086,67.58638763427734],[-126.3536148071289,67.43138885498047],[-126.18305969238281,67.4124984741211],[-126.3647232055664,67.36638641357422],[-126.08583068847656,67.32194519042969],[-126.53500366210938,67.25027465820312],[-126.48666381835938,67.37666320800781]]]}},{"type":"Feature","properties":{},"geometry":{"type":"Polygon","coordinates":[[[-70.98361206054688,53.246665954589844],[-70.68638610839844,53.170555114746094],[-70.695556640625,53.12249755859375],[-70.87139129638672,53.08222198486328],[-70.9102783203125,53.150001525878906],[-70.88805389404297,53.06138610839844],[-70.9588851928711,53.05694580078125],[-70.9669418334961,53.122222900390625],[-71.10722351074219,53.00555419921875],[-71.24583435058594,53.0675048828125],[-71.19750213623047,53.14305114746094],[-71.12805938720703,53.10139465332031],[-71.1602783203125,53.05805969238281],[-71.1058349609375,53.08917236328125],[-70.98361206054688,53.246665954589844]]]}},{"type":"Feature","properties":{},"geometry":{"type":"Polygon","coordinates":[[[-73.14277648925781,56.19111633300781],[-73.24722290039062,56.01472473144531],[-73.11750030517578,55.97083282470703],[-73.13500213623047,55.91222381591797],[-73.42305755615234,55.80555725097656],[-73.3419418334961,55.89305114746094],[-73.40583038330078,55.921112060546875],[-73.33416748046875,55.94999694824219],[-73.44166564941406,56.015838623046875],[-73.14277648925781,56.19111633300781]]]}},{"type":"Feature","properties":{},"geometry":{"type":"Polygon","coordinates":[[[-99.35944366455078,43.991943359375],[-99.30860900878906,43.852500915527344],[-99.41500091552734,43.76499938964844],[-99.3941650390625,43.711944580078125],[-99.45027923583984,43.677223205566406],[-99.35722351074219,43.65611267089844],[-99.26860809326172,43.523887634277344],[-99.28639221191406,43.475830078125],[-99.14861297607422,43.43083190917969],[-98.88694763183594,43.250831604003906],[-98.85194396972656,43.176109313964844],[-98.54833221435547,43.056671142578125],[-98.88111114501953,43.14472198486328],[-98.90777587890625,43.23583221435547],[-99.3197250366211,43.468055725097656],[-99.36444091796875,43.627777099609375],[-99.4897232055664,43.682220458984375],[-99.41194152832031,43.72138977050781],[-99.42583465576172,43.77916717529297],[-99.3227767944336,43.855560302734375],[-99.3772201538086,43.92388916015625],[-99.35944366455078,43.991943359375]]]}},{"type":"Feature","properties":{},"geometry":{"type":"Polygon","coordinates":[[[-126.27527618408203,55.71277618408203],[-125.82638549804688,55.41082763671875],[-125.68250274658203,55.14611053466797],[-125.50527954101562,55.053611755371094],[-126.00472259521484,55.228607177734375],[-126.02166748046875,55.31639099121094],[-125.7441635131836,55.17832946777344],[-125.83833312988281,55.364166259765625],[-126.27527618408203,55.71277618408203]]]}},{"type":"Feature","properties":{},"geometry":{"type":"Polygon","coordinates":[[[-133.24444580078125,60.45555114746094],[-132.49305725097656,60.10194396972656],[-132.54110717773438,60.0816650390625],[-132.22528076171875,59.84916687011719],[-132.09056091308594,59.60139465332031],[-132.17860412597656,59.581939697265625],[-132.23916625976562,59.76972198486328],[-132.4505615234375,60.00250244140625],[-132.929443359375,60.20472717285156],[-133.24444580078125,60.45555114746094]]]}},{"type":"Feature","properties":{},"geometry":{"type":"Polygon","coordinates":[[[-109.70166778564453,29.362220764160156],[-109.65027618408203,29.18694305419922],[-109.61111450195312,29.225830078125],[-109.48860931396484,29.125831604003906],[-109.33305358886719,29.171661376953125],[-109.41583251953125,29.100555419921875],[-109.65555572509766,29.101669311523438],[-109.6161117553711,28.904441833496094],[-109.73999786376953,29.25499725341797],[-109.75861358642578,29.3558349609375],[-109.70166778564453,29.362220764160156]]]}},{"type":"Feature","properties":{},"geometry":{"type":"Polygon","coordinates":[[[-76.50499725341797,49.980560302734375],[-76.81666564941406,49.875274658203125],[-76.71277618408203,49.72193908691406],[-76.94721984863281,49.665557861328125],[-76.8455581665039,49.70722198486328],[-76.86027526855469,49.79750061035156],[-76.95610809326172,49.78361511230469],[-76.94583129882812,49.85417175292969],[-76.69889068603516,49.953887939453125],[-76.7397232055664,50.02583312988281],[-76.50499725341797,49.980560302734375]]]}},{"type":"Feature","properties":{},"geometry":{"type":"Polygon","coordinates":[[[-97.72444152832031,57.05278015136719],[-97.6866683959961,57.00389099121094],[-97.82194519042969,56.888336181640625],[-98.06777954101562,56.89500427246094],[-97.7588882446289,57.176109313964844],[-97.59249877929688,57.12694549560547],[-97.72444152832031,57.05278015136719]]]}},{"type":"Feature","properties":{},"geometry":{"type":"Polygon","coordinates":[[[-124.975830078125,53.980560302734375],[-125.88333129882812,54.030555725097656],[-126.34944152832031,53.96638488769531],[-126.48916625976562,53.966949462890625],[-126.52833557128906,53.99000549316406],[-125.86250305175781,54.06361389160156],[-124.975830078125,53.980560302734375]]]}},{"type":"Feature","properties":{},"geometry":{"type":"Polygon","coordinates":[[[-94.78166961669922,56.39555358886719],[-94.99610900878906,56.32972717285156],[-95.44416809082031,56.33361053466797],[-95.28666687011719,56.36860656738281],[-95.41000366210938,56.510833740234375],[-95.36805725097656,56.536109924316406],[-94.99500274658203,56.3941650390625],[-94.78166961669922,56.39555358886719]]]}},{"type":"Feature","properties":{},"geometry":{"type":"Polygon","coordinates":[[[-75.18444061279297,60.13555908203125],[-75.14221954345703,59.96305847167969],[-75.30555725097656,60.052223205566406],[-75.45916748046875,59.98249816894531],[-75.5977783203125,60.01499938964844],[-75.48916625976562,60.09111022949219],[-75.59722137451172,60.14166259765625],[-75.30999755859375,60.18110656738281],[-75.30055236816406,60.2530517578125],[-75.18444061279297,60.13555908203125]]]}},{"type":"Feature","properties":{},"geometry":{"type":"Polygon","coordinates":[[[-117.83916473388672,64.6875],[-117.52166748046875,64.71055603027344],[-117.74082946777344,64.6513900756836],[-117.72166442871094,64.5433349609375],[-117.42277526855469,64.52777862548828],[-117.55249786376953,64.47389221191406],[-117.4447250366211,64.47027587890625],[-117.52166748046875,64.39555358886719],[-117.7411117553711,64.39861297607422],[-117.54528045654297,64.50666809082031],[-117.73694610595703,64.47916412353516],[-117.75472259521484,64.4111099243164],[-117.86861419677734,64.45222473144531],[-117.82499694824219,64.49472045898438],[-118.06805419921875,64.54027557373047],[-117.81888580322266,64.54055786132812],[-117.83916473388672,64.6875]]]}},{"type":"Feature","properties":{},"geometry":{"type":"Polygon","coordinates":[[[-90.51055908203125,52.771392822265625],[-90.51249694824219,52.69111633300781],[-90.65694427490234,52.78639221191406],[-90.83583068847656,52.71110534667969],[-91.01889038085938,52.747779846191406],[-90.95999908447266,52.80638885498047],[-90.7852783203125,52.779998779296875],[-90.89749908447266,52.817222595214844],[-90.86027526855469,52.86555480957031],[-90.65583038330078,52.883331298828125],[-90.51055908203125,52.771392822265625]]]}},{"type":"Feature","properties":{},"geometry":{"type":"Polygon","coordinates":[[[-109.84083557128906,54.554443359375],[-110.03944396972656,54.43611145019531],[-110.25,54.538612365722656],[-110.15333557128906,54.62694549560547],[-109.96778106689453,54.63666534423828],[-109.84083557128906,54.554443359375]]]}},{"type":"Feature","properties":{},"geometry":{"type":"Polygon","coordinates":[[[-105.86444091796875,63.103057861328125],[-105.77916717529297,63.12388610839844],[-105.83361053466797,63.24610900878906],[-105.71416473388672,63.21888732910156],[-105.75861358642578,63.19389343261719],[-105.6977767944336,63.18499755859375],[-105.69055938720703,63.08361053466797],[-105.46360778808594,63.24055480957031],[-105.4111099243164,63.2308349609375],[-105.46888732910156,63.19944763183594],[-105.43194580078125,63.139442443847656],[-105.28694152832031,63.23194885253906],[-105.1449966430664,63.193328857421875],[-105.54638671875,63.04222106933594],[-105.86138916015625,63.04277801513672],[-105.86444091796875,63.103057861328125]]]}},{"type":"Feature","properties":{},"geometry":{"type":"Polygon","coordinates":[[[-68.37027740478516,53.20472717285156],[-68.29750061035156,53.2852783203125],[-68.116943359375,53.174720764160156],[-68.01249694824219,53.24028015136719],[-68.03944396972656,53.31388854980469],[-67.90583038330078,53.271392822265625],[-68.1691665649414,53.052223205566406],[-68.32389068603516,53.10749816894531],[-68.2852783203125,53.23194885253906],[-68.33916473388672,53.12055969238281],[-68.37027740478516,53.20472717285156]]]}},{"type":"Feature","properties":{},"geometry":{"type":"Polygon","coordinates":[[[-120.34750366210938,52.60694885253906],[-120.7330551147461,52.497222900390625],[-121.39749908447266,52.45472717285156],[-121.51139068603516,52.49333190917969],[-121.56416320800781,52.5977783203125],[-121.46083068847656,52.502777099609375],[-121.08638763427734,52.54722595214844],[-120.8036117553711,52.773887634277344],[-121.01361083984375,52.54167175292969],[-120.75472259521484,52.51361083984375],[-120.65277862548828,52.586387634277344],[-120.34750366210938,52.60694885253906]]]}},{"type":"Feature","properties":{},"geometry":{"type":"Polygon","coordinates":[[[-111.50194549560547,65.10639190673828],[-111.21722412109375,65.03416442871094],[-111.29582977294922,65.01055908203125],[-111.20805358886719,65.00389099121094],[-111.23027801513672,64.9222183227539],[-111.03360748291016,64.92832946777344],[-111.11638641357422,64.86582946777344],[-111.35527801513672,64.8808364868164],[-111.31777954101562,64.91416931152344],[-111.39083099365234,64.95555877685547],[-111.68861389160156,64.82083129882812],[-111.6227798461914,64.97472381591797],[-111.42555236816406,65.0111083984375],[-111.50194549560547,65.10639190673828]]]}},{"type":"Feature","properties":{},"geometry":{"type":"Polygon","coordinates":[[[-116.51667022705078,48.09611511230469],[-116.35472106933594,48.21666717529297],[-116.48750305175781,48.28666687011719],[-116.57027435302734,48.25361633300781],[-116.50777435302734,48.3094482421875],[-116.350830078125,48.2852783203125],[-116.19027709960938,48.15083312988281],[-116.41055297851562,48.127220153808594],[-116.4302749633789,47.9949951171875],[-116.55972290039062,47.953887939453125],[-116.51667022705078,48.09611511230469]]]}},{"type":"Feature","properties":{},"geometry":{"type":"Polygon","coordinates":[[[-100.1322250366211,61.50055694580078],[-99.93638610839844,61.434722900390625],[-99.9736099243164,61.513336181640625],[-99.78666687011719,61.49638366699219],[-99.88805389404297,61.39500427246094],[-99.69444274902344,61.313331604003906],[-99.7772216796875,61.223609924316406],[-100.0344467163086,61.28694152832031],[-99.86250305175781,61.29499816894531],[-99.95138549804688,61.380828857421875],[-100.0727767944336,61.37305450439453],[-100.1322250366211,61.50055694580078]]]}},{"type":"Feature","properties":{},"geometry":{"type":"Polygon","coordinates":[[[-73.46805572509766,60.07805633544922],[-73.27527618408203,60.05000305175781],[-73.48805236816406,60.033050537109375],[-73.51249694824219,59.95249938964844],[-73.55110931396484,60.01861572265625],[-73.6522216796875,59.90861511230469],[-73.71971893310547,59.94999694824219],[-73.66194152832031,59.97528076171875],[-73.8236083984375,60.008888244628906],[-73.81583404541016,59.961669921875],[-74.00694274902344,60.09027862548828],[-73.83000183105469,60.033050537109375],[-73.58361053466797,60.078338623046875],[-73.54194641113281,60.151390075683594],[-73.4574966430664,60.14527893066406],[-73.46805572509766,60.07805633544922]]]}},{"type":"Feature","properties":{},"geometry":{"type":"Polygon","coordinates":[[[-98.16444396972656,51.79527282714844],[-98.37694549560547,51.73388671875],[-98.5058364868164,51.502777099609375],[-98.57499694824219,51.543609619140625],[-98.53138732910156,51.70722198486328],[-98.35055541992188,51.820831298828125],[-98.16444396972656,51.79527282714844]]]}},{"type":"Feature","properties":{},"geometry":{"type":"Polygon","coordinates":[[[-106.42916870117188,55.552223205566406],[-106.44527435302734,55.47138977050781],[-106.36499786376953,55.47999572753906],[-106.4352798461914,55.38499450683594],[-106.508056640625,55.483612060546875],[-106.50277709960938,55.39582824707031],[-106.59166717529297,55.32249450683594],[-106.77166748046875,55.40333557128906],[-106.68083190917969,55.40416717529297],[-106.71055603027344,55.442222595214844],[-106.59249877929688,55.48277282714844],[-106.55194091796875,55.59056091308594],[-106.42916870117188,55.552223205566406]]]}},{"type":"Feature","properties":{},"geometry":{"type":"Polygon","coordinates":[[[-119.12000274658203,52.731109619140625],[-118.836669921875,52.557777404785156],[-118.43888854980469,52.15972137451172],[-118.16471862792969,52.168060302734375],[-118.37055969238281,52.075279235839844],[-118.5280532836914,52.09972381591797],[-118.51139068603516,52.22111511230469],[-119.12000274658203,52.731109619140625]]]}},{"type":"Feature","properties":{},"geometry":{"type":"Polygon","coordinates":[[[-117.55694580078125,60.8447265625],[-117.81583404541016,60.90333557128906],[-118.00861358642578,61.01249694824219],[-117.46833038330078,60.95416259765625],[-117.39389038085938,60.885833740234375],[-117.55694580078125,60.8447265625]]]}},{"type":"Feature","properties":{},"geometry":{"type":"Polygon","coordinates":[[[-69.62972259521484,45.88360595703125],[-69.74055480957031,45.72138977050781],[-69.54138946533203,45.703887939453125],[-69.60694122314453,45.64778137207031],[-69.51555633544922,45.6058349609375],[-69.59638977050781,45.47694396972656],[-69.80555725097656,45.74610900878906],[-69.72528076171875,45.774444580078125],[-69.71333312988281,45.893333435058594],[-69.62972259521484,45.88360595703125]]]}},{"type":"Feature","properties":{},"geometry":{"type":"Polygon","coordinates":[[[-79.4527816772461,47.538055419921875],[-79.52111053466797,47.47944641113281],[-79.40833282470703,47.238609313964844],[-79.41638946533203,47.098609924316406],[-79.16166687011719,46.815834045410156],[-79.42832946777344,47.0736083984375],[-79.46028137207031,47.26555633544922],[-79.65638732910156,47.50860595703125],[-79.4527816772461,47.538055419921875]]]}},{"type":"Feature","properties":{},"geometry":{"type":"Polygon","coordinates":[[[-103.55388641357422,62.57444763183594],[-103.2147216796875,62.718055725097656],[-103.24472045898438,62.67277526855469],[-103.14888763427734,62.66166687011719],[-103.19027709960938,62.580833435058594],[-103.100830078125,62.57722473144531],[-103.22000122070312,62.55083465576172],[-103.16694641113281,62.49082946777344],[-103.34972381591797,62.46277618408203],[-103.55388641357422,62.57444763183594]]]}},{"type":"Feature","properties":{},"geometry":{"type":"Polygon","coordinates":[[[-64.10028076171875,56.15416717529297],[-64.23555755615234,55.97472381591797],[-63.75194549560547,56.01222229003906],[-63.981109619140625,55.95361328125],[-63.96305847167969,55.91222381591797],[-64.27388763427734,55.95416259765625],[-64.27999877929688,55.89860534667969],[-64.0361099243164,55.85472106933594],[-64.14666748046875,55.80888366699219],[-64.26860809326172,55.88221740722656],[-64.24527740478516,55.8175048828125],[-64.37305450439453,55.856666564941406],[-64.3236083984375,55.974998474121094],[-64.6241683959961,56.029449462890625],[-64.30388641357422,55.9808349609375],[-64.10028076171875,56.15416717529297]]]}},{"type":"Feature","properties":{},"geometry":{"type":"Polygon","coordinates":[[[-106.58110809326172,71.04638671875],[-106.40333557128906,71.02249908447266],[-106.47916412353516,70.92972564697266],[-106.27388763427734,70.8838882446289],[-106.2286148071289,70.81111145019531],[-106.45916748046875,70.82167053222656],[-106.48027801513672,70.89527893066406],[-106.72416687011719,70.94916534423828],[-106.538330078125,71.0072250366211],[-106.68888854980469,71.05833435058594],[-106.49749755859375,71.20471954345703],[-106.59222412109375,71.23055267333984],[-106.44361114501953,71.29055786132812],[-106.34444427490234,71.22083282470703],[-106.43000030517578,71.20249938964844],[-105.99749755859375,71.17277526855469],[-106.42388916015625,71.18250274658203],[-106.58110809326172,71.04638671875]]]}},{"type":"Feature","properties":{},"geometry":{"type":"Polygon","coordinates":[[[-124.85277557373047,67.35028076171875],[-125.13833618164062,67.42972564697266],[-125.17472076416016,67.51805877685547],[-124.99610900878906,67.5905532836914],[-124.62333679199219,67.51972198486328],[-124.94222259521484,67.38916778564453],[-124.85277557373047,67.35028076171875]]]}},{"type":"Feature","properties":{},"geometry":{"type":"Polygon","coordinates":[[[-67.83499908447266,10.21722412109375],[-67.6963882446289,10.256385803222656],[-67.6147232055664,10.139167785644531],[-67.84444427490234,10.10888671875],[-67.83499908447266,10.21722412109375]]]}},{"type":"Feature","properties":{},"geometry":{"type":"Polygon","coordinates":[[[-105.82027435302734,50.125],[-105.78778076171875,50.029998779296875],[-105.96916961669922,49.994720458984375],[-106.2138900756836,50.12666320800781],[-105.82027435302734,50.125]]]}},{"type":"Feature","properties":{},"geometry":{"type":"Polygon","coordinates":[[[-75.76721954345703,46.880828857421875],[-75.67028045654297,46.91278076171875],[-75.7388916015625,46.677223205566406],[-75.88639068603516,46.80055236816406],[-76.0280532836914,46.73444366455078],[-75.94000244140625,46.8477783203125],[-75.97250366210938,46.89111328125],[-75.83333587646484,46.83277893066406],[-75.7044448852539,47.0302734375],[-75.76721954345703,46.880828857421875]]]}},{"type":"Feature","properties":{},"geometry":{"type":"Polygon","coordinates":[[[-153.5991668701172,60.446388244628906],[-154.2180633544922,60.257781982421875],[-154.66305541992188,60.03944396972656],[-154.77999877929688,60.05805969238281],[-154.35110473632812,60.27055358886719],[-153.5991668701172,60.446388244628906]]]}},{"type":"Feature","properties":{},"geometry":{"type":"Polygon","coordinates":[[[-101.14833068847656,55.301109313964844],[-101.30583190917969,55.0736083984375],[-101.4000015258789,55.149444580078125],[-101.47110748291016,55.049163818359375],[-101.44972229003906,55.15083312988281],[-101.53472137451172,55.1138916015625],[-101.57499694824219,55.22332763671875],[-101.14833068847656,55.301109313964844]]]}},{"type":"Feature","properties":{},"geometry":{"type":"Polygon","coordinates":[[[-98.38639068603516,58.67194366455078],[-98.50499725341797,58.68333435058594],[-98.48860931396484,58.734161376953125],[-98.3308334350586,58.67277526855469],[-98.21778106689453,58.716949462890625],[-98.16777801513672,58.66638946533203],[-98.28250122070312,58.61083221435547],[-98.27916717529297,58.56944274902344],[-98.15389251708984,58.611114501953125],[-98.1227798461914,58.46583557128906],[-98.44055938720703,58.54694366455078],[-98.48249816894531,58.58860778808594],[-98.38639068603516,58.67194366455078]]]}},{"type":"Feature","properties":{},"geometry":{"type":"Polygon","coordinates":[[[-110.27610778808594,44.544166564941406],[-110.20999908447266,44.310279846191406],[-110.25971984863281,44.396942138671875],[-110.29972076416016,44.29888916015625],[-110.33555603027344,44.38722229003906],[-110.41999816894531,44.382781982421875],[-110.40333557128906,44.44194030761719],[-110.56527709960938,44.43805694580078],[-110.35472106933594,44.567222595214844],[-110.27610778808594,44.544166564941406]]]}},{"type":"Feature","properties":{},"geometry":{"type":"Polygon","coordinates":[[[-65.38639068603516,55.77833557128906],[-65.39555358886719,55.72639465332031],[-65.42666625976562,55.848052978515625],[-65.53694152832031,55.856109619140625],[-65.52305603027344,55.942779541015625],[-65.59166717529297,55.883331298828125],[-65.72694396972656,55.96888732910156],[-65.63639068603516,55.88194274902344],[-65.82416534423828,55.92750549316406],[-65.79528045654297,55.81111145019531],[-65.96055603027344,55.8699951171875],[-65.9080581665039,55.9677734375],[-65.77278137207031,55.996665954589844],[-65.53388977050781,55.96583557128906],[-65.59750366210938,56.01361083984375],[-65.50666809082031,56.02916717529297],[-65.38639068603516,55.77833557128906]]]}},{"type":"Feature","properties":{},"geometry":{"type":"Polygon","coordinates":[[[-71.961669921875,59.245277404785156],[-71.80833435058594,58.977500915527344],[-71.56888580322266,58.940277099609375],[-71.7844467163086,58.88666534423828],[-72.06666564941406,59.004722595214844],[-71.95500183105469,59.06666564941406],[-72.03666687011719,59.13861083984375],[-72.00277709960938,59.203887939453125],[-72.10749816894531,59.238609313964844],[-71.961669921875,59.245277404785156]]]}},{"type":"Feature","properties":{},"geometry":{"type":"Polygon","coordinates":[[[-70.5352783203125,54.41638946533203],[-70.42082977294922,54.391387939453125],[-70.2236099243164,54.47528076171875],[-69.97638702392578,54.448333740234375],[-69.87194061279297,54.561668395996094],[-69.913330078125,54.67889404296875],[-70.01777648925781,54.6552734375],[-69.99610900878906,54.74388885498047],[-69.91305541992188,54.72972106933594],[-69.81639099121094,54.557777404785156],[-69.8691635131836,54.50194549560547],[-69.73500061035156,54.47472381591797],[-69.91805267333984,54.415000915527344],[-70.241943359375,54.45527648925781],[-70.4124984741211,54.35722351074219],[-70.5352783203125,54.41638946533203]]]}},{"type":"Feature","properties":{},"geometry":{"type":"Polygon","coordinates":[[[-102.7772216796875,61.483612060546875],[-102.83416748046875,61.505279541015625],[-102.69194030761719,61.54833221435547],[-102.75416564941406,61.59111022949219],[-102.62388610839844,61.59361267089844],[-102.5633316040039,61.50138854980469],[-102.3405532836914,61.59972381591797],[-102.45972442626953,61.431671142578125],[-102.66972351074219,61.350830078125],[-102.82888793945312,61.456390380859375],[-102.7772216796875,61.483612060546875]]]}},{"type":"Feature","properties":{},"geometry":{"type":"Polygon","coordinates":[[[-64.12916564941406,55.50361633300781],[-64.12694549560547,55.3780517578125],[-64.2147216796875,55.31611633300781],[-64.23500061035156,55.37694549560547],[-64.38277435302734,55.35694885253906],[-64.36833190917969,55.42083740234375],[-64.45999908447266,55.48027801513672],[-64.35166931152344,55.51527404785156],[-64.40638732910156,55.610557556152344],[-64.24833679199219,55.473052978515625],[-64.20777893066406,55.540283203125],[-64.12916564941406,55.50361633300781]]]}},{"type":"Feature","properties":{},"geometry":{"type":"Polygon","coordinates":[[[-96.3308334350586,63.96221923828125],[-96.6580581665039,63.813331604003906],[-96.74861145019531,63.866111755371094],[-96.59527587890625,63.92527770996094],[-96.86277770996094,64.03388977050781],[-96.65833282470703,64.1036148071289],[-96.60221862792969,64.02694702148438],[-96.35639190673828,64.02361297607422],[-96.57611083984375,64.0072250366211],[-96.3308334350586,63.96221923828125]]]}},{"type":"Feature","properties":{},"geometry":{"type":"Polygon","coordinates":[[[-74.149169921875,49.934722900390625],[-74.02305603027344,49.92805480957031],[-74.27305603027344,49.73944091796875],[-74.4486083984375,49.71611022949219],[-74.3036117553711,49.848609924316406],[-74.38972473144531,49.79194641113281],[-74.37361145019531,49.86888885498047],[-74.11138916015625,49.98444366455078],[-74.149169921875,49.934722900390625]]]}},{"type":"Feature","properties":{},"geometry":{"type":"Polygon","coordinates":[[[-103.37055969238281,53.586944580078125],[-103.54027557373047,53.497779846191406],[-103.5919418334961,53.5675048828125],[-103.54750061035156,53.599998474121094],[-103.60333251953125,53.60388946533203],[-103.6763916015625,53.510276794433594],[-103.8941650390625,53.477783203125],[-103.69583129882812,53.61944580078125],[-103.491943359375,53.66389465332031],[-103.37055969238281,53.586944580078125]]]}},{"type":"Feature","properties":{},"geometry":{"type":"Polygon","coordinates":[[[-126.41194152832031,66.81138610839844],[-126.43638610839844,66.95111083984375],[-126.32722473144531,67.03194427490234],[-126.15833282470703,66.99833679199219],[-126.0955581665039,66.9080581665039],[-126.18416595458984,66.90083312988281],[-126.14833068847656,66.78055572509766],[-126.27861022949219,66.73777770996094],[-126.41194152832031,66.81138610839844]]]}},{"type":"Feature","properties":{},"geometry":{"type":"Polygon","coordinates":[[[-104.26555633544922,62.28722381591797],[-103.82722473144531,62.31111145019531],[-103.89221954345703,62.253334045410156],[-103.76166534423828,62.2369384765625],[-103.73110961914062,62.1602783203125],[-103.9625015258789,62.143333435058594],[-103.93333435058594,62.23333740234375],[-104.16305541992188,62.21638488769531],[-104.26555633544922,62.28722381591797]]]}},{"type":"Feature","properties":{},"geometry":{"type":"Polygon","coordinates":[[[-101.34583282470703,62.310279846191406],[-101.03333282470703,62.439720153808594],[-100.73500061035156,62.35333251953125],[-100.96444702148438,62.30250549316406],[-101.10916900634766,62.35638427734375],[-101.11805725097656,62.252220153808594],[-101.34583282470703,62.310279846191406]]]}},{"type":"Feature","properties":{},"geometry":{"type":"Polygon","coordinates":[[[-90.27916717529297,48.891387939453125],[-90.35138702392578,48.7802734375],[-90.69499969482422,48.826385498046875],[-90.59278106689453,48.89860534667969],[-90.68055725097656,48.897216796875],[-90.64749908447266,48.973052978515625],[-90.5838851928711,48.97999572753906],[-90.55249786376953,48.86027526855469],[-90.37611389160156,48.86528015136719],[-90.31749725341797,48.93555450439453],[-90.27916717529297,48.891387939453125]]]}},{"type":"Feature","properties":{},"geometry":{"type":"Polygon","coordinates":[[[-82.39360809326172,33.953887939453125],[-82.22083282470703,33.77527618408203],[-82.18472290039062,33.66416931152344],[-82.32611083984375,33.6875],[-82.47666931152344,33.63221740722656],[-82.58139038085938,33.64222717285156],[-82.31500244140625,33.71360778808594],[-82.25360870361328,33.697776794433594],[-82.50749969482422,33.923614501953125],[-82.5919418334961,33.83721923828125],[-82.52166748046875,33.939720153808594],[-82.5977783203125,33.931671142578125],[-82.5905532836914,34.019439697265625],[-82.35916900634766,33.84527587890625],[-82.43444061279297,33.97416687011719],[-82.39360809326172,33.953887939453125]]]}},{"type":"Feature","properties":{},"geometry":{"type":"Polygon","coordinates":[[[-102.39083099365234,61.7691650390625],[-102.57527923583984,61.81694030761719],[-102.09249877929688,61.8558349609375],[-102.19694519042969,61.55027770996094],[-102.23194122314453,61.69749450683594],[-102.39971923828125,61.70249938964844],[-102.39083099365234,61.7691650390625]]]}},{"type":"Feature","properties":{},"geometry":{"type":"Polygon","coordinates":[[[-121.95639038085938,42.628334045410156],[-121.98388671875,42.49250030517578],[-121.82499694824219,42.41638946533203],[-121.81138610839844,42.242218017578125],[-122.0824966430664,42.47639465332031],[-121.95639038085938,42.628334045410156]]]}},{"type":"Feature","properties":{},"geometry":{"type":"Polygon","coordinates":[[[-99.47638702392578,57.95832824707031],[-99.5183334350586,57.86138916015625],[-99.71583557128906,57.75721740722656],[-99.78944396972656,57.59722137451172],[-99.73999786376953,57.54583740234375],[-99.92888641357422,57.52027893066406],[-99.88249969482422,57.58027648925781],[-99.93611145019531,57.6763916015625],[-99.80750274658203,57.64611053466797],[-99.76667022705078,57.80055236816406],[-99.60138702392578,57.89305114746094],[-99.61555480957031,57.97027587890625],[-99.47638702392578,57.95832824707031]]]}},{"type":"Feature","properties":{},"geometry":{"type":"Polygon","coordinates":[[[-151.04306030273438,60.298057556152344],[-150.63833618164062,60.117218017578125],[-150.67527770996094,60.04083251953125],[-151.05667114257812,60.205833435058594],[-151.02333068847656,60.23944091796875],[-151.18722534179688,60.22389221191406],[-151.04306030273438,60.298057556152344]]]}},{"type":"Feature","properties":{},"geometry":{"type":"Polygon","coordinates":[[[-100.93250274658203,54.14250183105469],[-100.94611358642578,54.05500030517578],[-100.86944580078125,54.048614501953125],[-100.97027587890625,53.984161376953125],[-101.17444610595703,53.97083282470703],[-101.22916412353516,54.087501525878906],[-100.93250274658203,54.14250183105469]]]}},{"type":"Feature","properties":{},"geometry":{"type":"Polygon","coordinates":[[[-63.83222198486328,52.26499938964844],[-64.02194213867188,52.349998474121094],[-63.75111389160156,52.32499694824219],[-63.637779235839844,52.040000915527344],[-63.839447021484375,52.086669921875],[-63.83222198486328,52.26499938964844]]]}},{"type":"Feature","properties":{},"geometry":{"type":"Polygon","coordinates":[[[-74.46360778808594,61.0675048828125],[-74.2249984741211,60.94361114501953],[-74.04611206054688,61.02777862548828],[-73.47027587890625,60.95361328125],[-73.77861022949219,60.96417236328125],[-73.79472351074219,60.90972137451172],[-73.9749984741211,60.97111511230469],[-74.20777893066406,60.87944030761719],[-74.46360778808594,61.0675048828125]]]}},{"type":"Feature","properties":{},"geometry":{"type":"Polygon","coordinates":[[[-88.04805755615234,37.02777862548828],[-87.88888549804688,36.87055969238281],[-87.95471954345703,36.7772216796875],[-87.8808364868164,36.63249969482422],[-87.89694213867188,36.59583282470703],[-88.06805419921875,37.011390686035156],[-88.15277862548828,36.966949462890625],[-88.20861053466797,37.00055694580078],[-88.04805755615234,37.02777862548828]]]}},{"type":"Feature","properties":{},"geometry":{"type":"Polygon","coordinates":[[[-100.74694061279297,52.641944885253906],[-100.5897216796875,52.42750549316406],[-100.71194458007812,52.34889221191406],[-100.69694519042969,52.464447021484375],[-100.80249786376953,52.45361328125],[-100.85944366455078,52.55999755859375],[-100.74694061279297,52.641944885253906]]]}},{"type":"Feature","properties":{},"geometry":{"type":"Polygon","coordinates":[[[-117.8852767944336,50.66139221191406],[-117.88722229003906,50.356109619140625],[-117.77361297607422,50.19305419921875],[-117.8125,50.124168395996094],[-117.87638854980469,50.099998474121094],[-117.82472229003906,50.17222595214844],[-117.9383316040039,50.33528137207031],[-117.94889068603516,50.611663818359375],[-117.91166687011719,50.68138885498047],[-117.69583129882812,50.745277404785156],[-117.8852767944336,50.66139221191406]]]}},{"type":"Feature","properties":{},"geometry":{"type":"Polygon","coordinates":[[[-87.43250274658203,34.820831298828125],[-87.1705551147461,34.76361083984375],[-86.89833068847656,34.56805419921875],[-87.38055419921875,34.79527282714844],[-87.70027923583984,34.771942138671875],[-87.43250274658203,34.820831298828125]]]}},{"type":"Feature","properties":{},"geometry":{"type":"Polygon","coordinates":[[[-87.5058364868164,52.12916564941406],[-88.03472137451172,52.21916198730469],[-87.87611389160156,52.339996337890625],[-87.6986083984375,52.195556640625],[-87.4527816772461,52.188331604003906],[-87.55889129638672,52.16222381591797],[-87.5058364868164,52.12916564941406]]]}},{"type":"Feature","properties":{},"geometry":{"type":"Polygon","coordinates":[[[-96.3477783203125,56.651947021484375],[-96.20055389404297,56.53111267089844],[-96.2691650390625,56.497222900390625],[-96.72027587890625,56.45832824707031],[-96.49250030517578,56.5272216796875],[-96.5736083984375,56.58610534667969],[-96.44055938720703,56.549720764160156],[-96.3477783203125,56.651947021484375]]]}},{"type":"Feature","properties":{},"geometry":{"type":"Polygon","coordinates":[[[-91.70388793945312,48.19916534423828],[-91.95027923583984,48.21360778808594],[-92.14583587646484,48.343055725097656],[-92.2558364868164,48.33777618408203],[-92.2911148071289,48.23194885253906],[-92.34638977050781,48.3427734375],[-92.00305938720703,48.37861633300781],[-91.91000366210938,48.295555114746094],[-91.97944641113281,48.29222106933594],[-91.96055603027344,48.2469482421875],[-91.70388793945312,48.19916534423828]]]}},{"type":"Feature","properties":{},"geometry":{"type":"Polygon","coordinates":[[[-115.17832946777344,55.92250061035156],[-115.29582977294922,55.80278015136719],[-115.44889068603516,55.78111267089844],[-115.6147232055664,55.90472412109375],[-115.17832946777344,55.92250061035156]]]}},{"type":"Feature","properties":{},"geometry":{"type":"Polygon","coordinates":[[[-106.07499694824219,63.21305847167969],[-106.3949966430664,63.27111053466797],[-106.44444274902344,63.358612060546875],[-106.24361419677734,63.38417053222656],[-106.10472106933594,63.35888671875],[-106.24944305419922,63.2822265625],[-106.20055389404297,63.261390686035156],[-105.991943359375,63.282501220703125],[-106.12750244140625,63.11833190917969],[-106.27027893066406,63.10388946533203],[-106.07499694824219,63.21305847167969]]]}},{"type":"Feature","properties":{},"geometry":{"type":"Polygon","coordinates":[[[-132.8622283935547,68.4558334350586],[-132.818603515625,68.67416381835938],[-132.73611450195312,68.6875],[-132.46665954589844,68.57638549804688],[-132.81304931640625,68.4124984741211],[-132.8622283935547,68.4558334350586]]]}},{"type":"Feature","properties":{},"geometry":{"type":"Polygon","coordinates":[[[-95.77305603027344,55.313331604003906],[-95.70249938964844,55.29888916015625],[-96.30000305175781,55.22944641113281],[-95.68888854980469,55.39666748046875],[-95.77305603027344,55.313331604003906]]]}},{"type":"Feature","properties":{},"geometry":{"type":"Polygon","coordinates":[[[-71.78778076171875,18.512771606445312],[-71.68861389160156,18.563888549804688],[-71.49527740478516,18.458053588867188],[-71.60888671875,18.40833282470703],[-71.78778076171875,18.512771606445312]]]}},{"type":"Feature","properties":{},"geometry":{"type":"Polygon","coordinates":[[[-77.32389068603516,47.617218017578125],[-77.26667022705078,47.516944885253906],[-77.11444091796875,47.58027648925781],[-77.09361267089844,47.49082946777344],[-76.93638610839844,47.451385498046875],[-77.09500122070312,47.466949462890625],[-77.13555908203125,47.53416442871094],[-77.21055603027344,47.43110656738281],[-77.13944244384766,47.383056640625],[-77.29638671875,47.31639099121094],[-77.33777618408203,47.350830078125],[-77.25027465820312,47.461669921875],[-77.33499908447266,47.54138946533203],[-77.32389068603516,47.617218017578125]]]}},{"type":"Feature","properties":{},"geometry":{"type":"Polygon","coordinates":[[[-91.79750061035156,49.907501220703125],[-91.85694122314453,49.97166442871094],[-92.22750091552734,49.88666534423828],[-91.93333435058594,50.0111083984375],[-92.0352783203125,50.030555725097656],[-91.94000244140625,50.13555908203125],[-91.76416778564453,50.00749969482422],[-91.79750061035156,49.907501220703125]]]}},{"type":"Feature","properties":{},"geometry":{"type":"Polygon","coordinates":[[[-75.09222412109375,51.49360656738281],[-74.93444061279297,51.36639404296875],[-74.81083679199219,51.40388488769531],[-74.90027618408203,51.30389404296875],[-75.0472183227539,51.30500030517578],[-75.02666473388672,51.418609619140625],[-75.15638732910156,51.32777404785156],[-75.13833618164062,51.402496337890625],[-75.28722381591797,51.36944580078125],[-75.2308349609375,51.30888366699219],[-75.34889221191406,51.36944580078125],[-75.09222412109375,51.49360656738281]]]}},{"type":"Feature","properties":{},"geometry":{"type":"Polygon","coordinates":[[[-67.76277923583984,52.00361633300781],[-67.57472229003906,51.79888916015625],[-67.52222442626953,51.84666442871094],[-67.50499725341797,51.700836181640625],[-67.600830078125,51.785003662109375],[-67.85639190673828,51.818328857421875],[-67.76277923583984,52.00361633300781]]]}},{"type":"Feature","properties":{},"geometry":{"type":"Polygon","coordinates":[[[-74.19499969482422,58.20500183105469],[-73.6977767944336,58.11944580078125],[-73.64971923828125,58.18360900878906],[-73.39250183105469,58.07305908203125],[-74.11555480957031,58.132781982421875],[-74.06888580322266,58.06666564941406],[-74.36166381835938,58.14027404785156],[-74.16222381591797,58.171112060546875],[-74.19499969482422,58.20500183105469]]]}},{"type":"Feature","properties":{},"geometry":{"type":"Polygon","coordinates":[[[-94.29166412353516,63.16999816894531],[-94.36972045898438,63.1199951171875],[-94.10527801513672,63.07194519042969],[-94.32917022705078,63.075836181640625],[-94.2844467163086,63.003334045410156],[-94.41860961914062,62.98805236816406],[-94.39305877685547,63.07167053222656],[-94.56138610839844,63.075279235839844],[-94.4588851928711,63.133056640625],[-94.65472412109375,63.20916748046875],[-94.29166412353516,63.16999816894531]]]}},{"type":"Feature","properties":{},"geometry":{"type":"Polygon","coordinates":[[[-110.37361145019531,61.00694274902344],[-110.17082977294922,60.98388671875],[-110.07749938964844,61.1602783203125],[-109.82472229003906,61.353607177734375],[-109.9397201538086,61.146392822265625],[-110.04000091552734,61.09944152832031],[-109.94694519042969,61.06444549560547],[-110.06277465820312,60.940277099609375],[-110.27555847167969,60.92778015136719],[-110.37361145019531,61.00694274902344]]]}},{"type":"Feature","properties":{},"geometry":{"type":"Polygon","coordinates":[[[-99.44750213623047,61.32861328125],[-99.32555389404297,61.34693908691406],[-99.42527770996094,61.25138854980469],[-99.33944702148438,61.30250549316406],[-99.26194763183594,61.261390686035156],[-99.44055938720703,61.12055969238281],[-99.37889099121094,61.029998779296875],[-99.58555603027344,61.084999084472656],[-99.49944305419922,61.078338623046875],[-99.44750213623047,61.32861328125]]]}},{"type":"Feature","properties":{},"geometry":{"type":"Polygon","coordinates":[[[-78.67694091796875,36.794166564941406],[-78.4719467163086,36.61250305175781],[-78.2844467163086,36.60472106933594],[-78.34583282470703,36.42750549316406],[-78.33361053466797,36.562774658203125],[-78.56639099121094,36.554168701171875],[-78.50777435302734,36.603607177734375],[-78.75305938720703,36.70249938964844],[-78.67666625976562,36.7005615234375],[-78.67694091796875,36.794166564941406]]]}},{"type":"Feature","properties":{},"geometry":{"type":"Polygon","coordinates":[[[-94.6611099243164,55.054168701171875],[-94.72138977050781,54.959442138671875],[-94.79055786132812,54.9677734375],[-94.80332946777344,55.06138610839844],[-94.73278045654297,55.11305236816406],[-94.3236083984375,55.22166442871094],[-94.6611099243164,55.054168701171875]]]}},{"type":"Feature","properties":{},"geometry":{"type":"Polygon","coordinates":[[[-100.25944519042969,57.046112060546875],[-100.12333679199219,56.9647216796875],[-100.20388793945312,56.93388366699219],[-100.13805389404297,56.82305908203125],[-100.37110900878906,56.919166564941406],[-100.28277587890625,56.959999084472656],[-100.38944244384766,56.997779846191406],[-100.27471923828125,57.07499694824219],[-100.2941665649414,57.16749572753906],[-100.20333099365234,57.19694519042969],[-100.25944519042969,57.046112060546875]]]}},{"type":"Feature","properties":{},"geometry":{"type":"Polygon","coordinates":[[[-97.45639038085938,63.15472412109375],[-97.31138610839844,63.503334045410156],[-97.11555480957031,63.42222595214844],[-97.29611206054688,63.38471984863281],[-97.12916564941406,63.22528076171875],[-97.30110931396484,63.28277587890625],[-97.45639038085938,63.15472412109375]]]}},{"type":"Feature","properties":{},"geometry":{"type":"Polygon","coordinates":[[[-93.71666717529297,17.184722900390625],[-93.5058364868164,17.18194580078125],[-93.33860778808594,17.027496337890625],[-93.62916564941406,17.0977783203125],[-93.67444610595703,17.175552368164062],[-93.8125,17.063331604003906],[-93.81916809082031,17.150558471679688],[-93.71666717529297,17.184722900390625]]]}},{"type":"Feature","properties":{},"geometry":{"type":"Polygon","coordinates":[[[-106.67166900634766,54.68360900878906],[-106.7558364868164,54.69610595703125],[-106.70388793945312,54.66222381591797],[-106.7602767944336,54.594444274902344],[-106.94667053222656,54.562225341796875],[-106.96778106689453,54.61944580078125],[-106.93000030517578,54.7147216796875],[-106.8102798461914,54.749168395996094],[-106.67166900634766,54.68360900878906]]]}},{"type":"Feature","properties":{},"geometry":{"type":"Polygon","coordinates":[[[-105.24610900878906,51.20222473144531],[-105.08361053466797,50.879722595214844],[-104.8861083984375,50.76805114746094],[-105.04777526855469,50.80027770996094],[-105.27694702148438,51.11083221435547],[-105.26361083984375,51.339996337890625],[-105.17888641357422,51.413055419921875],[-105.24610900878906,51.20222473144531]]]}},{"type":"Feature","properties":{},"geometry":{"type":"Polygon","coordinates":[[[-117.09166717529297,64.23860931396484],[-117.17666625976562,64.24472045898438],[-117.1080551147461,64.18360900878906],[-117.18444061279297,64.12638854980469],[-117.47694396972656,64.0374984741211],[-117.36805725097656,64.13111114501953],[-117.41139221191406,64.17444610595703],[-117.65194702148438,64.12889099121094],[-117.1138916015625,64.30638885498047],[-117.09166717529297,64.23860931396484]]]}},{"type":"Feature","properties":{},"geometry":{"type":"Polygon","coordinates":[[[-79.1322250366211,56.295555114746094],[-79.37666320800781,55.9869384765625],[-79.50277709960938,55.899169921875],[-79.5522232055664,55.96417236328125],[-79.35221862792969,56.26861572265625],[-79.4655532836914,56.00194549560547],[-79.35832977294922,56.06500244140625],[-79.43555450439453,55.96722412109375],[-79.22166442871094,56.22833251953125],[-79.16166687011719,56.41278076171875],[-79.1322250366211,56.295555114746094]]]}},{"type":"Feature","properties":{},"geometry":{"type":"Polygon","coordinates":[[[-101.77833557128906,58.58277893066406],[-101.67194366455078,58.786109924316406],[-101.7441635131836,58.85444641113281],[-101.69944763183594,58.89277648925781],[-101.6097183227539,58.78388977050781],[-101.66944122314453,58.66194152832031],[-101.38471984863281,58.54083251953125],[-101.77833557128906,58.58277893066406]]]}},{"type":"Feature","properties":{},"geometry":{"type":"Polygon","coordinates":[[[-95.913330078125,61.961387634277344],[-95.78555297851562,61.958892822265625],[-95.59972381591797,61.812774658203125],[-95.461669921875,61.82472229003906],[-95.5455551147461,61.8094482421875],[-95.51166534423828,61.758056640625],[-95.83277893066406,61.85749816894531],[-95.88333129882812,61.804443359375],[-95.98416900634766,61.877777099609375],[-95.913330078125,61.961387634277344]]]}},{"type":"Feature","properties":{},"geometry":{"type":"Polygon","coordinates":[[[-72.04944610595703,64.51444244384766],[-72.32583618164062,64.4941635131836],[-72.28971862792969,64.62833404541016],[-72.35888671875,64.66055297851562],[-71.9647216796875,64.67472076416016],[-72.05944061279297,64.63972473144531],[-72.00389099121094,64.57971954345703],[-72.04944610595703,64.51444244384766]]]}},{"type":"Feature","properties":{},"geometry":{"type":"Polygon","coordinates":[[[-98.04944610595703,54.39250183105469],[-98.34916687011719,54.094444274902344],[-98.48500061035156,54.14111328125],[-98.47027587890625,54.20361328125],[-98.04944610595703,54.39250183105469]]]}},{"type":"Feature","properties":{},"geometry":{"type":"Polygon","coordinates":[[[-105.69889068603516,22.727500915527344],[-105.58916473388672,22.199722290039062],[-105.45027923583984,22.120834350585938],[-105.48694610595703,22.038330078125],[-105.60527801513672,22.174720764160156],[-105.6522216796875,22.466941833496094],[-105.71221923828125,22.5030517578125],[-105.69889068603516,22.727500915527344]]]}},{"type":"Feature","properties":{},"geometry":{"type":"Polygon","coordinates":[[[-108.12694549560547,70.0713882446289],[-107.28111267089844,70.09500122070312],[-106.94027709960938,70.04194641113281],[-107.1272201538086,69.99666595458984],[-108.12694549560547,70.0713882446289]]]}},{"type":"Feature","properties":{},"geometry":{"type":"Polygon","coordinates":[[[-104.17305755615234,54.946388244628906],[-104.6624984741211,54.8477783203125],[-104.80027770996094,54.93694305419922],[-104.17305755615234,54.946388244628906]]]}},{"type":"Feature","properties":{},"geometry":{"type":"Polygon","coordinates":[[[-99.58694458007812,52.27027893066406],[-99.47333526611328,52.049163818359375],[-99.5616683959961,51.89971923828125],[-99.64805603027344,52.01666259765625],[-99.58694458007812,52.27027893066406]]]}},{"type":"Feature","properties":{},"geometry":{"type":"Polygon","coordinates":[[[-101.0472183227539,29.44000244140625],[-101.30278015136719,29.502220153808594],[-101.22888946533203,29.601104736328125],[-101.30833435058594,29.57110595703125],[-101.30750274658203,29.632781982421875],[-101.21138763427734,29.630279541015625],[-101.2074966430664,29.54583740234375],[-101.05916595458984,29.482498168945312],[-100.91972351074219,29.646942138671875],[-100.93055725097656,29.475555419921875],[-101.0472183227539,29.44000244140625]]]}},{"type":"Feature","properties":{},"geometry":{"type":"Polygon","coordinates":[[[-83.8316650390625,34.382781982421875],[-83.94805908203125,34.1875],[-84.07167053222656,34.161109924316406],[-84.10111236572266,34.2308349609375],[-83.95417022705078,34.28722381591797],[-83.99888610839844,34.353607177734375],[-83.96499633789062,34.46583557128906],[-83.9647216796875,34.36750030517578],[-83.85194396972656,34.36639404296875],[-83.88333129882812,34.455833435058594],[-83.8316650390625,34.382781982421875]]]}},{"type":"Feature","properties":{},"geometry":{"type":"Polygon","coordinates":[[[-104.39111328125,51.97694396972656],[-104.2308349609375,51.822776794433594],[-104.4433364868164,51.78333282470703],[-104.39111328125,51.97694396972656]]]}},{"type":"Feature","properties":{},"geometry":{"type":"Polygon","coordinates":[[[-78.63666534423828,54.834716796875],[-77.97611236572266,54.74139404296875],[-78.53722381591797,54.74444580078125],[-78.49555969238281,54.8013916015625],[-78.63666534423828,54.834716796875]]]}},{"type":"Feature","properties":{},"geometry":{"type":"Polygon","coordinates":[[[-102.20944213867188,54.155555725097656],[-102.15194702148438,54.07249450683594],[-102.24888610839844,54.05055236816406],[-102.16805267333984,53.958892822265625],[-102.43194580078125,53.968055725097656],[-102.35416412353516,54.128334045410156],[-102.20944213867188,54.155555725097656]]]}},{"type":"Feature","properties":{},"geometry":{"type":"Polygon","coordinates":[[[-122.13999938964844,49.73333740234375],[-121.7780532836914,49.52888488769531],[-121.788330078125,49.299163818359375],[-121.8902816772461,49.54249572753906],[-122.13999938964844,49.73333740234375]]]}},{"type":"Feature","properties":{},"geometry":{"type":"Polygon","coordinates":[[[-93.00971984863281,49.53083801269531],[-93.1080551147461,49.6925048828125],[-93.3036117553711,49.6280517578125],[-93.33222198486328,49.69389343261719],[-93.03055572509766,49.72193908691406],[-92.94889068603516,49.64611053466797],[-93.00971984863281,49.53083801269531]]]}},{"type":"Feature","properties":{},"geometry":{"type":"Polygon","coordinates":[[[-93.33416748046875,30.086105346679688],[-93.26777648925781,29.85138702392578],[-93.44667053222656,29.870559692382812],[-93.35028076171875,29.906112670898438],[-93.33416748046875,30.086105346679688]]]}},{"type":"Feature","properties":{},"geometry":{"type":"Polygon","coordinates":[[[-101.20027923583984,52.984161376953125],[-101.22027587890625,52.89305114746094],[-101.5272216796875,52.9263916015625],[-101.45222473144531,52.91944885253906],[-101.50638580322266,52.98194885253906],[-101.43360900878906,53.02333068847656],[-101.20027923583984,52.984161376953125]]]}},{"type":"Feature","properties":{},"geometry":{"type":"Polygon","coordinates":[[[-110.66638946533203,63.809722900390625],[-111.13333129882812,63.57722473144531],[-111.43472290039062,63.53361511230469],[-111.24138641357422,63.6683349609375],[-110.66638946533203,63.809722900390625]]]}},{"type":"Feature","properties":{},"geometry":{"type":"Polygon","coordinates":[[[-91.61305236816406,51.7691650390625],[-91.82333374023438,51.673614501953125],[-91.9044418334961,51.535552978515625],[-91.84972381591797,51.49444580078125],[-91.98444366455078,51.50166320800781],[-91.91444396972656,51.760833740234375],[-91.61305236816406,51.7691650390625]]]}},{"type":"Feature","properties":{},"geometry":{"type":"Polygon","coordinates":[[[-92.4888916015625,49.63194274902344],[-92.59666442871094,49.523887634277344],[-92.63833618164062,49.56916809082031],[-92.55611419677734,49.663612365722656],[-92.82305908203125,49.679718017578125],[-92.9000015258789,49.7550048828125],[-92.71639251708984,49.77166748046875],[-92.4888916015625,49.63194274902344]]]}},{"type":"Feature","properties":{},"geometry":{"type":"Polygon","coordinates":[[[-101.61750030517578,55.768890380859375],[-102.02610778808594,55.62333679199219],[-102.09305572509766,55.67388916015625],[-101.67361450195312,55.83805847167969],[-101.61750030517578,55.768890380859375]]]}},{"type":"Feature","properties":{},"geometry":{"type":"Polygon","coordinates":[[[-159.04556274414062,59.92333221435547],[-158.55166625976562,60.0352783203125],[-158.1969451904297,59.94361114501953],[-158.56166076660156,59.96722412109375],[-159.116943359375,59.88194274902344],[-159.0816650390625,59.91944885253906],[-159.1649932861328,59.96055603027344],[-159.04556274414062,59.92333221435547]]]}},{"type":"Feature","properties":{},"geometry":{"type":"Polygon","coordinates":[[[-105.1683349609375,58.47332763671875],[-105.23944091796875,58.32749938964844],[-105.4486083984375,58.257781982421875],[-105.41694641113281,58.4183349609375],[-105.1683349609375,58.47332763671875]]]}},{"type":"Feature","properties":{},"geometry":{"type":"Polygon","coordinates":[[[-61.274169921875,8.56805419921875],[-61.268333435058594,8.498336791992188],[-61.1844482421875,8.493888854980469],[-61.4052734375,8.485832214355469],[-61.54527282714844,8.55194091796875],[-61.274169921875,8.56805419921875]]]}},{"type":"Feature","properties":{},"geometry":{"type":"Polygon","coordinates":[[[-78.37444305419922,44.41194152832031],[-78.45861053466797,44.36138916015625],[-78.3822250366211,44.45750427246094],[-78.4566650390625,44.48194885253906],[-78.55500030517578,44.341949462890625],[-78.53221893310547,44.543609619140625],[-78.7683334350586,44.43055725097656],[-78.73332977294922,44.55083465576172],[-78.69305419921875,44.495277404785156],[-78.37194061279297,44.59693908691406],[-78.48500061035156,44.507781982421875],[-78.33555603027344,44.56388854980469],[-78.37444305419922,44.41194152832031]]]}},{"type":"Feature","properties":{},"geometry":{"type":"Polygon","coordinates":[[[-101.42194366455078,54.570281982421875],[-101.6933364868164,54.475830078125],[-101.86027526855469,54.54138946533203],[-101.65194702148438,54.677223205566406],[-101.62555694580078,54.59166717529297],[-101.42194366455078,54.570281982421875]]]}},{"type":"Feature","properties":{},"geometry":{"type":"Polygon","coordinates":[[[-100.26305389404297,54.656944274902344],[-100.38361358642578,54.58055114746094],[-100.68611145019531,54.60638427734375],[-100.51333618164062,54.718055725097656],[-100.26305389404297,54.656944274902344]]]}},{"type":"Feature","properties":{},"geometry":{"type":"Polygon","coordinates":[[[-75.80000305175781,61.094444274902344],[-75.70471954345703,61.10444641113281],[-75.79027557373047,60.96110534667969],[-75.70166778564453,61.00055694580078],[-75.74166870117188,60.93944549560547],[-75.62222290039062,60.932777404785156],[-75.76611328125,60.883056640625],[-75.7699966430664,60.7802734375],[-75.84444427490234,60.84333801269531],[-75.78888702392578,60.91694641113281],[-75.90833282470703,60.950279235839844],[-75.80611419677734,60.932220458984375],[-75.79666900634766,61.002220153808594],[-75.91388702392578,60.99610900878906],[-75.8316650390625,61.016944885253906],[-75.84527587890625,61.07444763183594],[-75.91777801513672,61.014442443847656],[-75.98388671875,61.01777648925781],[-75.8933334350586,61.14361572265625],[-75.78944396972656,61.158050537109375],[-75.80000305175781,61.094444274902344]]]}},{"type":"Feature","properties":{},"geometry":{"type":"Polygon","coordinates":[[[-113.21805572509766,64.44361114501953],[-114.01750183105469,64.16361236572266],[-114.2830581665039,64.13583374023438],[-114.84333038330078,64.19416809082031],[-114.0697250366211,64.1816635131836],[-113.21805572509766,64.44361114501953]]]}},{"type":"Feature","properties":{},"geometry":{"type":"Polygon","coordinates":[[[-91.84638977050781,53.79194641113281],[-92.20639038085938,53.74833679199219],[-92.18777465820312,53.80194091796875],[-92.2772216796875,53.77305603027344],[-92.28250122070312,53.833892822265625],[-92.1352767944336,53.88221740722656],[-91.84638977050781,53.79194641113281]]]}},{"type":"Feature","properties":{},"geometry":{"type":"Polygon","coordinates":[[[-104.44388580322266,58.241111755371094],[-104.22611236572266,58.19972229003906],[-104.3638916015625,58.09916687011719],[-104.25333404541016,58.07249450683594],[-104.47750091552734,58.01666259765625],[-104.53861236572266,58.07499694824219],[-104.44166564941406,58.12388610839844],[-104.42666625976562,58.179168701171875],[-104.52610778808594,58.1844482421875],[-104.44388580322266,58.241111755371094]]]}},{"type":"Feature","properties":{},"geometry":{"type":"Polygon","coordinates":[[[-100.16444396972656,59.411109924316406],[-100.03250122070312,59.59027862548828],[-100.03916931152344,59.538330078125],[-99.91944122314453,59.548057556152344],[-99.9719467163086,59.47888946533203],[-99.8405532836914,59.589996337890625],[-99.7236099243164,59.54083251953125],[-100.04138946533203,59.37249755859375],[-100.0280532836914,59.454444885253906],[-100.16444396972656,59.411109924316406]]]}},{"type":"Feature","properties":{},"geometry":{"type":"Polygon","coordinates":[[[-90.43111419677734,30.330276489257812],[-90.43444061279297,30.22638702392578],[-90.56610870361328,30.177780151367188],[-90.5794448852539,30.276107788085938],[-90.43111419677734,30.330276489257812]]]}},{"type":"Feature","properties":{},"geometry":{"type":"Polygon","coordinates":[[[-64.62388610839844,53.04888916015625],[-64.72750091552734,53.299163818359375],[-64.96333312988281,53.42222595214844],[-64.76611328125,53.45222473144531],[-64.60055541992188,53.32972717285156],[-64.70166778564453,53.334716796875],[-64.58305358886719,53.2177734375],[-64.6977767944336,53.274444580078125],[-64.62388610839844,53.04888916015625]]]}},{"type":"Feature","properties":{},"geometry":{"type":"Polygon","coordinates":[[[-73.81583404541016,9.257499694824219],[-73.8116683959961,9.175003051757812],[-73.74055480957031,9.05999755859375],[-73.89971923828125,9.062225341796875],[-73.88916778564453,9.213333129882812],[-73.84972381591797,9.160552978515625],[-73.81583404541016,9.257499694824219]]]}},{"type":"Feature","properties":{},"geometry":{"type":"Polygon","coordinates":[[[-112.1322250366211,54.87555694580078],[-111.91471862792969,54.89555358886719],[-111.8397216796875,54.787498474121094],[-111.98249816894531,54.763336181640625],[-112.0455551147461,54.83528137207031],[-112.3036117553711,54.88249969482422],[-112.19194030761719,54.93861389160156],[-112.1322250366211,54.87555694580078]]]}},{"type":"Feature","properties":{},"geometry":{"type":"Polygon","coordinates":[[[-66.399169921875,56.576385498046875],[-66.22083282470703,56.291107177734375],[-66.20694732666016,56.200279235839844],[-66.3125,56.18861389160156],[-66.22721862792969,56.048614501953125],[-66.28416442871094,56.02610778808594],[-66.3499984741211,56.19499969482422],[-66.28472137451172,56.28388977050781],[-66.40528106689453,56.358055114746094],[-66.3677749633789,56.46028137207031],[-66.49500274658203,56.50444030761719],[-66.399169921875,56.576385498046875]]]}},{"type":"Feature","properties":{},"geometry":{"type":"Polygon","coordinates":[[[-107.49694061279297,55.16749572753906],[-107.21778106689453,55.15083312988281],[-107.16388702392578,55.079444885253906],[-107.38861083984375,55.04194641113281],[-107.37777709960938,55.13999938964844],[-107.49694061279297,55.16749572753906]]]}},{"type":"Feature","properties":{},"geometry":{"type":"Polygon","coordinates":[[[-97.2155532836914,57.261390686035156],[-97.55027770996094,57.39611053466797],[-97.16471862792969,57.41972351074219],[-97.11582946777344,57.3255615234375],[-97.2155532836914,57.261390686035156]]]}},{"type":"Feature","properties":{},"geometry":{"type":"Polygon","coordinates":[[[-75.41638946533203,59.198890686035156],[-75.01667022705078,59.156944274902344],[-75.38972473144531,59.150001525878906],[-75.28028106689453,59.108055114746094],[-75.34527587890625,59.070831298828125],[-75.19083404541016,59.05332946777344],[-75.48194122314453,59.046112060546875],[-75.39389038085938,59.10722351074219],[-75.46277618408203,59.15972137451172],[-75.3338851928711,59.177223205566406],[-75.41638946533203,59.198890686035156]]]}},{"type":"Feature","properties":{},"geometry":{"type":"Polygon","coordinates":[[[-120.15194702148438,40.184165954589844],[-120.28722381591797,40.24250030517578],[-120.26055908203125,40.141387939453125],[-120.44388580322266,40.269439697265625],[-120.21971893310547,40.331939697265625],[-120.15194702148438,40.184165954589844]]]}},{"type":"Feature","properties":{},"geometry":{"type":"Polygon","coordinates":[[[-112.24972534179688,65.96138763427734],[-112.27194213867188,65.87777709960938],[-112.10555267333984,65.81500244140625],[-112.4655532836914,65.80000305175781],[-112.39722442626953,65.84972381591797],[-112.57749938964844,65.92250061035156],[-112.24972534179688,65.96138763427734]]]}},{"type":"Feature","properties":{},"geometry":{"type":"Polygon","coordinates":[[[-87.20861053466797,52.847503662109375],[-87.40333557128906,52.802223205566406],[-87.375,52.8427734375],[-87.4558334350586,52.856109619140625],[-87.42749786376953,52.95500183105469],[-87.31305694580078,52.910003662109375],[-87.36222076416016,53.01055908203125],[-87.45527648925781,52.97694396972656],[-87.36333465576172,53.062774658203125],[-87.20861053466797,52.847503662109375]]]}},{"type":"Feature","properties":{},"geometry":{"type":"Polygon","coordinates":[[[-63.29527282714844,54.26777648925781],[-63.55055236816406,54.2550048828125],[-63.182220458984375,54.21110534667969],[-63.263336181640625,54.15055847167969],[-63.49305725097656,54.20555114746094],[-63.57499694824219,54.151947021484375],[-63.68360900878906,54.13417053222656],[-63.554168701171875,54.20832824707031],[-63.62055969238281,54.302223205566406],[-63.29527282714844,54.26777648925781]]]}},{"type":"Feature","properties":{},"geometry":{"type":"Polygon","coordinates":[[[-102.72888946533203,62.4022216796875],[-102.62472534179688,62.584442138671875],[-102.81527709960938,62.67832946777344],[-102.65972137451172,62.7530517578125],[-102.60305786132812,62.600830078125],[-102.50638580322266,62.554168701171875],[-102.5986099243164,62.49444580078125],[-102.47972106933594,62.442779541015625],[-102.72888946533203,62.4022216796875]]]}},{"type":"Feature","properties":{},"geometry":{"type":"Polygon","coordinates":[[[-122.8963851928711,63.8397216796875],[-123.30972290039062,63.91416931152344],[-123.11972045898438,63.99250030517578],[-123.02194213867188,64.19416809082031],[-122.95805358886719,64.11277770996094],[-123.06861114501953,63.94667053222656],[-122.8963851928711,63.8397216796875]]]}},{"type":"Feature","properties":{},"geometry":{"type":"Polygon","coordinates":[[[-67.81861114501953,56.36805725097656],[-67.61277770996094,56.23249816894531],[-67.68333435058594,56.231109619140625],[-67.63333129882812,56.07305908203125],[-67.69972229003906,56.023887634277344],[-67.56444549560547,55.97166442871094],[-67.45249938964844,56.051109313964844],[-67.4719467163086,55.95832824707031],[-67.62083435058594,55.93861389160156],[-67.85028076171875,56.054168701171875],[-67.72222137451172,56.038330078125],[-67.6544418334961,56.11277770996094],[-67.81861114501953,56.36805725097656]]]}},{"type":"Feature","properties":{},"geometry":{"type":"Polygon","coordinates":[[[-80.53333282470703,33.59527587890625],[-80.3741683959961,33.48138427734375],[-80.19750213623047,33.52166748046875],[-80.15055847167969,33.401947021484375],[-80.39221954345703,33.44667053222656],[-80.53333282470703,33.59527587890625]]]}},{"type":"Feature","properties":{},"geometry":{"type":"Polygon","coordinates":[[[-91.28944396972656,48.929168701171875],[-91.3316650390625,48.813331604003906],[-91.42166900634766,48.90861511230469],[-91.4808349609375,48.812225341796875],[-91.6419448852539,48.867218017578125],[-91.4044418334961,48.977500915527344],[-91.43499755859375,48.932777404785156],[-91.28944396972656,48.929168701171875]]]}},{"type":"Feature","properties":{},"geometry":{"type":"Polygon","coordinates":[[[-103.12944030761719,59.36944580078125],[-103.2316665649414,59.22111511230469],[-103.12944030761719,59.20750427246094],[-103.15055847167969,59.124725341796875],[-103.05166625976562,59.16722106933594],[-103.13666534423828,59.05860900878906],[-103.33916473388672,59.17889404296875],[-103.24222564697266,59.362220764160156],[-103.12944030761719,59.36944580078125]]]}},{"type":"Feature","properties":{},"geometry":{"type":"Polygon","coordinates":[[[-72.31138610839844,58.85333251953125],[-72.3236083984375,58.775001525878906],[-72.20417022705078,58.790283203125],[-72.28861236572266,58.74805450439453],[-72.25305938720703,58.68694305419922],[-72.63972473144531,58.8699951171875],[-72.58694458007812,58.934722900390625],[-72.31138610839844,58.85333251953125]]]}},{"type":"Feature","properties":{},"geometry":{"type":"Polygon","coordinates":[[[-158.9936065673828,59.5816650390625],[-158.73056030273438,59.610557556152344],[-158.48194885253906,59.556671142578125],[-158.99082946777344,59.551666259765625],[-158.570556640625,59.40861511230469],[-158.8361053466797,59.43638610839844],[-158.73861694335938,59.46417236328125],[-158.9505615234375,59.478057861328125],[-159.1697235107422,59.68028259277344],[-158.9936065673828,59.5816650390625]]]}},{"type":"Feature","properties":{},"geometry":{"type":"Polygon","coordinates":[[[-135.22027587890625,61.39166259765625],[-135.04388427734375,61.05055236816406],[-135.03639221191406,60.94139099121094],[-135.14027404785156,60.951385498046875],[-135.288330078125,61.38166809082031],[-135.22027587890625,61.39166259765625]]]}},{"type":"Feature","properties":{},"geometry":{"type":"Polygon","coordinates":[[[-73.81194305419922,59.8719482421875],[-73.49972534179688,59.8013916015625],[-73.6058349609375,59.74028015136719],[-73.50305938720703,59.75639343261719],[-73.53388977050781,59.65388488769531],[-73.71360778808594,59.779449462890625],[-73.90027618408203,59.75111389160156],[-73.74138641357422,59.81416320800781],[-73.81194305419922,59.8719482421875]]]}},{"type":"Feature","properties":{},"geometry":{"type":"Polygon","coordinates":[[[-78.83055877685547,71.16805267333984],[-78.88333129882812,71.16500091552734],[-78.55305480957031,71.11638641357422],[-79.07611083984375,71.06527709960938],[-79.38417053222656,71.13583374023438],[-79.35250091552734,71.19194030761719],[-78.83055877685547,71.16805267333984]]]}},{"type":"Feature","properties":{},"geometry":{"type":"Polygon","coordinates":[[[-98.17805480957031,67.34944152832031],[-98.37388610839844,67.24138641357422],[-98.39666748046875,67.1580581665039],[-98.57749938964844,67.2772216796875],[-98.46722412109375,67.43638610839844],[-98.45999908447266,67.38194274902344],[-98.3566665649414,67.41388702392578],[-98.33860778808594,67.30332946777344],[-98.17805480957031,67.34944152832031]]]}},{"type":"Feature","properties":{},"geometry":{"type":"Polygon","coordinates":[[[-82.79638671875,34.529449462890625],[-82.83027648925781,34.34722137451172],[-82.95111083984375,34.372779846191406],[-82.85610961914062,34.41416931152344],[-82.89666748046875,34.468055725097656],[-83.03083038330078,34.46221923828125],[-83.17250061035156,34.581939697265625],[-82.8375015258789,34.46417236328125],[-82.82861328125,34.55278015136719],[-82.92583465576172,34.5977783203125],[-82.86166381835938,34.6138916015625],[-82.79638671875,34.529449462890625]]]}},{"type":"Feature","properties":{},"geometry":{"type":"Polygon","coordinates":[[[-110.78277587890625,61.47111511230469],[-110.8499984741211,61.48472595214844],[-110.78888702392578,61.55860900878906],[-110.87222290039062,61.544166564941406],[-110.82555389404297,61.605560302734375],[-110.87027740478516,61.638336181640625],[-110.6544418334961,61.78361511230469],[-110.7286148071289,61.61528015136719],[-110.62361145019531,61.66471862792969],[-110.80278015136719,61.4022216796875],[-110.78277587890625,61.47111511230469]]]}},{"type":"Feature","properties":{},"geometry":{"type":"Polygon","coordinates":[[[-165.36500549316406,65.2088851928711],[-165.65943908691406,65.05722045898438],[-165.96388244628906,65.17166900634766],[-165.36500549316406,65.2088851928711]]]}},{"type":"Feature","properties":{},"geometry":{"type":"Polygon","coordinates":[[[-69.4022216796875,54.74278259277344],[-69.67416381835938,54.771392822265625],[-69.67666625976562,54.831390380859375],[-69.77222442626953,54.84832763671875],[-69.64944458007812,54.83721923828125],[-69.6161117553711,54.776947021484375],[-69.36166381835938,54.79472351074219],[-69.30944061279297,54.728607177734375],[-68.95722198486328,54.804443359375],[-69.13500213623047,54.67500305175781],[-69.24500274658203,54.72666931152344],[-69.40638732910156,54.665557861328125],[-69.4022216796875,54.74278259277344]]]}},{"type":"Feature","properties":{},"geometry":{"type":"Polygon","coordinates":[[[-92.54528045654297,29.8236083984375],[-92.39722442626953,29.784439086914062],[-92.40333557128906,29.724998474121094],[-92.50833129882812,29.683883666992188],[-92.62194061279297,29.78333282470703],[-92.54528045654297,29.8236083984375]]]}},{"type":"Feature","properties":{},"geometry":{"type":"Polygon","coordinates":[[[-94.2713851928711,47.513885498046875],[-94.06749725341797,47.45500183105469],[-94.2236099243164,47.35221862792969],[-94.33499908447266,47.40833282470703],[-94.2713851928711,47.513885498046875]]]}},{"type":"Feature","properties":{},"geometry":{"type":"Polygon","coordinates":[[[-68.36000061035156,49.69944763183594],[-68.38361358642578,49.44111633300781],[-68.3419418334961,49.33055114746094],[-68.42888641357422,49.40110778808594],[-68.43861389160156,49.587501525878906],[-68.54861450195312,49.679718017578125],[-68.42888641357422,49.63055419921875],[-68.45222473144531,49.7308349609375],[-68.28138732910156,49.75138854980469],[-68.36000061035156,49.69944763183594]]]}},{"type":"Feature","properties":{},"geometry":{"type":"Polygon","coordinates":[[[-80.1138916015625,47.200836181640625],[-80.05249786376953,47.01166534423828],[-79.9566650390625,46.97332763671875],[-80.0513916015625,46.8427734375],[-80.11528015136719,46.91389465332031],[-80.12694549560547,46.80528259277344],[-80.1138916015625,47.200836181640625]]]}},{"type":"Feature","properties":{},"geometry":{"type":"Polygon","coordinates":[[[-102.40777587890625,61.304443359375],[-102.39694213867188,61.40306091308594],[-102.30694580078125,61.423614501953125],[-102.03333282470703,61.38694763183594],[-102.12166595458984,61.325279235839844],[-102.30889129638672,61.36277770996094],[-102.28083038330078,61.31666564941406],[-102.35861206054688,61.26666259765625],[-102.22972106933594,61.24333190917969],[-102.22528076171875,61.12861633300781],[-102.40777587890625,61.304443359375]]]}},{"type":"Feature","properties":{},"geometry":{"type":"Polygon","coordinates":[[[-95.57749938964844,55.61944580078125],[-95.68555450439453,55.45166778564453],[-95.92138671875,55.407501220703125],[-95.90972137451172,55.49805450439453],[-95.73833465576172,55.53916931152344],[-95.83721923828125,55.56083679199219],[-95.57749938964844,55.61944580078125]]]}},{"type":"Feature","properties":{},"geometry":{"type":"Polygon","coordinates":[[[-97.82694244384766,60.97083282470703],[-97.54861450195312,60.99444580078125],[-97.59027862548828,60.88471984863281],[-97.51055908203125,60.845001220703125],[-97.78277587890625,60.82805633544922],[-97.71138763427734,60.896392822265625],[-97.81944274902344,60.905555725097656],[-97.76139068603516,60.94749450683594],[-97.82694244384766,60.97083282470703]]]}},{"type":"Feature","properties":{},"geometry":{"type":"Polygon","coordinates":[[[-73.77333068847656,59.05583190917969],[-73.85778045654297,59.053611755371094],[-73.81138610839844,58.95750427246094],[-74.18916320800781,59.051109313964844],[-74.04750061035156,59.065834045410156],[-74.18277740478516,59.128334045410156],[-74.14055633544922,59.14805603027344],[-73.77333068847656,59.05583190917969]]]}},{"type":"Feature","properties":{},"geometry":{"type":"Polygon","coordinates":[[[-73.17888641357422,57.51972198486328],[-72.83528137207031,57.437225341796875],[-73.49055480957031,57.39472198486328],[-73.0999984741211,57.4486083984375],[-73.17888641357422,57.51972198486328]]]}},{"type":"Feature","properties":{},"geometry":{"type":"Polygon","coordinates":[[[-71.72750091552734,59.71638488769531],[-72.02694702148438,59.540000915527344],[-72.07749938964844,59.34889221191406],[-72.11444091796875,59.541107177734375],[-71.95222473144531,59.62388610839844],[-71.9736099243164,59.67889404296875],[-71.72750091552734,59.71638488769531]]]}},{"type":"Feature","properties":{},"geometry":{"type":"Polygon","coordinates":[[[-114.8486099243164,64.34139251708984],[-115.33944702148438,64.07638549804688],[-115.38555908203125,64.08472442626953],[-115.26139068603516,64.225830078125],[-115.48027801513672,64.25138854980469],[-115.12638854980469,64.25194549560547],[-114.92527770996094,64.37166595458984],[-114.8486099243164,64.34139251708984]]]}},{"type":"Feature","properties":{},"geometry":{"type":"Polygon","coordinates":[[[-105.78221893310547,55.49305725097656],[-106.04499816894531,55.322776794433594],[-106.27666473388672,55.34611511230469],[-106.00833129882812,55.478607177734375],[-105.78221893310547,55.49305725097656]]]}},{"type":"Feature","properties":{},"geometry":{"type":"Polygon","coordinates":[[[-90.18000030517578,29.830276489257812],[-90.2205581665039,29.798049926757812],[-90.15333557128906,29.741668701171875],[-90.34083557128906,29.683883666992188],[-90.2330551147461,29.79027557373047],[-90.28778076171875,29.838058471679688],[-90.18000030517578,29.830276489257812]]]}},{"type":"Feature","properties":{},"geometry":{"type":"Polygon","coordinates":[[[-60.98944091796875,8.58416748046875],[-61.041107177734375,8.512779235839844],[-61.266387939453125,8.509170532226562],[-61.217498779296875,8.572502136230469],[-61.12916564941406,8.531387329101562],[-61.086387634277344,8.609169006347656],[-60.98944091796875,8.58416748046875]]]}},{"type":"Feature","properties":{},"geometry":{"type":"Polygon","coordinates":[[[-95.88555908203125,63.649444580078125],[-96.0522232055664,63.62055969238281],[-96.59278106689453,63.56916809082031],[-96.9486083984375,63.63417053222656],[-96.90083312988281,63.678611755371094],[-96.73222351074219,63.60417175292969],[-96.06916809082031,63.674163818359375],[-95.88555908203125,63.649444580078125]]]}},{"type":"Feature","properties":{},"geometry":{"type":"Polygon","coordinates":[[[-74.19667053222656,47.43194580078125],[-74.1441650390625,47.36888885498047],[-74.26055908203125,47.40888977050781],[-74.37333679199219,47.336387634277344],[-74.39221954345703,47.24360656738281],[-74.31416320800781,47.24000549316406],[-74.31583404541016,47.189720153808594],[-74.40611267089844,47.238609313964844],[-74.3902816772461,47.33555603027344],[-74.33444213867188,47.394439697265625],[-74.51472473144531,47.31611633300781],[-74.50917053222656,47.37750244140625],[-74.26944732666016,47.456390380859375],[-74.34583282470703,47.49278259277344],[-74.30805969238281,47.53388977050781],[-74.18638610839844,47.523887634277344],[-74.24082946777344,47.44972229003906],[-74.15499877929688,47.481666564941406],[-74.19667053222656,47.43194580078125]]]}},{"type":"Feature","properties":{},"geometry":{"type":"Polygon","coordinates":[[[-105.12694549560547,60.35749816894531],[-104.8597183227539,60.35833740234375],[-104.80889129638672,60.236114501953125],[-104.9558334350586,60.14778137207031],[-104.93444061279297,60.269439697265625],[-105.22833251953125,60.2933349609375],[-105.12694549560547,60.35749816894531]]]}},{"type":"Feature","properties":{},"geometry":{"type":"Polygon","coordinates":[[[-91.81805419921875,51.39971923828125],[-91.7611083984375,51.3316650390625],[-92.02305603027344,51.26055908203125],[-91.95916748046875,51.2994384765625],[-92.03221893310547,51.334442138671875],[-91.92444610595703,51.351112365722656],[-91.93277740478516,51.4324951171875],[-91.77083587646484,51.43194580078125],[-91.81805419921875,51.39971923828125]]]}},{"type":"Feature","properties":{},"geometry":{"type":"Polygon","coordinates":[[[-77.38111114501953,47.83583068847656],[-77.48805236816406,47.570281982421875],[-77.44444274902344,47.50194549560547],[-77.6361083984375,47.42083740234375],[-77.49888610839844,47.5897216796875],[-77.66999816894531,47.49360656738281],[-77.6683349609375,47.60777282714844],[-77.52861022949219,47.66444396972656],[-77.62194061279297,47.546112060546875],[-77.49749755859375,47.63221740722656],[-77.38111114501953,47.83583068847656]]]}},{"type":"Feature","properties":{},"geometry":{"type":"Polygon","coordinates":[[[-81.67388916015625,29.508888244628906],[-81.53360748291016,29.294166564941406],[-81.55972290039062,29.199722290039062],[-81.67805480957031,29.31055450439453],[-81.67388916015625,29.508888244628906]]]}},{"type":"Feature","properties":{},"geometry":{"type":"Polygon","coordinates":[[[-76.33611297607422,49.511390686035156],[-76.48500061035156,49.475830078125],[-76.67277526855469,49.47999572753906],[-76.44833374023438,49.52166748046875],[-76.45471954345703,49.589996337890625],[-76.5433349609375,49.61000061035156],[-76.5022201538086,49.67583465576172],[-76.33611297607422,49.511390686035156]]]}},{"type":"Feature","properties":{},"geometry":{"type":"Polygon","coordinates":[[[-110.0522232055664,69.02749633789062],[-110.51805877685547,69.00138854980469],[-110.84583282470703,69.0777816772461],[-110.41944122314453,69.06444549560547],[-110.21639251708984,69.13055419921875],[-110.09527587890625,69.12222290039062],[-110.19721984863281,69.0727767944336],[-110.0522232055664,69.02749633789062]]]}},{"type":"Feature","properties":{},"geometry":{"type":"Polygon","coordinates":[[[-110.16361236572266,63.59166717529297],[-109.72833251953125,63.744720458984375],[-109.61305236816406,63.728057861328125],[-109.79805755615234,63.4969482421875],[-109.88471984863281,63.594444274902344],[-109.80278015136719,63.697776794433594],[-109.9749984741211,63.56805419921875],[-110.01416778564453,63.63722229003906],[-110.16361236572266,63.59166717529297]]]}},{"type":"Feature","properties":{},"geometry":{"type":"Polygon","coordinates":[[[-106.1338882446289,59.092498779296875],[-106.51944732666016,59.065277099609375],[-106.65499877929688,59.09944152832031],[-106.31861114501953,59.111663818359375],[-106.4977798461914,59.160552978515625],[-106.27972412109375,59.19416809082031],[-106.1338882446289,59.092498779296875]]]}},{"type":"Feature","properties":{},"geometry":{"type":"Polygon","coordinates":[[[-159.6394500732422,66.46194458007812],[-159.95750427246094,66.41944122314453],[-159.9933319091797,66.49639129638672],[-160.12472534179688,66.49666595458984],[-160.14305114746094,66.53555297851562],[-159.84666442871094,66.55166625976562],[-159.6394500732422,66.46194458007812]]]}},{"type":"Feature","properties":{},"geometry":{"type":"Polygon","coordinates":[[[-93.32555389404297,53.10833740234375],[-93.58528137207031,53.09222412109375],[-93.67250061035156,53.195281982421875],[-93.47833251953125,53.19471740722656],[-93.32555389404297,53.10833740234375]]]}},{"type":"Feature","properties":{},"geometry":{"type":"Polygon","coordinates":[[[-124.17194366455078,51.450836181640625],[-124.0183334350586,51.28388977050781],[-124.03138732910156,51.06861114501953],[-124.06222534179688,51.23388671875],[-124.16944122314453,51.20361328125],[-124.09805297851562,51.26249694824219],[-124.21749877929688,51.43028259277344],[-124.21360778808594,51.53889465332031],[-124.18111419677734,51.575836181640625],[-124.17194366455078,51.450836181640625]]]}},{"type":"Feature","properties":{},"geometry":{"type":"Polygon","coordinates":[[[-109.54528045654297,56.55694580078125],[-109.43416595458984,56.46666717529297],[-109.50360870361328,56.34166717529297],[-109.5616683959961,56.39527893066406],[-109.51139068603516,56.50611114501953],[-109.66278076171875,56.453338623046875],[-109.7155532836914,56.557777404785156],[-109.54528045654297,56.55694580078125]]]}},{"type":"Feature","properties":{},"geometry":{"type":"Polygon","coordinates":[[[-118.15638732910156,63.07305908203125],[-118.34916687011719,62.98777770996094],[-118.3963851928711,63.024169921875],[-118.3013916015625,63.0755615234375],[-118.4808349609375,63.06971740722656],[-118.5213851928711,63.15083312988281],[-118.15916442871094,63.160552978515625],[-118.15638732910156,63.07305908203125]]]}},{"type":"Feature","properties":{},"geometry":{"type":"Polygon","coordinates":[[[-79.97694396972656,33.34693908691406],[-79.99138641357422,33.241111755371094],[-80.14250183105469,33.27555847167969],[-80.07749938964844,33.388885498046875],[-79.97694396972656,33.34693908691406]]]}},{"type":"Feature","properties":{},"geometry":{"type":"Polygon","coordinates":[[[-108.0905532836914,55.1602783203125],[-108.33694458007812,55.105560302734375],[-108.34750366210938,55.26361083984375],[-108.12805938720703,55.22083282470703],[-108.0905532836914,55.1602783203125]]]}},{"type":"Feature","properties":{},"geometry":{"type":"Polygon","coordinates":[[[-64.2397232055664,56.271942138671875],[-64.1763916015625,56.25111389160156],[-64.25971984863281,56.19361114501953],[-64.22000122070312,56.14027404785156],[-64.32111358642578,56.091949462890625],[-64.37666320800781,56.13555908203125],[-64.27666473388672,56.296112060546875],[-64.5875015258789,56.30083465576172],[-64.14778137207031,56.34222412109375],[-64.2397232055664,56.271942138671875]]]}},{"type":"Feature","properties":{},"geometry":{"type":"Polygon","coordinates":[[[-112.57416534423828,42.97972106933594],[-112.8183364868164,42.826942443847656],[-112.87916564941406,42.83055114746094],[-112.68499755859375,43.06944274902344],[-112.57416534423828,42.97972106933594]]]}},{"type":"Feature","properties":{},"geometry":{"type":"Polygon","coordinates":[[[-107.02916717529297,54.1380615234375],[-107.09249877929688,54.11250305175781],[-106.875,53.83833312988281],[-107.19055938720703,54.15777587890625],[-107.16805267333984,54.211387634277344],[-107.02916717529297,54.1380615234375]]]}},{"type":"Feature","properties":{},"geometry":{"type":"Polygon","coordinates":[[[-98.87972259521484,58.90666198730469],[-98.75389099121094,59.01249694824219],[-98.7933349609375,58.948333740234375],[-98.7227783203125,58.87944030761719],[-98.4991683959961,58.85527801513672],[-98.63166809082031,58.75721740722656],[-98.64221954345703,58.84138488769531],[-98.81694030761719,58.8236083984375],[-98.87972259521484,58.90666198730469]]]}},{"type":"Feature","properties":{},"geometry":{"type":"Polygon","coordinates":[[[-93.50194549560547,54.15055847167969],[-93.88999938964844,54.11000061035156],[-93.9808349609375,54.154449462890625],[-93.7699966430664,54.24805450439453],[-93.78277587890625,54.18583679199219],[-93.50194549560547,54.15055847167969]]]}},{"type":"Feature","properties":{},"geometry":{"type":"Polygon","coordinates":[[[-91.78722381591797,49.04638671875],[-91.86582946777344,49.062774658203125],[-92.06610870361328,48.97083282470703],[-91.93638610839844,49.06889343261719],[-91.95361328125,49.198890686035156],[-91.81610870361328,49.087501525878906],[-91.75694274902344,49.11083221435547],[-91.78722381591797,49.04638671875]]]}},{"type":"Feature","properties":{},"geometry":{"type":"Polygon","coordinates":[[[-71.29277801513672,43.679718017578125],[-71.29138946533203,43.609161376953125],[-71.1986083984375,43.58305358886719],[-71.24222564697266,43.484161376953125],[-71.46833038330078,43.62944030761719],[-71.41444396972656,43.65361022949219],[-71.44805908203125,43.70750427246094],[-71.3277816772461,43.671112060546875],[-71.4094467163086,43.723052978515625],[-71.29277801513672,43.679718017578125]]]}},{"type":"Feature","properties":{},"geometry":{"type":"Polygon","coordinates":[[[-97.93638610839844,56.6441650390625],[-97.88444519042969,56.461387634277344],[-98.13694763183594,56.486114501953125],[-97.99555969238281,56.55389404296875],[-98.05750274658203,56.63111114501953],[-97.93638610839844,56.6441650390625]]]}},{"type":"Feature","properties":{},"geometry":{"type":"Polygon","coordinates":[[[-71.81861114501953,53.64166259765625],[-71.71778106689453,53.5494384765625],[-71.88805389404297,53.522216796875],[-71.72888946533203,53.49583435058594],[-71.90777587890625,53.41389465332031],[-72.00333404541016,53.491943359375],[-71.91889190673828,53.540557861328125],[-72.0352783203125,53.5897216796875],[-71.85832977294922,53.57805633544922],[-71.81861114501953,53.64166259765625]]]}},{"type":"Feature","properties":{},"geometry":{"type":"Polygon","coordinates":[[[-56.50917053222656,48.84138488769531],[-56.84722137451172,48.717498779296875],[-57.03582763671875,48.572776794433594],[-57.18638610839844,48.55027770996094],[-56.83027648925781,48.77667236328125],[-56.50917053222656,48.84138488769531]]]}},{"type":"Feature","properties":{},"geometry":{"type":"Polygon","coordinates":[[[-75.32833099365234,60.45277404785156],[-75.25444030761719,60.42583465576172],[-75.34944152832031,60.39055633544922],[-75.21444702148438,60.31944274902344],[-75.30972290039062,60.27667236328125],[-75.38916778564453,60.39860534667969],[-75.54027557373047,60.447776794433594],[-75.27999877929688,60.51750183105469],[-75.32833099365234,60.45277404785156]]]}},{"type":"Feature","properties":{},"geometry":{"type":"Polygon","coordinates":[[[-90.3066635131836,50.55083465576172],[-90.37860870361328,50.40777587890625],[-90.55332946777344,50.37750244140625],[-90.37999725341797,50.591949462890625],[-90.3066635131836,50.55083465576172]]]}},{"type":"Feature","properties":{},"geometry":{"type":"Polygon","coordinates":[[[-119.13516235351562,37.97900390625],[-119.0250473022461,38.07255554199219],[-118.90966796875,38.02471923828125],[-119.01176452636719,37.94206237792969],[-119.13516235351562,37.97900390625]]]}},{"type":"Feature","properties":{},"geometry":{"type":"Polygon","coordinates":[[[-76.66999816894531,50.415000915527344],[-76.80889129638672,50.27833557128906],[-76.73388671875,50.274169921875],[-76.7699966430664,50.223609924316406],[-76.96778106689453,50.14055633544922],[-76.8125,50.147499084472656],[-77.05889129638672,50.0433349609375],[-76.73583221435547,50.40416717529297],[-76.66999816894531,50.415000915527344]]]}},{"type":"Feature","properties":{},"geometry":{"type":"Polygon","coordinates":[[[-111.2219467163086,58.57305908203125],[-111.46944427490234,58.561668395996094],[-111.52388763427734,58.62611389160156],[-111.66972351074219,58.61000061035156],[-111.49444580078125,58.698333740234375],[-111.2219467163086,58.57305908203125]]]}},{"type":"Feature","properties":{},"geometry":{"type":"Polygon","coordinates":[[[-76.11805725097656,43.252777099609375],[-75.7286148071289,43.220001220703125],[-75.90528106689453,43.171661376953125],[-76.11805725097656,43.252777099609375]]]}},{"type":"Feature","properties":{},"geometry":{"type":"Polygon","coordinates":[[[-95.97444152832031,64.56805419921875],[-95.9124984741211,64.4588851928711],[-96.03138732910156,64.49361419677734],[-95.95500183105469,64.52833557128906],[-96.00638580322266,64.55694580078125],[-96.17972564697266,64.51805877685547],[-96.22083282470703,64.59361267089844],[-96.1763916015625,64.65333557128906],[-95.8324966430664,64.61582946777344],[-95.97444152832031,64.56805419921875]]]}},{"type":"Feature","properties":{},"geometry":{"type":"Polygon","coordinates":[[[-113.1897201538086,62.97833251953125],[-113.29138946533203,62.89860534667969],[-113.37194061279297,62.945831298828125],[-113.07305908203125,63.26555633544922],[-113.1897201538086,62.97833251953125]]]}},{"type":"Feature","properties":{},"geometry":{"type":"Polygon","coordinates":[[[-71.27222442626953,50.28138732910156],[-71.23416900634766,50.12694549560547],[-71.13805389404297,50.07722473144531],[-71.19166564941406,50.012779235839844],[-71.26361083984375,50.06999969482422],[-71.20417022705078,49.99000549316406],[-71.25694274902344,49.91139221191406],[-71.24888610839844,50.014442443847656],[-71.34083557128906,50.063331604003906],[-71.27222442626953,50.28138732910156]]]}},{"type":"Feature","properties":{},"geometry":{"type":"Polygon","coordinates":[[[-97.16000366210938,60.261390686035156],[-97.49500274658203,60.45361328125],[-97.53500366210938,60.45777893066406],[-97.43611145019531,60.50444030761719],[-97.02749633789062,60.31416320800781],[-97.16000366210938,60.261390686035156]]]}},{"type":"Feature","properties":{},"geometry":{"type":"Polygon","coordinates":[[[-102.34972381591797,62.22138977050781],[-102.38805389404297,62.34166717529297],[-102.21055603027344,62.382781982421875],[-102.0824966430664,62.385833740234375],[-102.06777954101562,62.323333740234375],[-102.34972381591797,62.22138977050781]]]}},{"type":"Feature","properties":{},"geometry":{"type":"Polygon","coordinates":[[[-95.7138900756836,55.16694641113281],[-96.0875015258789,55.092498779296875],[-96.43611145019531,55.101112365722656],[-95.7138900756836,55.16694641113281]]]}},{"type":"Feature","properties":{},"geometry":{"type":"Polygon","coordinates":[[[-92.43055725097656,54.358612060546875],[-92.4911117553711,54.40611267089844],[-92.61360931396484,54.31500244140625],[-92.70388793945312,54.393333435058594],[-92.59249877929688,54.48277282714844],[-92.55110931396484,54.426666259765625],[-92.40472412109375,54.4405517578125],[-92.43055725097656,54.358612060546875]]]}},{"type":"Feature","properties":{},"geometry":{"type":"Polygon","coordinates":[[[-79.95916748046875,70.29861450195312],[-79.85778045654297,70.23500061035156],[-79.67778015136719,70.23444366455078],[-79.82305908203125,70.22000122070312],[-79.79750061035156,70.1138916015625],[-80.20111083984375,70.2713851928711],[-79.95916748046875,70.29861450195312]]]}},{"type":"Feature","properties":{},"geometry":{"type":"Polygon","coordinates":[[[-85.10444641113281,52.29222106933594],[-85.21277618408203,52.234161376953125],[-85.30833435058594,52.30027770996094],[-85.2941665649414,52.40361022949219],[-85.10444641113281,52.29222106933594]]]}},{"type":"Feature","properties":{},"geometry":{"type":"Polygon","coordinates":[[[-67.37444305419922,9.139724731445312],[-67.30472564697266,9.081947326660156],[-67.383056640625,8.951667785644531],[-67.43472290039062,9.057502746582031],[-67.37444305419922,9.139724731445312]]]}},{"type":"Feature","properties":{},"geometry":{"type":"Polygon","coordinates":[[[-107.24166870117188,63.14111328125],[-106.86250305175781,63.3094482421875],[-106.49305725097656,63.298057556152344],[-107.24166870117188,63.14111328125]]]}},{"type":"Feature","properties":{},"geometry":{"type":"Polygon","coordinates":[[[-99.30166625976562,58.84388732910156],[-99.48833465576172,59.00721740722656],[-99.16055297851562,58.915000915527344],[-99.02777862548828,59.02000427246094],[-98.97721862792969,58.942222595214844],[-99.30166625976562,58.84388732910156]]]}},{"type":"Feature","properties":{},"geometry":{"type":"Polygon","coordinates":[[[-80.14778137207031,50.45166778564453],[-80.16527557373047,50.162498474121094],[-80.19055938720703,50.34416198730469],[-80.37694549560547,50.290000915527344],[-80.2308349609375,50.45249938964844],[-80.14778137207031,50.45166778564453]]]}},{"type":"Feature","properties":{},"geometry":{"type":"Polygon","coordinates":[[[-99.76166534423828,54.06138610839844],[-99.8941650390625,53.92889404296875],[-100.00555419921875,53.926109313964844],[-99.87083435058594,54.10472106933594],[-99.77388763427734,54.143333435058594],[-99.76166534423828,54.06138610839844]]]}},{"type":"Feature","properties":{},"geometry":{"type":"Polygon","coordinates":[[[-69.20027923583984,56.50361633300781],[-69.10778045654297,56.39805603027344],[-69.15027618408203,56.307777404785156],[-68.79305267333984,56.05528259277344],[-69.16860961914062,56.28416442871094],[-69.14389038085938,56.40333557128906],[-69.26638793945312,56.50361633300781],[-69.11582946777344,56.661109924316406],[-69.20027923583984,56.50361633300781]]]}},{"type":"Feature","properties":{},"geometry":{"type":"Polygon","coordinates":[[[-78.56694030761719,47.660552978515625],[-78.60138702392578,47.576942443847656],[-78.68805694580078,47.60333251953125],[-78.74444580078125,47.52861022949219],[-78.80110931396484,47.5736083984375],[-78.76222229003906,47.684165954589844],[-78.56694030761719,47.660552978515625]]]}},{"type":"Feature","properties":{},"geometry":{"type":"Polygon","coordinates":[[[-74.50694274902344,50.91139221191406],[-74.42472076416016,50.842498779296875],[-74.5072250366211,50.880828857421875],[-74.62361145019531,50.78277587890625],[-74.52444458007812,50.79694366455078],[-74.54833221435547,50.701385498046875],[-74.71138763427734,50.73527526855469],[-74.8691635131836,50.63861083984375],[-74.54805755615234,50.888336181640625],[-74.62889099121094,50.899444580078125],[-74.50694274902344,50.91139221191406]]]}},{"type":"Feature","properties":{},"geometry":{"type":"Polygon","coordinates":[[[-66.36444091796875,53.67555236816406],[-66.429443359375,53.76222229003906],[-66.4366683959961,53.63666534423828],[-66.51305389404297,53.663055419921875],[-66.53333282470703,53.904449462890625],[-66.45166778564453,53.918609619140625],[-66.36444091796875,53.67555236816406]]]}},{"type":"Feature","properties":{},"geometry":{"type":"Polygon","coordinates":[[[-112.75138854980469,65.44916534423828],[-113.04055786132812,65.46722412109375],[-113.008056640625,65.51750183105469],[-113.16166687011719,65.56749725341797],[-113.086669921875,65.6050033569336],[-112.88639068603516,65.50389099121094],[-112.76721954345703,65.586669921875],[-112.70111083984375,65.56388854980469],[-112.72944641113281,65.52278137207031],[-112.5736083984375,65.55500030517578],[-112.75138854980469,65.44916534423828]]]}},{"type":"Feature","properties":{},"geometry":{"type":"Polygon","coordinates":[[[-103.4927749633789,61.415283203125],[-103.19944763183594,61.69389343261719],[-103.12611389160156,61.636390686035156],[-103.3308334350586,61.531944274902344],[-103.41972351074219,61.370277404785156],[-103.4927749633789,61.415283203125]]]}},{"type":"Feature","properties":{},"geometry":{"type":"Polygon","coordinates":[[[-118.71055603027344,62.169166564941406],[-119.19889068603516,62.11805725097656],[-119.3419418334961,62.247222900390625],[-118.71055603027344,62.169166564941406]]]}},{"type":"Feature","properties":{},"geometry":{"type":"Polygon","coordinates":[[[-104.70500183105469,55.6119384765625],[-104.52249908447266,55.614723205566406],[-104.47305297851562,55.53944396972656],[-104.3294448852539,55.570281982421875],[-104.54277801513672,55.41749572753906],[-104.53500366210938,55.54138946533203],[-104.61666870117188,55.52471923828125],[-104.70500183105469,55.6119384765625]]]}},{"type":"Feature","properties":{},"geometry":{"type":"Polygon","coordinates":[[[-107.0808334350586,69.69694519042969],[-107.28111267089844,69.65638732910156],[-106.93805694580078,69.5250015258789],[-107.07666778564453,69.52166748046875],[-107.3277816772461,69.64555358886719],[-107.30860900878906,69.70388793945312],[-107.39833068847656,69.75166320800781],[-107.51444244384766,69.74472045898438],[-107.19305419921875,69.76972198486328],[-107.0808334350586,69.69694519042969]]]}},{"type":"Feature","properties":{},"geometry":{"type":"Polygon","coordinates":[[[-101.98055267333984,53.853607177734375],[-102.2027816772461,53.71888732910156],[-102.26472473144531,53.73638916015625],[-102.16500091552734,53.78166198730469],[-102.2205581665039,53.8236083984375],[-102.1722183227539,53.87055969238281],[-101.98055267333984,53.853607177734375]]]}},{"type":"Feature","properties":{},"geometry":{"type":"Polygon","coordinates":[[[-96.88166809082031,54.798057556152344],[-96.94277954101562,54.63249969482422],[-97.10888671875,54.674720764160156],[-97.09305572509766,54.737220764160156],[-96.88166809082031,54.798057556152344]]]}},{"type":"Feature","properties":{},"geometry":{"type":"Polygon","coordinates":[[[-99.42749786376953,54.0050048828125],[-99.28360748291016,53.94916534423828],[-99.36111450195312,53.82749938964844],[-99.27889251708984,53.818328857421875],[-99.33777618408203,53.713890075683594],[-99.46055603027344,53.775001525878906],[-99.38194274902344,53.87361145019531],[-99.42749786376953,54.0050048828125]]]}},{"type":"Feature","properties":{},"geometry":{"type":"Polygon","coordinates":[[[-125.12999725341797,65.38972473144531],[-125.49361419677734,65.49055480957031],[-125.44999694824219,65.52610778808594],[-125.56666564941406,65.5999984741211],[-125.28694152832031,65.53805541992188],[-125.12999725341797,65.38972473144531]]]}},{"type":"Feature","properties":{},"geometry":{"type":"Polygon","coordinates":[[[-70.14138793945312,53.764442443847656],[-70.13194274902344,53.662498474121094],[-70.06749725341797,53.679718017578125],[-70.1138916015625,53.64582824707031],[-70.03944396972656,53.66638946533203],[-70.03722381591797,53.60527801513672],[-69.88916778564453,53.516387939453125],[-69.90888977050781,53.49555969238281],[-69.78221893310547,53.46638488769531],[-69.84333038330078,53.445831298828125],[-70.05833435058594,53.538330078125],[-70.17028045654297,53.676666259765625],[-70.25305938720703,53.6380615234375],[-70.19444274902344,53.735557556152344],[-70.27305603027344,53.752777099609375],[-70.14138793945312,53.764442443847656]]]}},{"type":"Feature","properties":{},"geometry":{"type":"Polygon","coordinates":[[[-105.16972351074219,55.32611083984375],[-105.211669921875,55.28944396972656],[-105.5433349609375,55.22917175292969],[-105.49888610839844,55.34083557128906],[-105.16972351074219,55.32611083984375]]]}},{"type":"Feature","properties":{},"geometry":{"type":"Polygon","coordinates":[[[-104.46749877929688,69.71778106689453],[-104.6816635131836,69.72222137451172],[-104.89888763427734,69.85221862792969],[-104.43611145019531,69.84388732910156],[-104.58694458007812,69.77889251708984],[-104.32971954345703,69.81444549560547],[-104.46749877929688,69.71778106689453]]]}},{"type":"Feature","properties":{},"geometry":{"type":"Polygon","coordinates":[[[-99.17305755615234,64.25499725341797],[-99.2044448852539,64.19944763183594],[-99.44305419921875,64.0566635131836],[-99.45027923583984,64.2125015258789],[-99.18444061279297,64.27694702148438],[-99.00305938720703,64.25305938720703],[-99.17305755615234,64.25499725341797]]]}},{"type":"Feature","properties":{},"geometry":{"type":"Polygon","coordinates":[[[-120.20222473144531,47.9022216796875],[-120.23361206054688,48.000274658203125],[-120.46277618408203,48.06999969482422],[-120.66361236572266,48.33111572265625],[-120.43305969238281,48.07472229003906],[-120.2074966430664,48.008888244628906],[-120.1722183227539,47.91166687011719],[-120.05194091796875,47.880279541015625],[-120.20222473144531,47.9022216796875]]]}},{"type":"Feature","properties":{},"geometry":{"type":"Polygon","coordinates":[[[-67.76305389404297,45.7530517578125],[-67.60388946533203,45.62944030761719],[-67.47888946533203,45.695281982421875],[-67.42778015136719,45.595550537109375],[-67.65555572509766,45.61027526855469],[-67.8677749633789,45.73833465576172],[-67.76305389404297,45.7530517578125]]]}},{"type":"Feature","properties":{},"geometry":{"type":"Polygon","coordinates":[[[-99.83833312988281,54.86555480957031],[-99.73278045654297,54.81305694580078],[-99.84750366210938,54.640838623046875],[-99.95417022705078,54.81916809082031],[-99.83833312988281,54.86555480957031]]]}},{"type":"Feature","properties":{},"geometry":{"type":"Polygon","coordinates":[[[-65.97694396972656,46.04167175292969],[-65.8963851928711,46.0302734375],[-66.03250122070312,45.885276794433594],[-66.18555450439453,45.864723205566406],[-65.99555969238281,46.08027648925781],[-65.88944244384766,46.0927734375],[-65.97694396972656,46.04167175292969]]]}},{"type":"Feature","properties":{},"geometry":{"type":"Polygon","coordinates":[[[-118.12638854980469,49.62083435058594],[-118.04805755615234,49.419166564941406],[-117.89083099365234,49.320831298828125],[-118.13777923583984,49.47472381591797],[-118.16860961914062,49.63166809082031],[-118.09111022949219,49.79638671875],[-118.12638854980469,49.62083435058594]]]}},{"type":"Feature","properties":{},"geometry":{"type":"Polygon","coordinates":[[[-60.57194519042969,52.3155517578125],[-60.9505615234375,52.4727783203125],[-60.959442138671875,52.53361511230469],[-61.298057556152344,52.602500915527344],[-60.888885498046875,52.5494384765625],[-60.90110778808594,52.4888916015625],[-60.72193908691406,52.44972229003906],[-60.57194519042969,52.3155517578125]]]}},{"type":"Feature","properties":{},"geometry":{"type":"Polygon","coordinates":[[[-92.66166687011719,29.930831909179688],[-92.73916625976562,29.905555725097656],[-92.64527893066406,29.813331604003906],[-92.85194396972656,29.866111755371094],[-92.79528045654297,29.9727783203125],[-92.66166687011719,29.930831909179688]]]}},{"type":"Feature","properties":{},"geometry":{"type":"Polygon","coordinates":[[[-112.9911117553711,62.204444885253906],[-113.15777587890625,62.209716796875],[-113.12889099121094,62.26972198486328],[-113.28194427490234,62.24055480957031],[-113.13166809082031,62.40777587890625],[-113.03277587890625,62.239723205566406],[-112.9669418334961,62.27806091308594],[-112.9888916015625,62.36027526855469],[-112.87527465820312,62.345550537109375],[-112.9911117553711,62.204444885253906]]]}},{"type":"Feature","properties":{},"geometry":{"type":"Polygon","coordinates":[[[-88.06722259521484,53.49139404296875],[-88.1772232055664,53.56194305419922],[-88.33472442626953,53.54472351074219],[-88.27694702148438,53.62944030761719],[-88.10944366455078,53.65666198730469],[-88.07389068603516,53.53916931152344],[-88.0191650390625,53.575279235839844],[-88.06722259521484,53.49139404296875]]]}},{"type":"Feature","properties":{},"geometry":{"type":"Polygon","coordinates":[[[-80.63999938964844,46.718055725097656],[-80.75138854980469,46.679718017578125],[-80.83361053466797,46.74082946777344],[-80.74694061279297,46.802223205566406],[-80.62555694580078,46.760833740234375],[-80.53805541992188,46.85028076171875],[-80.63999938964844,46.718055725097656]]]}},{"type":"Feature","properties":{},"geometry":{"type":"Polygon","coordinates":[[[-106.60610961914062,64.30889129638672],[-106.7316665649414,64.20694732666016],[-106.8227767944336,64.25138854980469],[-106.80583190917969,64.32611083984375],[-106.9000015258789,64.28166961669922],[-106.89722442626953,64.34361267089844],[-107.07416534423828,64.39888763427734],[-106.9383316040039,64.36000061035156],[-106.7249984741211,64.445556640625],[-106.8419418334961,64.35111236572266],[-106.60610961914062,64.30889129638672]]]}},{"type":"Feature","properties":{},"geometry":{"type":"Polygon","coordinates":[[[-92.96138763427734,69.57305908203125],[-92.75111389160156,69.60832977294922],[-92.70944213867188,69.54750061035156],[-92.78722381591797,69.54666900634766],[-92.7925033569336,69.48416900634766],[-93.00917053222656,69.50277709960938],[-92.93555450439453,69.47416687011719],[-92.94416809082031,69.42361450195312],[-93.24082946777344,69.45388793945312],[-93.14221954345703,69.508056640625],[-93.25055694580078,69.47555541992188],[-92.96138763427734,69.57305908203125]]]}},{"type":"Feature","properties":{},"geometry":{"type":"Polygon","coordinates":[[[-163.51693725585938,61.234161376953125],[-163.82888793945312,61.13055419921875],[-163.72805786132812,61.12555694580078],[-163.78582763671875,61.052223205566406],[-163.94139099121094,61.12889099121094],[-163.93167114257812,61.18916320800781],[-163.77166748046875,61.231666564941406],[-163.51693725585938,61.234161376953125]]]}},{"type":"Feature","properties":{},"geometry":{"type":"Polygon","coordinates":[[[-90.57444763183594,50.133331298828125],[-90.7388916015625,50.01499938964844],[-90.81944274902344,50.07972717285156],[-90.68055725097656,50.160003662109375],[-90.57444763183594,50.133331298828125]]]}},{"type":"Feature","properties":{},"geometry":{"type":"Polygon","coordinates":[[[-64.78722381591797,51.29888916015625],[-64.64111328125,51.102500915527344],[-64.62777709960938,50.94111633300781],[-64.51388549804688,50.86805725097656],[-64.58805847167969,50.8447265625],[-64.57611083984375,50.69389343261719],[-64.70249938964844,51.01249694824219],[-64.67194366455078,51.09222412109375],[-64.8125,51.23194885253906],[-64.78722381591797,51.29888916015625]]]}},{"type":"Feature","properties":{},"geometry":{"type":"Polygon","coordinates":[[[-115.71360778808594,46.882781982421875],[-115.913330078125,46.81999969482422],[-116.0294418334961,46.64250183105469],[-116.12833404541016,46.61083221435547],[-116.26860809326172,46.6199951171875],[-116.24082946777344,46.5594482421875],[-116.31222534179688,46.523887634277344],[-116.2780532836914,46.630279541015625],[-116.04138946533203,46.67083740234375],[-115.91083526611328,46.87444305419922],[-115.71360778808594,46.882781982421875]]]}},{"type":"Feature","properties":{},"geometry":{"type":"Polygon","coordinates":[[[-106.56610870361328,62.856109619140625],[-106.02361297607422,62.84916687011719],[-106.25333404541016,62.766387939453125],[-106.56610870361328,62.856109619140625]]]}},{"type":"Feature","properties":{},"geometry":{"type":"Polygon","coordinates":[[[-65.07971954345703,44.25917053222656],[-65.1161117553711,44.21833801269531],[-65.04499816894531,44.19305419921875],[-64.94805908203125,44.24749755859375],[-65.0536117553711,44.13861083984375],[-65.20388793945312,44.16583251953125],[-65.16139221191406,44.26611328125],[-65.07971954345703,44.25917053222656]]]}},{"type":"Feature","properties":{},"geometry":{"type":"Polygon","coordinates":[[[-70.18499755859375,53.924163818359375],[-70.22250366210938,53.84693908691406],[-70.0824966430664,53.86888885498047],[-70.33472442626953,53.75666809082031],[-70.37860870361328,53.848609924316406],[-70.18499755859375,53.924163818359375]]]}},{"type":"Feature","properties":{},"geometry":{"type":"Polygon","coordinates":[[[-108.85166931152344,65.4022216796875],[-108.69194030761719,65.4302749633789],[-108.68694305419922,65.38027954101562],[-109.1419448852539,65.37000274658203],[-109.1661148071289,65.46611022949219],[-108.89722442626953,65.4808349609375],[-108.85166931152344,65.4022216796875]]]}},{"type":"Feature","properties":{},"geometry":{"type":"Polygon","coordinates":[[[-97.05305480957031,62.95222473144531],[-96.98249816894531,63.02111053466797],[-96.90416717529297,63.02166748046875],[-96.95138549804688,63.06361389160156],[-96.81416320800781,63.022499084472656],[-96.86194610595703,62.93055725097656],[-96.72333526611328,62.83361053466797],[-96.92138671875,62.848052978515625],[-96.8963851928711,62.88972473144531],[-97.05305480957031,62.95222473144531]]]}},{"type":"Feature","properties":{},"geometry":{"type":"Polygon","coordinates":[[[-137.5016632080078,61.59361267089844],[-137.07249450683594,61.44721984863281],[-136.98306274414062,61.18944549560547],[-137.12277221679688,61.41389465332031],[-137.5016632080078,61.59361267089844]]]}},{"type":"Feature","properties":{},"geometry":{"type":"Polygon","coordinates":[[[-90.68389129638672,50.853057861328125],[-90.87222290039062,50.76777648925781],[-90.9463882446289,50.72944641113281],[-90.9030532836914,50.86639404296875],[-90.68389129638672,50.853057861328125]]]}},{"type":"Feature","properties":{},"geometry":{"type":"Polygon","coordinates":[[[-77.99082946777344,36.53472137451172],[-77.87166595458984,36.57972717285156],[-77.65833282470703,36.483612060546875],[-77.929443359375,36.47444152832031],[-78.16278076171875,36.573890686035156],[-78.0374984741211,36.603057861328125],[-77.99082946777344,36.53472137451172]]]}},{"type":"Feature","properties":{},"geometry":{"type":"Polygon","coordinates":[[[-105.73139190673828,59.763336181640625],[-105.61972045898438,59.869171142578125],[-105.73332977294922,59.888885498046875],[-105.73527526855469,59.954444885253906],[-105.53166961669922,60.005279541015625],[-105.56583404541016,59.79638671875],[-105.70194244384766,59.723052978515625],[-105.73139190673828,59.763336181640625]]]}},{"type":"Feature","properties":{},"geometry":{"type":"Polygon","coordinates":[[[-75.41000366210938,69.61528015136719],[-75.30944061279297,69.66388702392578],[-75.41638946533203,69.52527618408203],[-75.2227783203125,69.53500366210938],[-75.82167053222656,69.40833282470703],[-75.58916473388672,69.51388549804688],[-75.7308349609375,69.51055908203125],[-75.73249816894531,69.56305694580078],[-75.49305725097656,69.5625],[-75.42666625976562,69.70999908447266],[-75.41000366210938,69.61528015136719]]]}},{"type":"Feature","properties":{},"geometry":{"type":"Polygon","coordinates":[[[-98.59111022949219,54.20611572265625],[-98.7411117553711,54.24805450439453],[-98.31111145019531,54.341949462890625],[-98.34139251708984,54.31388854980469],[-98.59111022949219,54.20611572265625]]]}},{"type":"Feature","properties":{},"geometry":{"type":"Polygon","coordinates":[[[-76.28360748291016,52.52360534667969],[-76.18416595458984,52.570831298828125],[-76.08555603027344,52.5302734375],[-76.4830551147461,52.42527770996094],[-76.31694030761719,52.536109924316406],[-76.38277435302734,52.584999084472656],[-76.28360748291016,52.52360534667969]]]}},{"type":"Feature","properties":{},"geometry":{"type":"Polygon","coordinates":[[[-94.61972045898438,50.35221862792969],[-94.77194213867188,50.269439697265625],[-95.07555389404297,50.29222106933594],[-94.97083282470703,50.36083221435547],[-94.80110931396484,50.304718017578125],[-94.76777648925781,50.39805603027344],[-94.61972045898438,50.35221862792969]]]}},{"type":"Feature","properties":{},"geometry":{"type":"Polygon","coordinates":[[[-71.33860778808594,58.749725341796875],[-71.71888732910156,58.777496337890625],[-71.78166961669922,58.663055419921875],[-71.92250061035156,58.738609313964844],[-71.80388641357422,58.83250427246094],[-71.3691635131836,58.8155517578125],[-71.33860778808594,58.749725341796875]]]}},{"type":"Feature","properties":{},"geometry":{"type":"Polygon","coordinates":[[[-92.55694580078125,52.22833251953125],[-92.77111053466797,52.14805603027344],[-92.71055603027344,52.22332763671875],[-92.84972381591797,52.263885498046875],[-92.50694274902344,52.323890686035156],[-92.55694580078125,52.22833251953125]]]}},{"type":"Feature","properties":{},"geometry":{"type":"Polygon","coordinates":[[[-76.89778137207031,48.80278015136719],[-77.00389099121094,48.64666748046875],[-77.18611145019531,48.431671142578125],[-77.04666900634766,48.726112365722656],[-77.11944580078125,48.7994384765625],[-77.10778045654297,48.82972717285156],[-77.03694152832031,48.73638916015625],[-76.89778137207031,48.80278015136719]]]}},{"type":"Feature","properties":{},"geometry":{"type":"Polygon","coordinates":[[[-109.86555480957031,28.104446411132812],[-109.80083465576172,28.070556640625],[-109.75611114501953,27.983055114746094],[-109.8419418334961,27.81999969482422],[-109.91416931152344,27.841110229492188],[-109.91777801513672,27.95861053466797],[-109.87083435058594,27.90583038330078],[-109.78971862792969,27.989715576171875],[-109.86555480957031,28.104446411132812]]]}},{"type":"Feature","properties":{},"geometry":{"type":"Polygon","coordinates":[[[-125.36194610595703,49.99638366699219],[-125.50194549560547,50.00694274902344],[-125.63583374023438,49.90027618408203],[-125.4991683959961,49.635833740234375],[-125.54277801513672,49.5675048828125],[-125.68277740478516,49.888336181640625],[-125.58528137207031,50.00749969482422],[-125.42583465576172,50.040283203125],[-125.36194610595703,49.99638366699219]]]}},{"type":"Feature","properties":{},"geometry":{"type":"Polygon","coordinates":[[[-69.41666412353516,46.09972381591797],[-69.366943359375,46.14027404785156],[-69.31555938720703,45.956390380859375],[-69.18444061279297,45.887779235839844],[-69.2933349609375,45.9052734375],[-69.28250122070312,45.830833435058594],[-69.36194610595703,45.90027618408203],[-69.35333251953125,45.98944091796875],[-69.50861358642578,46.17583465576172],[-69.41666412353516,46.09972381591797]]]}},{"type":"Feature","properties":{},"geometry":{"type":"Polygon","coordinates":[[[-101.31194305419922,56.35944366455078],[-101.51777648925781,56.286109924316406],[-101.54944610595703,56.1572265625],[-101.4808349609375,56.1119384765625],[-101.5352783203125,56.07110595703125],[-101.64305877685547,56.16389465332031],[-101.57472229003906,56.306671142578125],[-101.31194305419922,56.35944366455078]]]}},{"type":"Feature","properties":{},"geometry":{"type":"Polygon","coordinates":[[[-103.57472229003906,62.36750030517578],[-103.64833068847656,62.3800048828125],[-103.52444458007812,62.410003662109375],[-103.55722045898438,62.47972106933594],[-103.40416717529297,62.4405517578125],[-103.64138793945312,62.27278137207031],[-103.67305755615234,62.330833435058594],[-103.57472229003906,62.36750030517578]]]}},{"type":"Feature","properties":{},"geometry":{"type":"Polygon","coordinates":[[[-102.49972534179688,54.39250183105469],[-102.87527465820312,54.30860900878906],[-102.89694213867188,54.34388732910156],[-102.68888854980469,54.41999816894531],[-102.49972534179688,54.39250183105469]]]}},{"type":"Feature","properties":{},"geometry":{"type":"Polygon","coordinates":[[[-90.76555633544922,49.97444152832031],[-91.0838851928711,49.833892822265625],[-91.17444610595703,49.844444274902344],[-91.03805541992188,49.93611145019531],[-90.76555633544922,49.97444152832031]]]}},{"type":"Feature","properties":{},"geometry":{"type":"Polygon","coordinates":[[[-98.98194122314453,56.74000549316406],[-98.74666595458984,56.73138427734375],[-98.83055877685547,56.676666259765625],[-98.72444152832031,56.64971923828125],[-98.85888671875,56.62444305419922],[-99.10194396972656,56.70916748046875],[-98.94999694824219,56.81305694580078],[-98.98194122314453,56.74000549316406]]]}},{"type":"Feature","properties":{},"geometry":{"type":"Polygon","coordinates":[[[-89.8963851928711,44.25138854980469],[-90.00444030761719,44.052223205566406],[-89.93722534179688,43.97111511230469],[-89.9477767944336,43.85221862792969],[-90.05416870117188,43.93360900878906],[-89.9800033569336,43.964447021484375],[-90.04444122314453,44.110557556152344],[-89.8963851928711,44.25138854980469]]]}},{"type":"Feature","properties":{},"geometry":{"type":"Polygon","coordinates":[[[-122.7861099243164,67.475830078125],[-122.43638610839844,67.5455551147461],[-122.20500183105469,67.5441665649414],[-122.21527862548828,67.44889068603516],[-122.7861099243164,67.475830078125]]]}},{"type":"Feature","properties":{},"geometry":{"type":"Polygon","coordinates":[[[-76.06194305419922,44.9022216796875],[-76.3102798461914,44.695556640625],[-76.33638763427734,44.601112365722656],[-76.3919448852539,44.620277404785156],[-76.34444427490234,44.6875],[-76.43138885498047,44.70111083984375],[-76.06194305419922,44.9022216796875]]]}},{"type":"Feature","properties":{},"geometry":{"type":"Polygon","coordinates":[[[-110.29083251953125,63.74388885498047],[-110.41889190673828,63.793060302734375],[-110.14527893066406,63.834442138671875],[-110.01277923583984,63.74278259277344],[-110.30750274658203,63.69444274902344],[-110.29083251953125,63.74388885498047]]]}},{"type":"Feature","properties":{},"geometry":{"type":"Polygon","coordinates":[[[-112.77278137207031,69.99361419677734],[-112.33222198486328,69.93000030517578],[-112.65916442871094,69.9022216796875],[-112.39833068847656,69.86972045898438],[-112.49166870117188,69.84805297851562],[-112.8661117553711,69.875],[-112.71138763427734,69.90694427490234],[-112.77278137207031,69.99361419677734]]]}},{"type":"Feature","properties":{},"geometry":{"type":"Polygon","coordinates":[[[-96.97944641113281,58.24444580078125],[-97.04138946533203,58.21028137207031],[-97.0111083984375,58.113609313964844],[-97.14971923828125,57.92694091796875],[-97.12249755859375,58.21583557128906],[-96.97944641113281,58.24444580078125]]]}},{"type":"Feature","properties":{},"geometry":{"type":"Polygon","coordinates":[[[-96.7027816772461,58.924720764160156],[-96.6763916015625,58.97721862792969],[-96.52972412109375,58.9102783203125],[-96.31361389160156,58.92694091796875],[-96.53138732910156,58.833892822265625],[-96.7027816772461,58.924720764160156]]]}},{"type":"Feature","properties":{},"geometry":{"type":"Polygon","coordinates":[[[-81.30332946777344,27.9888916015625],[-81.22166442871094,27.891944885253906],[-81.18305969238281,27.773056030273438],[-81.34500122070312,27.94305419921875],[-81.30332946777344,27.9888916015625]]]}},{"type":"Feature","properties":{},"geometry":{"type":"Polygon","coordinates":[[[-106.7388916015625,59.135833740234375],[-107.21861267089844,59.119171142578125],[-107.26444244384766,59.17694091796875],[-107.13666534423828,59.2177734375],[-106.7388916015625,59.135833740234375]]]}},{"type":"Feature","properties":{},"geometry":{"type":"Polygon","coordinates":[[[-66.55194091796875,57.5494384765625],[-66.58583068847656,57.46861267089844],[-66.53250122070312,57.42250061035156],[-66.59638977050781,57.38194274902344],[-66.66860961914062,57.41389465332031],[-66.61833190917969,57.491111755371094],[-66.66388702392578,57.56138610839844],[-66.74361419677734,57.488609313964844],[-66.83777618408203,57.5494384765625],[-66.68499755859375,57.619171142578125],[-66.55194091796875,57.5494384765625]]]}},{"type":"Feature","properties":{},"geometry":{"type":"Polygon","coordinates":[[[-116.85778045654297,68.34111022949219],[-116.49361419677734,68.24610900878906],[-116.59249877929688,68.16999816894531],[-116.91555786132812,68.26721954345703],[-116.82833099365234,68.28388977050781],[-116.85778045654297,68.34111022949219]]]}},{"type":"Feature","properties":{},"geometry":{"type":"Polygon","coordinates":[[[-96.0361099243164,53.988609313964844],[-95.8647232055664,53.91278076171875],[-95.9433364868164,53.848609924316406],[-96.22250366210938,53.89860534667969],[-96.0361099243164,53.988609313964844]]]}},{"type":"Feature","properties":{},"geometry":{"type":"Polygon","coordinates":[[[-101.85639190673828,56.38916778564453],[-101.99444580078125,56.22083282470703],[-102.06944274902344,56.25611114501953],[-101.97083282470703,56.4022216796875],[-101.85639190673828,56.38916778564453]]]}},{"type":"Feature","properties":{},"geometry":{"type":"Polygon","coordinates":[[[-86.54944610595703,49.7852783203125],[-86.79305267333984,49.56916809082031],[-87.09083557128906,49.252777099609375],[-86.9316635131836,49.48833465576172],[-86.54944610595703,49.7852783203125]]]}},{"type":"Feature","properties":{},"geometry":{"type":"Polygon","coordinates":[[[-64.99694061279297,53.790557861328125],[-64.39167022705078,53.690277099609375],[-64.29000091552734,53.602500915527344],[-64.99694061279297,53.790557861328125]]]}},{"type":"Feature","properties":{},"geometry":{"type":"Polygon","coordinates":[[[-103.79194641113281,58.69305419921875],[-103.56888580322266,58.6361083984375],[-103.66555786132812,58.53778076171875],[-103.8324966430664,58.56916809082031],[-103.75527954101562,58.65083312988281],[-103.79194641113281,58.69305419921875]]]}},{"type":"Feature","properties":{},"geometry":{"type":"Polygon","coordinates":[[[-120.14805603027344,42.723609924316406],[-120.2388916015625,42.53166198730469],[-120.23278045654297,42.73277282714844],[-120.14805603027344,42.723609924316406]]]}},{"type":"Feature","properties":{},"geometry":{"type":"Polygon","coordinates":[[[-76.71639251708984,42.73388671875],[-76.51944732666016,42.521392822265625],[-76.5088882446289,42.47166442871094],[-76.77111053466797,42.750831604003906],[-76.73722076416016,42.94721984863281],[-76.71639251708984,42.73388671875]]]}},{"type":"Feature","properties":{},"geometry":{"type":"Polygon","coordinates":[[[-98.92250061035156,26.288604736328125],[-99.02166748046875,26.057777404785156],[-98.9847183227539,26.19110870361328],[-99.10221862792969,26.156944274902344],[-99.1058349609375,26.235000610351562],[-98.95972442626953,26.221939086914062],[-98.92250061035156,26.288604736328125]]]}},{"type":"Feature","properties":{},"geometry":{"type":"Polygon","coordinates":[[[-82.31527709960938,47.41749572753906],[-82.20722198486328,47.20416259765625],[-82.13444519042969,47.276947021484375],[-82.19388580322266,47.11250305175781],[-82.27388763427734,47.24610900878906],[-82.46194458007812,47.19972229003906],[-82.2852783203125,47.258331298828125],[-82.31527709960938,47.41749572753906]]]}},{"type":"Feature","properties":{},"geometry":{"type":"Polygon","coordinates":[[[-103.40166473388672,56.99888610839844],[-103.27027893066406,56.9486083984375],[-103.4897232055664,56.76194763183594],[-103.524169921875,56.80055236816406],[-103.43722534179688,56.875274658203125],[-103.4816665649414,56.92277526855469],[-103.40166473388672,56.99888610839844]]]}},{"type":"Feature","properties":{},"geometry":{"type":"Polygon","coordinates":[[[-111.96971893310547,70.9705581665039],[-112.0888900756836,70.85028076171875],[-112.4263916015625,70.94889068603516],[-112.17749786376953,71.03472137451172],[-111.96971893310547,70.9705581665039]]]}},{"type":"Feature","properties":{},"geometry":{"type":"Polygon","coordinates":[[[-100.29472351074219,52.565277099609375],[-100.288330078125,52.36027526855469],[-100.37027740478516,52.394439697265625],[-100.38805389404297,52.5322265625],[-100.29472351074219,52.565277099609375]]]}},{"type":"Feature","properties":{},"geometry":{"type":"Polygon","coordinates":[[[-93.1866683959961,34.61750030517578],[-93.41944122314453,34.589996337890625],[-93.5058364868164,34.5594482421875],[-93.53416442871094,34.57249450683594],[-93.37444305419922,34.67277526855469],[-93.35694122314453,34.61305236816406],[-93.1866683959961,34.61750030517578]]]}},{"type":"Feature","properties":{},"geometry":{"type":"Polygon","coordinates":[[[-76.96639251708984,42.875274658203125],[-76.8638916015625,42.647216796875],[-76.87555694580078,42.39055633544922],[-76.96639251708984,42.875274658203125]]]}},{"type":"Feature","properties":{},"geometry":{"type":"Polygon","coordinates":[[[-146.26805114746094,62.00555419921875],[-146.42971801757812,61.896392822265625],[-146.4052734375,61.76805114746094],[-146.4844512939453,61.76055908203125],[-146.5399932861328,61.92694091796875],[-146.375,61.99055480957031],[-146.2802734375,62.013336181640625],[-146.26805114746094,62.00555419921875]]]}},{"type":"Feature","properties":{},"geometry":{"type":"Polygon","coordinates":[[[-136.09249877929688,60.4505615234375],[-136.3302764892578,60.34916687011719],[-136.07472229003906,60.25860595703125],[-136.0130615234375,60.208892822265625],[-136.02999877929688,60.163330078125],[-136.181396484375,60.0755615234375],[-136.05416870117188,60.2147216796875],[-136.39361572265625,60.352783203125],[-136.14222717285156,60.459999084472656],[-136.11721801757812,60.603607177734375],[-136.09249877929688,60.4505615234375]]]}},{"type":"Feature","properties":{},"geometry":{"type":"Polygon","coordinates":[[[-122.87999725341797,39.119720458984375],[-122.64472198486328,39.02360534667969],[-122.69750213623047,39.0130615234375],[-122.616943359375,38.926666259765625],[-122.89472198486328,39.04388427734375],[-122.87999725341797,39.119720458984375]]]}},{"type":"Feature","properties":{},"geometry":{"type":"Polygon","coordinates":[[[-101.16416931152344,54.622222900390625],[-101.0513916015625,54.567222595214844],[-101.27999877929688,54.454444885253906],[-101.1611099243164,54.57861328125],[-101.34166717529297,54.589447021484375],[-101.14472198486328,54.68611145019531],[-101.16416931152344,54.622222900390625]]]}},{"type":"Feature","properties":{},"geometry":{"type":"Polygon","coordinates":[[[-94.62611389160156,62.407501220703125],[-94.22777557373047,62.406944274902344],[-94.1241683959961,62.3780517578125],[-94.29389190673828,62.29249572753906],[-94.37944030761719,62.36277770996094],[-94.48055267333984,62.29750061035156],[-94.62611389160156,62.407501220703125]]]}},{"type":"Feature","properties":{},"geometry":{"type":"Polygon","coordinates":[[[-118.74639129638672,38.85417175292969],[-118.6463851928711,38.63666534423828],[-118.67082977294922,38.59972381591797],[-118.75389099121094,38.684165954589844],[-118.74639129638672,38.85417175292969]]]}},{"type":"Feature","properties":{},"geometry":{"type":"Polygon","coordinates":[[[-91.625,48.010833740234375],[-91.59333038330078,48.086669921875],[-91.75,48.03582763671875],[-91.45639038085938,48.16166687011719],[-91.55000305175781,48.07777404785156],[-91.43111419677734,48.05083465576172],[-91.625,48.010833740234375]]]}},{"type":"Feature","properties":{},"geometry":{"type":"Polygon","coordinates":[[[-93.35194396972656,50.758056640625],[-93.3405532836914,50.82777404785156],[-93.48999786376953,50.68333435058594],[-93.58611297607422,50.684722900390625],[-93.475830078125,50.82305908203125],[-93.26055908203125,50.8397216796875],[-93.35194396972656,50.758056640625]]]}},{"type":"Feature","properties":{},"geometry":{"type":"Polygon","coordinates":[[[-85.34083557128906,36.67555236816406],[-85.12055969238281,36.600555419921875],[-85.274169921875,36.616943359375],[-85.17250061035156,36.53277587890625],[-85.2125015258789,36.4888916015625],[-85.3036117553711,36.60333251953125],[-85.46305847167969,36.51777648925781],[-85.34083557128906,36.67555236816406]]]}},{"type":"Feature","properties":{},"geometry":{"type":"Polygon","coordinates":[[[-105.3852767944336,55.08332824707031],[-105.48833465576172,55.008331298828125],[-105.63916778564453,55.043060302734375],[-105.54166412353516,55.13666534423828],[-105.3852767944336,55.08332824707031]]]}},{"type":"Feature","properties":{},"geometry":{"type":"Polygon","coordinates":[[[-97.76721954345703,55.551666259765625],[-98.00555419921875,55.43916320800781],[-98.19027709960938,55.38166809082031],[-97.9808349609375,55.526390075683594],[-97.76721954345703,55.551666259765625]]]}},{"type":"Feature","properties":{},"geometry":{"type":"Polygon","coordinates":[[[-91.43694305419922,29.985549926757812],[-91.36166381835938,29.802215576171875],[-91.18555450439453,29.744720458984375],[-91.38861083984375,29.76361083984375],[-91.43694305419922,29.985549926757812]]]}},{"type":"Feature","properties":{},"geometry":{"type":"Polygon","coordinates":[[[-78.2772216796875,48.37611389160156],[-78.23638916015625,48.26472473144531],[-78.304443359375,48.33027648925781],[-78.3183364868164,48.26249694824219],[-78.52527618408203,48.2933349609375],[-78.42388916015625,48.388885498046875],[-78.42028045654297,48.311668395996094],[-78.2772216796875,48.37611389160156]]]}},{"type":"Feature","properties":{},"geometry":{"type":"Polygon","coordinates":[[[-98.83528137207031,65.78722381591797],[-98.56999969482422,65.72721862792969],[-98.55944061279297,65.65166473388672],[-98.77666473388672,65.65972137451172],[-98.83528137207031,65.78722381591797]]]}},{"type":"Feature","properties":{},"geometry":{"type":"Polygon","coordinates":[[[-73.66666412353516,46.768333435058594],[-73.92555236816406,46.714996337890625],[-73.92028045654297,46.866111755371094],[-73.88111114501953,46.89500427246094],[-73.82917022705078,46.79833221435547],[-73.67916870117188,46.845550537109375],[-73.66666412353516,46.768333435058594]]]}},{"type":"Feature","properties":{},"geometry":{"type":"Polygon","coordinates":[[[-83.4263916015625,48.50361633300781],[-83.83805847167969,48.25138854980469],[-83.76277923583984,48.363609313964844],[-83.94027709960938,48.29499816894531],[-83.4263916015625,48.50361633300781]]]}},{"type":"Feature","properties":{},"geometry":{"type":"Polygon","coordinates":[[[-109.51361083984375,41.303611755371094],[-109.50777435302734,41.00749969482422],[-109.60944366455078,40.923614501953125],[-109.62805938720703,41.011390686035156],[-109.56583404541016,41.00444030761719],[-109.53083038330078,41.133888244628906],[-109.59610748291016,41.25],[-109.51361083984375,41.303611755371094]]]}},{"type":"Feature","properties":{},"geometry":{"type":"Polygon","coordinates":[[[-68.54194641113281,58.532501220703125],[-68.40860748291016,58.470001220703125],[-68.71944427490234,58.12666320800781],[-68.72833251953125,58.208892822265625],[-68.61972045898438,58.2630615234375],[-68.52166748046875,58.45222473144531],[-68.62333679199219,58.49305725097656],[-68.54194641113281,58.532501220703125]]]}},{"type":"Feature","properties":{},"geometry":{"type":"Polygon","coordinates":[[[-93.32194519042969,54.43944549560547],[-93.45471954345703,54.37333679199219],[-93.83583068847656,54.388336181640625],[-93.32194519042969,54.43944549560547]]]}},{"type":"Feature","properties":{},"geometry":{"type":"Polygon","coordinates":[[[-85.6866683959961,65.58777618408203],[-85.80472564697266,65.5250015258789],[-85.95527648925781,65.48805236816406],[-85.7441635131836,65.60749816894531],[-85.81055450439453,65.65860748291016],[-85.7147216796875,65.7286148071289],[-85.45500183105469,65.56527709960938],[-85.6866683959961,65.58777618408203]]]}},{"type":"Feature","properties":{},"geometry":{"type":"Polygon","coordinates":[[[-88.09388732910156,66.5955581665039],[-88.38333129882812,66.67916870117188],[-88.73194122314453,66.56749725341797],[-88.71666717529297,66.66555786132812],[-88.6080551147461,66.6675033569336],[-88.61138916015625,66.76083374023438],[-88.54360961914062,66.67916870117188],[-88.40528106689453,66.72528076171875],[-88.09388732910156,66.5955581665039]]]}},{"type":"Feature","properties":{},"geometry":{"type":"Polygon","coordinates":[[[-50.24583435058594,65.0330581665039],[-50.1058349609375,65.08694458007812],[-50.1522216796875,65.1802749633789],[-49.9647216796875,65.12638854980469],[-49.79388427734375,65.17832946777344],[-49.94000244140625,65.09388732910156],[-49.78694152832031,65.12555694580078],[-50.02333068847656,65.03277587890625],[-50.24583435058594,65.0330581665039]]]}},{"type":"Feature","properties":{},"geometry":{"type":"Polygon","coordinates":[[[-89.09222412109375,50.72888946533203],[-89.25250244140625,50.81138610839844],[-89.3852767944336,50.76777648925781],[-89.29528045654297,50.844444274902344],[-88.97972106933594,50.838890075683594],[-89.09222412109375,50.72888946533203]]]}},{"type":"Feature","properties":{},"geometry":{"type":"Polygon","coordinates":[[[-111.55027770996094,46.55528259277344],[-111.47389221191406,46.41222381591797],[-111.50499725341797,46.353607177734375],[-111.71305847167969,46.646392822265625],[-111.55027770996094,46.55528259277344]]]}},{"type":"Feature","properties":{},"geometry":{"type":"Polygon","coordinates":[[[-107.70333099365234,56.97999572753906],[-107.61972045898438,56.85944366455078],[-107.67028045654297,56.804168701171875],[-107.89360809326172,56.86860656738281],[-107.70333099365234,56.97999572753906]]]}},{"type":"Feature","properties":{},"geometry":{"type":"Polygon","coordinates":[[[-63.27610778808594,55.836944580078125],[-63.445281982421875,55.86833190917969],[-63.07749938964844,55.9425048828125],[-63.13499450683594,55.92778015136719],[-63.27610778808594,55.836944580078125]]]}},{"type":"Feature","properties":{},"geometry":{"type":"Polygon","coordinates":[[[-97.02111053466797,55.74278259277344],[-97.35111236572266,55.62889099121094],[-97.41999816894531,55.665000915527344],[-97.50277709960938,55.578887939453125],[-97.45111083984375,55.73444366455078],[-97.31361389160156,55.66667175292969],[-97.02111053466797,55.74278259277344]]]}},{"type":"Feature","properties":{},"geometry":{"type":"Polygon","coordinates":[[[-108.22389221191406,70.02749633789062],[-108.69277954101562,69.96722412109375],[-109.1705551147461,70.0875015258789],[-108.59249877929688,69.99444580078125],[-108.34722137451172,70.02278137207031],[-108.4175033569336,70.0625],[-108.22389221191406,70.02749633789062]]]}},{"type":"Feature","properties":{},"geometry":{"type":"Polygon","coordinates":[[[-106.11582946777344,61.098609924316406],[-106.25499725341797,61.16583251953125],[-106.07333374023438,61.24250030517578],[-105.7861099243164,61.133331298828125],[-105.92472076416016,61.067779541015625],[-106.06749725341797,61.165000915527344],[-106.11582946777344,61.098609924316406]]]}},{"type":"Feature","properties":{},"geometry":{"type":"Polygon","coordinates":[[[-81.49472045898438,47.13972473144531],[-81.41416931152344,47.12889099121094],[-81.475830078125,47.06111145019531],[-81.42832946777344,46.90916442871094],[-81.54277801513672,46.85972595214844],[-81.58638763427734,46.89778137207031],[-81.48249816894531,46.98583221435547],[-81.5566635131836,47.27667236328125],[-81.49472045898438,47.13972473144531]]]}},{"type":"Feature","properties":{},"geometry":{"type":"Polygon","coordinates":[[[-125.81444549560547,65.30972290039062],[-126.2347183227539,65.37833404541016],[-126.6522216796875,65.59666442871094],[-125.81444549560547,65.30972290039062]]]}},{"type":"Feature","properties":{},"geometry":{"type":"Polygon","coordinates":[[[-103.61750030517578,59.04472351074219],[-103.69249725341797,59.11027526855469],[-103.79750061035156,59.148887634277344],[-103.62249755859375,59.227783203125],[-103.65638732910156,59.1361083984375],[-103.50917053222656,59.1875],[-103.61750030517578,59.04472351074219]]]}},{"type":"Feature","properties":{},"geometry":{"type":"Polygon","coordinates":[[[-95.21888732910156,53.98527526855469],[-95.43444061279297,53.8638916015625],[-95.5102767944336,53.92083740234375],[-95.21888732910156,53.98527526855469]]]}},{"type":"Feature","properties":{},"geometry":{"type":"Polygon","coordinates":[[[-79.77111053466797,37.231109619140625],[-79.5102767944336,37.04388427734375],[-79.72305297851562,37.02278137207031],[-79.60944366455078,37.05694580078125],[-79.77111053466797,37.231109619140625]]]}},{"type":"Feature","properties":{},"geometry":{"type":"Polygon","coordinates":[[[-92.88777923583984,64.8183364868164],[-93.11582946777344,64.7844467163086],[-93.2772216796875,64.8477783203125],[-93.22305297851562,64.90027618408203],[-93.07583618164062,64.86750030517578],[-93.12805938720703,64.92972564697266],[-92.883056640625,64.88749694824219],[-92.88777923583984,64.8183364868164]]]}},{"type":"Feature","properties":{},"geometry":{"type":"Polygon","coordinates":[[[-108.15166473388672,70.80999755859375],[-108.21861267089844,70.7286148071289],[-108.60194396972656,70.7477798461914],[-108.22944641113281,70.88333129882812],[-108.15166473388672,70.80999755859375]]]}},{"type":"Feature","properties":{},"geometry":{"type":"Polygon","coordinates":[[[-98.4719467163086,55.1602783203125],[-98.76222229003906,54.86944580078125],[-98.84222412109375,54.82805633544922],[-98.4719467163086,55.1602783203125]]]}},{"type":"Feature","properties":{},"geometry":{"type":"Polygon","coordinates":[[[-64.47611236572266,54.31611633300781],[-64.55722045898438,54.326942443847656],[-64.69055938720703,54.17778015136719],[-64.77527618408203,54.26666259765625],[-64.70805358886719,54.33332824707031],[-64.55388641357422,54.3447265625],[-64.47611236572266,54.31611633300781]]]}},{"type":"Feature","properties":{},"geometry":{"type":"Polygon","coordinates":[[[-71.01499938964844,53.594444274902344],[-71.0727767944336,53.565277099609375],[-70.92138671875,53.56416320800781],[-70.99694061279297,53.505828857421875],[-70.90249633789062,53.52833557128906],[-70.96666717529297,53.44805908203125],[-70.8580551147461,53.41749572753906],[-71.05972290039062,53.473052978515625],[-71.03166961669922,53.52555847167969],[-71.1177749633789,53.5897216796875],[-71.01499938964844,53.594444274902344]]]}},{"type":"Feature","properties":{},"geometry":{"type":"Polygon","coordinates":[[[-81.55027770996094,34.084999084472656],[-81.23249816894531,34.11528015136719],[-81.2155532836914,34.021392822265625],[-81.55027770996094,34.084999084472656]]]}},{"type":"Feature","properties":{},"geometry":{"type":"Polygon","coordinates":[[[-162.4330596923828,61.06361389160156],[-162.48472595214844,61.06639099121094],[-162.41111755371094,60.99333190917969],[-162.47972106933594,60.95166778564453],[-162.65499877929688,60.973052978515625],[-162.49972534179688,61.02471923828125],[-162.62277221679688,61.04750061035156],[-162.556396484375,61.127220153808594],[-162.4330596923828,61.06361389160156]]]}},{"type":"Feature","properties":{},"geometry":{"type":"Polygon","coordinates":[[[-88.88583374023438,50.57167053222656],[-89.15027618408203,50.334999084472656],[-89.1544418334961,50.426666259765625],[-89.24082946777344,50.42083740234375],[-89.16471862792969,50.525001525878906],[-89.05055236816406,50.48777770996094],[-88.88583374023438,50.57167053222656]]]}},{"type":"Feature","properties":{},"geometry":{"type":"Polygon","coordinates":[[[-106.20500183105469,23.085830688476562],[-106.00305938720703,22.963882446289062],[-106.00971984863281,22.8719482421875],[-106.20500183105469,23.085830688476562]]]}},{"type":"Feature","properties":{},"geometry":{"type":"Polygon","coordinates":[[[-75.43777465820312,51.00721740722656],[-75.43638610839844,51.08721923828125],[-75.51388549804688,51.056671142578125],[-75.47888946533203,51.13139343261719],[-75.57722473144531,51.10472106933594],[-75.44249725341797,51.16944885253906],[-75.64583587646484,51.11277770996094],[-75.67277526855469,51.15167236328125],[-75.39611053466797,51.208892822265625],[-75.44416809082031,51.124168395996094],[-75.34388732910156,51.144439697265625],[-75.43777465820312,51.00721740722656]]]}},{"type":"Feature","properties":{},"geometry":{"type":"Polygon","coordinates":[[[-102.91278076171875,57.00138854980469],[-103.13999938964844,56.89027404785156],[-103.18638610839844,56.88916778564453],[-103.16000366210938,56.968055725097656],[-103.2441635131836,56.976112365722656],[-103.0919418334961,57.04444885253906],[-103.04277801513672,56.97027587890625],[-102.91278076171875,57.00138854980469]]]}},{"type":"Feature","properties":{},"geometry":{"type":"Polygon","coordinates":[[[-54.86805725097656,48.9375],[-54.621665954589844,48.946388244628906],[-54.35194396972656,48.856666564941406],[-54.67889404296875,48.92277526855469],[-55.021942138671875,48.83000183105469],[-54.86805725097656,48.9375]]]}},{"type":"Feature","properties":{},"geometry":{"type":"Polygon","coordinates":[[[-119.82194519042969,63.93583679199219],[-120.24722290039062,64.12833404541016],[-119.71305847167969,63.93499755859375],[-119.82194519042969,63.93583679199219]]]}},{"type":"Feature","properties":{},"geometry":{"type":"Polygon","coordinates":[[[-67.7588882446289,55.72888946533203],[-67.43499755859375,55.56971740722656],[-67.49666595458984,55.58277893066406],[-67.37333679199219,55.45555114746094],[-67.7588882446289,55.72888946533203]]]}},{"type":"Feature","properties":{},"geometry":{"type":"Polygon","coordinates":[[[-103.25416564941406,66.42277526855469],[-103.38417053222656,66.3677749633789],[-103.53888702392578,66.37249755859375],[-103.46083068847656,66.4927749633789],[-103.25166320800781,66.49583435058594],[-103.30611419677734,66.47555541992188],[-103.25416564941406,66.42277526855469]]]}},{"type":"Feature","properties":{},"geometry":{"type":"Polygon","coordinates":[[[-97.90110778808594,58.851112365722656],[-97.75111389160156,58.77360534667969],[-97.57833099365234,58.85833740234375],[-97.72389221191406,58.74139404296875],[-97.8963851928711,58.811668395996094],[-98.14472198486328,58.77360534667969],[-97.90110778808594,58.851112365722656]]]}},{"type":"Feature","properties":{},"geometry":{"type":"Polygon","coordinates":[[[-104.83333587646484,63.06444549560547],[-104.72944641113281,63.25166320800781],[-104.60333251953125,63.21333312988281],[-104.59666442871094,63.13916778564453],[-104.83333587646484,63.06444549560547]]]}},{"type":"Feature","properties":{},"geometry":{"type":"Polygon","coordinates":[[[-84.77055358886719,30.7994384765625],[-84.65666961669922,30.7933349609375],[-84.88417053222656,30.709716796875],[-84.9527816772461,30.7530517578125],[-84.96360778808594,30.916946411132812],[-84.90666961669922,30.77111053466797],[-84.81639099121094,30.778053283691406],[-84.73666381835938,30.9022216796875],[-84.77055358886719,30.7994384765625]]]}},{"type":"Feature","properties":{},"geometry":{"type":"Polygon","coordinates":[[[-98.96888732910156,72.64611053466797],[-98.4022216796875,72.66166687011719],[-98.16722106933594,72.53861236572266],[-98.34527587890625,72.51667022705078],[-98.38944244384766,72.62333679199219],[-98.96888732910156,72.64611053466797]]]}},{"type":"Feature","properties":{},"geometry":{"type":"Polygon","coordinates":[[[-73.8013916015625,51.727500915527344],[-73.90777587890625,51.651947021484375],[-73.80860900878906,51.60972595214844],[-73.89611053466797,51.57499694824219],[-73.87472534179688,51.4647216796875],[-73.9647216796875,51.43861389160156],[-73.92610931396484,51.55833435058594],[-73.86805725097656,51.6280517578125],[-73.97083282470703,51.65611267089844],[-73.87944030761719,51.780555725097656],[-73.8013916015625,51.727500915527344]]]}},{"type":"Feature","properties":{},"geometry":{"type":"Polygon","coordinates":[[[-63.34916687011719,53.777496337890625],[-62.741668701171875,53.72138977050781],[-62.47694396972656,53.785552978515625],[-62.298614501953125,53.779449462890625],[-62.80332946777344,53.7005615234375],[-63.076942443847656,53.709999084472656],[-63.34916687011719,53.777496337890625]]]}},{"type":"Feature","properties":{},"geometry":{"type":"Polygon","coordinates":[[[-96.13333129882812,56.33555603027344],[-96.5111083984375,56.17889404296875],[-96.6611099243164,56.16888427734375],[-96.13333129882812,56.33555603027344]]]}},{"type":"Feature","properties":{},"geometry":{"type":"Polygon","coordinates":[[[-75.17028045654297,49.46417236328125],[-75.08555603027344,49.40888977050781],[-75.33694458007812,49.2994384765625],[-75.20639038085938,49.45361328125],[-75.38639068603516,49.46028137207031],[-75.17028045654297,49.46417236328125]]]}},{"type":"Feature","properties":{},"geometry":{"type":"Polygon","coordinates":[[[-77.12750244140625,49.79777526855469],[-77.07666778564453,49.771942138671875],[-77.3308334350586,49.739723205566406],[-77.18389129638672,49.679718017578125],[-77.38944244384766,49.73138427734375],[-77.21138763427734,49.866111755371094],[-77.07555389404297,49.85444641113281],[-77.12750244140625,49.79777526855469]]]}},{"type":"Feature","properties":{},"geometry":{"type":"Polygon","coordinates":[[[-94.70222473144531,17.857772827148438],[-94.62166595458984,17.823333740234375],[-94.66416931152344,17.694168090820312],[-94.74305725097656,17.778884887695312],[-94.70222473144531,17.857772827148438]]]}},{"type":"Feature","properties":{},"geometry":{"type":"Polygon","coordinates":[[[-88.47389221191406,51.97138977050781],[-88.43611145019531,51.945556640625],[-88.76194763183594,51.93583679199219],[-88.31999969482422,52.0130615234375],[-88.47389221191406,51.97138977050781]]]}},{"type":"Feature","properties":{},"geometry":{"type":"Polygon","coordinates":[[[-86.94277954101562,50.82221984863281],[-87.10832977294922,50.806671142578125],[-87.26805877685547,50.79888916015625],[-87.12000274658203,50.905555725097656],[-87.06944274902344,50.89500427246094],[-87.11444091796875,50.84056091308594],[-86.94277954101562,50.82221984863281]]]}},{"type":"Feature","properties":{},"geometry":{"type":"Polygon","coordinates":[[[-79.40611267089844,45.05583190917969],[-79.40750122070312,44.9375],[-79.49861145019531,45.05694580078125],[-79.5897216796875,45.00250244140625],[-79.62611389160156,45.06055450439453],[-79.40611267089844,45.05583190917969]]]}},{"type":"Feature","properties":{},"geometry":{"type":"Polygon","coordinates":[[[-101.38999938964844,54.421661376953125],[-101.6933364868164,54.40388488769531],[-101.70639038085938,54.455833435058594],[-101.45166778564453,54.514442443847656],[-101.38999938964844,54.421661376953125]]]}},{"type":"Feature","properties":{},"geometry":{"type":"Polygon","coordinates":[[[-118.68277740478516,43.37916564941406],[-118.76194763183594,43.2802734375],[-118.95999908447266,43.30805969238281],[-118.80694580078125,43.378334045410156],[-118.68277740478516,43.37916564941406]]]}},{"type":"Feature","properties":{},"geometry":{"type":"Polygon","coordinates":[[[-102.87944030761719,55.024169921875],[-102.80944061279297,54.91416931152344],[-103.01889038085938,54.853057861328125],[-102.96416473388672,54.999725341796875],[-102.87944030761719,55.024169921875]]]}},{"type":"Feature","properties":{},"geometry":{"type":"Polygon","coordinates":[[[-105.31777954101562,53.90472412109375],[-105.1513900756836,53.7550048828125],[-105.4222183227539,53.828887939453125],[-105.31777954101562,53.90472412109375]]]}},{"type":"Feature","properties":{},"geometry":{"type":"Polygon","coordinates":[[[-75.82611083984375,48.614166259765625],[-75.7683334350586,48.524169921875],[-75.66527557373047,48.54083251953125],[-75.75944519042969,48.5050048828125],[-75.7611083984375,48.435279846191406],[-75.80944061279297,48.43694305419922],[-75.79499816894531,48.53889465332031],[-75.8661117553711,48.492218017578125],[-75.84361267089844,48.59889221191406],[-76.01194763183594,48.48944091796875],[-75.97083282470703,48.60472106933594],[-75.82611083984375,48.614166259765625]]]}},{"type":"Feature","properties":{},"geometry":{"type":"Polygon","coordinates":[[[-117.55999755859375,51.766387939453125],[-117.60166931152344,51.73333740234375],[-117.51777648925781,51.651947021484375],[-117.87249755859375,51.86555480957031],[-117.55999755859375,51.766387939453125]]]}},{"type":"Feature","properties":{},"geometry":{"type":"Polygon","coordinates":[[[-77.46194458007812,58.66972351074219],[-77.1058349609375,58.69471740722656],[-77.25055694580078,58.61305236816406],[-76.9566650390625,58.54249572753906],[-77.05194091796875,58.54722595214844],[-77.46194458007812,58.66972351074219]]]}},{"type":"Feature","properties":{},"geometry":{"type":"Polygon","coordinates":[[[-124.94055938720703,54.858612060546875],[-125.30722045898438,54.75944519042969],[-125.42028045654297,54.77111053466797],[-125.10221862792969,54.87444305419922],[-124.94055938720703,54.858612060546875]]]}},{"type":"Feature","properties":{},"geometry":{"type":"Polygon","coordinates":[[[-61.176666259765625,8.67388916015625],[-61.038055419921875,8.722503662109375],[-60.91278076171875,8.738052368164062],[-61.019439697265625,8.644721984863281],[-61.176666259765625,8.67388916015625]]]}},{"type":"Feature","properties":{},"geometry":{"type":"Polygon","coordinates":[[[-95.61027526855469,65.2316665649414],[-95.16278076171875,65.1683349609375],[-95.12611389160156,65.12222290039062],[-95.46333312988281,65.1308364868164],[-95.61027526855469,65.2316665649414]]]}},{"type":"Feature","properties":{},"geometry":{"type":"Polygon","coordinates":[[[-87.04360961914062,66.6449966430664],[-87.26583099365234,66.84027862548828],[-87.36972045898438,66.81888580322266],[-87.43472290039062,66.89833068847656],[-86.99694061279297,66.7750015258789],[-87.04360961914062,66.6449966430664]]]}},{"type":"Feature","properties":{},"geometry":{"type":"Polygon","coordinates":[[[-112.3949966430664,64.90055847167969],[-111.83499908447266,64.7138900756836],[-111.850830078125,64.66055297851562],[-112.02999877929688,64.64805603027344],[-111.97250366210938,64.72750091552734],[-112.3949966430664,64.90055847167969]]]}},{"type":"Feature","properties":{},"geometry":{"type":"Polygon","coordinates":[[[-80.91944122314453,48.4647216796875],[-80.99833679199219,48.429443359375],[-81.00527954101562,48.323890686035156],[-81.05055236816406,48.45527648925781],[-80.96749877929688,48.59722137451172],[-80.91944122314453,48.4647216796875]]]}},{"type":"Feature","properties":{},"geometry":{"type":"Polygon","coordinates":[[[-80.94944763183594,70.94416809082031],[-80.56361389160156,71.01000213623047],[-80.43000030517578,70.96444702148438],[-80.76611328125,70.83444213867188],[-80.7300033569336,70.8727798461914],[-80.8838882446289,70.88361358642578],[-80.76777648925781,70.90833282470703],[-80.94944763183594,70.94416809082031]]]}},{"type":"Feature","properties":{},"geometry":{"type":"Polygon","coordinates":[[[-80.89221954345703,29.016387939453125],[-80.65916442871094,28.6572265625],[-80.90528106689453,29.023056030273438],[-80.89221954345703,29.016387939453125]]]}},{"type":"Feature","properties":{},"geometry":{"type":"Polygon","coordinates":[[[-113.19721984863281,55.21916198730469],[-113.27083587646484,55.17194366455078],[-113.42778015136719,55.273887634277344],[-113.28360748291016,55.30027770996094],[-113.19721984863281,55.21916198730469]]]}},{"type":"Feature","properties":{},"geometry":{"type":"Polygon","coordinates":[[[-100.17694091796875,58.83361053466797],[-99.71749877929688,58.90027618408203],[-99.63471984863281,58.838890075683594],[-100.07611083984375,58.78778076171875],[-100.17694091796875,58.83361053466797]]]}},{"type":"Feature","properties":{},"geometry":{"type":"Polygon","coordinates":[[[-116.00027465820312,64.37249755859375],[-116.14305877685547,64.24305725097656],[-116.23999786376953,64.100830078125],[-116.18222045898438,64.2147216796875],[-116.22250366210938,64.30972290039062],[-116.00027465820312,64.37249755859375]]]}},{"type":"Feature","properties":{},"geometry":{"type":"Polygon","coordinates":[[[-114.61000061035156,56.681671142578125],[-114.62472534179688,56.591949462890625],[-114.4927749633789,56.5816650390625],[-114.53666687011719,56.49888610839844],[-114.75,56.678611755371094],[-114.61000061035156,56.681671142578125]]]}},{"type":"Feature","properties":{},"geometry":{"type":"Polygon","coordinates":[[[-96.586669921875,60.940277099609375],[-96.28722381591797,60.91166687011719],[-96.25749969482422,60.8861083984375],[-96.40055847167969,60.804443359375],[-96.50277709960938,60.86860656738281],[-96.47083282470703,60.91222381591797],[-96.586669921875,60.940277099609375]]]}},{"type":"Feature","properties":{},"geometry":{"type":"Polygon","coordinates":[[[-106.27111053466797,55.76722717285156],[-106.4175033569336,55.67500305175781],[-106.35138702392578,55.63555908203125],[-106.56805419921875,55.654449462890625],[-106.27111053466797,55.76722717285156]]]}},{"type":"Feature","properties":{},"geometry":{"type":"Polygon","coordinates":[[[-84.27777862548828,48.969444274902344],[-84.41666412353516,48.878334045410156],[-84.4383316040039,48.79444885253906],[-84.5111083984375,48.823890686035156],[-84.43194580078125,49.008331298828125],[-84.3838882446289,48.940277099609375],[-84.35916900634766,49.00999450683594],[-84.27777862548828,48.969444274902344]]]}},{"type":"Feature","properties":{},"geometry":{"type":"Polygon","coordinates":[[[-88.93333435058594,66.80500030517578],[-89.2300033569336,66.74028015136719],[-89.22472381591797,66.63694763183594],[-89.37638854980469,66.53555297851562],[-89.25,66.66860961914062],[-89.39083099365234,66.70138549804688],[-89.29861450195312,66.73722076416016],[-89.375,66.78555297851562],[-88.93333435058594,66.80500030517578]]]}},{"type":"Feature","properties":{},"geometry":{"type":"Polygon","coordinates":[[[-96.98139190673828,55.317222595214844],[-97.54666900634766,55.301666259765625],[-97.69916534423828,55.293060302734375],[-97.38777923583984,55.331939697265625],[-96.98139190673828,55.317222595214844]]]}},{"type":"Feature","properties":{},"geometry":{"type":"Polygon","coordinates":[[[-108.76499938964844,69.7088851928711],[-109.26388549804688,69.63749694824219],[-109.758056640625,69.85916900634766],[-109.24222564697266,69.67749786376953],[-108.76499938964844,69.7088851928711]]]}},{"type":"Feature","properties":{},"geometry":{"type":"Polygon","coordinates":[[[-155.59971618652344,59.01527404785156],[-155.14332580566406,58.991111755371094],[-155.11917114257812,58.973052978515625],[-155.59971618652344,59.01527404785156]]]}},{"type":"Feature","properties":{},"geometry":{"type":"Polygon","coordinates":[[[-71.01499938964844,58.20500183105469],[-70.65361022949219,58.17555236816406],[-70.69721984863281,58.14805603027344],[-70.55555725097656,58.11750030517578],[-70.70639038085938,58.03916931152344],[-71.01499938964844,58.20500183105469]]]}},{"type":"Feature","properties":{},"geometry":{"type":"Polygon","coordinates":[[[-114.87805938720703,31.965835571289062],[-114.81055450439453,31.97777557373047],[-114.67472076416016,31.830551147460938],[-114.81999969482422,31.88555908203125],[-114.87805938720703,31.965835571289062]]]}},{"type":"Feature","properties":{},"geometry":{"type":"Polygon","coordinates":[[[-117.03805541992188,67.44916534423828],[-116.72611236572266,67.32805633544922],[-116.60416412353516,67.21805572509766],[-117.25666809082031,67.4638900756836],[-117.64555358886719,67.4625015258789],[-117.4816665649414,67.51611328125],[-117.03805541992188,67.44916534423828]]]}},{"type":"Feature","properties":{},"geometry":{"type":"Polygon","coordinates":[[[-93.82027435302734,49.17138671875],[-93.9727783203125,49.24805450439453],[-93.89221954345703,49.293609619140625],[-93.6058349609375,49.17832946777344],[-93.82027435302734,49.17138671875]]]}},{"type":"Feature","properties":{},"geometry":{"type":"Polygon","coordinates":[[[-72.29805755615234,42.52833557128906],[-72.21666717529297,42.428611755371094],[-72.35194396972656,42.285552978515625],[-72.38055419921875,42.45277404785156],[-72.34083557128906,42.33805847167969],[-72.29805755615234,42.52833557128906]]]}},{"type":"Feature","properties":{},"geometry":{"type":"Polygon","coordinates":[[[-110.50555419921875,55.537498474121094],[-110.42555236816406,55.49583435058594],[-110.42361450195312,55.43000030517578],[-110.61805725097656,55.46333312988281],[-110.62361145019531,55.508888244628906],[-110.461669921875,55.583892822265625],[-110.50555419921875,55.537498474121094]]]}},{"type":"Feature","properties":{},"geometry":{"type":"Polygon","coordinates":[[[-97.52833557128906,55.513885498046875],[-97.68888854980469,55.35472106933594],[-97.89805603027344,55.31805419921875],[-97.70555877685547,55.39860534667969],[-97.87750244140625,55.36833190917969],[-97.8638916015625,55.424720764160156],[-97.52833557128906,55.513885498046875]]]}},{"type":"Feature","properties":{},"geometry":{"type":"Polygon","coordinates":[[[-111.81805419921875,65.03722381591797],[-111.74055480957031,64.99361419677734],[-111.86666870117188,65.02444458007812],[-111.95305633544922,64.945556640625],[-111.78194427490234,64.92805480957031],[-111.99500274658203,64.899169921875],[-111.97555541992188,64.85277557373047],[-112.07444763183594,64.8197250366211],[-112.02833557128906,65.01472473144531],[-111.94944763183594,64.9888916015625],[-111.7911148071289,65.10333251953125],[-111.81805419921875,65.03722381591797]]]}},{"type":"Feature","properties":{},"geometry":{"type":"Polygon","coordinates":[[[-93.34083557128906,54.80083465576172],[-93.17166900634766,54.706939697265625],[-93.41194152832031,54.72111511230469],[-93.34083557128906,54.80083465576172]]]}},{"type":"Feature","properties":{},"geometry":{"type":"Polygon","coordinates":[[[-94.53221893310547,52.154449462890625],[-94.45722198486328,52.11528015136719],[-94.4727783203125,52.05055236816406],[-94.50305938720703,52.11778259277344],[-94.7611083984375,52.13249969482422],[-94.491943359375,52.19805908203125],[-94.53221893310547,52.154449462890625]]]}},{"type":"Feature","properties":{},"geometry":{"type":"Polygon","coordinates":[[[-122.28666687011719,63.17527770996094],[-122.85639190673828,63.12333679199219],[-122.77749633789062,63.18944549560547],[-122.45083618164062,63.23583221435547],[-122.28666687011719,63.17527770996094]]]}},{"type":"Feature","properties":{},"geometry":{"type":"Polygon","coordinates":[[[-110.53888702392578,60.98138427734375],[-110.586669921875,61.032501220703125],[-110.49222564697266,61.07110595703125],[-110.47389221191406,60.84333801269531],[-110.60610961914062,60.74861145019531],[-110.53888702392578,60.98138427734375]]]}},{"type":"Feature","properties":{},"geometry":{"type":"Polygon","coordinates":[[[-102.27361297607422,65.04194641113281],[-102.36277770996094,65.00917053222656],[-102.46416473388672,65.14360809326172],[-102.17028045654297,65.17500305175781],[-102.30777740478516,65.13277435302734],[-102.27361297607422,65.04194641113281]]]}},{"type":"Feature","properties":{},"geometry":{"type":"Polygon","coordinates":[[[-110.5102767944336,56.586944580078125],[-110.31500244140625,56.49888610839844],[-110.35610961914062,56.437225341796875],[-110.5552749633789,56.525001525878906],[-110.44110870361328,56.52166748046875],[-110.5102767944336,56.586944580078125]]]}},{"type":"Feature","properties":{},"geometry":{"type":"Polygon","coordinates":[[[-100.71055603027344,58.74944305419922],[-100.5897216796875,58.788612365722656],[-100.47888946533203,58.801109313964844],[-100.68888854980469,58.595001220703125],[-100.71055603027344,58.74944305419922]]]}},{"type":"Feature","properties":{},"geometry":{"type":"Polygon","coordinates":[[[-74.70055389404297,49.34027862548828],[-74.79499816894531,49.36277770996094],[-74.88666534423828,49.22193908691406],[-74.86277770996094,49.322776794433594],[-74.97000122070312,49.275001525878906],[-74.99805450439453,49.34722137451172],[-74.81861114501953,49.391944885253906],[-74.70055389404297,49.34027862548828]]]}},{"type":"Feature","properties":{},"geometry":{"type":"Polygon","coordinates":[[[-106.8022232055664,42.12333679199219],[-106.83139038085938,42.084999084472656],[-106.69110870361328,42.01499938964844],[-106.82083129882812,42.035003662109375],[-106.81555938720703,41.954444885253906],[-106.92082977294922,41.93138885498047],[-106.84416961669922,41.96833801269531],[-106.91361236572266,42.070281982421875],[-106.88777923583984,42.17555236816406],[-106.8022232055664,42.12333679199219]]]}},{"type":"Feature","properties":{},"geometry":{"type":"Polygon","coordinates":[[[-93.75305938720703,51.03277587890625],[-93.89055633544922,51.01972198486328],[-94.08000183105469,51.02027893066406],[-93.78916931152344,51.13166809082031],[-93.75305938720703,51.03277587890625]]]}},{"type":"Feature","properties":{},"geometry":{"type":"Polygon","coordinates":[[[-93.15083312988281,50.44916534423828],[-93.09249877929688,50.247779846191406],[-93.24527740478516,50.35472106933594],[-93.25194549560547,50.47694396972656],[-93.15083312988281,50.44916534423828]]]}},{"type":"Feature","properties":{},"geometry":{"type":"Polygon","coordinates":[[[-95.5513916015625,16.45722198486328],[-95.50389099121094,16.476669311523438],[-95.49500274658203,16.595001220703125],[-95.40499877929688,16.443328857421875],[-95.5513916015625,16.45722198486328]]]}},{"type":"Feature","properties":{},"geometry":{"type":"Polygon","coordinates":[[[-110.7074966430664,44.0574951171875],[-110.57722473144531,43.871665954589844],[-110.64833068847656,43.81861114501953],[-110.73666381835938,43.87388610839844],[-110.7074966430664,44.0574951171875]]]}},{"type":"Feature","properties":{},"geometry":{"type":"Polygon","coordinates":[[[-95.76305389404297,50.39555358886719],[-95.8661117553711,50.27667236328125],[-95.87944030761719,50.35722351074219],[-96.02889251708984,50.285552978515625],[-95.99082946777344,50.4022216796875],[-95.76305389404297,50.39555358886719]]]}},{"type":"Feature","properties":{},"geometry":{"type":"Polygon","coordinates":[[[-122.274169921875,40.777496337890625],[-122.13666534423828,40.758056640625],[-122.09305572509766,40.777496337890625],[-122.11027526855469,40.75611114501953],[-122.17749786376953,40.74000549316406],[-122.44055938720703,40.73333740234375],[-122.37750244140625,40.76861572265625],[-122.40083312988281,40.83111572265625],[-122.3116683959961,40.771392822265625],[-122.22444152832031,40.90833282470703],[-122.274169921875,40.777496337890625]]]}},{"type":"Feature","properties":{},"geometry":{"type":"Polygon","coordinates":[[[-94.10944366455078,50.182777404785156],[-94.429443359375,50.198333740234375],[-94.46749877929688,50.27360534667969],[-94.10944366455078,50.182777404785156]]]}},{"type":"Feature","properties":{},"geometry":{"type":"Polygon","coordinates":[[[-87.63583374023438,51.456390380859375],[-87.88888549804688,51.51222229003906],[-87.991943359375,51.62388610839844],[-87.68111419677734,51.519439697265625],[-87.63583374023438,51.456390380859375]]]}},{"type":"Feature","properties":{},"geometry":{"type":"Polygon","coordinates":[[[-76.26750183105469,61.04167175292969],[-76.35749816894531,60.92250061035156],[-76.26499938964844,60.87638854980469],[-76.45861053466797,60.836944580078125],[-76.46778106689453,60.9244384765625],[-76.34750366210938,60.99444580078125],[-76.44361114501953,61.02055358886719],[-76.31999969482422,61.09027862548828],[-76.26750183105469,61.04167175292969]]]}},{"type":"Feature","properties":{},"geometry":{"type":"Polygon","coordinates":[[[-93.65638732910156,52.14555358886719],[-93.71833038330078,52.06861114501953],[-93.73666381835938,52.195831298828125],[-93.84278106689453,52.26416778564453],[-93.70333099365234,52.27305603027344],[-93.65638732910156,52.14555358886719]]]}},{"type":"Feature","properties":{},"geometry":{"type":"Polygon","coordinates":[[[-146.62750244140625,62.369171142578125],[-146.57278442382812,62.38166809082031],[-146.459716796875,62.29888916015625],[-146.67056274414062,62.35388946533203],[-146.67694091796875,62.49944305419922],[-146.62750244140625,62.369171142578125]]]}},{"type":"Feature","properties":{},"geometry":{"type":"Polygon","coordinates":[[[-72.06916809082031,18.5977783203125],[-72.0111083984375,18.59722137451172],[-71.90528106689453,18.485000610351562],[-72.03971862792969,18.533889770507812],[-72.06916809082031,18.5977783203125]]]}},{"type":"Feature","properties":{},"geometry":{"type":"Polygon","coordinates":[[[-47.187225341796875,81.96333312988281],[-45.98944091796875,81.76055908203125],[-45.57749938964844,81.73416900634766],[-45.883331298828125,81.66583251953125],[-45.83805847167969,81.72694396972656],[-47.187225341796875,81.96333312988281]]]}},{"type":"Feature","properties":{},"geometry":{"type":"Polygon","coordinates":[[[-110.79750061035156,69.14611053466797],[-110.71277618408203,69.13138580322266],[-111.32833099365234,69.19416809082031],[-111.13805389404297,69.2397232055664],[-110.87139129638672,69.19083404541016],[-110.54666900634766,69.27999877929688],[-110.79750061035156,69.14611053466797]]]}},{"type":"Feature","properties":{},"geometry":{"type":"Polygon","coordinates":[[[-98.58777618408203,59.11860656738281],[-98.62388610839844,59.28443908691406],[-98.4477767944336,59.28639221191406],[-98.57861328125,59.260276794433594],[-98.48249816894531,59.225555419921875],[-98.49694061279297,59.12333679199219],[-98.58777618408203,59.11860656738281]]]}},{"type":"Feature","properties":{},"geometry":{"type":"Polygon","coordinates":[[[-105.9888916015625,55.78971862792969],[-106.11111450195312,55.64971923828125],[-106.17082977294922,55.6844482421875],[-106.05805969238281,55.798614501953125],[-105.9888916015625,55.78971862792969]]]}},{"type":"Feature","properties":{},"geometry":{"type":"Polygon","coordinates":[[[-91.83055877685547,53.03666687011719],[-92.05472564697266,52.9072265625],[-92.13361358642578,52.9344482421875],[-91.8919448852539,53.076942443847656],[-91.83055877685547,53.03666687011719]]]}},{"type":"Feature","properties":{},"geometry":{"type":"Polygon","coordinates":[[[-106.40416717529297,54.004722595214844],[-106.07389068603516,53.94972229003906],[-106.06610870361328,53.90833282470703],[-106.18472290039062,53.88139343261719],[-106.40416717529297,54.004722595214844]]]}},{"type":"Feature","properties":{},"geometry":{"type":"Polygon","coordinates":[[[-56.45222473144531,48.30999755859375],[-56.696388244628906,48.17832946777344],[-56.774169921875,48.16694641113281],[-56.51222229003906,48.38360595703125],[-56.45222473144531,48.30999755859375]]]}},{"type":"Feature","properties":{},"geometry":{"type":"Polygon","coordinates":[[[-95.80833435058594,62.07805633544922],[-95.59471893310547,62.128334045410156],[-95.54444122314453,61.983612060546875],[-95.67028045654297,62.084442138671875],[-95.63833618164062,61.97138977050781],[-95.80833435058594,62.07805633544922]]]}},{"type":"Feature","properties":{},"geometry":{"type":"Polygon","coordinates":[[[-117.3536148071289,49.95305633544922],[-117.47138977050781,49.73472595214844],[-117.3963851928711,49.93555450439453],[-117.47666931152344,50.07472229003906],[-117.3536148071289,49.95305633544922]]]}},{"type":"Feature","properties":{},"geometry":{"type":"Polygon","coordinates":[[[-94.66361236572266,54.26972198486328],[-94.975830078125,54.20861053466797],[-95.0102767944336,54.23388671875],[-94.83916473388672,54.29888916015625],[-94.87000274658203,54.35722351074219],[-94.66361236572266,54.26972198486328]]]}},{"type":"Feature","properties":{},"geometry":{"type":"Polygon","coordinates":[[[-97.39583587646484,64.3197250366211],[-97.54861450195312,64.27861022949219],[-97.48139190673828,64.21444702148438],[-97.74861145019531,64.24666595458984],[-97.76222229003906,64.30611419677734],[-97.39583587646484,64.3197250366211]]]}},{"type":"Feature","properties":{},"geometry":{"type":"Polygon","coordinates":[[[-87.32666778564453,50.07805633544922],[-87.58555603027344,49.934165954589844],[-87.4447250366211,50.10166931152344],[-87.32666778564453,50.07805633544922]]]}},{"type":"Feature","properties":{},"geometry":{"type":"Polygon","coordinates":[[[-118.06944274902344,48.65638732910156],[-118.20222473144531,48.45222473144531],[-118.16305541992188,48.225830078125],[-118.22166442871094,48.45777893066406],[-118.06944274902344,48.65638732910156]]]}},{"type":"Feature","properties":{},"geometry":{"type":"Polygon","coordinates":[[[-97.70138549804688,65.50416564941406],[-97.87944030761719,65.57305908203125],[-97.86972045898438,65.7169418334961],[-97.78166961669922,65.5838851928711],[-97.71138763427734,65.6522216796875],[-97.59111022949219,65.65361022949219],[-97.70527648925781,65.62944030761719],[-97.70138549804688,65.50416564941406]]]}},{"type":"Feature","properties":{},"geometry":{"type":"Polygon","coordinates":[[[-115.74305725097656,63.7691650390625],[-115.94721984863281,63.632781982421875],[-116.02222442626953,63.78388977050781],[-115.90249633789062,63.85888671875],[-115.90721893310547,63.74749755859375],[-115.74305725097656,63.7691650390625]]]}},{"type":"Feature","properties":{},"geometry":{"type":"Polygon","coordinates":[[[-97.69750213623047,62.16471862792969],[-97.56361389160156,62.154998779296875],[-97.60444641113281,62.233612060546875],[-97.49333190917969,62.22166442871094],[-97.461669921875,62.08721923828125],[-97.6036148071289,62.137779235839844],[-97.63999938964844,62.0927734375],[-97.69750213623047,62.16471862792969]]]}},{"type":"Feature","properties":{},"geometry":{"type":"Polygon","coordinates":[[[-104.03694152832031,51.855560302734375],[-104.12805938720703,51.883331298828125],[-104.16000366210938,51.93305969238281],[-103.93389129638672,51.92194366455078],[-104.03694152832031,51.855560302734375]]]}},{"type":"Feature","properties":{},"geometry":{"type":"Polygon","coordinates":[[[-127.43250274658203,54.11083221435547],[-127.67194366455078,53.90416717529297],[-127.84139251708984,53.82499694824219],[-127.6580581665039,54.008888244628906],[-127.43250274658203,54.11083221435547]]]}},{"type":"Feature","properties":{},"geometry":{"type":"Polygon","coordinates":[[[-105.49444580078125,69.2308349609375],[-105.6177749633789,69.23638916015625],[-105.62333679199219,69.17555236816406],[-105.87889099121094,69.24527740478516],[-105.68805694580078,69.2652816772461],[-105.79944610595703,69.28583526611328],[-105.6852798461914,69.31916809082031],[-105.49444580078125,69.2308349609375]]]}},{"type":"Feature","properties":{},"geometry":{"type":"Polygon","coordinates":[[[-91.13361358642578,14.643608093261719],[-91.18805694580078,14.680274963378906],[-91.24944305419922,14.618331909179688],[-91.28277587890625,14.708053588867188],[-91.1722183227539,14.750274658203125],[-91.13361358642578,14.643608093261719]]]}},{"type":"Feature","properties":{},"geometry":{"type":"Polygon","coordinates":[[[-91.37194061279297,52.826942443847656],[-91.47472381591797,52.861114501953125],[-91.38194274902344,52.95222473144531],[-91.26472473144531,52.92889404296875],[-91.37194061279297,52.826942443847656]]]}},{"type":"Feature","properties":{},"geometry":{"type":"Polygon","coordinates":[[[-60.7197265625,54.26499938964844],[-60.64250183105469,54.22138977050781],[-60.744720458984375,54.211387634277344],[-60.80500030517578,54.12110900878906],[-60.7611083984375,54.01861572265625],[-60.82972717285156,54.161109924316406],[-60.92277526855469,54.168609619140625],[-60.720550537109375,54.295555114746094],[-60.66944885253906,54.28166198730469],[-60.7197265625,54.26499938964844]]]}},{"type":"Feature","properties":{},"geometry":{"type":"Polygon","coordinates":[[[-119.0425033569336,43.27082824707031],[-119.06749725341797,43.19000244140625],[-119.20722198486328,43.236663818359375],[-119.13972473144531,43.29583740234375],[-119.0425033569336,43.27082824707031]]]}},{"type":"Feature","properties":{},"geometry":{"type":"Polygon","coordinates":[[[-76.83361053466797,60.11500549316406],[-76.78861236572266,60.068328857421875],[-77.19889068603516,60.06194305419922],[-77.25917053222656,60.11805725097656],[-76.7588882446289,60.15916442871094],[-76.83361053466797,60.11500549316406]]]}},{"type":"Feature","properties":{},"geometry":{"type":"Polygon","coordinates":[[[-98.28971862792969,63.018890380859375],[-98.31361389160156,63.06388854980469],[-98.21778106689453,63.04583740234375],[-98.25027465820312,63.114166259765625],[-98.03666687011719,62.99305725097656],[-98.38249969482422,63.008056640625],[-98.28971862792969,63.018890380859375]]]}},{"type":"Feature","properties":{},"geometry":{"type":"Polygon","coordinates":[[[-77.71749877929688,53.52527618408203],[-78.08472442626953,53.44305419921875],[-78.12166595458984,53.469444274902344],[-77.8469467163086,53.553611755371094],[-77.71749877929688,53.52527618408203]]]}},{"type":"Feature","properties":{},"geometry":{"type":"Polygon","coordinates":[[[-101.39277648925781,54.176666259765625],[-101.6227798461914,54.05860900878906],[-101.6463851928711,54.09333801269531],[-101.58194732666016,54.19944763183594],[-101.39277648925781,54.176666259765625]]]}},{"type":"Feature","properties":{},"geometry":{"type":"Polygon","coordinates":[[[-66.83305358886719,54.562225341796875],[-66.62083435058594,54.46221923828125],[-66.53221893310547,54.21055603027344],[-66.83305358886719,54.562225341796875]]]}},{"type":"Feature","properties":{},"geometry":{"type":"Polygon","coordinates":[[[-99.94611358642578,58.961944580078125],[-100.07527923583984,59.05805969238281],[-99.72694396972656,59.084716796875],[-99.94611358642578,58.961944580078125]]]}},{"type":"Feature","properties":{},"geometry":{"type":"Polygon","coordinates":[[[-120.85444641113281,62.74000549316406],[-120.89944458007812,62.807777404785156],[-120.79888916015625,62.87110900878906],[-120.6241683959961,62.779449462890625],[-120.85444641113281,62.74000549316406]]]}},{"type":"Feature","properties":{},"geometry":{"type":"Polygon","coordinates":[[[-72.17166900634766,45.27527618408203],[-72.26777648925781,45.111663818359375],[-72.21277618408203,44.913612365722656],[-72.30555725097656,45.17832946777344],[-72.17166900634766,45.27527618408203]]]}},{"type":"Feature","properties":{},"geometry":{"type":"Polygon","coordinates":[[[-68.84166717529297,45.736663818359375],[-68.87555694580078,45.6905517578125],[-68.78111267089844,45.652496337890625],[-68.82555389404297,45.620277404785156],[-69.01721954345703,45.724998474121094],[-68.88805389404297,45.72389221191406],[-68.99055480957031,45.78443908691406],[-68.93083190917969,45.79833221435547],[-68.84166717529297,45.736663818359375]]]}},{"type":"Feature","properties":{},"geometry":{"type":"Polygon","coordinates":[[[-109.65194702148438,52.78944396972656],[-109.64944458007812,52.65055847167969],[-109.80972290039062,52.77471923828125],[-109.65194702148438,52.78944396972656]]]}},{"type":"Feature","properties":{},"geometry":{"type":"Polygon","coordinates":[[[-70.84610748291016,45.0191650390625],[-70.72638702392578,44.862220764160156],[-70.84388732910156,44.88139343261719],[-70.8861083984375,44.80194091796875],[-70.83027648925781,44.75611114501953],[-70.94249725341797,44.777496337890625],[-70.86666870117188,44.8558349609375],[-70.9191665649414,44.90888977050781],[-70.83333587646484,44.906944274902344],[-70.84610748291016,45.0191650390625]]]}},{"type":"Feature","properties":{},"geometry":{"type":"Polygon","coordinates":[[[-109.2125015258789,27.429168701171875],[-109.0272216796875,27.23333740234375],[-108.96639251708984,27.289443969726562],[-109.00499725341797,27.210556030273438],[-109.12972259521484,27.23333740234375],[-109.2125015258789,27.429168701171875]]]}},{"type":"Feature","properties":{},"geometry":{"type":"Polygon","coordinates":[[[-91.4566650390625,51.165557861328125],[-91.40472412109375,51.05805969238281],[-91.5713882446289,51.078887939453125],[-91.65972137451172,51.152496337890625],[-91.4566650390625,51.165557861328125]]]}},{"type":"Feature","properties":{},"geometry":{"type":"Polygon","coordinates":[[[-65.90694427490234,54.052223205566406],[-65.76499938964844,53.86083221435547],[-65.63749694824219,53.796112060546875],[-65.77249908447266,53.8427734375],[-65.87166595458984,53.970001220703125],[-66.00749969482422,54.01555633544922],[-65.90694427490234,54.052223205566406]]]}},{"type":"Feature","properties":{},"geometry":{"type":"Polygon","coordinates":[[[-162.48971557617188,60.80250549316406],[-162.58917236328125,60.750274658203125],[-162.78860473632812,60.82722473144531],[-162.62249755859375,60.845001220703125],[-162.48971557617188,60.80250549316406]]]}},{"type":"Feature","properties":{},"geometry":{"type":"Polygon","coordinates":[[[-110.41139221191406,63.404449462890625],[-110.58611297607422,63.26611328125],[-110.68194580078125,63.24583435058594],[-110.66805267333984,63.33528137207031],[-110.51361083984375,63.4102783203125],[-110.554443359375,63.500831604003906],[-110.41139221191406,63.404449462890625]]]}},{"type":"Feature","properties":{},"geometry":{"type":"Polygon","coordinates":[[[-76.35388946533203,58.50611114501953],[-76.17028045654297,58.43388366699219],[-76.20861053466797,58.35972595214844],[-76.13277435302734,58.350830078125],[-76.18277740478516,58.27527618408203],[-76.30249786376953,58.35028076171875],[-76.27166748046875,58.41194152832031],[-76.3861083984375,58.4244384765625],[-76.25389099121094,58.43861389160156],[-76.35388946533203,58.50611114501953]]]}},{"type":"Feature","properties":{},"geometry":{"type":"Polygon","coordinates":[[[-108.2227783203125,58.9022216796875],[-108.258056640625,58.815277099609375],[-108.41777801513672,58.8477783203125],[-108.28555297851562,58.921661376953125],[-108.09833526611328,58.9344482421875],[-108.2227783203125,58.9022216796875]]]}},{"type":"Feature","properties":{},"geometry":{"type":"Polygon","coordinates":[[[-109.46639251708984,63.71611022949219],[-109.30722045898438,63.90916442871094],[-109.09222412109375,63.89611053466797],[-109.46639251708984,63.71611022949219]]]}},{"type":"Feature","properties":{},"geometry":{"type":"Polygon","coordinates":[[[-92.25360870361328,67.8066635131836],[-92.42610931396484,67.74666595458984],[-92.5736083984375,67.81083679199219],[-92.89389038085938,67.78472137451172],[-92.57749938964844,67.8550033569336],[-92.25360870361328,67.8066635131836]]]}},{"type":"Feature","properties":{},"geometry":{"type":"Polygon","coordinates":[[[-106.06639099121094,54.072776794433594],[-106.13138580322266,54.02055358886719],[-106.25138854980469,54.03443908691406],[-106.2602767944336,54.09416198730469],[-106.11360931396484,54.15333557128906],[-106.06639099121094,54.072776794433594]]]}},{"type":"Feature","properties":{},"geometry":{"type":"Polygon","coordinates":[[[-112.01055908203125,61.451385498046875],[-111.79638671875,61.540557861328125],[-111.84471893310547,61.540557861328125],[-111.63694763183594,61.629722595214844],[-111.76638793945312,61.44667053222656],[-112.01055908203125,61.451385498046875]]]}},{"type":"Feature","properties":{},"geometry":{"type":"Polygon","coordinates":[[[-96.4888916015625,54.5272216796875],[-96.74555969238281,54.46556091308594],[-96.79222106933594,54.513336181640625],[-96.4888916015625,54.5272216796875]]]}},{"type":"Feature","properties":{},"geometry":{"type":"Polygon","coordinates":[[[-70.46444702148438,43.85777282714844],[-70.52388763427734,43.779998779296875],[-70.6272201538086,43.883331298828125],[-70.60416412353516,43.929718017578125],[-70.46444702148438,43.85777282714844]]]}},{"type":"Feature","properties":{},"geometry":{"type":"Polygon","coordinates":[[[-69.57666778564453,70.49250030517578],[-70.28277587890625,70.40972137451172],[-70.64694213867188,70.24555969238281],[-70.57805633544922,70.33194732666016],[-70.21028137207031,70.44277954101562],[-69.57666778564453,70.49250030517578]]]}},{"type":"Feature","properties":{},"geometry":{"type":"Polygon","coordinates":[[[-87.21639251708984,50.60638427734375],[-87.44027709960938,50.476112365722656],[-87.45861053466797,50.5352783203125],[-87.60749816894531,50.52027893066406],[-87.36333465576172,50.629722595214844],[-87.43055725097656,50.52667236328125],[-87.21639251708984,50.60638427734375]]]}},{"type":"Feature","properties":{},"geometry":{"type":"Polygon","coordinates":[[[-68.80194091796875,57.010833740234375],[-68.89389038085938,56.94721984863281],[-68.9000015258789,56.848052978515625],[-68.99694061279297,56.986114501953125],[-68.83277893066406,57.08361053466797],[-68.80194091796875,57.010833740234375]]]}},{"type":"Feature","properties":{},"geometry":{"type":"Polygon","coordinates":[[[-102.98278045654297,69.73555755615234],[-103.29861450195312,69.73611450195312],[-103.42277526855469,69.85388946533203],[-103.2861099243164,69.8580551147461],[-102.98278045654297,69.73555755615234]]]}},{"type":"Feature","properties":{},"geometry":{"type":"Polygon","coordinates":[[[-121.79222106933594,64.62555694580078],[-121.47416687011719,64.66416931152344],[-121.43444061279297,64.64055633544922],[-121.54222106933594,64.57917022705078],[-121.79222106933594,64.62555694580078]]]}},{"type":"Feature","properties":{},"geometry":{"type":"Polygon","coordinates":[[[-155.69082641601562,58.818328857421875],[-155.21083068847656,58.7005615234375],[-155.0655517578125,58.60472106933594],[-155.62777709960938,58.725555419921875],[-155.69082641601562,58.818328857421875]]]}},{"type":"Feature","properties":{},"geometry":{"type":"Polygon","coordinates":[[[-102.56055450439453,58.78388977050781],[-102.4183349609375,58.82722473144531],[-102.15777587890625,58.91999816894531],[-102.36888885498047,58.766387939453125],[-102.56055450439453,58.78388977050781]]]}},{"type":"Feature","properties":{},"geometry":{"type":"Polygon","coordinates":[[[-103.17610931396484,60.291107177734375],[-103.0969467163086,60.25694274902344],[-102.99583435058594,60.28111267089844],[-103.11333465576172,60.16471862792969],[-103.26805877685547,60.19166564941406],[-103.17610931396484,60.291107177734375]]]}},{"type":"Feature","properties":{},"geometry":{"type":"Polygon","coordinates":[[[-107.55860900878906,63.578887939453125],[-107.48777770996094,63.57167053222656],[-107.5272216796875,63.611663818359375],[-107.29944610595703,63.69194030761719],[-107.40611267089844,63.47888946533203],[-107.41555786132812,63.557777404785156],[-107.55860900878906,63.578887939453125]]]}},{"type":"Feature","properties":{},"geometry":{"type":"Polygon","coordinates":[[[-99.20471954345703,65.63805389404297],[-99.274169921875,65.52361297607422],[-99.13722229003906,65.5111083984375],[-99.15083312988281,65.46444702148438],[-99.35916900634766,65.4719467163086],[-99.34249877929688,65.58194732666016],[-99.20471954345703,65.63805389404297]]]}},{"type":"Feature","properties":{},"geometry":{"type":"Polygon","coordinates":[[[-104.44277954101562,62.86250305175781],[-104.29305267333984,62.8941650390625],[-104.26499938964844,62.777496337890625],[-104.31194305419922,62.71722412109375],[-104.41305541992188,62.7550048828125],[-104.44277954101562,62.86250305175781]]]}},{"type":"Feature","properties":{},"geometry":{"type":"Polygon","coordinates":[[[-109.18083190917969,57.6763916015625],[-109.31305694580078,57.648887634277344],[-109.1177749633789,57.65361022949219],[-109.19055938720703,57.56694030761719],[-109.3388900756836,57.55528259277344],[-109.24944305419922,57.624725341796875],[-109.34889221191406,57.61750030517578],[-109.35416412353516,57.668609619140625],[-109.18083190917969,57.6763916015625]]]}},{"type":"Feature","properties":{},"geometry":{"type":"Polygon","coordinates":[[[-131.92111206054688,67.67555236816406],[-131.81639099121094,67.7508316040039],[-131.6844482421875,67.75777435302734],[-131.63888549804688,67.6963882446289],[-131.92111206054688,67.67555236816406]]]}},{"type":"Feature","properties":{},"geometry":{"type":"Polygon","coordinates":[[[-75.64833068847656,46.264442443847656],[-75.59972381591797,46.06444549560547],[-75.66777801513672,46.099998474121094],[-75.72972106933594,45.91722106933594],[-75.82611083984375,45.94999694824219],[-75.69305419921875,46.040000915527344],[-75.70249938964844,46.173057556152344],[-75.64833068847656,46.264442443847656]]]}},{"type":"Feature","properties":{},"geometry":{"type":"Polygon","coordinates":[[[-74.87611389160156,49.95777893066406],[-74.77249908447266,49.866111755371094],[-74.85555267333984,49.91222381591797],[-74.98694610595703,49.84166717529297],[-74.94667053222656,49.918609619140625],[-74.99388885498047,49.931671142578125],[-74.83555603027344,50.024169921875],[-74.87611389160156,49.95777893066406]]]}},{"type":"Feature","properties":{},"geometry":{"type":"Polygon","coordinates":[[[-163.99777221679688,61.633056640625],[-163.74749755859375,61.59416198730469],[-163.62750244140625,61.50860595703125],[-163.6727752685547,61.464996337890625],[-163.71527099609375,61.538055419921875],[-163.99777221679688,61.633056640625]]]}},{"type":"Feature","properties":{},"geometry":{"type":"Polygon","coordinates":[[[-70.55332946777344,60.42555236816406],[-70.38444519042969,60.35194396972656],[-70.17333221435547,60.345550537109375],[-70.48332977294922,60.32861328125],[-70.55332946777344,60.42555236816406]]]}},{"type":"Feature","properties":{},"geometry":{"type":"Polygon","coordinates":[[[-106.67388916015625,70.32527923583984],[-106.34722137451172,70.28500366210938],[-106.17111206054688,70.23361206054688],[-106.51472473144531,70.23805236816406],[-106.67388916015625,70.32527923583984]]]}},{"type":"Feature","properties":{},"geometry":{"type":"Polygon","coordinates":[[[-90.65888977050781,66.72027587890625],[-90.52777862548828,66.68194580078125],[-90.59944152832031,66.57861328125],[-90.6177749633789,66.68611145019531],[-90.87000274658203,66.7874984741211],[-90.62750244140625,66.82333374023438],[-90.65888977050781,66.72027587890625]]]}},{"type":"Feature","properties":{},"geometry":{"type":"Polygon","coordinates":[[[-73.43861389160156,43.831939697265625],[-73.5088882446289,43.65888977050781],[-73.71527862548828,43.439720153808594],[-73.63999938964844,43.59722137451172],[-73.43861389160156,43.831939697265625]]]}},{"type":"Feature","properties":{},"geometry":{"type":"Polygon","coordinates":[[[-93.3324966430664,51.485557556152344],[-93.5777816772461,51.42222595214844],[-93.67361450195312,51.451942443847656],[-93.3324966430664,51.485557556152344]]]}},{"type":"Feature","properties":{},"geometry":{"type":"Polygon","coordinates":[[[-101.66416931152344,41.25944519042969],[-101.67444610595703,41.213890075683594],[-102.0058364868164,41.296661376953125],[-101.86305236816406,41.30555725097656],[-101.66416931152344,41.25944519042969]]]}},{"type":"Feature","properties":{},"geometry":{"type":"Polygon","coordinates":[[[-111.79833221435547,60.540283203125],[-111.9527816772461,60.643333435058594],[-111.95527648925781,60.798057556152344],[-111.78416442871094,60.668609619140625],[-111.79833221435547,60.540283203125]]]}},{"type":"Feature","properties":{},"geometry":{"type":"Polygon","coordinates":[[[-112.44667053222656,53.43861389160156],[-112.51555633544922,53.380828857421875],[-112.61499786376953,53.41583251953125],[-112.50416564941406,53.51777648925781],[-112.44667053222656,53.43861389160156]]]}},{"type":"Feature","properties":{},"geometry":{"type":"Polygon","coordinates":[[[-99.52194213867188,65.26638793945312],[-99.57027435302734,65.17416381835938],[-99.77166748046875,65.20333099365234],[-99.7691650390625,65.33361053466797],[-99.52194213867188,65.26638793945312]]]}},{"type":"Feature","properties":{},"geometry":{"type":"Polygon","coordinates":[[[-93.62083435058594,69.8566665649414],[-93.70471954345703,69.77194213867188],[-93.60305786132812,69.74610900878906],[-93.62611389160156,69.68722534179688],[-93.84388732910156,69.62777709960938],[-93.67194366455078,69.74055480957031],[-93.78888702392578,69.7219467163086],[-93.73139190673828,69.79666900634766],[-93.78805541992188,69.83333587646484],[-93.62083435058594,69.8566665649414]]]}},{"type":"Feature","properties":{},"geometry":{"type":"Polygon","coordinates":[[[-92.5905532836914,44.616943359375],[-92.36194610595703,44.5755615234375],[-92.12694549560547,44.41888427734375],[-92.25694274902344,44.43888854980469],[-92.5905532836914,44.616943359375]]]}},{"type":"Feature","properties":{},"geometry":{"type":"Polygon","coordinates":[[[-95.89305877685547,54.23194885253906],[-95.78333282470703,54.31861114501953],[-95.64138793945312,54.298614501953125],[-95.7388916015625,54.21360778808594],[-95.89305877685547,54.23194885253906]]]}},{"type":"Feature","properties":{},"geometry":{"type":"Polygon","coordinates":[[[-102.774169921875,65.01361083984375],[-102.89277648925781,65.02444458007812],[-103.23027801513672,64.97555541992188],[-103.09722137451172,65.0522232055664],[-102.774169921875,65.01361083984375]]]}},{"type":"Feature","properties":{},"geometry":{"type":"Polygon","coordinates":[[[-162.42027282714844,60.939720153808594],[-162.23638916015625,60.90943908691406],[-162.34527587890625,60.893890380859375],[-162.17694091796875,60.84056091308594],[-162.3961181640625,60.833892822265625],[-162.42027282714844,60.939720153808594]]]}},{"type":"Feature","properties":{},"geometry":{"type":"Polygon","coordinates":[[[-120.65472412109375,40.65472412109375],[-120.6986083984375,40.66638946533203],[-120.79277801513672,40.551666259765625],[-120.7652816772461,40.693328857421875],[-120.67888641357422,40.74000549316406],[-120.65472412109375,40.65472412109375]]]}},{"type":"Feature","properties":{},"geometry":{"type":"Polygon","coordinates":[[[-112.57611083984375,67.00638580322266],[-112.83499908447266,66.92166900634766],[-112.8919448852539,66.97777557373047],[-112.69916534423828,66.97611236572266],[-112.37666320800781,67.19750213623047],[-112.57611083984375,67.00638580322266]]]}},{"type":"Feature","properties":{},"geometry":{"type":"Polygon","coordinates":[[[-85.54972076416016,48.802223205566406],[-85.61499786376953,48.77027893066406],[-85.59889221191406,48.687774658203125],[-85.70972442626953,48.643890380859375],[-85.6441650390625,48.73500061035156],[-85.66555786132812,48.88221740722656],[-85.6530532836914,48.817222595214844],[-85.59944152832031,48.86138916015625],[-85.54972076416016,48.802223205566406]]]}},{"type":"Feature","properties":{},"geometry":{"type":"Polygon","coordinates":[[[-78.02222442626953,44.287498474121094],[-78.17583465576172,44.155555725097656],[-78.3197250366211,44.106109619140625],[-78.02222442626953,44.287498474121094]]]}},{"type":"Feature","properties":{},"geometry":{"type":"Polygon","coordinates":[[[-97.86555480957031,61.951942443847656],[-97.63194274902344,62.052223205566406],[-97.5352783203125,61.9969482421875],[-97.86555480957031,61.951942443847656]]]}},{"type":"Feature","properties":{},"geometry":{"type":"Polygon","coordinates":[[[-117.87083435058594,65.36861419677734],[-117.75305938720703,65.3536148071289],[-118.09416961669922,65.26249694824219],[-117.87249755859375,65.32694244384766],[-117.99805450439453,65.36499786376953],[-117.88888549804688,65.51055908203125],[-117.73722076416016,65.47444152832031],[-117.87083435058594,65.36861419677734]]]}},{"type":"Feature","properties":{},"geometry":{"type":"Polygon","coordinates":[[[-159.00250244140625,59.73583221435547],[-158.741943359375,59.69972229003906],[-158.45750427246094,59.60028076171875],[-159.00250244140625,59.73583221435547]]]}},{"type":"Feature","properties":{},"geometry":{"type":"Polygon","coordinates":[[[-163.9872283935547,60.984161376953125],[-163.93638610839844,60.921112060546875],[-164.0991668701172,60.872222900390625],[-164.15138244628906,60.9505615234375],[-164.00250244140625,60.96028137207031],[-164.11639404296875,60.98194885253906],[-164.02027893066406,61.000274658203125],[-164.0836181640625,61.038330078125],[-163.9872283935547,60.984161376953125]]]}},{"type":"Feature","properties":{},"geometry":{"type":"Polygon","coordinates":[[[-93.90166473388672,71.58139038085938],[-93.9383316040039,71.46916961669922],[-93.95083618164062,71.52083587646484],[-94.1933364868164,71.52249908447266],[-94.10861206054688,71.62750244140625],[-93.90166473388672,71.58139038085938]]]}},{"type":"Feature","properties":{},"geometry":{"type":"Polygon","coordinates":[[[-93.04638671875,69.97472381591797],[-92.63500213623047,70.01638793945312],[-92.93055725097656,69.92527770996094],[-92.90666961669922,69.8661117553711],[-93.20138549804688,69.8183364868164],[-92.98916625976562,69.9111099243164],[-93.04638671875,69.97472381591797]]]}},{"type":"Feature","properties":{},"geometry":{"type":"Polygon","coordinates":[[[-107.4044418334961,54.51861572265625],[-107.26889038085938,54.445831298828125],[-107.51972198486328,54.428611755371094],[-107.4044418334961,54.51861572265625]]]}},{"type":"Feature","properties":{},"geometry":{"type":"Polygon","coordinates":[[[-116.65472412109375,47.633056640625],[-116.76166534423828,47.6361083984375],[-116.8419418334961,47.50361633300781],[-116.75,47.41722106933594],[-116.9263916015625,47.48027801513672],[-116.81805419921875,47.55000305175781],[-116.80278015136719,47.68694305419922],[-116.65472412109375,47.633056640625]]]}},{"type":"Feature","properties":{},"geometry":{"type":"Polygon","coordinates":[[[-102.76944732666016,63.08055114746094],[-102.6683349609375,62.97528076171875],[-102.89583587646484,62.90888977050781],[-102.90472412109375,62.940834045410156],[-102.76944732666016,63.08055114746094]]]}},{"type":"Feature","properties":{},"geometry":{"type":"Polygon","coordinates":[[[-113.24833679199219,67.18250274658203],[-113.34444427490234,67.23222351074219],[-113.26333618164062,67.25527954101562],[-113.33999633789062,67.29138946533203],[-113.27583312988281,67.3227767944336],[-113.31055450439453,67.3661117553711],[-113.14749908447266,67.35778045654297],[-113.24833679199219,67.18250274658203]]]}},{"type":"Feature","properties":{},"geometry":{"type":"Polygon","coordinates":[[[-95.61222076416016,53.75694274902344],[-95.86750030517578,53.64305114746094],[-95.85028076171875,53.70249938964844],[-95.61222076416016,53.75694274902344]]]}},{"type":"Feature","properties":{},"geometry":{"type":"Polygon","coordinates":[[[-79.42444610595703,70.85194396972656],[-79.24028015136719,70.86722564697266],[-79.15694427490234,70.81916809082031],[-79.47027587890625,70.79389190673828],[-79.59916687011719,70.86666870117188],[-79.37944030761719,70.9000015258789],[-79.42444610595703,70.85194396972656]]]}},{"type":"Feature","properties":{},"geometry":{"type":"Polygon","coordinates":[[[-89.81416320800781,53.14778137207031],[-89.7522201538086,53.03443908691406],[-89.66222381591797,53.01361083984375],[-89.74972534179688,52.992218017578125],[-89.88583374023438,53.10417175292969],[-89.81416320800781,53.14778137207031]]]}},{"type":"Feature","properties":{},"geometry":{"type":"Polygon","coordinates":[[[-67.96861267089844,66.21666717529297],[-67.97750091552734,66.2699966430664],[-68.23332977294922,66.37194061279297],[-67.90416717529297,66.33528137207031],[-67.8147201538086,66.21444702148438],[-67.96861267089844,66.21666717529297]]]}},{"type":"Feature","properties":{},"geometry":{"type":"Polygon","coordinates":[[[-96.11166381835938,53.554168701171875],[-96.38361358642578,53.50250244140625],[-96.40528106689453,53.52555847167969],[-96.20138549804688,53.59166717529297],[-96.11166381835938,53.554168701171875]]]}},{"type":"Feature","properties":{},"geometry":{"type":"Polygon","coordinates":[[[-92.78333282470703,52.57722473144531],[-92.8838882446289,52.47222137451172],[-93.06777954101562,52.51055908203125],[-92.78333282470703,52.57722473144531]]]}},{"type":"Feature","properties":{},"geometry":{"type":"Polygon","coordinates":[[[-98.17361450195312,57.02166748046875],[-98.13500213623047,56.977783203125],[-98.17527770996094,56.915000915527344],[-98.26388549804688,57.03416442871094],[-98.0977783203125,57.07416534423828],[-98.17361450195312,57.02166748046875]]]}},{"type":"Feature","properties":{},"geometry":{"type":"Polygon","coordinates":[[[-92.78083038330078,48.837501525878906],[-92.97833251953125,48.703338623046875],[-93.01777648925781,48.757781982421875],[-92.95972442626953,48.77555847167969],[-93.09388732910156,48.76055908203125],[-92.78083038330078,48.837501525878906]]]}},{"type":"Feature","properties":{},"geometry":{"type":"Polygon","coordinates":[[[-106.88639068603516,42.505279541015625],[-106.88694763183594,42.254722595214844],[-106.929443359375,42.32666778564453],[-106.90027618408203,42.38417053222656],[-106.9544448852539,42.386390686035156],[-106.88639068603516,42.505279541015625]]]}},{"type":"Feature","properties":{},"geometry":{"type":"Polygon","coordinates":[[[-65.6361083984375,54.43388366699219],[-65.6441650390625,54.30305480957031],[-65.5361099243164,54.35194396972656],[-65.59833526611328,54.20249938964844],[-65.71028137207031,54.35944366455078],[-65.6361083984375,54.43388366699219]]]}},{"type":"Feature","properties":{},"geometry":{"type":"Polygon","coordinates":[[[-78.03250122070312,49.9425048828125],[-78.149169921875,49.9022216796875],[-78.2427749633789,49.951942443847656],[-78.14805603027344,49.98777770996094],[-78.03250122070312,49.9425048828125]]]}},{"type":"Feature","properties":{},"geometry":{"type":"Polygon","coordinates":[[[-63.58583068847656,54.46611022949219],[-63.4324951171875,54.40916442871094],[-63.44305419921875,54.38249969482422],[-63.61582946777344,54.41749572753906],[-63.58361053466797,54.36250305175781],[-63.76666259765625,54.37555694580078],[-63.58583068847656,54.46611022949219]]]}},{"type":"Feature","properties":{},"geometry":{"type":"Polygon","coordinates":[[[-106.86861419677734,55.938331604003906],[-106.99610900878906,55.84583282470703],[-106.94833374023438,55.81111145019531],[-107.08194732666016,55.793060302734375],[-106.96028137207031,55.93138885498047],[-106.86861419677734,55.938331604003906]]]}},{"type":"Feature","properties":{},"geometry":{"type":"Polygon","coordinates":[[[-95.93861389160156,65.43333435058594],[-95.80555725097656,65.20055389404297],[-96.08361053466797,65.25],[-95.9486083984375,65.30694580078125],[-95.93861389160156,65.43333435058594]]]}},{"type":"Feature","properties":{},"geometry":{"type":"Polygon","coordinates":[[[-72.0713882446289,65.48777770996094],[-72.01277923583984,65.56388854980469],[-71.89472198486328,65.62083435058594],[-71.87916564941406,65.4647216796875],[-72.0713882446289,65.48777770996094]]]}},{"type":"Feature","properties":{},"geometry":{"type":"Polygon","coordinates":[[[-95.39611053466797,51.9888916015625],[-95.39833068847656,51.836669921875],[-95.5602798461914,51.864166259765625],[-95.39611053466797,51.9888916015625]]]}},{"type":"Feature","properties":{},"geometry":{"type":"Polygon","coordinates":[[[-150.524169921875,60.456390380859375],[-150.1475067138672,60.43333435058594],[-150.1347198486328,60.405555725097656],[-150.36917114257812,60.38139343261719],[-150.524169921875,60.456390380859375]]]}},{"type":"Feature","properties":{},"geometry":{"type":"Polygon","coordinates":[[[-107.26222229003906,38.5130615234375],[-106.98527526855469,38.514442443847656],[-107.10277557373047,38.46055603027344],[-107.33944702148438,38.45416259765625],[-107.26222229003906,38.5130615234375]]]}},{"type":"Feature","properties":{},"geometry":{"type":"Polygon","coordinates":[[[-116.62833404541016,64.90721893310547],[-116.3727798461914,64.85166931152344],[-116.54138946533203,64.86333465576172],[-116.35555267333984,64.77972412109375],[-116.63417053222656,64.8550033569336],[-116.62833404541016,64.90721893310547]]]}},{"type":"Feature","properties":{},"geometry":{"type":"Polygon","coordinates":[[[-109.2074966430664,64.7236099243164],[-109.32389068603516,64.72888946533203],[-109.32111358642578,64.6816635131836],[-109.12666320800781,64.56749725341797],[-109.27444458007812,64.52833557128906],[-109.17694091796875,64.56639099121094],[-109.31583404541016,64.6050033569336],[-109.36499786376953,64.75777435302734],[-109.2074966430664,64.7236099243164]]]}},{"type":"Feature","properties":{},"geometry":{"type":"Polygon","coordinates":[[[-101.52305603027344,35.72027587890625],[-101.75416564941406,35.495277404785156],[-101.82167053222656,35.483055114746094],[-101.62889099121094,35.7177734375],[-101.52305603027344,35.72027587890625]]]}},{"type":"Feature","properties":{},"geometry":{"type":"Polygon","coordinates":[[[-76.80694580078125,51.28778076171875],[-76.93638610839844,51.320556640625],[-77.024169921875,51.321388244628906],[-76.81666564941406,51.418609619140625],[-76.84610748291016,51.3175048828125],[-76.61166381835938,51.34527587890625],[-76.80694580078125,51.28778076171875]]]}},{"type":"Feature","properties":{},"geometry":{"type":"Polygon","coordinates":[[[-110.27666473388672,61.51611328125],[-110.1763916015625,61.579444885253906],[-110.21444702148438,61.50721740722656],[-110.0888900756836,61.505279541015625],[-110.31277465820312,61.36305236816406],[-110.27666473388672,61.51611328125]]]}},{"type":"Feature","properties":{},"geometry":{"type":"Polygon","coordinates":[[[-109.00277709960938,64.71333312988281],[-108.82221984863281,64.54694366455078],[-109.008056640625,64.63722229003906],[-109.12666320800781,64.59805297851562],[-109.100830078125,64.67305755615234],[-108.99833679199219,64.6544418334961],[-109.10749816894531,64.73361206054688],[-108.98666381835938,64.71499633789062],[-108.90721893310547,64.68389129638672],[-109.00277709960938,64.71333312988281]]]}},{"type":"Feature","properties":{},"geometry":{"type":"Polygon","coordinates":[[[-108.2477798461914,55.56138610839844],[-108.36833190917969,55.49082946777344],[-108.4044418334961,55.580833435058594],[-108.2780532836914,55.61555480957031],[-108.2477798461914,55.56138610839844]]]}},{"type":"Feature","properties":{},"geometry":{"type":"Polygon","coordinates":[[[-108.27055358886719,56.980560302734375],[-108.06055450439453,56.96666717529297],[-107.98777770996094,56.96055603027344],[-108.27055358886719,56.980560302734375]]]}},{"type":"Feature","properties":{},"geometry":{"type":"Polygon","coordinates":[[[-90.77249908447266,53.391944885253906],[-90.89389038085938,53.351112365722656],[-90.96611022949219,53.47416687011719],[-90.93583679199219,53.49388885498047],[-90.77249908447266,53.391944885253906]]]}},{"type":"Feature","properties":{},"geometry":{"type":"Polygon","coordinates":[[[-67.4544448852539,6.19305419921875],[-67.15972137451172,6.4630584716796875],[-67.04861450195312,6.825279235839844],[-67.1138916015625,7.1347198486328125],[-66.61750030517578,7.3277740478515625],[-66.47389221191406,7.581108093261719],[-66.3405532836914,7.667503356933594],[-65.91055297851562,7.7080535888671875],[-65.74166870117188,7.8708343505859375],[-65.5522232055664,7.931388854980469],[-65.13194274902344,7.858329772949219],[-64.81999969482422,7.6805572509765625],[-64.51555633544922,7.785003662109375],[-64.5897216796875,7.938056945800781],[-64.48416900634766,8.031944274902344],[-64.38749694824219,8.001388549804688],[-64.22305297851562,8.096946716308594],[-63.99638366699219,7.966667175292969],[-63.81111145019531,8.15472412109375],[-63.481109619140625,8.169166564941406],[-63.165283203125,8.331947326660156],[-62.90943908691406,8.270553588867188],[-62.55250549316406,8.521392822265625],[-62.25639343261719,8.59527587890625],[-62.008056640625,8.879165649414062],[-62.057777404785156,8.870277404785156],[-62.09583282470703,8.961944580078125],[-62.070556640625,9.055831909179688],[-62.33777618408203,9.131111145019531],[-62.338890075683594,9.359443664550781],[-62.41222381591797,9.405281066894531],[-62.4566650390625,9.520553588867188],[-62.3719482421875,9.745834350585938],[-62.31889343261719,9.705833435058594],[-62.428611755371094,9.550277709960938],[-62.3880615234375,9.409721374511719],[-62.31666564941406,9.368888854980469],[-62.314720153808594,9.303329467773438],[-62.22721862792969,9.308609008789062],[-62.04472351074219,9.05999755859375],[-62.0433349609375,8.897224426269531],[-61.98500061035156,8.895835876464844],[-62.10944366455078,8.71221923828125],[-61.64860534667969,8.624725341796875],[-61.89500427246094,8.526107788085938],[-62.250831604003906,8.58416748046875],[-62.89527893066406,8.257781982421875],[-63.154998779296875,8.310279846191406],[-63.46333312988281,8.143890380859375],[-63.80555725097656,8.103057861328125],[-63.95832824707031,7.931388854980469],[-64.274169921875,8.053611755371094],[-64.29944610595703,7.9961090087890625],[-64.49166870117188,7.9772186279296875],[-64.45055389404297,7.8194427490234375],[-64.52749633789062,7.744720458984375],[-64.84527587890625,7.640830993652344],[-65.04277801513672,7.794441223144531],[-65.58444213867188,7.883056640625],[-65.91416931152344,7.6669464111328125],[-66.31944274902344,7.6399993896484375],[-66.54750061035156,7.326385498046875],[-67.05916595458984,7.0422210693359375],[-67.00527954101562,6.901664733886719],[-67.1147232055664,6.466392517089844],[-67.36638641357422,6.223609924316406],[-67.4544448852539,6.19305419921875]]]}},{"type":"Feature","properties":{},"geometry":{"type":"Polygon","coordinates":[[[-71.30278015136719,46.75611114501953],[-71.86499786376953,46.66583251953125],[-72.67111206054688,46.2005615234375],[-72.9102783203125,46.13111114501953],[-72.90666961669922,46.07666778564453],[-73.14944458007812,46.05332946777344],[-73.22305297851562,45.885276794433594],[-73.43777465820312,45.72111511230469],[-73.5191650390625,45.421112060546875],[-73.72638702392578,45.418060302734375],[-74.00305938720703,45.23777770996094],[-74.33721923828125,45.17277526855469],[-74.46888732910156,45.0574951171875],[-75.2852783203125,44.85028076171875],[-75.77916717529297,44.48777770996094],[-75.43861389160156,44.77555847167969],[-75.01499938964844,44.991111755371094],[-74.58222198486328,45.062225341796875],[-74.16000366210938,45.313331604003906],[-73.96639251708984,45.34722137451172],[-74.01555633544922,45.44444274902344],[-74.31583404541016,45.499725341796875],[-74.63972473144531,45.629722595214844],[-74.92194366455078,45.633888244628906],[-75.83555603027344,45.363609313964844],[-76.09278106689453,45.50444030761719],[-76.36000061035156,45.45611572265625],[-76.67832946777344,45.57444763183594],[-76.82499694824219,45.86528015136719],[-76.91222381591797,45.87889099121094],[-76.90333557128906,45.78944396972656],[-77.05194091796875,45.79167175292969],[-77.44750213623047,46.03666687011719],[-77.31527709960938,46.01527404785156],[-77.6897201538086,46.18611145019531],[-77.33277893066406,46.053611755371094],[-77.24888610839844,45.93611145019531],[-76.79944610595703,45.880828857421875],[-76.62611389160156,45.57249450683594],[-76.35305786132812,45.47111511230469],[-76.07666778564453,45.52610778808594],[-75.83055877685547,45.39055633544922],[-75.25360870361328,45.58833312988281],[-74.96083068847656,45.647216796875],[-74.64971923828125,45.649169921875],[-74.04166412353516,45.477500915527344],[-73.72694396972656,45.69471740722656],[-73.44000244140625,45.74749755859375],[-73.09139251708984,46.15777587890625],[-72.62972259521484,46.28582763671875],[-71.87388610839844,46.6905517578125],[-71.30278015136719,46.75611114501953]]]}},{"type":"Feature","properties":{},"geometry":{"type":"Polygon","coordinates":[[[-124.97110748291016,64.5213851928711],[-125.02471923828125,64.6691665649414],[-124.89944458007812,64.68389129638672],[-125.09500122070312,64.69721984863281],[-125.1361083984375,64.80027770996094],[-125.27999877929688,64.86305236816406],[-125.98944091796875,64.92694091796875],[-126.38833618164062,65.15277862548828],[-127.18805694580078,65.2955551147461],[-128.04417419433594,65.60333251953125],[-128.5191650390625,65.61305236816406],[-128.7197265625,65.63194274902344],[-128.8300018310547,65.69027709960938],[-128.77999877929688,65.76139068603516],[-129.056396484375,65.85138702392578],[-129.17027282714844,66.07111358642578],[-129.01805114746094,66.19277954101562],[-128.6649932861328,66.30500030517578],[-128.959716796875,66.399169921875],[-129.102783203125,66.52749633789062],[-129.2513885498047,66.55278015136719],[-129.63833618164062,66.73332977294922],[-130.14361572265625,66.80972290039062],[-130.25833129882812,66.9888916015625],[-130.27777099609375,67.22166442871094],[-130.82278442382812,67.35749816894531],[-130.93028259277344,67.47333526611328],[-131.5480499267578,67.445556640625],[-132.8191680908203,67.19277954101562],[-133.03472900390625,67.22000122070312],[-133.45249938964844,67.34361267089844],[-133.5625,67.47083282470703],[-133.74221801757812,67.45305633544922],[-134.2772216796875,67.65611267089844],[-134.3249969482422,67.75305938720703],[-134.2344512939453,67.8324966430664],[-134.41555786132812,67.84722137451172],[-134.35777282714844,67.90416717529297],[-134.53277587890625,68.05722045898438],[-134.4422149658203,68.11861419677734],[-134.43167114257812,68.2925033569336],[-134.10166931152344,68.40750122070312],[-134.17388916015625,68.45361328125],[-134.0883331298828,68.50055694580078],[-134.2344512939453,68.5152816772461],[-134.16139221191406,68.61861419677734],[-134.23306274414062,68.6933364868164],[-133.97972106933594,68.51555633544922],[-134.14305114746094,68.4544448852539],[-134.03750610351562,68.41000366210938],[-134.1938934326172,68.30583190917969],[-134.38055419921875,68.29027557373047],[-134.23583984375,68.23444366455078],[-134.4038848876953,68.21499633789062],[-134.33917236328125,68.09278106689453],[-134.4199981689453,68.03221893310547],[-134.1838836669922,67.85416412353516],[-134.06500244140625,67.63749694824219],[-133.7344512939453,67.46499633789062],[-133.55389404296875,67.48416900634766],[-133.38194274902344,67.34889221191406],[-132.85055541992188,67.2138900756836],[-131.57167053222656,67.46111297607422],[-131.00721740722656,67.49861145019531],[-130.86083984375,67.46749877929688],[-130.76499938964844,67.36582946777344],[-130.3541717529297,67.31194305419922],[-130.24472045898438,67.24055480957031],[-130.21221923828125,67.01750183105469],[-130.0013885498047,66.80860900878906],[-129.48971557617188,66.71583557128906],[-129.0574951171875,66.5280532836914],[-128.945556640625,66.41471862792969],[-128.64694213867188,66.36194610595703],[-128.62388610839844,66.26194763183594],[-129.0722198486328,66.07250213623047],[-129.01666259765625,65.9102783203125],[-128.68695068359375,65.73999786376953],[-128.78277587890625,65.6816635131836],[-128.0850067138672,65.6258316040039],[-127.679443359375,65.53861236572266],[-127.34722137451172,65.38166809082031],[-126.23722076416016,65.12194061279297],[-125.97750091552734,64.93805694580078],[-125.13166809082031,64.87222290039062],[-125.05472564697266,64.72416687011719],[-124.86944580078125,64.68472290039062],[-124.88833618164062,64.5183334350586],[-124.78555297851562,64.4263916015625],[-124.97110748291016,64.5213851928711]]]}},{"type":"Feature","properties":{},"geometry":{"type":"Polygon","coordinates":[[[-157.959716796875,64.77222442626953],[-158.26666259765625,64.64666748046875],[-158.4844512939453,64.42972564697266],[-158.6986083984375,64.33638763427734],[-158.58139038085938,64.13666534423828],[-158.77333068847656,63.994171142578125],[-159.34027099609375,63.736663818359375],[-159.4683380126953,63.50194549560547],[-159.368896484375,63.393890380859375],[-159.5802764892578,63.35638427734375],[-159.62445068359375,63.29277801513672],[-159.6986083984375,63.25138854980469],[-159.7436065673828,63.0574951171875],[-160.03416442871094,62.926666259765625],[-160.04110717773438,62.78889465332031],[-160.1152801513672,62.65833282470703],[-160.12222290039062,62.71083068847656],[-160.17916870117188,62.682220458984375],[-160.15777587890625,62.56971740722656],[-159.95944213867188,62.410552978515625],[-159.93972778320312,62.25917053222656],[-159.7786102294922,62.238609313964844],[-159.70889282226562,62.19305419921875],[-159.76693725585938,62.09527587890625],[-160.02638244628906,62.04694366455078],[-160.07028198242188,61.94667053222656],[-161.26527404785156,61.86500549316406],[-161.33444213867188,61.812225341796875],[-161.2899932861328,61.73500061035156],[-161.41944885253906,61.64833068847656],[-161.9680633544922,61.55860900878906],[-161.9663848876953,61.68000030517578],[-162.05972290039062,61.77583312988281],[-162.21083068847656,61.89361572265625],[-162.4774932861328,61.905555725097656],[-162.47361755371094,62.00917053222656],[-162.68499755859375,61.905555725097656],[-162.84666442871094,61.94499969482422],[-162.99945068359375,61.8780517578125],[-163.2288818359375,61.942779541015625],[-163.3074951171875,62.02861022949219],[-163.89193725585938,62.09638977050781],[-163.99777221679688,62.20305633544922],[-163.83944702148438,62.399169921875],[-163.96722412109375,62.551109313964844],[-164.19500732421875,62.6925048828125],[-164.50750732421875,62.75389099121094],[-164.16806030273438,62.725830078125],[-163.8683319091797,62.55083465576172],[-163.79666137695312,62.43110656738281],[-163.94166564941406,62.228057861328125],[-163.92361450195312,62.15943908691406],[-163.2402801513672,62.03138732910156],[-163.0994415283203,61.91471862792969],[-162.83749389648438,61.969444274902344],[-162.71055603027344,61.92138671875],[-162.49000549316406,62.02027893066406],[-162.42333984375,62.00611114501953],[-162.38528442382812,61.94139099121094],[-162.17416381835938,61.969444274902344],[-161.9338836669922,61.70555114746094],[-161.93527221679688,61.58777618408203],[-161.41000366210938,61.682220458984375],[-161.3361053466797,61.76499938964844],[-161.37110900878906,61.820281982421875],[-161.29249572753906,61.882781982421875],[-160.84666442871094,61.973052978515625],[-160.05528259277344,61.995277404785156],[-160.0211181640625,62.0625],[-159.7997283935547,62.09638977050781],[-159.72833251953125,62.197776794433594],[-159.9788818359375,62.25138854980469],[-159.9677734375,62.3447265625],[-160.22027587890625,62.541107177734375],[-160.21888732910156,62.68333435058594],[-160.07000732421875,62.78916931152344],[-160.08778381347656,62.84638977050781],[-160.01832580566406,62.96583557128906],[-159.76943969726562,63.07499694824219],[-159.7163848876953,63.263885498046875],[-159.54666137695312,63.39971923828125],[-159.44471740722656,63.43805694580078],[-159.52944946289062,63.53722381591797],[-159.3605499267578,63.74638366699219],[-159.21388244628906,63.801109313964844],[-159.17527770996094,63.88749694824219],[-158.7566680908203,64.03778076171875],[-158.74278259277344,64.16805267333984],[-158.65834045410156,64.21888732910156],[-158.711669921875,64.36333465576172],[-158.30332946777344,64.65110778808594],[-157.9116668701172,64.85472106933594],[-157.959716796875,64.77222442626953]]]}},{"type":"Feature","properties":{},"geometry":{"type":"Polygon","coordinates":[[[-122.33999633789062,62.14582824707031],[-120.88333129882812,61.83222198486328],[-121.27194213867188,61.83917236328125],[-121.96611022949219,62.054168701171875],[-123.0472183227539,62.157501220703125],[-123.41555786132812,62.2852783203125],[-123.22944641113281,62.70277404785156],[-123.26361083984375,62.88360595703125],[-123.22777557373047,62.95305633544922],[-123.116943359375,62.744720458984375],[-123.13444519042969,62.59611511230469],[-123.36722564697266,62.33777618408203],[-123.3022232055664,62.253334045410156],[-122.8405532836914,62.14277648925781],[-122.33999633789062,62.14582824707031]]]}}]}