{"type":"FeatureCollection","features":[{"type":"Feature","properties":{},"geometry":{"type":"LineString","coordinates":[[-67.45999908447266,6.19805908203125],[-67.33399963378906,6.2897186279296875],[-67.16000366210938,6.4630584716796875],[-67.04900360107422,6.8191680908203125],[-67.12699890136719,7.0394439697265625],[-66.98200225830078,7.209442138671875],[-66.822998046875,7.27667236328125],[-66.4739990234375,7.581108093261719],[-66.24099731445312,7.643608093261719],[-65.91100311279297,7.708061218261719],[-65.552001953125,7.931388854980469],[-65.31700134277344,7.901390075683594],[-65.02799987792969,7.814720153808594],[-64.81999969482422,7.6805572509765625],[-64.51899719238281,7.7813873291015625],[-64.58599853515625,7.86639404296875],[-64.48400115966797,8.031936645507812],[-64.30899810791016,8.089996337890625],[-64.13800048828125,8.003059387207031],[-63.811004638671875,8.15472412109375],[-63.165000915527344,8.331939697265625],[-62.90899658203125,8.270561218261719],[-62.662994384765625,8.403327941894531],[-62.40899658203125,8.531669616699219],[-62.25599670410156,8.59527587890625],[-62.05799865722656,8.870277404785156],[-62.07099914550781,9.055831909179688],[-62.154998779296875,9.093063354492188],[-62.277000427246094,9.123611450195312],[-62.33900451660156,9.35943603515625],[-62.457000732421875,9.520561218261719],[-62.319000244140625,9.705825805664062],[-62.42900085449219,9.550277709960938],[-62.313995361328125,9.364723205566406],[-62.22700500488281,9.308609008789062],[-62.04499816894531,9.05999755859375],[-62.042999267578125,8.897216796875],[-62.10900115966797,8.71221923828125],[-61.64900207519531,8.624717712402344],[-61.80500030517578,8.594436645507812],[-62.03199768066406,8.536109924316406],[-62.250999450683594,8.58416748046875],[-62.89500427246094,8.257781982421875],[-63.46299743652344,8.143890380859375],[-63.87300109863281,7.983062744140625],[-64.11000061035156,7.95111083984375],[-64.29900360107422,7.9961090087890625],[-64.45099639892578,7.8194427490234375],[-64.62699890136719,7.7436065673828125],[-64.94599914550781,7.6783294677734375],[-65.58399963378906,7.883056640625],[-65.91400146484375,7.666938781738281],[-66.22899627685547,7.616111755371094],[-66.48500061035156,7.4727783203125],[-66.96099853515625,7.144172668457031],[-67.00499725341797,6.90167236328125],[-67.11499786376953,6.5930633544921875],[-67.36599731445312,6.223609924316406],[-67.45999908447266,6.19805908203125]]}},{"type":"Feature","properties":{},"geometry":{"type":"LineString","coordinates":[[-124.78900146484375,64.42469787597656],[-125.01599884033203,64.59719848632812],[-124.89900207519531,64.68389892578125],[-125.13600158691406,64.80030059814453],[-125.71199798583984,64.87329864501953],[-126.1719970703125,64.98750305175781],[-126.38800048828125,65.15280151367188],[-128.04400634765625,65.60330200195312],[-128.8300018310547,65.69029998779297],[-129.05599975585938,65.85140228271484],[-129.01800537109375,66.19280242919922],[-128.6649932861328,66.30500030517578],[-128.9600067138672,66.39920043945312],[-129.24200439453125,66.54920196533203],[-129.86300659179688,66.73690032958984],[-130.25799560546875,66.98889923095703],[-130.47799682617188,67.30439758300781],[-130.92999267578125,67.47329711914062],[-132.81900024414062,67.19280242919922],[-133.45199584960938,67.34359741210938],[-133.74200439453125,67.4531021118164],[-134.2689971923828,67.65249633789062],[-134.25999450683594,67.76830291748047],[-134.29200744628906,67.87059783935547],[-134.35499572753906,67.8989028930664],[-134.44200134277344,68.11859893798828],[-134.39500427246094,68.25530242919922],[-134.27999877929688,68.32080078125],[-134.1739959716797,68.45359802246094],[-134.23199462890625,68.51000213623047],[-134.23300170898438,68.69329833984375],[-134.14300537109375,68.45439910888672],[-134.19500732421875,68.3478012084961],[-134.38099670410156,68.29029846191406],[-134.4040069580078,68.21499633789062],[-134.41799926757812,68.0271987915039],[-134.13699340820312,67.79669952392578],[-134.06500244140625,67.63749694824219],[-133.73399353027344,67.46499633789062],[-133.51400756835938,67.41999816894531],[-132.8509979248047,67.21389770507812],[-131.0070037841797,67.49859619140625],[-130.76499938964844,67.36579895019531],[-130.2449951171875,67.2406005859375],[-130.0229949951172,66.82060241699219],[-129.2010040283203,66.56189727783203],[-128.9459991455078,66.41470336914062],[-128.63099670410156,66.2572021484375],[-129.04100036621094,66.12889862060547],[-129.00900268554688,65.98780059814453],[-128.68699645996094,65.73999786376953],[-128.58799743652344,65.6686019897461],[-128.0850067138672,65.62580108642578],[-127.58799743652344,65.4657974243164],[-126.60600280761719,65.24639892578125],[-125.97699737548828,64.93810272216797],[-125.05500030517578,64.72419738769531],[-124.88800048828125,64.51830291748047],[-124.78900146484375,64.42469787597656]]}},{"type":"Feature","properties":{},"geometry":{"type":"LineString","coordinates":[[-71.29900360107422,46.74220275878906],[-71.86499786376953,46.665802001953125],[-72.19599914550781,46.51640319824219],[-72.47899627685547,46.3616943359375],[-72.91000366210938,46.131103515625],[-73.14900207519531,46.05329895019531],[-73.43800354003906,45.721099853515625],[-73.52200317382812,45.539703369140625],[-73.72599792480469,45.41809844970703],[-74.33200073242188,45.17530059814453],[-74.68900299072266,44.99110412597656],[-75.28500366210938,44.85029602050781],[-75.81099700927734,44.50250244140625],[-75.01499938964844,44.99110412597656],[-74.47100067138672,45.16279602050781],[-73.96600341796875,45.347198486328125],[-74.31600189208984,45.49969482421875],[-74.63999938964844,45.62969970703125],[-75.08499908447266,45.56809997558594],[-75.83599853515625,45.36360168457031],[-75.98899841308594,45.46690368652344],[-76.36000061035156,45.45610046386719],[-76.71299743652344,45.70390319824219],[-76.78800201416016,45.83000183105469],[-76.91200256347656,45.87889862060547],[-77.052001953125,45.79170227050781],[-77.2969970703125,45.9866943359375],[-77.68599700927734,46.18609619140625],[-77.32099914550781,46.046905517578125],[-76.79900360107422,45.88079833984375],[-76.35299682617188,45.471099853515625],[-76.0770034790039,45.526100158691406],[-75.69400024414062,45.467201232910156],[-74.96099853515625,45.64720153808594],[-74.30899810791016,45.52360534667969],[-74.12799835205078,45.480804443359375],[-73.89800262451172,45.535003662109375],[-73.44000244140625,45.74749755859375],[-73.18599700927734,46.00920104980469],[-72.99299621582031,46.173095703125],[-72.62999725341797,46.285797119140625],[-72.26899719238281,46.45719909667969],[-72.02200317382812,46.601898193359375],[-71.7020034790039,46.669700622558594],[-71.29900360107422,46.74220275878906]]}},{"type":"Feature","properties":{},"geometry":{"type":"LineString","coordinates":[[-157.91200256347656,64.85469818115234],[-158.26699829101562,64.64669799804688],[-158.4409942626953,64.5188980102539],[-158.69900512695312,64.3364028930664],[-158.7729949951172,63.99420166015625],[-159.2169952392578,63.76219940185547],[-159.3820037841797,63.599700927734375],[-159.36900329589844,63.39390563964844],[-159.69900512695312,63.25140380859375],[-160.03399658203125,62.92669677734375],[-160.11500549316406,62.658294677734375],[-160.1790008544922,62.68220520019531],[-160.1580047607422,62.5697021484375],[-159.95899963378906,62.41059875488281],[-159.70899963378906,62.19309997558594],[-160.0260009765625,62.046905517578125],[-160.07000732421875,61.94670104980469],[-161.26499938964844,61.86500549316406],[-161.2899932861328,61.73500061035156],[-161.96800231933594,61.55860137939453],[-162.05999755859375,61.77580261230469],[-162.4770050048828,61.905601501464844],[-162.43800354003906,61.99079895019531],[-162.63600158691406,61.97810363769531],[-162.8470001220703,61.94499969482422],[-163.21400451660156,61.93579864501953],[-163.343994140625,62.037498474121094],[-163.9980010986328,62.203094482421875],[-163.9239959716797,62.43830108642578],[-164.19500732421875,62.6925048828125],[-164.5070037841797,62.75389862060547],[-163.8679962158203,62.55079650878906],[-163.8730010986328,62.252197265625],[-163.9239959716797,62.159400939941406],[-163.24000549316406,62.031402587890625],[-163.08900451660156,61.913604736328125],[-162.71099853515625,61.92140197753906],[-162.49000549316406,62.020301818847656],[-162.38499450683594,61.94139862060547],[-162.07899475097656,61.88639831542969],[-161.9340057373047,61.705596923828125],[-161.93499755859375,61.587799072265625],[-161.33599853515625,61.76499938964844],[-161.29200744628906,61.88279724121094],[-160.05499267578125,61.99530029296875],[-159.8000030517578,62.096405029296875],[-159.97900390625,62.25140380859375],[-160.2169952392578,62.535301208496094],[-160.218994140625,62.68330383300781],[-160.08799743652344,62.846405029296875],[-159.7689971923828,63.07499694824219],[-159.44500732421875,63.43809509277344],[-159.39300537109375,63.64939880371094],[-159.21400451660156,63.80110168457031],[-159.04400634765625,63.90440368652344],[-158.7570037841797,64.03780364990234],[-158.7429962158203,64.16809844970703],[-158.72799682617188,64.2968978881836],[-158.49099731445312,64.4666976928711],[-158.0469970703125,64.74919891357422],[-157.91200256347656,64.85469818115234]]}},{"type":"Feature","properties":{},"geometry":{"type":"LineString","coordinates":[[-121.26498761752627,61.82722482206173],[-122.37200164794922,62.13610076904297],[-123.41600036621094,62.285301208496094],[-123.30799865722656,62.453094482421875],[-123.22000122070312,62.79280090332031],[-123.22799682617188,62.953094482421875],[-123.11699676513672,62.74470520019531],[-123.24099731445312,62.52360534667969],[-123.36699676513672,62.337799072265625],[-122.84100341796875,62.142799377441406],[-122.33999633789062,62.14579772949219],[-121.18900299072266,61.86419677734375]]}},{"type":"Feature","properties":{},"geometry":{"type":"LineString","coordinates":[[-149.0,66.00715637207031],[-149.15443420410156,66.0]]}},{"type":"Feature","properties":{},"geometry":{"type":"LineString","coordinates":[[-148.0,66.25794219970703],[-148.5902862548828,66.12416076660156],[-148.76194763183594,66.05027770996094],[-149.0,66.07145690917969]]}},{"type":"Feature","properties":{},"geometry":{"type":"LineString","coordinates":[[-147.0,66.4427719116211],[-147.58306884765625,66.33861541748047],[-147.5900115966797,66.26334381103516],[-147.74722290039062,66.24500274658203],[-148.0,66.25794219970703]]}},{"type":"Feature","properties":{},"geometry":{"type":"LineString","coordinates":[[-146.0,66.5768051147461],[-146.78778076171875,66.5027847290039],[-147.0,66.4427719116211]]}},{"type":"Feature","properties":{},"geometry":{"type":"LineString","coordinates":[[-144.16244506835938,66.0],[-144.38861083984375,66.10360717773438],[-144.89138793945312,66.4061050415039],[-145.0,66.43732452392578]]}},{"type":"Feature","properties":{},"geometry":{"type":"LineString","coordinates":[[-153.0,65.17546081542969],[-153.1074981689453,65.17805480957031],[-153.2466583251953,65.10055541992188],[-153.55416870117188,65.13166809082031],[-154.0,65.03324890136719]]}},{"type":"Feature","properties":{},"geometry":{"type":"LineString","coordinates":[[-152.03916931152344,65.16110229492188],[-152.44387817382812,65.10472106933594],[-152.77806091308594,65.20193481445312],[-153.0,65.17546081542969]]}},{"type":"Feature","properties":{},"geometry":{"type":"LineString","coordinates":[[-151.0,65.3669662475586],[-151.19277954101562,65.27943420410156],[-151.42027282714844,65.25972747802734],[-151.5030517578125,65.19248962402344],[-152.0,65.17657470703125]]}},{"type":"Feature","properties":{},"geometry":{"type":"LineString","coordinates":[[-150.0,65.67798614501953],[-150.17860412597656,65.6127700805664],[-150.18276977539062,65.51082611083984],[-151.0,65.3669662475586]]}},{"type":"Feature","properties":{},"geometry":{"type":"LineString","coordinates":[[-149.15443420410156,66.0],[-149.2355499267578,65.91082763671875],[-149.7966766357422,65.88778686523438],[-150.0,65.82672119140625]]}},{"type":"Feature","properties":{},"geometry":{"type":"LineString","coordinates":[[-144.0,65.87055969238281],[-144.1730499267578,65.96888732910156],[-144.16244506835938,66.0]]}},{"type":"Feature","properties":{},"geometry":{"type":"LineString","coordinates":[[-143.0,65.3564224243164],[-143.67279052734375,65.45027923583984],[-143.79861450195312,65.58638763427734],[-144.0,65.59624481201172]]}},{"type":"Feature","properties":{},"geometry":{"type":"LineString","coordinates":[[-142.0,65.29134368896484],[-142.44305419921875,65.3358383178711],[-142.80166625976562,65.32305145263672],[-143.0,65.3564224243164]]}},{"type":"Feature","properties":{},"geometry":{"type":"LineString","coordinates":[[-141.3578643798828,65.0],[-141.66500854492188,65.12026977539062],[-141.88194274902344,65.20610046386719],[-142.0,65.29134368896484]]}},{"type":"Feature","properties":{},"geometry":{"type":"LineString","coordinates":[[-157.0,64.7426986694336],[-157.0800018310547,64.81416320800781],[-157.41665649414062,64.80528259277344],[-157.51834106445312,64.85972595214844],[-157.9116668701172,64.85472106933594]]}},{"type":"Feature","properties":{},"geometry":{"type":"LineString","coordinates":[[-156.0,64.71741485595703],[-156.74667358398438,64.63472747802734],[-156.76361083984375,64.7186050415039],[-157.0,64.7426986694336]]}},{"type":"Feature","properties":{},"geometry":{"type":"LineString","coordinates":[[-155.0,64.88124084472656],[-155.17416381835938,64.86056518554688],[-155.49415588378906,64.74805450439453],[-155.73361206054688,64.76472473144531],[-156.0,64.71741485595703]]}},{"type":"Feature","properties":{},"geometry":{"type":"LineString","coordinates":[[-141.0,64.68901824951172],[-141.0675048828125,64.77027130126953],[-141.100830078125,64.87417602539062],[-141.1841583251953,64.95472717285156],[-141.38499450683594,64.95222473144531],[-141.3578643798828,65.0]]}},{"type":"Feature","properties":{},"geometry":{"type":"LineString","coordinates":[[-140.0,64.3279800415039],[-140.5352783203125,64.42389678955078],[-140.45166015625,64.53055572509766],[-140.61195373535156,64.56945037841797],[-140.70083618164062,64.62166595458984],[-140.89889526367188,64.68193817138672],[-141.0,64.68901824951172]]}},{"type":"Feature","properties":{},"geometry":{"type":"LineString","coordinates":[[-139.6395721435547,64.0],[-139.49111938476562,64.02667236328125],[-139.44583129882812,64.08139038085938],[-139.6058349609375,64.25138854980469],[-140.0,64.3279800415039]]}},{"type":"Feature","properties":{},"geometry":{"type":"LineString","coordinates":[[-124.38555145263672,64.0],[-124.41194915771484,64.18693542480469],[-124.57694244384766,64.31389617919922],[-124.79389953613281,64.42472076416016]]}},{"type":"Feature","properties":{},"geometry":{"type":"LineString","coordinates":[[-139.5836181640625,63.18138122558594],[-139.71861267089844,63.46027374267578],[-139.77610778808594,63.66917419433594],[-139.7594451904297,63.82749938964844],[-139.6395721435547,64.0]]}},{"type":"Feature","properties":{},"geometry":{"type":"LineString","coordinates":[[-124.0,63.793060302734375],[-124.06971740722656,63.89582824707031],[-124.21693420410156,63.97222900390625],[-124.33916473388672,63.96388244628906],[-124.38555145263672,64.0]]}},{"type":"Feature","properties":{},"geometry":{"type":"LineString","coordinates":[[-123.25797271728516,63.0],[-123.33722686767578,63.155548095703125],[-123.63860321044922,63.291107177734375],[-123.76139831542969,63.554161071777344],[-124.0,63.793060302734375]]}},{"type":"Feature","properties":{},"geometry":{"type":"LineString","coordinates":[[-137.0,62.63127136230469],[-137.473876953125,62.8125],[-138.0,62.81123352050781]]}},{"type":"Feature","properties":{},"geometry":{"type":"LineString","coordinates":[[-136.0,62.06718444824219],[-136.33749389648438,62.234161376953125],[-136.33888244628906,62.30888366699219],[-136.73556518554688,62.465003967285156],[-137.0,62.63127136230469]]}},{"type":"Feature","properties":{},"geometry":{"type":"LineString","coordinates":[[-135.0,61.92488098144531],[-135.49984741210938,62.0]]}},{"type":"Feature","properties":{},"geometry":{"type":"LineString","coordinates":[[-134.91221618652344,61.56110382080078],[-134.84722900390625,61.66612243652344],[-134.90943908691406,61.86639404296875],[-135.0,61.92488098144531]]}},{"type":"Feature","properties":{},"geometry":{"type":"LineString","coordinates":[[-134.13812255859375,61.0],[-134.60472106933594,61.24693298339844],[-134.6616668701172,61.48833465576172],[-134.91000366210938,61.562217712402344]]}},{"type":"Feature","properties":{},"geometry":{"type":"LineString","coordinates":[[-131.29527282714844,61.31999206542969],[-131.4008331298828,61.24583435058594],[-131.33694458007812,61.15277099609375],[-131.33444213867188,61.04888916015625],[-131.23277282714844,61.0]]}},{"type":"Feature","properties":{},"geometry":{"type":"LineString","coordinates":[[-123.25444030761719,61.0],[-123.3425064086914,61.043060302734375],[-123.1361083984375,61.07777404785156],[-123.163330078125,61.11305236816406],[-123.0,61.093048095703125]]}},{"type":"Feature","properties":{},"geometry":{"type":"LineString","coordinates":[[-122.0,61.36699676513672],[-121.4013900756836,61.57054901123047],[-121.22416687011719,61.7197265625],[-121.18888854980469,61.793060302734375]]}},{"type":"Feature","properties":{},"geometry":{"type":"LineString","coordinates":[[-120.00416564941406,61.35137939453125],[-120.4111099243164,61.449440002441406],[-120.7388916015625,61.621116638183594],[-120.67916107177734,61.78306579589844],[-120.88417053222656,61.83473205566406]]}},{"type":"Feature","properties":{},"geometry":{"type":"LineString","coordinates":[[-113.18319702148438,61.0],[-113.20639038085938,61.093048095703125],[-113.23582458496094,61.209716796875],[-113.27388763427734,61.223602294921875],[-113.70526885986328,61.24444580078125]]}},{"type":"Feature","properties":{},"geometry":{"type":"LineString","coordinates":[[-133.25582885742188,60.458335876464844],[-134.0,60.90995788574219]]}},{"type":"Feature","properties":{},"geometry":{"type":"LineString","coordinates":[[-130.8369903564453,61.0],[-130.5661163330078,60.86138916015625],[-130.51417541503906,60.79833984375],[-130.10333251953125,60.72389221191406],[-130.0,60.67158508300781]]}},{"type":"Feature","properties":{},"geometry":{"type":"LineString","coordinates":[[-130.0,60.67158508300781],[-129.93333435058594,60.595558166503906],[-129.74639892578125,60.49750518798828],[-129.46388244628906,60.33277893066406],[-129.0,60.16011047363281]]}},{"type":"Feature","properties":{},"geometry":{"type":"LineString","coordinates":[[-129.0,60.16011047363281],[-128.8594512939453,60.037506103515625],[-128.58575439453125,60.0]]}},{"type":"Feature","properties":{},"geometry":{"type":"LineString","coordinates":[[-123.78134155273438,60.0],[-123.72917175292969,60.15055847167969],[-123.49195098876953,60.478050231933594],[-123.46027374267578,60.74610900878906],[-123.31722259521484,60.7772216796875],[-123.50000762939453,60.9072265625],[-123.30834197998047,60.92500305175781],[-123.25444030761719,61.0]]}},{"type":"Feature","properties":{},"geometry":{"type":"LineString","coordinates":[[-112.21722412109375,60.12110900878906],[-112.68000030517578,60.36000061035156],[-112.44306182861328,60.424720764160156],[-112.45833587646484,60.524436950683594],[-112.87028503417969,60.72917175292969],[-112.92527770996094,60.80889892578125],[-113.0,60.818878173828125]]}},{"type":"Feature","properties":{},"geometry":{"type":"LineString","coordinates":[[-131.10472106933594,59.179718017578125],[-131.28639221191406,59.06111145019531],[-131.96221923828125,59.28221130371094],[-132.0,59.40709686279297]]}},{"type":"Feature","properties":{},"geometry":{"type":"LineString","coordinates":[[-128.58575439453125,60.0],[-128.3391571044922,59.915008544921875],[-128.04611206054688,59.82695007324219],[-128.0,59.87455749511719]]}},{"type":"Feature","properties":{},"geometry":{"type":"LineString","coordinates":[[-128.0,59.87455749511719],[-127.59027862548828,59.97027587890625],[-127.49138641357422,59.825286865234375],[-127.17250061035156,59.686676025390625],[-127.13694763183594,59.633331298828125]]}},{"type":"Feature","properties":{},"geometry":{"type":"LineString","coordinates":[[-127.0,59.6378173828125],[-126.5583267211914,59.58055877685547],[-126.19805908203125,59.435829162597656],[-126.0,59.40277862548828]]}},{"type":"Feature","properties":{},"geometry":{"type":"LineString","coordinates":[[-126.0,59.40277862548828],[-125.78361511230469,59.40471649169922],[-125.03193664550781,59.32194519042969],[-125.0,59.369285583496094]]}},{"type":"Feature","properties":{},"geometry":{"type":"LineString","coordinates":[[-125.0,59.369285583496094],[-124.73638153076172,59.544715881347656],[-124.6661148071289,59.63860321044922],[-124.3166732788086,59.72862243652344],[-124.1824951171875,59.65027618408203],[-124.10333251953125,59.61277770996094],[-124.0,59.564720153808594]]}},{"type":"Feature","properties":{},"geometry":{"type":"LineString","coordinates":[[-124.0,59.564720153808594],[-123.92250061035156,59.7005615234375],[-123.82972717285156,59.768341064453125],[-123.84138488769531,59.83778381347656],[-123.78134155273438,60.0]]}},{"type":"Feature","properties":{},"geometry":{"type":"LineString","coordinates":[[-112.87960815429688,59.0],[-112.81056213378906,59.10028076171875],[-112.65583038330078,59.16499328613281],[-112.14888000488281,59.06083679199219],[-112.0,59.10429382324219]]}},{"type":"Feature","properties":{},"geometry":{"type":"LineString","coordinates":[[-111.41129302978516,59.0],[-111.36861419677734,59.20249938964844],[-111.37139129638672,59.30999755859375],[-111.40889739990234,59.61554718017578],[-111.53055572509766,59.776397705078125]]}},{"type":"Feature","properties":{},"geometry":{"type":"LineString","coordinates":[[-117.0,58.06468200683594],[-116.58138275146484,58.11054992675781],[-116.61693572998047,58.195831298828125],[-116.7008285522461,58.24916076660156],[-116.50167083740234,58.31610107421875],[-116.4397201538086,58.25721740722656],[-116.19305419921875,58.405555725097656],[-116.0,58.41155242919922]]}},{"type":"Feature","properties":{},"geometry":{"type":"LineString","coordinates":[[-116.0,58.41155242919922],[-115.68778228759766,58.39167022705078],[-115.26277923583984,58.348876953125],[-115.0,58.38568878173828]]}},{"type":"Feature","properties":{},"geometry":{"type":"LineString","coordinates":[[-115.0,58.38568878173828],[-114.63860321044922,58.44361114501953],[-114.14471435546875,58.65333557128906],[-114.0,58.658477783203125]]}},{"type":"Feature","properties":{},"geometry":{"type":"LineString","coordinates":[[-114.0,58.658477783203125],[-113.81916809082031,58.70472717285156]]}},{"type":"Feature","properties":{},"geometry":{"type":"LineString","coordinates":[[-113.7088851928711,58.665008544921875],[-113.3919448852539,58.77250671386719],[-113.09361267089844,58.84111022949219],[-113.0,58.903411865234375]]}},{"type":"Feature","properties":{},"geometry":{"type":"LineString","coordinates":[[-112.0,58.93040466308594],[-111.82028198242188,58.96888732910156],[-111.6686019897461,58.94805908203125],[-111.5919418334961,58.896942138671875],[-111.41129302978516,59.0]]}},{"type":"Feature","properties":{},"geometry":{"type":"LineString","coordinates":[[-126.87249755859375,57.0],[-126.54528045654297,57.32499694824219],[-126.4816665649414,57.60832977294922],[-126.0,57.495643615722656]]}},{"type":"Feature","properties":{},"geometry":{"type":"LineString","coordinates":[[-117.24665832519531,57.0],[-117.27943420410156,57.11888122558594],[-117.0816650390625,57.253326416015625],[-117.05027770996094,57.474449157714844],[-117.0,57.542030334472656]]}},{"type":"Feature","properties":{},"geometry":{"type":"LineString","coordinates":[[-117.0,57.60575866699219],[-117.06944274902344,57.68695068359375],[-117.00639343261719,57.76194763183594],[-117.03860473632812,57.8477783203125],[-117.12666320800781,58.0]]}},{"type":"Feature","properties":{},"geometry":{"type":"LineString","coordinates":[[-127.0,56.87095642089844],[-126.89443969726562,56.91082763671875],[-126.87249755859375,57.0]]}},{"type":"Feature","properties":{},"geometry":{"type":"LineString","coordinates":[[-121.95584106445312,56.0],[-121.79806518554688,56.0977783203125],[-121.35639190673828,56.23443603515625],[-121.21583557128906,56.25944519042969],[-121.0,56.225555419921875]]}},{"type":"Feature","properties":{},"geometry":{"type":"LineString","coordinates":[[-121.0,56.225555419921875],[-120.40999603271484,56.09832763671875],[-120.15194702148438,56.09638977050781],[-120.0,56.140045166015625]]}},{"type":"Feature","properties":{},"geometry":{"type":"LineString","coordinates":[[-119.0,56.27464294433594],[-118.96499633789062,56.18028259277344],[-118.93583679199219,56.043060302734375],[-118.82289123535156,56.0]]}},{"type":"Feature","properties":{},"geometry":{"type":"LineString","coordinates":[[-117.31888580322266,56.244720458984375],[-117.14888000488281,56.65306091308594],[-117.18527221679688,56.7469482421875],[-117.28194427490234,56.84388732910156],[-117.2713851928711,56.89195251464844],[-117.24665832519531,57.0]]}},{"type":"Feature","properties":{},"geometry":{"type":"LineString","coordinates":[[-94.77639770507812,56.389442443847656],[-94.22583770751953,56.415000915527344],[-94.0,56.544471740722656]]}},{"type":"Feature","properties":{},"geometry":{"type":"LineString","coordinates":[[-118.82289123535156,56.0],[-118.75305938720703,55.94694519042969],[-118.44499969482422,55.894439697265625],[-118.0,55.911163330078125]]}},{"type":"Feature","properties":{},"geometry":{"type":"LineString","coordinates":[[-97.0,55.252410888671875],[-96.77389526367188,55.44556427001953],[-96.76444244384766,55.552772521972656],[-96.5888900756836,55.82916259765625],[-96.53711700439453,56.0]]}},{"type":"Feature","properties":{},"geometry":{"type":"LineString","coordinates":[[-103.0,54.01715087890625],[-102.77833557128906,54.07221984863281],[-102.6308364868164,54.05055236816406],[-102.56513214111328,54.0]]}},{"type":"Feature","properties":{},"geometry":{"type":"LineString","coordinates":[[-97.73555755615234,54.08805847167969],[-97.54444122314453,54.29527282714844],[-97.63944244384766,54.392494201660156],[-97.57999420166016,54.52027130126953],[-97.78056335449219,54.56945037841797]]}},{"type":"Feature","properties":{},"geometry":{"type":"LineString","coordinates":[[-97.89555358886719,54.70111083984375],[-97.89277648925781,54.73472595214844],[-97.95388793945312,54.75639343261719],[-97.92861938476562,54.79194641113281],[-98.0,54.794677734375]]}},{"type":"Feature","properties":{},"geometry":{"type":"LineString","coordinates":[[-115.21055603027344,53.0],[-115.20166015625,53.0494384765625],[-115.0,53.092254638671875]]}},{"type":"Feature","properties":{},"geometry":{"type":"LineString","coordinates":[[-115.0,53.092254638671875],[-114.9727783203125,53.13777160644531],[-114.87638854980469,53.26860046386719],[-114.52083587646484,53.30804443359375],[-114.34471893310547,53.41722869873047],[-114.0,53.320587158203125]]}},{"type":"Feature","properties":{},"geometry":{"type":"LineString","coordinates":[[-114.0,53.320587158203125],[-113.59722137451172,53.502784729003906],[-113.28583526611328,53.6683349609375],[-113.0,53.87590026855469]]}},{"type":"Feature","properties":{},"geometry":{"type":"LineString","coordinates":[[-113.0,53.87590026855469],[-112.88639831542969,53.9324951171875],[-112.85342407226562,54.0]]}},{"type":"Feature","properties":{},"geometry":{"type":"LineString","coordinates":[[-112.0,53.921478271484375],[-111.72554779052734,53.7822265625],[-111.3777847290039,53.733612060546875],[-111.0,53.81956481933594]]}},{"type":"Feature","properties":{},"geometry":{"type":"LineString","coordinates":[[-111.0,53.81956481933594],[-110.63304901123047,53.84666442871094],[-110.20361328125,53.689178466796875],[-110.0,53.591331481933594]]}},{"type":"Feature","properties":{},"geometry":{"type":"LineString","coordinates":[[-110.0,53.591331481933594],[-109.75750732421875,53.59166717529297],[-109.52916717529297,53.46056365966797],[-109.4427719116211,53.36499786376953],[-109.2227783203125,53.32304382324219],[-109.0,53.179443359375]]}},{"type":"Feature","properties":{},"geometry":{"type":"LineString","coordinates":[[-109.0,53.179443359375],[-108.7987060546875,53.0]]}},{"type":"Feature","properties":{},"geometry":{"type":"LineString","coordinates":[[-106.0,53.172271728515625],[-105.96694946289062,53.13861083984375],[-105.81167602539062,53.19805908203125],[-105.21527099609375,53.25666809082031],[-105.0,53.226409912109375]]}},{"type":"Feature","properties":{},"geometry":{"type":"LineString","coordinates":[[-105.0,53.226409912109375],[-104.7391586303711,53.209991455078125],[-104.31139373779297,53.29083251953125],[-104.0,53.37879180908203]]}},{"type":"Feature","properties":{},"geometry":{"type":"LineString","coordinates":[[-102.0,53.87419128417969],[-101.7230453491211,53.89166259765625],[-101.5282974243164,54.0]]}},{"type":"Feature","properties":{},"geometry":{"type":"LineString","coordinates":[[-101.4513931274414,54.0],[-101.35778045654297,53.85777282714844],[-101.06166076660156,53.790557861328125],[-101.0,53.76826477050781]]}},{"type":"Feature","properties":{},"geometry":{"type":"LineString","coordinates":[[-101.0,53.76826477050781],[-100.88999938964844,53.64556121826172],[-100.40555572509766,53.676666259765625],[-100.31194305419922,53.633888244628906],[-100.31999969482422,53.58666229248047]]}},{"type":"Feature","properties":{},"geometry":{"type":"LineString","coordinates":[[-118.168212890625,52.0],[-118.36444854736328,52.0816650390625]]}},{"type":"Feature","properties":{},"geometry":{"type":"LineString","coordinates":[[-116.45304107666016,52.0],[-116.45861053466797,52.1986083984375],[-116.20027160644531,52.383056640625],[-116.0,52.39093780517578]]}},{"type":"Feature","properties":{},"geometry":{"type":"LineString","coordinates":[[-116.0,52.39093780517578],[-115.5677719116211,52.439170837402344],[-115.25527954101562,52.406105041503906],[-115.0,52.3408203125]]}},{"type":"Feature","properties":{},"geometry":{"type":"LineString","coordinates":[[-115.0,52.52989959716797],[-115.16694641113281,52.757781982421875],[-115.2308349609375,52.90306091308594],[-115.21055603027344,53.0]]}},{"type":"Feature","properties":{},"geometry":{"type":"LineString","coordinates":[[-115.0,52.3408203125],[-114.94667053222656,52.381675720214844],[-115.0,52.52989959716797]]}},{"type":"Feature","properties":{},"geometry":{"type":"LineString","coordinates":[[-108.0,52.55986785888672],[-107.83027648925781,52.544166564941406],[-107.39110565185547,52.33360290527344],[-107.0,52.375152587890625]]}},{"type":"Feature","properties":{},"geometry":{"type":"LineString","coordinates":[[-107.0,52.375152587890625],[-106.91806030273438,52.46277618408203],[-106.83639526367188,52.64862060546875],[-106.47750091552734,52.88861083984375],[-106.38359832763672,53.0]]}},{"type":"Feature","properties":{},"geometry":{"type":"LineString","coordinates":[[-118.5808334350586,52.0],[-118.6802749633789,51.7791748046875],[-118.48250579833984,51.474998474121094],[-118.23860168457031,51.23500061035156],[-118.21922302246094,51.0]]}},{"type":"Feature","properties":{},"geometry":{"type":"LineString","coordinates":[[-118.0,51.92095947265625],[-118.168212890625,52.0]]}},{"type":"Feature","properties":{},"geometry":{"type":"LineString","coordinates":[[-116.50763702392578,51.0],[-116.86334228515625,51.16999816894531],[-117.0,51.30735778808594]]}},{"type":"Feature","properties":{},"geometry":{"type":"LineString","coordinates":[[-116.0,50.457496643066406],[-116.13777160644531,50.67723083496094],[-116.50763702392578,51.0]]}},{"type":"Feature","properties":{},"geometry":{"type":"LineString","coordinates":[[-117.88749694824219,49.32194519042969],[-117.6580581665039,49.23332214355469],[-117.63138580322266,49.06333923339844],[-117.62895965576172,49.0]]}},{"type":"Feature","properties":{},"geometry":{"type":"LineString","coordinates":[[-119.0,48.02879333496094],[-119.14166259765625,48.13471984863281],[-119.34888458251953,48.041107177734375],[-119.64617156982422,48.0]]}},{"type":"Feature","properties":{},"geometry":{"type":"LineString","coordinates":[[-119.65833282470703,48.0],[-119.6947250366211,48.073333740234375],[-119.89334106445312,48.04833984375],[-119.86923217773438,48.0]]}},{"type":"Feature","properties":{},"geometry":{"type":"LineString","coordinates":[[-118.16055297851562,48.22776794433594],[-118.24137878417969,48.04167175292969],[-118.3691635131836,48.03193664550781],[-118.37731170654297,48.0]]}},{"type":"Feature","properties":{},"geometry":{"type":"LineString","coordinates":[[-110.28455352783203,48.0],[-110.15165710449219,48.046112060546875],[-110.08926391601562,48.0]]}},{"type":"Feature","properties":{},"geometry":{"type":"LineString","coordinates":[[-106.0,48.010467529296875],[-105.88055419921875,48.0130615234375],[-105.80999755859375,48.01722717285156],[-105.0,48.07514953613281]]}},{"type":"Feature","properties":{},"geometry":{"type":"LineString","coordinates":[[-105.0,48.07514953613281],[-104.63639068603516,48.11610412597656],[-104.42694854736328,48.12861633300781],[-104.15165710449219,48.07722473144531],[-104.0,48.0115966796875]]}},{"type":"Feature","properties":{},"geometry":{"type":"LineString","coordinates":[[-120.00166320800781,47.784454345703125],[-120.17222595214844,47.6925048828125],[-120.24638366699219,47.39806365966797],[-120.06582641601562,47.248046875],[-120.0,47.22821044921875]]}},{"type":"Feature","properties":{},"geometry":{"type":"LineString","coordinates":[[-118.37731170654297,48.0],[-118.37860870361328,47.83416748046875],[-118.67194366455078,47.934722900390625],[-118.95611572265625,47.93028259277344],[-118.96083068847656,48.0]]}},{"type":"Feature","properties":{},"geometry":{"type":"LineString","coordinates":[[-112.0,47.03440856933594],[-111.50139617919922,47.41638946533203],[-111.30333709716797,47.398887634277344],[-111.29195404052734,47.51917266845703],[-111.0,47.65034484863281]]}},{"type":"Feature","properties":{},"geometry":{"type":"LineString","coordinates":[[-111.0,47.65034484863281],[-110.7008285522461,47.785552978515625],[-110.46500396728516,47.87611389160156],[-110.4544448852539,47.92250061035156],[-110.28455352783203,48.0]]}},{"type":"Feature","properties":{},"geometry":{"type":"LineString","coordinates":[[-110.08926391601562,48.0],[-110.0,47.818267822265625]]}},{"type":"Feature","properties":{},"geometry":{"type":"LineString","coordinates":[[-110.0,47.818267822265625],[-109.7044448852539,47.71278381347656],[-109.3938980102539,47.73445129394531],[-109.0,47.8062744140625]]}},{"type":"Feature","properties":{},"geometry":{"type":"LineString","coordinates":[[-109.0,47.8062744140625],[-108.92166137695312,47.73750305175781],[-108.65389251708984,47.62750244140625],[-108.30167388916016,47.573890686035156],[-108.19166564941406,47.59972381591797]]}},{"type":"Feature","properties":{},"geometry":{"type":"LineString","coordinates":[[-103.97320556640625,48.0],[-103.87333679199219,47.97361755371094],[-103.82987976074219,48.0]]}},{"type":"Feature","properties":{},"geometry":{"type":"LineString","coordinates":[[-101.4013900756836,47.49889373779297],[-101.33611297607422,47.28971862792969],[-101.14250183105469,47.301666259765625],[-101.0,47.27006530761719]]}},{"type":"Feature","properties":{},"geometry":{"type":"LineString","coordinates":[[-101.0,47.27006530761719],[-100.96861267089844,47.22972106933594],[-100.9949951171875,47.1763916015625],[-100.89083862304688,47.05555725097656],[-100.9136962890625,47.0]]}},{"type":"Feature","properties":{},"geometry":{"type":"LineString","coordinates":[[-94.92056274414062,47.40583038330078],[-94.83778381347656,47.495826721191406],[-94.64221954345703,47.431663513183594]]}},{"type":"Feature","properties":{},"geometry":{"type":"LineString","coordinates":[[-94.0,47.3380126953125],[-93.79110717773438,47.3074951171875],[-93.79833984375,47.21305847167969],[-93.4941635131836,47.21028137207031],[-93.38916778564453,47.05610656738281],[-93.28797149658203,47.0]]}},{"type":"Feature","properties":{},"geometry":{"type":"LineString","coordinates":[[-119.9815673828125,47.0],[-119.94027709960938,46.72084045410156],[-119.6111068725586,46.660003662109375],[-119.45194244384766,46.720001220703125],[-119.2511215209961,46.28582763671875],[-119.04388427734375,46.2177734375]]}},{"type":"Feature","properties":{},"geometry":{"type":"LineString","coordinates":[[-118.0,46.59503936767578],[-118.22944641113281,46.60832977294922],[-118.59610748291016,46.517784118652344],[-118.76222229003906,46.3125],[-119.0,46.23509216308594]]}},{"type":"Feature","properties":{},"geometry":{"type":"LineString","coordinates":[[-117.022216796875,46.445274353027344],[-117.2286148071289,46.53777313232422],[-117.7024917602539,46.70805358886719],[-118.0,46.59503936767578]]}},{"type":"Feature","properties":{},"geometry":{"type":"LineString","coordinates":[[-116.88426208496094,46.0],[-116.97332763671875,46.097503662109375],[-116.913330078125,46.168609619140625],[-117.0,46.33009338378906]]}},{"type":"Feature","properties":{},"geometry":{"type":"LineString","coordinates":[[-111.69554901123047,46.6591796875],[-111.78056335449219,46.72862243652344],[-111.88722229003906,46.88194274902344],[-111.97987365722656,47.0]]}},{"type":"Feature","properties":{},"geometry":{"type":"LineString","coordinates":[[-111.44449615478516,46.0],[-111.37194061279297,46.109161376953125],[-111.37500762939453,46.14833068847656],[-111.5052719116211,46.351654052734375]]}},{"type":"Feature","properties":{},"geometry":{"type":"LineString","coordinates":[[-100.9136962890625,47.0],[-100.90972900390625,46.90777587890625],[-100.81306457519531,46.8236083984375],[-100.83473205566406,46.760833740234375],[-100.77999877929688,46.708892822265625]]}},{"type":"Feature","properties":{},"geometry":{"type":"LineString","coordinates":[[-94.0,46.550743103027344],[-94.09388732910156,46.45555877685547],[-94.3519515991211,46.084991455078125],[-94.37667083740234,46.0]]}},{"type":"Feature","properties":{},"geometry":{"type":"LineString","coordinates":[[-93.28797149658203,47.0],[-93.36583709716797,46.790283203125],[-93.70777130126953,46.54999542236328],[-94.0,46.550743103027344]]}},{"type":"Feature","properties":{},"geometry":{"type":"LineString","coordinates":[[-122.0,45.625282287597656],[-122.67916107177734,45.62583923339844],[-122.77416229248047,45.87583923339844],[-122.8385009765625,46.0]]}},{"type":"Feature","properties":{},"geometry":{"type":"LineString","coordinates":[[-121.0,45.66471862792969],[-121.25667572021484,45.70306396484375],[-121.81083679199219,45.71778869628906],[-122.0,45.625282287597656]]}},{"type":"Feature","properties":{},"geometry":{"type":"LineString","coordinates":[[-120.0,45.812042236328125],[-120.34972381591797,45.711944580078125],[-120.61222076416016,45.7550048828125],[-120.89472961425781,45.65528869628906],[-121.0,45.66471862792969]]}},{"type":"Feature","properties":{},"geometry":{"type":"LineString","coordinates":[[-119.0,45.99444580078125],[-119.12777709960938,45.94000244140625],[-119.57500457763672,45.92694091796875],[-119.66889190673828,45.86138916015625],[-120.0,45.812042236328125]]}},{"type":"Feature","properties":{},"geometry":{"type":"LineString","coordinates":[[-116.84388732910156,45.0],[-116.65027618408203,45.35639190673828],[-116.54610443115234,45.76222229003906],[-116.88426208496094,46.0]]}},{"type":"Feature","properties":{},"geometry":{"type":"LineString","coordinates":[[-111.62894439697266,45.0],[-111.63416290283203,45.10333251953125],[-111.7230453491211,45.28582763671875],[-111.4383316040039,45.801666259765625],[-111.44449615478516,46.0]]}},{"type":"Feature","properties":{},"geometry":{"type":"LineString","coordinates":[[-94.37667083740234,46.0],[-94.36722564697266,45.82472229003906],[-94.21583557128906,45.615272521972656],[-94.0,45.39940643310547]]}},{"type":"Feature","properties":{},"geometry":{"type":"LineString","coordinates":[[-117.0,44.26847839355469],[-117.21611022949219,44.406105041503906],[-117.13360595703125,44.54389190673828],[-117.0,44.76055908203125]]}},{"type":"Feature","properties":{},"geometry":{"type":"LineString","coordinates":[[-116.94094848632812,44.0],[-116.97250366210938,44.092498779296875],[-116.90777587890625,44.12055969238281],[-116.89166259765625,44.17527770996094],[-117.0,44.26847839355469]]}},{"type":"Feature","properties":{},"geometry":{"type":"LineString","coordinates":[[-110.55443572998047,44.760833740234375],[-110.61222076416016,44.71861267089844],[-110.69554901123047,44.73472595214844],[-110.73943328857422,44.65638732910156],[-111.0,44.66148376464844]]}},{"type":"Feature","properties":{},"geometry":{"type":"LineString","coordinates":[[-100.0,44.272552490234375],[-99.9375,44.18083190917969],[-99.6258316040039,44.102783203125],[-99.7105484008789,44.200836181640625],[-99.56000518798828,44.1744384765625],[-99.39360809326172,44.0]]}},{"type":"Feature","properties":{},"geometry":{"type":"LineString","coordinates":[[-92.81694030761719,44.752227783203125],[-92.5905532836914,44.61138153076172]]}},{"type":"Feature","properties":{},"geometry":{"type":"LineString","coordinates":[[-117.0,43.68934631347656],[-117.07833862304688,43.71083068847656],[-117.02444458007812,43.80332946777344]]}},{"type":"Feature","properties":{},"geometry":{"type":"LineString","coordinates":[[-116.07830810546875,43.0],[-116.39806365966797,43.29388427734375],[-116.7488784790039,43.480003356933594],[-117.0,43.68934631347656]]}},{"type":"Feature","properties":{},"geometry":{"type":"LineString","coordinates":[[-112.0,43.76707458496094],[-112.04916381835938,43.743621826171875],[-112.0272216796875,43.48639678955078],[-112.47249603271484,43.15777587890625],[-112.63555145263672,43.02833557128906]]}},{"type":"Feature","properties":{},"geometry":{"type":"LineString","coordinates":[[-111.18861389160156,43.34193420410156],[-111.4397201538086,43.59082794189453],[-111.87472534179688,43.757781982421875],[-112.0,43.76707458496094]]}},{"type":"Feature","properties":{},"geometry":{"type":"LineString","coordinates":[[-110.57721710205078,43.871673583984375],[-110.73695373535156,43.64805603027344],[-110.81361389160156,43.410560607910156],[-110.77778625488281,43.28944396972656],[-111.0,43.174102783203125]]}},{"type":"Feature","properties":{},"geometry":{"type":"LineString","coordinates":[[-79.06166076660156,43.27082824707031],[-79.0655517578125,43.09971618652344]]}},{"type":"Feature","properties":{},"geometry":{"type":"LineString","coordinates":[[-74.05615234375,44.0],[-74.13278198242188,43.97639465332031],[-74.19638061523438,43.8447265625],[-74.05667114257812,43.79249572753906],[-74.0,43.71665954589844]]}},{"type":"Feature","properties":{},"geometry":{"type":"LineString","coordinates":[[-74.0,43.71665954589844],[-73.81083679199219,43.518333435058594],[-73.84083557128906,43.26026916503906],[-73.60944366455078,43.30499267578125],[-73.6183853149414,43.0]]}},{"type":"Feature","properties":{},"geometry":{"type":"LineString","coordinates":[[-115.0,42.91999816894531],[-115.12611389160156,42.91471862792969],[-115.17198181152344,43.0]]}},{"type":"Feature","properties":{},"geometry":{"type":"LineString","coordinates":[[-115.20277404785156,43.0],[-115.61666107177734,42.97084045410156],[-115.76749420166016,42.99249267578125],[-115.88114929199219,43.0]]}},{"type":"Feature","properties":{},"geometry":{"type":"LineString","coordinates":[[-114.0,42.53327178955078],[-114.5808334350586,42.651397705078125],[-114.836669921875,42.760833740234375],[-114.90083312988281,42.88722229003906],[-115.0,42.91999816894531]]}},{"type":"Feature","properties":{},"geometry":{"type":"LineString","coordinates":[[-113.4755630493164,42.6702880859375],[-113.54888153076172,42.654998779296875],[-113.66333770751953,42.54193878173828],[-114.0,42.53327178955078]]}},{"type":"Feature","properties":{},"geometry":{"type":"LineString","coordinates":[[-98.4873275756836,43.0],[-98.37444305419922,42.918609619140625],[-98.0,42.77996826171875]]}},{"type":"Feature","properties":{},"geometry":{"type":"LineString","coordinates":[[-98.0,42.77996826171875],[-97.8477783203125,42.866668701171875],[-97.12944030761719,42.7852783203125],[-97.0,42.768280029296875]]}},{"type":"Feature","properties":{},"geometry":{"type":"LineString","coordinates":[[-97.0,42.768280029296875],[-96.62000274658203,42.52611541748047],[-96.40889739990234,42.36637878417969],[-96.34471893310547,42.18611145019531],[-96.18499755859375,42.0]]}},{"type":"Feature","properties":{},"geometry":{"type":"LineString","coordinates":[[-91.14860534667969,42.993896484375],[-91.06027221679688,42.752227783203125],[-91.0,42.71147155761719]]}},{"type":"Feature","properties":{},"geometry":{"type":"LineString","coordinates":[[-91.0,42.71147155761719],[-90.63054656982422,42.54944610595703],[-90.43639373779297,42.353057861328125],[-90.16915893554688,42.119171142578125],[-90.13999938964844,42.0]]}},{"type":"Feature","properties":{},"geometry":{"type":"LineString","coordinates":[[-78.33361053466797,42.0],[-78.64305877685547,42.08778381347656],[-78.73278045654297,42.16082763671875],[-78.94725036621094,42.0]]}},{"type":"Feature","properties":{},"geometry":{"type":"LineString","coordinates":[[-73.6183853149414,43.0],[-73.67028045654297,42.807220458984375],[-73.7791748046875,42.310272216796875],[-73.94686889648438,42.0]]}},{"type":"Feature","properties":{},"geometry":{"type":"LineString","coordinates":[[-121.0,41.415916442871094],[-121.12165832519531,41.334716796875],[-121.1058349609375,41.07194519042969],[-121.1478271484375,41.0]]}},{"type":"Feature","properties":{},"geometry":{"type":"LineString","coordinates":[[-121.25902557373047,41.0],[-121.3536148071289,41.05610656738281],[-121.43070220947266,41.0]]}},{"type":"Feature","properties":{},"geometry":{"type":"LineString","coordinates":[[-120.42833709716797,41.70306396484375],[-120.53055572509766,41.47278594970703],[-120.7266616821289,41.42694854736328],[-121.0,41.415916442871094]]}},{"type":"Feature","properties":{},"geometry":{"type":"LineString","coordinates":[[-96.18499755859375,42.0],[-96.13888549804688,41.87445068359375],[-96.1038818359375,41.6875],[-96.0,41.545860290527344]]}},{"type":"Feature","properties":{},"geometry":{"type":"LineString","coordinates":[[-96.0,41.482994079589844],[-95.95472717285156,41.33721923828125],[-95.9263916015625,41.20416259765625],[-95.86666870117188,41.04833984375]]}},{"type":"Feature","properties":{},"geometry":{"type":"LineString","coordinates":[[-90.13999938964844,42.0],[-90.30805206298828,41.74555969238281],[-90.6786117553711,41.45555877685547],[-91.0,41.429603576660156]]}},{"type":"Feature","properties":{},"geometry":{"type":"LineString","coordinates":[[-79.0,41.84828186035156],[-79.34528350830078,41.70611572265625],[-79.40972137451172,41.58222198486328],[-79.6530532836914,41.468894958496094],[-79.8175048828125,41.39916229248047],[-79.84916687011719,41.30943298339844],[-79.71305084228516,41.20277404785156],[-79.59899139404297,41.0]]}},{"type":"Feature","properties":{},"geometry":{"type":"LineString","coordinates":[[-78.0,41.79457092285156],[-78.26473236083984,41.801116943359375],[-78.38167572021484,41.984161376953125],[-78.33361053466797,42.0]]}},{"type":"Feature","properties":{},"geometry":{"type":"LineString","coordinates":[[-122.41028594970703,40.72111511230469],[-122.43138885498047,40.60917663574219],[-122.34362030029297,40.503883361816406],[-122.185546875,40.32554626464844],[-122.20277404785156,40.25471496582031],[-122.20388793945312,40.18583679199219],[-122.08364868164062,40.0]]}},{"type":"Feature","properties":{},"geometry":{"type":"LineString","coordinates":[[-106.0,40.095367431640625],[-106.1280517578125,40.05332946777344],[-106.3888931274414,40.046661376953125],[-106.4595718383789,40.0]]}},{"type":"Feature","properties":{},"geometry":{"type":"LineString","coordinates":[[-95.86053466796875,41.0],[-95.8719482421875,40.723052978515625],[-95.76194763183594,40.536949157714844],[-95.6319351196289,40.3458251953125],[-95.4705581665039,40.236663818359375],[-95.40027618408203,40.10943603515625],[-95.3183364868164,40.0]]}},{"type":"Feature","properties":{},"geometry":{"type":"LineString","coordinates":[[-91.0,40.91368103027344],[-91.14332580566406,40.67195129394531],[-91.3741683959961,40.40166473388672],[-91.43999481201172,40.376670837402344]]}},{"type":"Feature","properties":{},"geometry":{"type":"LineString","coordinates":[[-80.5169448852539,40.64277648925781],[-80.6030502319336,40.475563049316406],[-80.60138702392578,40.32110595703125],[-80.73749542236328,40.0]]}},{"type":"Feature","properties":{},"geometry":{"type":"LineString","coordinates":[[-79.59899139404297,41.0],[-79.46166229248047,40.921661376953125],[-79.77444458007812,40.58611297607422],[-79.9647216796875,40.486671447753906],[-80.0,40.439170837402344]]}},{"type":"Feature","properties":{},"geometry":{"type":"LineString","coordinates":[[-122.08364868164062,40.0],[-122.08111572265625,39.913604736328125],[-122.02305603027344,39.88360595703125],[-122.04638671875,39.82167053222656],[-122.0,39.76603698730469]]}},{"type":"Feature","properties":{},"geometry":{"type":"LineString","coordinates":[[-109.0,39.11863708496094],[-109.12910461425781,39.0]]}},{"type":"Feature","properties":{},"geometry":{"type":"LineString","coordinates":[[-108.0,39.453086853027344],[-108.31194305419922,39.11054992675781],[-108.57193756103516,39.059173583984375],[-109.0,39.11863708496094]]}},{"type":"Feature","properties":{},"geometry":{"type":"LineString","coordinates":[[-107.0,39.73826599121094],[-107.06195068359375,39.63250732421875],[-107.21194458007812,39.568336486816406],[-107.4769515991211,39.56555938720703],[-108.0,39.453086853027344]]}},{"type":"Feature","properties":{},"geometry":{"type":"LineString","coordinates":[[-106.4595718383789,40.0],[-106.61499786376953,39.85166931152344],[-106.70110321044922,39.91082763671875],[-106.81584167480469,39.89250183105469],[-107.0,39.73826599121094]]}},{"type":"Feature","properties":{},"geometry":{"type":"LineString","coordinates":[[-95.0,39.674407958984375],[-95.10943603515625,39.564720153808594],[-95.0,39.44501495361328]]}},{"type":"Feature","properties":{},"geometry":{"type":"LineString","coordinates":[[-94.61750030517578,39.120269775390625],[-94.46500396728516,39.119171142578125],[-94.29277801513672,39.22776794433594],[-94.09333801269531,39.13471984863281],[-94.0,39.146209716796875]]}},{"type":"Feature","properties":{},"geometry":{"type":"LineString","coordinates":[[-95.0,39.902252197265625],[-94.88166809082031,39.81916809082031],[-94.96583557128906,39.735565185546875],[-95.0,39.674407958984375]]}},{"type":"Feature","properties":{},"geometry":{"type":"LineString","coordinates":[[-95.0,39.44501495361328],[-94.89527893066406,39.29804992675781],[-94.60860443115234,39.1552734375],[-94.61804962158203,39.120269775390625]]}},{"type":"Feature","properties":{},"geometry":{"type":"LineString","coordinates":[[-94.0,39.146209716796875],[-93.51444244384766,39.21415710449219],[-93.37166595458984,39.22637939453125],[-93.34749603271484,39.29443359375],[-93.20832824707031,39.405006408691406],[-93.0,39.31590270996094]]}},{"type":"Feature","properties":{},"geometry":{"type":"LineString","coordinates":[[-93.0,39.31590270996094],[-92.93000793457031,39.229156494140625],[-92.85389709472656,39.2208251953125],[-92.94972229003906,39.11778259277344],[-92.88714599609375,39.0]]}},{"type":"Feature","properties":{},"geometry":{"type":"LineString","coordinates":[[-91.4904556274414,40.0],[-91.3758316040039,39.72166442871094],[-91.0,39.42243194580078]]}},{"type":"Feature","properties":{},"geometry":{"type":"LineString","coordinates":[[-84.29427337646484,39.0],[-84.60916900634766,39.06944274902344],[-84.87834167480469,39.060272216796875],[-84.83805847167969,39.0]]}},{"type":"Feature","properties":{},"geometry":{"type":"LineString","coordinates":[[-81.0,39.562171936035156],[-81.3630599975586,39.3458251953125],[-81.5566635131836,39.33610534667969],[-81.68250274658203,39.266937255859375],[-81.75222778320312,39.09666442871094],[-81.7720947265625,39.0]]}},{"type":"Feature","properties":{},"geometry":{"type":"LineString","coordinates":[[-80.73749542236328,40.0],[-80.86972045898438,39.768341064453125],[-80.8316650390625,39.71888732910156],[-80.87388610839844,39.62610626220703],[-81.0,39.562171936035156]]}},{"type":"Feature","properties":{},"geometry":{"type":"LineString","coordinates":[[-78.57083892822266,39.528053283691406],[-78.42528533935547,39.55693817138672],[-78.4063949584961,39.59221649169922],[-78.27889251708984,39.62750244140625],[-78.0,39.606666564941406]]}},{"type":"Feature","properties":{},"geometry":{"type":"LineString","coordinates":[[-79.0,39.05305480957031],[-78.83555603027344,39.242767333984375],[-78.75554656982422,39.41944122314453],[-78.6624984741211,39.42694854736328],[-78.57083892822266,39.528053283691406]]}},{"type":"Feature","properties":{},"geometry":{"type":"LineString","coordinates":[[-78.0,39.606666564941406],[-77.83473205566406,39.573326110839844],[-77.85777282714844,39.51416778564453],[-77.82749938964844,39.496665954589844],[-77.80555725097656,39.443885803222656],[-77.74138641357422,39.33082580566406],[-77.45777130126953,39.22776794433594],[-77.43389129638672,39.06889343261719],[-77.24147033691406,39.0]]}},{"type":"Feature","properties":{},"geometry":{"type":"LineString","coordinates":[[-121.78831481933594,39.0],[-121.79861450195312,38.88221740722656],[-121.6672134399414,38.76861572265625],[-121.6127700805664,38.68333435058594],[-121.53556060791016,38.503883361816406],[-121.5072250366211,38.37165832519531],[-121.49639129638672,38.25166320800781],[-121.67137908935547,38.15443420410156]]}},{"type":"Feature","properties":{},"geometry":{"type":"LineString","coordinates":[[-110.0,38.092864990234375],[-110.05833435058594,38.005279541015625],[-110.1190185546875,38.0]]}},{"type":"Feature","properties":{},"geometry":{"type":"LineString","coordinates":[[-109.12910461425781,39.0],[-109.22221374511719,38.898895263671875],[-109.4669418334961,38.68055725097656],[-109.62528228759766,38.579444885253906],[-109.7186050415039,38.442222595214844],[-109.81584167480469,38.2127685546875],[-110.0,38.092864990234375]]}},{"type":"Feature","properties":{},"geometry":{"type":"LineString","coordinates":[[-106.18975830078125,39.0],[-106.084716796875,38.7711181640625],[-106.05638122558594,38.58971405029297],[-106.0,38.54926300048828]]}},{"type":"Feature","properties":{},"geometry":{"type":"LineString","coordinates":[[-106.0,38.54926300048828],[-105.7347183227539,38.367225646972656],[-105.36499786376953,38.49333953857422],[-105.0,38.400978088378906]]}},{"type":"Feature","properties":{},"geometry":{"type":"LineString","coordinates":[[-103.44792938232422,38.0],[-103.26721954345703,38.08528137207031],[-103.10556030273438,38.07472229003906]]}},{"type":"Feature","properties":{},"geometry":{"type":"LineString","coordinates":[[-99.29735565185547,38.0],[-99.0,38.21192932128906]]}},{"type":"Feature","properties":{},"geometry":{"type":"LineString","coordinates":[[-92.88714599609375,39.0],[-92.5677719116211,38.962493896484375],[-92.40917205810547,38.74305725097656],[-92.0816650390625,38.555274963378906],[-92.0,38.579261779785156]]}},{"type":"Feature","properties":{},"geometry":{"type":"LineString","coordinates":[[-92.0,38.579261779785156],[-91.5777816772461,38.67333984375],[-91.23222351074219,38.616943359375],[-91.0,38.546104431152344]]}},{"type":"Feature","properties":{},"geometry":{"type":"LineString","coordinates":[[-91.0,38.546104431152344],[-90.70555877685547,38.67750549316406],[-90.47472381591797,38.8094482421875],[-90.34278106689453,38.8861083984375],[-90.12611389160156,38.81500244140625]]}},{"type":"Feature","properties":{},"geometry":{"type":"LineString","coordinates":[[-90.6972885131836,39.0],[-90.43750762939453,38.96583557128906],[-90.20138549804688,38.71833801269531],[-90.3838882446289,38.30694580078125],[-90.06953430175781,38.0]]}},{"type":"Feature","properties":{},"geometry":{"type":"LineString","coordinates":[[-86.08981323242188,38.0],[-86.28333282470703,38.14166259765625],[-86.38611602783203,38.171112060546875],[-86.46361541748047,38.12944030761719],[-86.51749420166016,38.03944396972656],[-86.52265167236328,38.0]]}},{"type":"Feature","properties":{},"geometry":{"type":"LineString","coordinates":[[-85.1844482421875,38.69195556640625],[-85.4416732788086,38.72611999511719],[-85.60555267333984,38.447776794433594],[-85.82916259765625,38.278045654296875],[-85.92027282714844,38.040283203125],[-86.0,38.00086975097656]]}},{"type":"Feature","properties":{},"geometry":{"type":"LineString","coordinates":[[-84.0,38.77764892578125],[-84.20860290527344,38.81666564941406],[-84.29427337646484,39.0]]}},{"type":"Feature","properties":{},"geometry":{"type":"LineString","coordinates":[[-84.83805847167969,39.0],[-84.87417602539062,38.91778564453125],[-84.82028198242188,38.83277893066406],[-85.0,38.77070617675781]]}},{"type":"Feature","properties":{},"geometry":{"type":"LineString","coordinates":[[-83.0,38.71942138671875],[-83.30333709716797,38.59471893310547],[-83.6030502319336,38.68556213378906],[-83.7630615234375,38.65638732910156],[-84.0,38.77764892578125]]}},{"type":"Feature","properties":{},"geometry":{"type":"LineString","coordinates":[[-82.04751586914062,39.0],[-82.1763916015625,38.60944366455078],[-82.32361602783203,38.44194793701172],[-82.70777130126953,38.545005798339844],[-82.88360595703125,38.74305725097656],[-83.0,38.71942138671875]]}},{"type":"Feature","properties":{},"geometry":{"type":"LineString","coordinates":[[-81.7720947265625,39.0],[-81.83000183105469,38.94694519042969],[-81.93110656738281,38.88639831542969],[-81.96803283691406,39.0]]}},{"type":"Feature","properties":{},"geometry":{"type":"LineString","coordinates":[[-79.56000518798828,38.41584014892578],[-79.3519515991211,38.629730224609375],[-79.27388763427734,38.77471923828125],[-79.28112030029297,38.85389709472656],[-79.172119140625,39.0]]}},{"type":"Feature","properties":{},"geometry":{"type":"LineString","coordinates":[[-77.24147033691406,39.0],[-77.06195068359375,38.904998779296875]]}},{"type":"Feature","properties":{},"geometry":{"type":"LineString","coordinates":[[-107.0,37.72877502441406],[-106.83139038085938,37.80751037597656],[-106.29528045654297,37.67138671875],[-106.0,37.56072235107422]]}},{"type":"Feature","properties":{},"geometry":{"type":"LineString","coordinates":[[-106.0,37.56072235107422],[-105.7411117553711,37.393890380859375],[-105.7508316040039,37.045562744140625],[-105.70838165283203,37.0]]}},{"type":"Feature","properties":{},"geometry":{"type":"LineString","coordinates":[[-101.0,37.9908447265625],[-100.38277435302734,37.809722900390625],[-100.0,37.748992919921875]]}},{"type":"Feature","properties":{},"geometry":{"type":"LineString","coordinates":[[-97.87744140625,38.0],[-97.24472045898438,37.46027374267578],[-97.10221862792969,37.163330078125],[-97.0,37.04133605957031]]}},{"type":"Feature","properties":{},"geometry":{"type":"LineString","coordinates":[[-89.0,37.21983337402344],[-89.17277526855469,37.073333740234375],[-89.15306091308594,37.0]]}},{"type":"Feature","properties":{},"geometry":{"type":"LineString","coordinates":[[-89.95500183105469,37.95750427246094],[-89.52861785888672,37.558326721191406],[-89.52083587646484,37.26750183105469],[-89.38611602783203,37.049163818359375],[-89.2976303100586,37.0]]}},{"type":"Feature","properties":{},"geometry":{"type":"LineString","coordinates":[[-88.0,37.7916259765625],[-88.06027221679688,37.74444580078125],[-88.08221435546875,37.483604431152344],[-88.51139068603516,37.28193664550781],[-88.48833465576172,37.065826416015625],[-89.0,37.21983337402344]]}},{"type":"Feature","properties":{},"geometry":{"type":"LineString","coordinates":[[-87.0,37.927337646484375],[-87.16387939453125,37.8416748046875],[-87.56417083740234,37.91416931152344],[-87.58861541748047,37.874725341796875],[-87.67444610595703,37.831390380859375],[-87.81083679199219,37.875274658203125],[-87.93222045898438,37.90388488769531],[-88.0,37.7916259765625]]}},{"type":"Feature","properties":{},"geometry":{"type":"LineString","coordinates":[[-86.52265167236328,38.0],[-86.59027862548828,37.9183349609375],[-86.65277862548828,37.9052734375],[-86.82167053222656,37.98750305175781],[-87.0,37.927337646484375]]}},{"type":"Feature","properties":{},"geometry":{"type":"LineString","coordinates":[[-112.0,36.07183837890625],[-112.35334014892578,36.25360107421875],[-112.51944732666016,36.27583312988281],[-112.53527069091797,36.404441833496094],[-113.0,36.23930358886719]]}},{"type":"Feature","properties":{},"geometry":{"type":"LineString","coordinates":[[-111.4736099243164,36.929718017578125],[-111.6097183227539,36.84722900390625],[-111.82777404785156,36.46166229248047],[-111.84111022949219,36.39556121826172],[-111.79222106933594,36.20750427246094],[-111.92416381835938,36.054443359375],[-112.0,36.07183837890625]]}},{"type":"Feature","properties":{},"geometry":{"type":"LineString","coordinates":[[-97.0,36.69673156738281],[-97.05305480957031,36.675567626953125],[-97.0,36.584999084472656]]}},{"type":"Feature","properties":{},"geometry":{"type":"LineString","coordinates":[[-97.0,36.49877166748047],[-96.7538833618164,36.56444549560547],[-96.52861785888672,36.39806365966797],[-96.45806121826172,36.32861328125],[-96.25917053222656,36.228607177734375],[-96.0,36.13409423828125]]}},{"type":"Feature","properties":{},"geometry":{"type":"LineString","coordinates":[[-89.17860412597656,36.66166687011719],[-89.37694549560547,36.624725341796875],[-89.50833892822266,36.45972442626953],[-89.5663833618164,36.557228088378906],[-89.62915802001953,36.31694030761719],[-89.69110870361328,36.24110412597656],[-89.73102569580078,36.0]]}},{"type":"Feature","properties":{},"geometry":{"type":"LineString","coordinates":[[-83.0,36.367164611816406],[-83.3438949584961,36.27861022949219],[-83.56861114501953,36.176666259765625],[-83.6772232055664,36.12110900878906],[-83.84298706054688,36.0]]}},{"type":"Feature","properties":{},"geometry":{"type":"LineString","coordinates":[[-82.0,36.80332946777344],[-82.59305572509766,36.607505798339844],[-82.68805694580078,36.492225646972656],[-82.85556030273438,36.462501525878906],[-83.0,36.367164611816406]]}},{"type":"Feature","properties":{},"geometry":{"type":"LineString","coordinates":[[-114.5838851928711,35.34111022949219],[-114.57471466064453,35.15472412109375],[-114.63472747802734,35.13139343261719],[-114.62305450439453,35.0]]}},{"type":"Feature","properties":{},"geometry":{"type":"LineString","coordinates":[[-113.33853912353516,36.0],[-113.35889434814453,35.765838623046875],[-113.59806060791016,35.85028076171875],[-113.62805938720703,35.82777404785156]]}},{"type":"Feature","properties":{},"geometry":{"type":"LineString","coordinates":[[-106.06132507324219,36.0],[-106.68000030517578,35.14111328125],[-106.66202545166016,35.0]]}},{"type":"Feature","properties":{},"geometry":{"type":"LineString","coordinates":[[-95.95027160644531,36.0],[-95.65860748291016,35.91749572753906],[-95.37500762939453,35.81416320800781],[-95.29666900634766,35.78639221191406]]}},{"type":"Feature","properties":{},"geometry":{"type":"LineString","coordinates":[[-95.2975082397461,35.78584289550781],[-95.25806427001953,35.61194610595703],[-95.0755615234375,35.469444274902344],[-95.0,35.433433532714844]]}},{"type":"Feature","properties":{},"geometry":{"type":"LineString","coordinates":[[-95.0,35.433433532714844],[-94.71138763427734,35.348052978515625],[-94.5938949584961,35.33526611328125],[-94.5038833618164,35.361106872558594],[-94.31360626220703,35.36555480957031],[-94.12889099121094,35.37638854980469],[-94.0,35.46349334716797]]}},{"type":"Feature","properties":{},"geometry":{"type":"LineString","coordinates":[[-94.0,35.46349334716797],[-93.74749755859375,35.38555145263672],[-93.39806365966797,35.3397216796875],[-93.1058349609375,35.17694091796875],[-93.0,35.16380310058594]]}},{"type":"Feature","properties":{},"geometry":{"type":"LineString","coordinates":[[-93.0,35.16380310058594],[-92.71277618408203,35.08360290527344],[-92.5536117553711,35.05860900878906],[-92.60372161865234,35.0]]}},{"type":"Feature","properties":{},"geometry":{"type":"LineString","coordinates":[[-90.0,35.521095275878906],[-90.09527587890625,35.13166809082031],[-90.21110534667969,35.05389404296875],[-90.3108901977539,35.0]]}},{"type":"Feature","properties":{},"geometry":{"type":"LineString","coordinates":[[-89.74639129638672,35.81056213378906],[-89.89971923828125,35.63666534423828],[-89.92166137695312,35.52777862548828],[-90.0,35.521095275878906]]}},{"type":"Feature","properties":{},"geometry":{"type":"LineString","coordinates":[[-89.73102569580078,36.0],[-89.66361236572266,35.90333557128906],[-89.77888488769531,35.88667297363281],[-89.72056579589844,35.84306335449219],[-89.74639129638672,35.81056213378906]]}},{"type":"Feature","properties":{},"geometry":{"type":"LineString","coordinates":[[-88.18870544433594,35.0],[-88.29833221435547,35.08332824707031],[-88.25555419921875,35.23944091796875],[-88.17916870117188,35.31416320800781],[-88.0,35.38927459716797]]}},{"type":"Feature","properties":{},"geometry":{"type":"LineString","coordinates":[[-85.0,35.409584045410156],[-85.08000183105469,35.228607177734375],[-85.32862091064453,35.029998779296875],[-85.39249420166016,35.11444091796875],[-85.4961166381836,35.08528137207031],[-85.65666961669922,35.03778076171875],[-85.6887435913086,35.0]]}},{"type":"Feature","properties":{},"geometry":{"type":"LineString","coordinates":[[-84.0,35.87467956542969],[-84.17971801757812,35.76445007324219],[-84.31139373779297,35.73249816894531],[-84.42916107177734,35.74528503417969],[-84.54082489013672,35.85722351074219]]}},{"type":"Feature","properties":{},"geometry":{"type":"LineString","coordinates":[[-84.53972625732422,35.85722351074219],[-84.6672134399414,35.80751037597656],[-84.77000427246094,35.67889404296875],[-84.87861633300781,35.553062438964844],[-84.91944885253906,35.434165954589844],[-85.0,35.409584045410156]]}},{"type":"Feature","properties":{},"geometry":{"type":"LineString","coordinates":[[-83.84298706054688,36.0],[-83.86000061035156,35.955841064453125],[-83.98249816894531,35.918060302734375],[-83.9586181640625,35.87055969238281],[-84.0,35.87467956542969]]}},{"type":"Feature","properties":{},"geometry":{"type":"LineString","coordinates":[[-114.12666320800781,34.3125],[-114.11805725097656,34.278045654296875],[-114.22000122070312,34.19776916503906],[-114.39417266845703,34.106109619140625],[-114.45722198486328,34.0]]}},{"type":"Feature","properties":{},"geometry":{"type":"LineString","coordinates":[[-114.49555206298828,34.74833679199219],[-114.3758316040039,34.540000915527344]]}},{"type":"Feature","properties":{},"geometry":{"type":"LineString","coordinates":[[-106.66202545166016,35.0],[-106.83750915527344,34.34693908691406],[-106.88139343261719,34.24082946777344],[-106.85552978515625,34.0]]}},{"type":"Feature","properties":{},"geometry":{"type":"LineString","coordinates":[[-92.60372161865234,35.0],[-92.45806121826172,34.87333679199219],[-92.15333557128906,34.71888732910156],[-92.05111694335938,34.31443786621094],[-92.0,34.297210693359375]]}},{"type":"Feature","properties":{},"geometry":{"type":"LineString","coordinates":[[-92.0,34.297210693359375],[-91.92832946777344,34.29443359375],[-91.7044448852539,34.18138122558594],[-91.4558334350586,34.08528137207031],[-91.4029769897461,34.0]]}},{"type":"Feature","properties":{},"geometry":{"type":"LineString","coordinates":[[-90.3108901977539,35.0],[-90.46582794189453,34.8175048828125],[-90.56278228759766,34.72944641113281],[-90.57111358642578,34.572776794433594],[-90.77000427246094,34.37165832519531],[-90.82749938964844,34.282501220703125],[-90.96110534667969,34.149169921875],[-90.88417053222656,34.05000305175781],[-91.0,34.016204833984375]]}},{"type":"Feature","properties":{},"geometry":{"type":"LineString","coordinates":[[-87.70333099365234,34.77362060546875],[-87.82722473144531,34.74055480957031],[-88.0,34.90849304199219]]}},{"type":"Feature","properties":{},"geometry":{"type":"LineString","coordinates":[[-86.0,34.626808166503906],[-86.53527069091797,34.513328552246094],[-86.6419448852539,34.550559997558594],[-86.76277923583984,34.55138397216797],[-86.9041748046875,34.572776794433594]]}},{"type":"Feature","properties":{},"geometry":{"type":"LineString","coordinates":[[-84.07722473144531,34.16249084472656],[-84.1119384765625,34.054718017578125],[-84.20083618164062,34.0]]}},{"type":"Feature","properties":{},"geometry":{"type":"LineString","coordinates":[[-83.7852783203125,34.7822265625],[-83.66222381591797,34.665283203125],[-83.69055938720703,34.42583465576172],[-83.81889343261719,34.35888671875]]}},{"type":"Feature","properties":{},"geometry":{"type":"LineString","coordinates":[[-114.45722198486328,34.0],[-114.48389434814453,33.721954345703125],[-114.5263900756836,33.561668395996094],[-114.72832489013672,33.40361785888672],[-114.72750091552734,33.30194091796875],[-114.69611358642578,33.086944580078125],[-114.49715423583984,33.0]]}},{"type":"Feature","properties":{},"geometry":{"type":"LineString","coordinates":[[-107.0,33.62083435058594],[-107.09304809570312,33.536659240722656],[-107.15165710449219,33.34388732910156]]}},{"type":"Feature","properties":{},"geometry":{"type":"LineString","coordinates":[[-91.03866577148438,34.0],[-91.03083801269531,33.93943786621094],[-91.04638671875,33.80305480957031],[-91.14971923828125,33.62610626220703],[-91.23388671875,33.55638885498047],[-91.12832641601562,33.38861846923828],[-91.10665893554688,33.26777648925781],[-91.15805053710938,33.120269775390625],[-91.16741943359375,33.0]]}},{"type":"Feature","properties":{},"geometry":{"type":"LineString","coordinates":[[-91.32445526123047,34.0],[-91.34583282470703,33.96083068847656],[-91.15971374511719,33.94139099121094],[-91.14277648925781,33.83305358886719],[-91.06777954101562,33.790283203125]]}},{"type":"Feature","properties":{},"geometry":{"type":"LineString","coordinates":[[-84.3648910522461,34.0],[-84.65111541748047,33.663055419921875],[-84.92555236816406,33.449440002441406],[-85.0,33.435829162597656]]}},{"type":"Feature","properties":{},"geometry":{"type":"LineString","coordinates":[[-115.04167175292969,32.25444030761719],[-115.20999145507812,32.10221862792969],[-115.163330078125,32.054443359375],[-115.11235046386719,32.0]]}},{"type":"Feature","properties":{},"geometry":{"type":"LineString","coordinates":[[-114.49715423583984,33.0],[-114.45694732666016,32.867218017578125],[-114.52693939208984,32.80084228515625],[-114.5324935913086,32.73333740234375],[-114.71944427490234,32.71806335449219]]}},{"type":"Feature","properties":{},"geometry":{"type":"LineString","coordinates":[[-114.7186050415039,32.71833801269531],[-114.79556274414062,32.61000061035156],[-114.81028747558594,32.50804901123047]]}},{"type":"Feature","properties":{},"geometry":{"type":"LineString","coordinates":[[-107.27249908447266,32.898895263671875],[-107.29582977294922,32.80583190917969],[-107.26304626464844,32.725555419921875],[-107.04444885253906,32.63751220703125],[-107.0,32.584556579589844]]}},{"type":"Feature","properties":{},"geometry":{"type":"LineString","coordinates":[[-91.16741943359375,33.0],[-91.15666198730469,32.755279541015625],[-91.16749572753906,32.64500427246094],[-91.10499572753906,32.463050842285156],[-91.0,32.377723693847656]]}},{"type":"Feature","properties":{},"geometry":{"type":"LineString","coordinates":[[-91.0,32.19110107421875],[-91.03944396972656,32.13249206542969],[-91.09916687011719,32.136383056640625],[-91.06416320800781,32.05555725097656],[-91.0977783203125,32.0]]}},{"type":"Feature","properties":{},"geometry":{"type":"LineString","coordinates":[[-85.17416381835938,32.82777404785156],[-85.10444641113281,32.6441650390625],[-85.0,32.522987365722656]]}},{"type":"Feature","properties":{},"geometry":{"type":"LineString","coordinates":[[-85.0,32.522987365722656],[-84.96278381347656,32.42333221435547],[-84.9969482421875,32.33583068847656],[-84.8941650390625,32.269439697265625],[-85.0,32.18603515625]]}},{"type":"Feature","properties":{},"geometry":{"type":"LineString","coordinates":[[-106.5663833618164,31.81805419921875],[-106.49195098876953,31.753341674804688],[-106.39083099365234,31.744720458984375],[-106.21444702148438,31.47527313232422],[-106.0,31.388687133789062]]}},{"type":"Feature","properties":{},"geometry":{"type":"LineString","coordinates":[[-91.0977783203125,32.0],[-91.42833709716797,31.580284118652344],[-91.49083709716797,31.404998779296875],[-91.65082550048828,31.262496948242188],[-91.62610626220703,31.127212524414062],[-91.6533432006836,31.0]]}},{"type":"Feature","properties":{},"geometry":{"type":"LineString","coordinates":[[-105.0,30.676719665527344],[-104.89250183105469,30.559715270996094],[-104.68221282958984,30.1875],[-104.69304656982422,30.0]]}},{"type":"Feature","properties":{},"geometry":{"type":"LineString","coordinates":[[-91.65776824951172,30.992782592773438],[-91.52027130126953,30.8861083984375],[-91.58611297607422,30.752777099609375],[-91.24805450439453,30.566673278808594],[-91.19999694824219,30.50916290283203],[-91.24388122558594,30.35333251953125],[-91.22138977050781,30.294998168945312],[-91.14833068847656,30.194717407226562],[-91.0,30.123260498046875]]}},{"type":"Feature","properties":{},"geometry":{"type":"LineString","coordinates":[[-91.0,30.123260498046875],[-90.820556640625,30.001663208007812],[-90.48499298095703,30.053604125976562],[-90.45511627197266,30.0]]}},{"type":"Feature","properties":{},"geometry":{"type":"LineString","coordinates":[[-85.0,30.51891326904297],[-85.14778137207031,30.10888671875],[-85.1300048828125,30.048049926757812],[-85.05734252929688,30.0]]}},{"type":"Feature","properties":{},"geometry":{"type":"LineString","coordinates":[[-104.0,29.313873291015625],[-103.72638702392578,29.193328857421875],[-103.4719467163086,29.068328857421875],[-103.30382537841797,29.0]]}},{"type":"Feature","properties":{},"geometry":{"type":"LineString","coordinates":[[-103.0,29.149169921875],[-102.899169921875,29.258056640625],[-102.81944274902344,29.39666748046875],[-102.67028045654297,29.742782592773438],[-102.30583953857422,29.889450073242188],[-102.0,29.806671142578125]]}},{"type":"Feature","properties":{},"geometry":{"type":"LineString","coordinates":[[-102.0,29.806671142578125],[-101.53472137451172,29.814453125],[-101.4050064086914,29.772781372070312],[-101.30611419677734,29.63111114501953]]}},{"type":"Feature","properties":{},"geometry":{"type":"LineString","coordinates":[[-101.0,29.373397827148438],[-100.79360961914062,29.257217407226562],[-100.76277923583984,29.170547485351562],[-100.66832733154297,29.113327026367188],[-100.62848663330078,29.0]]}},{"type":"Feature","properties":{},"geometry":{"type":"LineString","coordinates":[[-90.45511627197266,30.0],[-90.34806060791016,29.94500732421875],[-90.24276733398438,29.971939086914062],[-90.12138366699219,29.921661376953125],[-90.0,29.943984985351562]]}},{"type":"Feature","properties":{},"geometry":{"type":"LineString","coordinates":[[-90.0,29.943984985351562],[-89.91416931152344,29.884170532226562],[-89.97222900390625,29.883331298828125],[-90.0,29.826385498046875]]}},{"type":"Feature","properties":{},"geometry":{"type":"LineString","coordinates":[[-90.0,29.737396240234375],[-89.61444854736328,29.463340759277344],[-89.4063949584961,29.347488403320312],[-89.25638580322266,29.134170532226562],[-89.3564682006836,29.0]]}},{"type":"Feature","properties":{},"geometry":{"type":"LineString","coordinates":[[-100.62848663330078,29.0],[-100.5294418334961,28.827499389648438],[-100.32500457763672,28.504722595214844],[-100.28250885009766,28.281387329101562],[-100.0,28.0074462890625]]}},{"type":"Feature","properties":{},"geometry":{"type":"LineString","coordinates":[[-99.9947509765625,28.0],[-99.85777282714844,27.798065185546875],[-99.59082794189453,27.638893127441406],[-99.47249603271484,27.400543212890625],[-99.43778228759766,27.243606567382812],[-99.45555877685547,27.057769775390625]]}},{"type":"Feature","properties":{},"geometry":{"type":"LineString","coordinates":[[-99.0,26.386184692382812],[-98.65250396728516,26.241104125976562],[-98.19667053222656,26.058609008789062],[-98.0,26.053436279296875]]}},{"type":"Feature","properties":{},"geometry":{"type":"LineString","coordinates":[[-97.61396026611328,26.0],[-97.34944915771484,25.848892211914062],[-97.26250457763672,25.963607788085938],[-97.13999938964844,25.966384887695312]]}},{"type":"Feature","properties":{},"geometry":{"type":"LineString","coordinates":[[-74.77008819580078,11.0],[-74.86083984375,11.125274658203125]]}},{"type":"Feature","properties":{},"geometry":{"type":"LineString","coordinates":[[-74.80267333984375,10.0],[-74.9486083984375,10.156112670898438],[-74.72693634033203,10.568885803222656],[-74.77008819580078,11.0]]}},{"type":"Feature","properties":{},"geometry":{"type":"LineString","coordinates":[[-74.01118469238281,9.0],[-74.14778137207031,9.039169311523438],[-74.40889739990234,9.219161987304688],[-74.52861785888672,9.235275268554688],[-74.80555725097656,9.444160461425781],[-74.82749938964844,9.684989929199219],[-74.87445068359375,9.838058471679688],[-74.80267333984375,10.0]]}},{"type":"Feature","properties":{},"geometry":{"type":"LineString","coordinates":[[-73.87150573730469,8.0],[-73.85638427734375,8.098892211914062],[-73.79194641113281,8.1502685546875]]}},{"type":"Feature","properties":{},"geometry":{"type":"LineString","coordinates":[[-73.79389953613281,8.148880004882812],[-73.83305358886719,8.647773742675781],[-73.87861633300781,8.895004272460938],[-74.0,8.993057250976562]]}},{"type":"Feature","properties":{},"geometry":{"type":"LineString","coordinates":[[-73.89166259765625,7.0],[-73.91583251953125,7.480552673339844],[-73.80805969238281,7.7613983154296875],[-73.87150573730469,8.0]]}},{"type":"Feature","properties":{},"geometry":{"type":"LineString","coordinates":[[-74.5693130493164,6.0],[-74.55889129638672,6.2494354248046875],[-74.39916229248047,6.594169616699219],[-74.0,6.9333343505859375]]}},{"type":"Feature","properties":{},"geometry":{"type":"LineString","coordinates":[[-74.74472045898438,5.0],[-74.66083526611328,5.460273742675781],[-74.63611602783203,5.561668395996094],[-74.66027069091797,5.7677764892578125],[-74.58333587646484,5.9138946533203125],[-74.5693130493164,6.0]]}},{"type":"Feature","properties":{},"geometry":{"type":"LineString","coordinates":[[-67.8038330078125,5.0],[-67.79194641113281,5.395286560058594],[-67.6130599975586,5.539161682128906],[-67.6222152709961,5.787506103515625],[-67.4137954711914,6.0]]}},{"type":"Feature","properties":{},"geometry":{"type":"LineString","coordinates":[[-159.9584197998047,69.0],[-159.0,69.03962707519531]]}},{"type":"Feature","properties":{},"geometry":{"type":"LineString","coordinates":[[-155.0,69.07435607910156],[-154.4088897705078,69.09611511230469],[-154.05006408691406,69.0]]}},{"type":"Feature","properties":{},"geometry":{"type":"LineString","coordinates":[[-152.0,69.39351654052734],[-151.47860717773438,69.51416778564453],[-151.47833251953125,69.63500213623047],[-151.53944396972656,69.83639526367188],[-151.5500030517578,69.90777587890625],[-151.63124084472656,70.0]]}},{"type":"Feature","properties":{},"geometry":{"type":"LineString","coordinates":[[-160.2677764892578,68.64888763427734],[-160.31471252441406,68.82278442382812],[-160.36610412597656,68.89472961425781],[-160.0,68.98489379882812]]}},{"type":"Feature","properties":{},"geometry":{"type":"LineString","coordinates":[[-158.0,68.9832763671875],[-157.60501098632812,68.97305297851562],[-157.5013885498047,68.91917419433594],[-157.0,68.88131713867188]]}},{"type":"Feature","properties":{},"geometry":{"type":"LineString","coordinates":[[-156.0,68.97036743164062],[-155.78472900390625,68.98527526855469],[-155.73805236816406,68.95555114746094],[-155.70973205566406,68.99528503417969],[-155.5388946533203,69.0]]}},{"type":"Feature","properties":{},"geometry":{"type":"LineString","coordinates":[[-150.9005584716797,68.10638427734375],[-150.80917358398438,68.02915954589844],[-150.83531188964844,68.0]]}},{"type":"Feature","properties":{},"geometry":{"type":"LineString","coordinates":[[-150.83531188964844,68.0],[-150.8955535888672,67.80972290039062],[-151.0,67.72640228271484]]}},{"type":"Feature","properties":{},"geometry":{"type":"LineString","coordinates":[[-151.0,67.5378646850586],[-150.69166564941406,67.3066635131836],[-150.8219451904297,67.14389038085938],[-151.0,67.07919311523438]]}},{"type":"Feature","properties":{},"geometry":{"type":"LineString","coordinates":[[-142.0,67.18087768554688],[-142.1730499267578,67.17193603515625],[-142.21554565429688,67.21804809570312],[-142.60610961914062,67.07388305664062],[-142.67388916015625,67.0]]}},{"type":"Feature","properties":{},"geometry":{"type":"LineString","coordinates":[[-141.0,67.41980743408203],[-141.53916931152344,67.32611846923828],[-141.67111206054688,67.25777435302734],[-141.70973205566406,67.16000366210938],[-142.0,67.18087768554688]]}},{"type":"Feature","properties":{},"geometry":{"type":"LineString","coordinates":[[-140.0,67.5407943725586],[-140.35055541992188,67.50055694580078],[-140.34304809570312,67.4544448852539],[-140.56695556640625,67.48221588134766],[-141.0,67.41980743408203]]}},{"type":"Feature","properties":{},"geometry":{"type":"LineString","coordinates":[[-139.0,67.58466339111328],[-139.54444885253906,67.59082794189453],[-139.91139221191406,67.54193878173828],[-139.90499877929688,67.4991683959961],[-140.0,67.5407943725586]]}},{"type":"Feature","properties":{},"geometry":{"type":"LineString","coordinates":[[-138.0,67.46833038330078],[-138.60333251953125,67.57500457763672],[-138.90167236328125,67.57721710205078],[-139.0,67.58466339111328]]}},{"type":"Feature","properties":{},"geometry":{"type":"LineString","coordinates":[[-137.4872283935547,67.0],[-137.63999938964844,67.06694030761719],[-137.6780548095703,67.17332458496094],[-137.82972717285156,67.3233413696289],[-137.79750061035156,67.38750457763672],[-138.0,67.46833038330078]]}},{"type":"Feature","properties":{},"geometry":{"type":"LineString","coordinates":[[-154.0,66.27430725097656],[-154.06138610839844,66.26416778564453],[-154.0449981689453,66.23250579833984],[-154.11166381835938,66.23833465576172],[-154.31927490234375,66.0]]}},{"type":"Feature","properties":{},"geometry":{"type":"LineString","coordinates":[[-153.0,66.46196746826172],[-153.27777099609375,66.44916534423828],[-153.3311004638672,66.38500213623047],[-153.6125030517578,66.37639617919922],[-154.0,66.27430725097656]]}},{"type":"Feature","properties":{},"geometry":{"type":"LineString","coordinates":[[-151.42381286621094,67.0],[-151.6908416748047,66.90139770507812],[-151.67445373535156,66.77861022949219],[-151.8986053466797,66.6322250366211],[-152.0,66.60147857666016]]}},{"type":"Feature","properties":{},"geometry":{"type":"LineString","coordinates":[[-145.0,66.64571380615234],[-145.0741729736328,66.66333770751953],[-145.5366668701172,66.58415985107422]]}},{"type":"Feature","properties":{},"geometry":{"type":"LineString","coordinates":[[-144.0,66.82557678222656],[-144.1408233642578,66.77888488769531],[-144.28749084472656,66.75777435302734],[-144.38888549804688,66.7611083984375],[-144.62973022460938,66.7155532836914],[-144.7322235107422,66.67694854736328],[-145.0,66.64571380615234]]}},{"type":"Feature","properties":{},"geometry":{"type":"LineString","coordinates":[[-143.36972045898438,67.0],[-143.6313934326172,66.8961181640625],[-143.80694580078125,66.91082763671875],[-143.945556640625,66.85389709472656],[-144.0,66.82557678222656]]}},{"type":"Feature","properties":{},"geometry":{"type":"LineString","coordinates":[[-139.0,66.04808044433594],[-138.78611755371094,66.25444030761719],[-138.11917114257812,66.68416595458984],[-138.0,66.69310760498047]]}},{"type":"Feature","properties":{},"geometry":{"type":"LineString","coordinates":[[-138.0,66.69310760498047],[-137.8175048828125,66.82611083984375],[-137.69667053222656,66.88833618164062],[-137.57748413085938,67.0]]}},{"type":"Feature","properties":{},"geometry":{"type":"LineString","coordinates":[[-157.0,65.51293182373047],[-157.58250427246094,65.4991683959961],[-157.6925048828125,65.39611053466797],[-157.65167236328125,65.34917449951172],[-157.71360778808594,65.28833770751953],[-157.67417907714844,65.20500183105469],[-157.44776916503906,65.08805847167969],[-157.5734100341797,65.0]]}},{"type":"Feature","properties":{},"geometry":{"type":"LineString","coordinates":[[-156.27975463867188,66.0],[-156.28916931152344,65.90333557128906],[-156.28277587890625,65.86860656738281],[-156.3361053466797,65.83139038085938],[-156.4647216796875,65.78111267089844],[-156.40249633789062,65.6947250366211],[-156.30665588378906,65.61055755615234],[-156.3472137451172,65.57054901123047],[-156.40054321289062,65.49333953857422],[-156.65306091308594,65.45833587646484],[-156.71778869628906,65.4941635131836],[-157.0,65.54021453857422]]}},{"type":"Feature","properties":{},"geometry":{"type":"LineString","coordinates":[[-155.0,65.80012512207031],[-155.0236053466797,65.83500671386719],[-155.2294464111328,65.8719482421875],[-155.28721618652344,65.89334106445312],[-155.4452667236328,65.89778137207031],[-155.43455505371094,66.0]]}},{"type":"Feature","properties":{},"geometry":{"type":"LineString","coordinates":[[-155.5699462890625,66.0],[-155.7324981689453,65.98861694335938],[-155.71278381347656,65.95916748046875],[-155.77610778808594,65.97332763671875],[-155.74636840820312,66.0]]}},{"type":"Feature","properties":{},"geometry":{"type":"LineString","coordinates":[[-154.31927490234375,66.0],[-154.44638061523438,65.95832824707031],[-154.46304321289062,65.91694641113281],[-155.0,65.80012512207031]]}},{"type":"Feature","properties":{},"geometry":{"type":"LineString","coordinates":[[-151.57382202148438,65.0],[-151.52667236328125,65.02888488769531],[-151.56333923339844,65.04777526855469],[-151.62400817871094,65.0]]}},{"type":"Feature","properties":{},"geometry":{"type":"LineString","coordinates":[[-140.0,65.49654388427734],[-139.7788848876953,65.63054656982422],[-139.63223266601562,65.94667053222656],[-139.1134490966797,66.0]]}},{"type":"Feature","properties":{},"geometry":{"type":"LineString","coordinates":[[-123.4686050415039,65.14778137207031],[-123.59528350830078,65.125],[-123.7266616821289,65.04388427734375],[-124.0,65.02166748046875]]}},{"type":"Feature","properties":{},"geometry":{"type":"LineString","coordinates":[[-157.5734100341797,65.0],[-157.51834106445312,64.96888732910156],[-157.55307006835938,64.95222473144531],[-157.52720642089844,64.93499755859375],[-157.73028564453125,64.86500549316406]]}},{"type":"Feature","properties":{},"geometry":{"type":"LineString","coordinates":[[-152.0,64.2840805053711],[-152.2530517578125,64.3066635131836],[-152.3297119140625,64.2780532836914],[-152.55694580078125,64.10444641113281],[-152.59661865234375,64.0]]}},{"type":"Feature","properties":{},"geometry":{"type":"LineString","coordinates":[[-151.54806518554688,64.30249786376953],[-151.63999938964844,64.28694915771484],[-151.7425079345703,64.33861541748047],[-152.0,64.2840805053711]]}},{"type":"Feature","properties":{},"geometry":{"type":"LineString","coordinates":[[-149.0,64.56836700439453],[-149.1041717529297,64.63277435302734],[-149.1677703857422,64.80027770996094],[-149.20639038085938,64.90861511230469],[-149.6041717529297,64.899169921875],[-149.78334045410156,64.8497314453125],[-150.0,64.78492736816406]]}},{"type":"Feature","properties":{},"geometry":{"type":"LineString","coordinates":[[-148.0,64.7705078125],[-148.2852783203125,64.6741714477539],[-148.6225128173828,64.63805389404297],[-148.66612243652344,64.58777618408203],[-149.0,64.56836700439453]]}},{"type":"Feature","properties":{},"geometry":{"type":"LineString","coordinates":[[-147.0,64.51697540283203],[-147.23721313476562,64.6736068725586],[-147.48666381835938,64.76333618164062],[-147.8138885498047,64.79833984375],[-148.0,64.7705078125]]}},{"type":"Feature","properties":{},"geometry":{"type":"LineString","coordinates":[[-146.0,64.19329833984375],[-146.3824920654297,64.28055572509766],[-146.6541748046875,64.25054931640625],[-147.0,64.41365814208984]]}},{"type":"Feature","properties":{},"geometry":{"type":"LineString","coordinates":[[-145.0,64.05697631835938],[-145.3713836669922,64.08277893066406],[-145.6719512939453,64.17999267578125],[-145.84750366210938,64.15277099609375],[-146.0,64.19329833984375]]}},{"type":"Feature","properties":{},"geometry":{"type":"LineString","coordinates":[[-132.0,64.05209350585938],[-132.6239013671875,64.054443359375],[-132.93167114257812,64.0]]}},{"type":"Feature","properties":{},"geometry":{"type":"LineString","coordinates":[[-131.25860595703125,64.27666473388672],[-131.72305297851562,64.19999694824219],[-131.73472595214844,64.10638427734375],[-132.0,64.05209350585938]]}},{"type":"Feature","properties":{},"geometry":{"type":"LineString","coordinates":[[-103.88092041015625,64.0],[-103.70110321044922,64.16305541992188],[-103.44666290283203,64.31278228759766],[-103.0,64.32463836669922]]}},{"type":"Feature","properties":{},"geometry":{"type":"LineString","coordinates":[[-103.0,64.32463836669922],[-102.68250274658203,64.28499603271484],[-102.65416717529297,64.17805480957031],[-102.57805633544922,64.15277099609375],[-102.07749938964844,64.22193908691406]]}},{"type":"Feature","properties":{},"geometry":{"type":"LineString","coordinates":[[-102.0,64.25369262695312],[-101.92250061035156,64.25695037841797],[-101.80805969238281,64.40972137451172]]}},{"type":"Feature","properties":{},"geometry":{"type":"LineString","coordinates":[[-97.0,64.76644134521484],[-96.59110260009766,64.66666412353516],[-96.51000213623047,64.58638763427734],[-96.47722625732422,64.42888641357422],[-96.27417755126953,64.29666900634766]]}},{"type":"Feature","properties":{},"geometry":{"type":"LineString","coordinates":[[-94.22055053710938,64.07472229003906],[-94.0,64.04670715332031]]}},{"type":"Feature","properties":{},"geometry":{"type":"LineString","coordinates":[[-153.0,63.81416320800781],[-153.2324981689453,63.71583557128906],[-153.54750061035156,63.531105041503906],[-154.0,63.2950439453125]]}},{"type":"Feature","properties":{},"geometry":{"type":"LineString","coordinates":[[-144.0,63.692169189453125],[-144.76417541503906,63.80778503417969],[-144.90110778808594,63.93028259277344],[-144.8478240966797,64.0]]}},{"type":"Feature","properties":{},"geometry":{"type":"LineString","coordinates":[[-143.0,63.432655334472656],[-143.61000061035156,63.41777801513672],[-143.84388732910156,63.46666717529297],[-143.79222106933594,63.565834045410156],[-144.0,63.692169189453125]]}},{"type":"Feature","properties":{},"geometry":{"type":"LineString","coordinates":[[-142.0,63.091400146484375],[-142.3463897705078,63.16139221191406],[-142.70001220703125,63.36139678955078],[-143.0,63.432655334472656]]}},{"type":"Feature","properties":{},"geometry":{"type":"LineString","coordinates":[[-139.0,63.192474365234375],[-139.31610107421875,63.31416320800781],[-139.4341583251953,63.320556640625]]}},{"type":"Feature","properties":{},"geometry":{"type":"LineString","coordinates":[[-138.0,63.46277618408203],[-138.14805603027344,63.43944549560547],[-138.30694580078125,63.3216552734375],[-138.6205596923828,63.30278015136719],[-139.0,63.192474365234375]]}},{"type":"Feature","properties":{},"geometry":{"type":"LineString","coordinates":[[-137.0,63.497108459472656],[-137.65638732910156,63.616668701171875],[-137.83721923828125,63.50194549560547],[-138.0,63.46277618408203]]}},{"type":"Feature","properties":{},"geometry":{"type":"LineString","coordinates":[[-136.0,63.582603454589844],[-136.6622314453125,63.386932373046875],[-136.88194274902344,63.42499542236328],[-137.0,63.497108459472656]]}},{"type":"Feature","properties":{},"geometry":{"type":"LineString","coordinates":[[-135.0,63.46685028076172],[-135.16139221191406,63.548606872558594],[-135.56695556640625,63.628883361816406],[-135.7513885498047,63.62583923339844],[-136.0,63.582603454589844]]}},{"type":"Feature","properties":{},"geometry":{"type":"LineString","coordinates":[[-133.0,63.9969482421875],[-133.53250122070312,63.93888854980469],[-133.63194274902344,63.978057861328125],[-133.87222290039062,63.97332763671875],[-134.0,63.92710876464844]]}},{"type":"Feature","properties":{},"geometry":{"type":"LineString","coordinates":[[-134.0,63.88667297363281],[-133.52720642089844,63.70306396484375],[-133.86083984375,63.585548400878906],[-134.0,63.545738220214844]]}},{"type":"Feature","properties":{},"geometry":{"type":"LineString","coordinates":[[-104.70999908447266,63.269989013671875],[-104.42638397216797,63.617225646972656],[-104.30028533935547,63.80610656738281],[-104.0,63.889495849609375]]}},{"type":"Feature","properties":{},"geometry":{"type":"LineString","coordinates":[[-104.0,63.889495849609375],[-103.88092041015625,64.0]]}},{"type":"Feature","properties":{},"geometry":{"type":"LineString","coordinates":[[-155.1548614501953,63.0],[-155.33387756347656,62.93943786621094],[-155.44387817382812,62.97917175292969],[-155.41709899902344,63.0]]}},{"type":"Feature","properties":{},"geometry":{"type":"LineString","coordinates":[[-155.45706176757812,63.0],[-155.63890075683594,62.96360778808594],[-155.67250061035156,62.869171142578125],[-155.8050079345703,62.774444580078125],[-155.83473205566406,62.71861267089844],[-155.751953125,62.560279846191406],[-156.0,62.473899841308594]]}},{"type":"Feature","properties":{},"geometry":{"type":"LineString","coordinates":[[-142.0,62.236663818359375],[-141.7483367919922,62.37361145019531],[-141.3683319091797,62.63694763183594],[-141.67445373535156,62.85638427734375],[-141.7861328125,63.0]]}},{"type":"Feature","properties":{},"geometry":{"type":"LineString","coordinates":[[-129.5843963623047,63.0],[-129.665283203125,62.90834045410156],[-129.5338897705078,62.80583190917969],[-129.0,62.63075256347656]]}},{"type":"Feature","properties":{},"geometry":{"type":"LineString","coordinates":[[-128.0,62.366485595703125],[-127.87750244140625,62.416664123535156],[-127.78500366210938,62.383880615234375],[-127.45722198486328,62.18415832519531],[-127.25054931640625,62.0]]}},{"type":"Feature","properties":{},"geometry":{"type":"LineString","coordinates":[[-105.93861389160156,62.35333251953125],[-105.4816665649414,62.43083953857422],[-105.09693908691406,62.459449768066406],[-105.0,62.44255828857422]]}},{"type":"Feature","properties":{},"geometry":{"type":"LineString","coordinates":[[-105.0,62.44255828857422],[-104.4927749633789,62.47527313232422],[-104.814453125,62.57361602783203],[-104.77999877929688,62.694732666015625],[-104.85945129394531,62.8236083984375],[-104.84889221191406,62.94972229003906],[-104.85459899902344,63.0]]}},{"type":"Feature","properties":{},"geometry":{"type":"LineString","coordinates":[[-160.0,61.561790466308594],[-160.5963897705078,61.418052673339844],[-160.7566680908203,61.29388427734375],[-161.0,61.10472106933594]]}},{"type":"Feature","properties":{},"geometry":{"type":"LineString","coordinates":[[-159.0,61.599891662597656],[-159.23777770996094,61.56055450439453],[-159.6425018310547,61.600547790527344],[-160.0,61.561790466308594]]}},{"type":"Feature","properties":{},"geometry":{"type":"LineString","coordinates":[[-158.0,61.85514831542969],[-158.14527893066406,61.87916564941406],[-158.2211151123047,61.79444885253906],[-158.34222412109375,61.60944366455078],[-159.0,61.599891662597656]]}},{"type":"Feature","properties":{},"geometry":{"type":"LineString","coordinates":[[-157.0,61.68830871582031],[-157.17083740234375,61.6763916015625],[-157.72666931152344,61.902496337890625],[-158.0,61.85514831542969]]}},{"type":"Feature","properties":{},"geometry":{"type":"LineString","coordinates":[[-156.23219299316406,62.0],[-156.35137939453125,61.858062744140625],[-157.0,61.68830871582031]]}},{"type":"Feature","properties":{},"geometry":{"type":"LineString","coordinates":[[-126.0,61.72514343261719],[-125.77639770507812,61.61804962158203],[-125.29694366455078,61.540000915527344],[-125.0,61.441123962402344]]}},{"type":"Feature","properties":{},"geometry":{"type":"LineString","coordinates":[[-125.0,61.441123962402344],[-124.94444274902344,61.38499450683594],[-124.76028442382812,61.393333435058594],[-124.17832946777344,61.3125],[-124.0,61.25666809082031]]}},{"type":"Feature","properties":{},"geometry":{"type":"LineString","coordinates":[[-124.0,61.25666809082031],[-123.6030502319336,61.11944580078125],[-123.5244369506836,61.05250549316406],[-123.48722076416016,61.016387939453125],[-123.34000396728516,61.03889465332031]]}},{"type":"Feature","properties":{},"geometry":{"type":"LineString","coordinates":[[-161.084228515625,61.0],[-161.32749938964844,60.910552978515625],[-161.4913787841797,60.90861511230469],[-161.51499938964844,60.80000305175781],[-161.67333984375,60.77278137207031],[-161.74278259277344,60.717498779296875],[-161.8794403076172,60.70222473144531]]}},{"type":"Feature","properties":{},"geometry":{"type":"LineString","coordinates":[[-156.0,59.30413818359375],[-156.15138244628906,59.294158935546875],[-156.19277954101562,59.234161376953125],[-156.38861083984375,59.25138854980469],[-156.7791748046875,59.15138244628906]]}},{"type":"Feature","properties":{},"geometry":{"type":"LineString","coordinates":[[-105.5411148071289,59.14582824707031],[-105.5824966430664,59.190826416015625],[-105.5536117553711,59.2388916015625],[-106.0,59.26979064941406]]}},{"type":"Feature","properties":{},"geometry":{"type":"LineString","coordinates":[[-130.0,58.03892517089844],[-130.39971923828125,58.14610290527344],[-130.66000366210938,58.12721252441406],[-130.77749633789062,58.03916931152344],[-131.0,58.00090026855469]]}},{"type":"Feature","properties":{},"geometry":{"type":"LineString","coordinates":[[-111.35289764404297,58.0],[-111.35277557373047,58.1844482421875],[-111.51721954345703,58.41472625732422],[-111.06443786621094,58.450279235839844],[-111.07278442382812,58.50305938720703]]}},{"type":"Feature","properties":{},"geometry":{"type":"LineString","coordinates":[[-111.27889251708984,58.78944396972656],[-111.17222595214844,58.9183349609375],[-111.41028594970703,59.0]]}},{"type":"Feature","properties":{},"geometry":{"type":"LineString","coordinates":[[-104.0,58.811248779296875],[-103.94139099121094,58.8255615234375],[-103.96945190429688,58.858612060546875],[-103.9324951171875,58.89582824707031],[-104.0,58.96466064453125]]}},{"type":"Feature","properties":{},"geometry":{"type":"LineString","coordinates":[[-131.00572204589844,58.0],[-131.348876953125,57.86027526855469],[-131.70083618164062,57.594444274902344],[-131.73916625976562,57.476951599121094],[-131.73916625976562,57.33860778808594],[-131.68194580078125,57.13139343261719],[-131.73109436035156,57.0]]}},{"type":"Feature","properties":{},"geometry":{"type":"LineString","coordinates":[[-129.0,57.93104553222656],[-129.2486114501953,57.969451904296875],[-129.34971618652344,57.91917419433594],[-129.49472045898438,57.91221618652344],[-129.75802612304688,58.0]]}},{"type":"Feature","properties":{},"geometry":{"type":"LineString","coordinates":[[-128.0,57.720458984375],[-128.20555114746094,57.852508544921875],[-128.59722900390625,57.94610595703125],[-129.0,57.93104553222656]]}},{"type":"Feature","properties":{},"geometry":{"type":"LineString","coordinates":[[-128.0,57.31636047363281],[-127.6258316040039,57.36444091796875],[-127.6786117553711,57.62083435058594],[-128.0,57.720458984375]]}},{"type":"Feature","properties":{},"geometry":{"type":"LineString","coordinates":[[-111.4677963256836,57.0],[-111.66999053955078,57.318878173828125],[-111.51416778564453,57.531394958496094],[-111.3697280883789,57.85972595214844],[-111.35289764404297,58.0]]}},{"type":"Feature","properties":{},"geometry":{"type":"LineString","coordinates":[[-96.92889404296875,57.20555114746094],[-96.61943817138672,57.15666198730469],[-96.3116683959961,57.133331298828125],[-96.0,57.13117980957031]]}},{"type":"Feature","properties":{},"geometry":{"type":"LineString","coordinates":[[-96.0,57.13117980957031],[-95.90472412109375,57.302215576171875],[-95.73249053955078,57.41722869873047],[-95.34806060791016,57.565269470214844],[-95.42444610595703,57.69917297363281],[-95.3758316040039,57.82417297363281],[-95.0,57.95588684082031]]}},{"type":"Feature","properties":{},"geometry":{"type":"LineString","coordinates":[[-69.10003662109375,57.0],[-69.32555389404297,57.276947021484375],[-69.26639556884766,57.45250701904297],[-69.37084197998047,57.76445007324219]]}},{"type":"Feature","properties":{},"geometry":{"type":"LineString","coordinates":[[-132.0,56.68133544921875],[-132.11166381835938,56.70777893066406],[-132.30555725097656,56.637779235839844]]}},{"type":"Feature","properties":{},"geometry":{"type":"LineString","coordinates":[[-131.73109436035156,57.0],[-131.74501037597656,56.872222900390625],[-131.87973022460938,56.642494201660156],[-132.0,56.68133544921875]]}},{"type":"Feature","properties":{},"geometry":{"type":"LineString","coordinates":[[-128.0,56.787384033203125],[-127.5088882446289,56.441673278808594],[-127.46027374267578,56.2691650390625],[-127.98554992675781,56.21305847167969],[-127.9697265625,56.05833435058594],[-127.9072265625,56.0]]}},{"type":"Feature","properties":{},"geometry":{"type":"LineString","coordinates":[[-112.6319351196289,56.0],[-112.52527618408203,56.20027160644531],[-112.60111236572266,56.486106872558594],[-112.4333267211914,56.51610565185547],[-112.18110656738281,56.540000915527344],[-112.0,56.584632873535156]]}},{"type":"Feature","properties":{},"geometry":{"type":"LineString","coordinates":[[-112.0,56.584632873535156],[-111.81584167480469,56.574440002441406],[-111.42028045654297,56.719451904296875],[-111.39945220947266,56.814727783203125],[-111.4677963256836,57.0]]}},{"type":"Feature","properties":{},"geometry":{"type":"LineString","coordinates":[[-107.67217254638672,56.0],[-107.53861236572266,56.03611755371094],[-107.49156951904297,56.0]]}},{"type":"Feature","properties":{},"geometry":{"type":"LineString","coordinates":[[-128.0,55.08575439453125],[-128.20721435546875,55.07499694824219],[-128.33128356933594,55.0]]}},{"type":"Feature","properties":{},"geometry":{"type":"LineString","coordinates":[[-127.9072265625,56.0],[-127.95611572265625,55.765838623046875],[-127.76028442382812,55.63139343261719],[-127.6852798461914,55.34193420410156],[-127.82112121582031,55.09138488769531],[-128.0,55.08575439453125]]}},{"type":"Feature","properties":{},"geometry":{"type":"LineString","coordinates":[[-114.0,55.16583251953125],[-113.67777252197266,55.250274658203125],[-113.46475982666016,55.0]]}},{"type":"Feature","properties":{},"geometry":{"type":"LineString","coordinates":[[-112.7149429321289,55.0],[-112.86555480957031,55.083892822265625],[-112.6766586303711,55.305267333984375],[-112.75694274902344,55.55944061279297],[-112.73139190673828,55.68611145019531],[-112.6672134399414,55.9041748046875],[-112.6319351196289,56.0]]}},{"type":"Feature","properties":{},"geometry":{"type":"LineString","coordinates":[[-107.49156951904297,56.0],[-107.30083465576172,55.9647216796875],[-107.13139343261719,55.89778137207031],[-107.0675048828125,55.861663818359375]]}},{"type":"Feature","properties":{},"geometry":{"type":"LineString","coordinates":[[-106.95083618164062,55.81361389160156],[-106.7558364868164,55.80055236816406],[-106.74749755859375,55.75361633300781],[-106.59888458251953,55.72721862792969],[-106.55500030517578,55.695831298828125]]}},{"type":"Feature","properties":{},"geometry":{"type":"LineString","coordinates":[[-105.98416137695312,55.708343505859375],[-105.79417419433594,55.6875],[-105.46582794189453,55.632232666015625],[-105.2177734375,55.673065185546875],[-105.0,55.680206298828125]]}},{"type":"Feature","properties":{},"geometry":{"type":"LineString","coordinates":[[-105.0,55.680206298828125],[-104.83612060546875,55.69500732421875],[-104.70610809326172,55.63417053222656]]}},{"type":"Feature","properties":{},"geometry":{"type":"LineString","coordinates":[[-103.5486068725586,55.40277862548828],[-103.38195037841797,55.46056365966797],[-103.30139923095703,55.539161682128906],[-103.11360168457031,55.583885192871094],[-103.0,55.567481994628906]]}},{"type":"Feature","properties":{},"geometry":{"type":"LineString","coordinates":[[-103.0,55.567481994628906],[-102.57332611083984,55.51555633544922],[-102.24943542480469,55.56999969482422],[-102.12861633300781,55.752227783203125]]}},{"type":"Feature","properties":{},"geometry":{"type":"LineString","coordinates":[[-69.76341247558594,55.0],[-69.52693939208984,55.01361083984375],[-69.35111236572266,55.08778381347656],[-69.18333435058594,55.22637939453125],[-69.0,55.26026916503906]]}},{"type":"Feature","properties":{},"geometry":{"type":"LineString","coordinates":[[-69.0,55.26026916503906],[-68.50305938720703,55.50139617919922],[-68.33666229248047,55.51055145263672],[-68.19888305664062,55.70973205566406],[-68.53472137451172,55.940277099609375],[-68.68799591064453,56.0]]}},{"type":"Feature","properties":{},"geometry":{"type":"LineString","coordinates":[[-128.33128356933594,55.0],[-128.3797149658203,54.88250732421875],[-128.41082763671875,54.631935119628906],[-128.57501220703125,54.49138641357422],[-128.8497314453125,54.41527557373047],[-129.0,54.38768768310547]]}},{"type":"Feature","properties":{},"geometry":{"type":"LineString","coordinates":[[-122.0,54.18070983886719],[-122.37528228759766,54.2611083984375],[-122.58527374267578,54.12721252441406],[-122.65741729736328,54.0]]}},{"type":"Feature","properties":{},"geometry":{"type":"LineString","coordinates":[[-116.85906982421875,54.0],[-116.4272232055664,54.22138977050781],[-116.07278442382812,54.23193359375],[-116.0,54.180419921875]]}},{"type":"Feature","properties":{},"geometry":{"type":"LineString","coordinates":[[-116.0,54.180419921875],[-115.82417297363281,54.18943786621094],[-115.73139190673828,54.14582824707031],[-115.24276733398438,54.1572265625],[-115.0,54.2606201171875]]}},{"type":"Feature","properties":{},"geometry":{"type":"LineString","coordinates":[[-115.0,54.2606201171875],[-114.95693969726562,54.317779541015625],[-114.5280532836914,54.375831604003906],[-114.33417510986328,54.513328552246094],[-114.2713851928711,54.81333923339844],[-114.17665100097656,55.0]]}},{"type":"Feature","properties":{},"geometry":{"type":"LineString","coordinates":[[-113.46475982666016,55.0],[-113.46611785888672,54.8155517578125],[-113.29138946533203,54.73139953613281],[-113.23055267333984,54.85417175292969],[-113.0,54.943756103515625]]}},{"type":"Feature","properties":{},"geometry":{"type":"LineString","coordinates":[[-112.73638153076172,54.39916229248047],[-112.59944915771484,54.61333465576172],[-112.1138916015625,54.458885192871094],[-112.0,54.475563049316406]]}},{"type":"Feature","properties":{},"geometry":{"type":"LineString","coordinates":[[-112.0,54.475563049316406],[-111.5138931274414,54.40222930908203],[-111.11860656738281,54.36082458496094],[-111.0,54.38433837890625]]}},{"type":"Feature","properties":{},"geometry":{"type":"LineString","coordinates":[[-111.0,54.38433837890625],[-110.35723114013672,54.442222595214844],[-110.04916381835938,54.25193786621094],[-110.0,54.26179504394531]]}},{"type":"Feature","properties":{},"geometry":{"type":"LineString","coordinates":[[-110.0,54.26179504394531],[-109.49860382080078,54.31388854980469],[-109.25138854980469,54.236114501953125],[-109.0,54.2972412109375]]}},{"type":"Feature","properties":{},"geometry":{"type":"LineString","coordinates":[[-109.0,54.2972412109375],[-108.69026947021484,54.24444580078125],[-108.3872299194336,54.31971740722656],[-108.17555236816406,54.29443359375],[-108.0,54.336456298828125]]}},{"type":"Feature","properties":{},"geometry":{"type":"LineString","coordinates":[[-108.0,54.336456298828125],[-107.88333129882812,54.45610809326172],[-107.79861450195312,54.87388610839844],[-107.7054672241211,55.0]]}},{"type":"Feature","properties":{},"geometry":{"type":"LineString","coordinates":[[-122.65741729736328,54.0],[-122.70526885986328,53.76499938964844],[-122.67610931396484,53.64111328125],[-122.63916778564453,53.396385192871094],[-122.8800048828125,53.30860900878906],[-122.54528045654297,53.089996337890625],[-122.51346588134766,53.0]]}},{"type":"Feature","properties":{},"geometry":{"type":"LineString","coordinates":[[-121.0,53.74278259277344],[-121.26444244384766,53.836395263671875],[-121.41944122314453,53.89222717285156],[-121.64665985107422,53.927215576171875],[-121.66248321533203,54.0]]}},{"type":"Feature","properties":{},"geometry":{"type":"LineString","coordinates":[[-120.0,53.19078063964844],[-120.53499603271484,53.481117248535156],[-120.63944244384766,53.530006408691406],[-120.89805603027344,53.676116943359375],[-121.0,53.74278259277344]]}},{"type":"Feature","properties":{},"geometry":{"type":"LineString","coordinates":[[-119.0,53.002655029296875],[-119.19444274902344,53.03694152832031],[-119.29053497314453,53.0]]}},{"type":"Feature","properties":{},"geometry":{"type":"LineString","coordinates":[[-118.0,53.143402099609375],[-117.88917541503906,53.21861267089844],[-117.4861068725586,53.450279235839844],[-117.16305541992188,53.763885498046875],[-117.06694030761719,53.939727783203125],[-117.0,53.93833923339844]]}},{"type":"Feature","properties":{},"geometry":{"type":"LineString","coordinates":[[-105.6987533569336,53.0],[-105.4927749633789,53.103057861328125],[-105.22610473632812,53.12944030761719],[-105.09832763671875,53.21221923828125],[-105.06694030761719,53.23388671875]]}},{"type":"Feature","properties":{},"geometry":{"type":"LineString","coordinates":[[-122.51346588134766,53.0],[-122.47943878173828,52.553611755371094],[-122.2780532836914,52.323883056640625],[-122.26325225830078,52.0]]}},{"type":"Feature","properties":{},"geometry":{"type":"LineString","coordinates":[[-118.0,52.76025390625],[-118.07527160644531,52.82722473144531],[-118.05221557617188,52.94500732421875],[-118.07951354980469,53.0]]}},{"type":"Feature","properties":{},"geometry":{"type":"LineString","coordinates":[[-117.58777618408203,52.17527770996094],[-117.66527557373047,52.413612365722656],[-117.87583923339844,52.61778259277344],[-118.0,52.76025390625]]}},{"type":"Feature","properties":{},"geometry":{"type":"LineString","coordinates":[[-106.7067642211914,52.0],[-106.58832550048828,52.200836181640625],[-106.28556060791016,52.486106872558594],[-106.10221862792969,52.703338623046875],[-106.0,52.9107666015625]]}},{"type":"Feature","properties":{},"geometry":{"type":"LineString","coordinates":[[-106.0,52.9107666015625],[-105.743896484375,52.929718017578125],[-105.6987533569336,53.0]]}},{"type":"Feature","properties":{},"geometry":{"type":"LineString","coordinates":[[-68.0,52.84175109863281],[-68.05278015136719,52.885833740234375],[-68.00428771972656,53.0]]}},{"type":"Feature","properties":{},"geometry":{"type":"LineString","coordinates":[[-122.39916229248047,51.736663818359375],[-122.21083068847656,51.42278289794922],[-122.14166259765625,51.18415832519531],[-122.0,51.10096740722656]]}},{"type":"Feature","properties":{},"geometry":{"type":"LineString","coordinates":[[-116.0,51.28977966308594],[-115.72277069091797,51.163604736328125],[-115.51639556884766,51.16694641113281],[-115.2733383178711,51.03916931152344],[-115.0,51.13703918457031]]}},{"type":"Feature","properties":{},"geometry":{"type":"LineString","coordinates":[[-115.0,51.13703918457031],[-114.71416473388672,51.21305847167969],[-114.54500579833984,51.2066650390625],[-114.03916931152344,51.03721618652344],[-114.026611328125,51.0]]}},{"type":"Feature","properties":{},"geometry":{"type":"LineString","coordinates":[[-106.84834289550781,51.25971984863281],[-106.96861267089844,51.318328857421875],[-107.0,51.38916778564453]]}},{"type":"Feature","properties":{},"geometry":{"type":"LineString","coordinates":[[-107.0,51.60735321044922],[-106.80332946777344,51.716400146484375],[-106.7266616821289,51.80778503417969],[-106.77250671386719,51.94944763183594],[-106.7067642211914,52.0]]}},{"type":"Feature","properties":{},"geometry":{"type":"LineString","coordinates":[[-91.77861022949219,51.32749938964844],[-91.71887969970703,51.25917053222656],[-91.62389373779297,51.26194763183594],[-91.65193939208984,51.19667053222656],[-91.60138702392578,51.1583251953125]]}},{"type":"Feature","properties":{},"geometry":{"type":"LineString","coordinates":[[-90.0,51.143890380859375],[-89.28694915771484,51.429725646972656],[-89.10249328613281,51.52861785888672],[-89.0,51.50482940673828]]}},{"type":"Feature","properties":{},"geometry":{"type":"LineString","coordinates":[[-89.0,51.50482940673828],[-88.96945190429688,51.451942443847656],[-88.5455551147461,51.570838928222656],[-88.179443359375,51.46472930908203],[-88.0,51.487770080566406]]}},{"type":"Feature","properties":{},"geometry":{"type":"LineString","coordinates":[[-88.0,51.487770080566406],[-87.77000427246094,51.36028289794922],[-87.25194549560547,51.27027893066406],[-87.0,51.41252899169922]]}},{"type":"Feature","properties":{},"geometry":{"type":"LineString","coordinates":[[-86.52527618408203,51.52277374267578],[-86.3788833618164,51.728057861328125],[-86.14694213867188,51.758056640625],[-86.0,51.67552185058594]]}},{"type":"Feature","properties":{},"geometry":{"type":"LineString","coordinates":[[-86.0,51.67552185058594],[-85.49304962158203,51.66917419433594],[-85.08444213867188,51.39972686767578],[-85.0,51.27684020996094]]}},{"type":"Feature","properties":{},"geometry":{"type":"LineString","coordinates":[[-85.0,51.27684020996094],[-84.81527709960938,51.18415832519531],[-84.27777862548828,51.23554992675781],[-84.0,51.29310607910156]]}},{"type":"Feature","properties":{},"geometry":{"type":"LineString","coordinates":[[-71.15760803222656,52.0],[-71.41638946533203,51.622215270996094],[-71.50499725341797,51.231658935546875],[-71.3395767211914,51.0]]}},{"type":"Feature","properties":{},"geometry":{"type":"LineString","coordinates":[[-121.91079711914062,51.0],[-121.88027954101562,50.8236083984375],[-121.93055725097656,50.75611877441406],[-121.7044448852539,50.456947326660156],[-121.5171890258789,50.0]]}},{"type":"Feature","properties":{},"geometry":{"type":"LineString","coordinates":[[-114.0,50.880462646484375],[-113.50249481201172,50.79278564453125],[-113.13804626464844,50.831939697265625],[-113.0,50.75718688964844]]}},{"type":"Feature","properties":{},"geometry":{"type":"LineString","coordinates":[[-113.0,50.75718688964844],[-112.71778106689453,50.757232666015625],[-112.5199966430664,50.749176025390625],[-112.47167205810547,50.632232666015625],[-112.39055633544922,50.56945037841797],[-112.29305267333984,50.42333221435547],[-112.16305541992188,50.29388427734375],[-112.06721496582031,50.19721984863281],[-112.0,50.20709228515625]]}},{"type":"Feature","properties":{},"geometry":{"type":"LineString","coordinates":[[-112.0,50.20709228515625],[-111.84388732910156,50.14250183105469],[-111.66832733154297,50.136383056640625],[-111.59186553955078,50.0]]}},{"type":"Feature","properties":{},"geometry":{"type":"LineString","coordinates":[[-111.0,50.027923583984375],[-110.7397232055664,50.02972412109375],[-110.64167022705078,50.086395263671875],[-110.57721710205078,50.136383056640625],[-110.64722442626953,50.24249267578125],[-110.6352767944336,50.2994384765625],[-110.39417266845703,50.419166564941406],[-110.18777465820312,50.63250732421875],[-110.04888916015625,50.73249816894531],[-110.0,50.83839416503906]]}},{"type":"Feature","properties":{},"geometry":{"type":"LineString","coordinates":[[-110.0,50.899200439453125],[-109.85888671875,50.95027160644531],[-109.67388153076172,50.97332763671875],[-109.32653045654297,51.0]]}},{"type":"Feature","properties":{},"geometry":{"type":"LineString","coordinates":[[-108.91886901855469,51.0],[-108.48027801513672,50.9072265625],[-108.2461166381836,50.66444396972656],[-108.0,50.655548095703125]]}},{"type":"Feature","properties":{},"geometry":{"type":"LineString","coordinates":[[-97.0,50.02238464355469],[-96.85055541992188,50.13526916503906],[-96.81611633300781,50.217498779296875],[-96.84361267089844,50.28639221191406],[-96.78750610351562,50.38195037841797]]}},{"type":"Feature","properties":{},"geometry":{"type":"LineString","coordinates":[[-95.0,50.120635986328125],[-95.22471618652344,50.26750183105469],[-95.21083068847656,50.35777282714844],[-95.54305267333984,50.32832336425781],[-95.6399917602539,50.177490234375],[-96.0,50.12632751464844]]}},{"type":"Feature","properties":{},"geometry":{"type":"LineString","coordinates":[[-94.62305450439453,50.0],[-94.58472442626953,50.11610412597656],[-94.6866683959961,50.125823974609375],[-94.6944351196289,50.08277893066406],[-94.75361633300781,50.15638732910156],[-95.0,50.120635986328125]]}},{"type":"Feature","properties":{},"geometry":{"type":"LineString","coordinates":[[-71.28389739990234,50.71888732910156],[-71.28028106689453,50.49388885498047],[-71.34444427490234,50.32499694824219],[-71.27527618408203,50.28166198730469]]}},{"type":"Feature","properties":{},"geometry":{"type":"LineString","coordinates":[[-122.0,49.18742370605469],[-122.6141586303711,49.20916748046875],[-122.85000610351562,49.21832275390625],[-123.0,49.15496826171875]]}},{"type":"Feature","properties":{},"geometry":{"type":"LineString","coordinates":[[-121.5171890258789,50.0],[-121.4513931274414,49.7872314453125],[-121.4366683959961,49.547218322753906],[-121.59110260009766,49.34916687011719],[-122.0,49.18742370605469]]}},{"type":"Feature","properties":{},"geometry":{"type":"LineString","coordinates":[[-117.6208267211914,49.016387939453125],[-117.39444732666016,49.05305480957031],[-117.33025360107422,49.0]]}},{"type":"Feature","properties":{},"geometry":{"type":"LineString","coordinates":[[-97.2183837890625,49.0],[-97.28888702392578,49.18611145019531],[-97.10943603515625,49.61083221435547],[-97.02371215820312,50.0]]}},{"type":"Feature","properties":{},"geometry":{"type":"LineString","coordinates":[[-90.49971771240234,49.32832336425781],[-90.61194610595703,49.212493896484375],[-90.57860565185547,49.155548095703125],[-90.65499114990234,49.05528259277344],[-91.0,49.02717590332031]]}},{"type":"Feature","properties":{},"geometry":{"type":"LineString","coordinates":[[-88.23277282714844,49.434165954589844],[-88.36194610595703,49.24305725097656],[-88.32917022705078,49.185546875],[-88.34610748291016,49.12110900878906],[-88.26384735107422,49.0]]}},{"type":"Feature","properties":{},"geometry":{"type":"LineString","coordinates":[[-71.25695037841797,49.91139221191406],[-71.20249938964844,49.402496337890625],[-71.2844467163086,49.10888671875],[-71.33882904052734,49.0]]}},{"type":"Feature","properties":{},"geometry":{"type":"LineString","coordinates":[[-117.33025360107422,49.0],[-117.4013900756836,48.80278015136719],[-117.24333953857422,48.511390686035156],[-117.2608413696289,48.332489013671875],[-117.0,48.186004638671875]]}},{"type":"Feature","properties":{},"geometry":{"type":"LineString","coordinates":[[-115.75228118896484,48.0],[-116.0,48.09173583984375]]}},{"type":"Feature","properties":{},"geometry":{"type":"LineString","coordinates":[[-97.04833984375,48.0],[-97.1219482421875,48.417503356933594],[-97.09249877929688,48.66084289550781],[-97.2183837890625,49.0]]}},{"type":"Feature","properties":{},"geometry":{"type":"LineString","coordinates":[[-94.0,48.6383056640625],[-94.30583953857422,48.708343505859375],[-94.70665740966797,48.790557861328125],[-94.70499420166016,48.86277770996094]]}},{"type":"Feature","properties":{},"geometry":{"type":"LineString","coordinates":[[-93.3666763305664,48.610557556152344],[-93.48944854736328,48.53972625732422],[-93.80027770996094,48.52027130126953],[-94.0,48.6383056640625]]}},{"type":"Feature","properties":{},"geometry":{"type":"LineString","coordinates":[[-91.07919311523438,49.0],[-91.18916320800781,48.875],[-91.31806182861328,48.82167053222656]]}},{"type":"Feature","properties":{},"geometry":{"type":"LineString","coordinates":[[-71.33882904052734,49.0],[-71.6413803100586,48.74888610839844],[-71.84138488769531,48.746673583984375],[-72.0,48.73503112792969]]}},{"type":"Feature","properties":{},"geometry":{"type":"LineString","coordinates":[[-115.0,47.24909973144531],[-115.05833435058594,47.30915832519531],[-115.0,47.344818115234375]]}},{"type":"Feature","properties":{},"geometry":{"type":"LineString","coordinates":[[-115.0,47.528480529785156],[-115.3536148071289,47.60388946533203],[-115.48694610595703,47.80999755859375],[-115.6833267211914,47.88221740722656],[-115.75228118896484,48.0]]}},{"type":"Feature","properties":{},"geometry":{"type":"LineString","coordinates":[[-114.43102264404297,47.0],[-114.70555877685547,47.01805114746094],[-114.77027130126953,47.133056640625],[-115.0,47.24909973144531]]}},{"type":"Feature","properties":{},"geometry":{"type":"LineString","coordinates":[[-104.7477035522461,47.0],[-104.62305450439453,47.16888427734375],[-104.3152847290039,47.40416717529297],[-104.0,47.776641845703125]]}},{"type":"Feature","properties":{},"geometry":{"type":"LineString","coordinates":[[-104.0,47.814544677734375],[-103.93499755859375,47.839996337890625],[-103.93804931640625,47.99139404296875]]}},{"type":"Feature","properties":{},"geometry":{"type":"LineString","coordinates":[[-79.0,47.54212188720703],[-79.08778381347656,47.528892517089844],[-79.14778137207031,47.58861541748047],[-79.45917510986328,47.59972381591797],[-79.49860382080078,47.572227478027344]]}},{"type":"Feature","properties":{},"geometry":{"type":"LineString","coordinates":[[-78.0,47.80409240722656],[-78.45250701904297,47.83055114746094],[-78.60944366455078,47.94166564941406],[-78.75917053222656,47.7772216796875],[-78.72388458251953,47.68389892578125]]}},{"type":"Feature","properties":{},"geometry":{"type":"LineString","coordinates":[[-77.55583953857422,47.83860778808594],[-77.80332946777344,47.75111389160156],[-77.94194030761719,47.80805969238281],[-78.0,47.80409240722656]]}},{"type":"Feature","properties":{},"geometry":{"type":"LineString","coordinates":[[-77.32666778564453,47.618614196777344],[-77.45499420166016,47.540550231933594]]}},{"type":"Feature","properties":{},"geometry":{"type":"LineString","coordinates":[[-68.88778686523438,47.18804931640625],[-68.39749908447266,47.29527282714844],[-68.19248962402344,47.33583068847656],[-68.0,47.220001220703125]]}},{"type":"Feature","properties":{},"geometry":{"type":"LineString","coordinates":[[-113.0,46.58641815185547],[-113.50139617919922,46.69084167480469],[-113.90444946289062,46.88221740722656],[-114.0,46.86865234375]]}},{"type":"Feature","properties":{},"geometry":{"type":"LineString","coordinates":[[-112.7474365234375,46.0],[-112.80250549316406,46.11528015136719],[-112.74361419677734,46.41083526611328],[-112.92222595214844,46.58971405029297],[-113.0,46.58641815185547]]}},{"type":"Feature","properties":{},"geometry":{"type":"LineString","coordinates":[[-108.0,46.00477600097656],[-107.43416595458984,46.16667175292969],[-107.4000015258789,46.24943542480469],[-107.24305725097656,46.317779541015625],[-107.0,46.311279296875]]}},{"type":"Feature","properties":{},"geometry":{"type":"LineString","coordinates":[[-107.0,46.311279296875],[-106.69832611083984,46.27137756347656],[-106.51360321044922,46.302215576171875],[-106.22749328613281,46.27888488769531],[-106.0,46.35418701171875]]}},{"type":"Feature","properties":{},"geometry":{"type":"LineString","coordinates":[[-106.0,46.35418701171875],[-105.90638732910156,46.3619384765625],[-105.58055877685547,46.575828552246094],[-105.37528228759766,46.80751037597656],[-105.0,46.8680419921875]]}},{"type":"Feature","properties":{},"geometry":{"type":"LineString","coordinates":[[-105.0,46.8680419921875],[-104.7477035522461,47.0]]}},{"type":"Feature","properties":{},"geometry":{"type":"LineString","coordinates":[[-96.57263946533203,46.0],[-96.59722137451172,46.31388854980469],[-96.80000305175781,46.65055847167969],[-96.82752990722656,47.0]]}},{"type":"Feature","properties":{},"geometry":{"type":"LineString","coordinates":[[-79.0,46.60059356689453],[-78.93777465820312,46.500282287597656],[-78.70360565185547,46.33721923828125],[-78.0,46.236541748046875]]}},{"type":"Feature","properties":{},"geometry":{"type":"LineString","coordinates":[[-70.25305938720703,46.119720458984375],[-70.23582458496094,46.155548095703125],[-70.28778839111328,46.20304870605469],[-70.2388916015625,46.285552978515625],[-70.0,46.511192321777344]]}},{"type":"Feature","properties":{},"geometry":{"type":"LineString","coordinates":[[-69.9102783203125,46.48139190673828],[-69.876953125,46.569725036621094],[-69.72638702392578,46.69999694824219],[-69.39110565185547,47.0]]}},{"type":"Feature","properties":{},"geometry":{"type":"LineString","coordinates":[[-67.70555877685547,47.0],[-67.7136001586914,46.91944885253906],[-67.58943939208984,46.504173278808594],[-67.51610565185547,46.28944396972656],[-67.55944061279297,46.05194091796875],[-67.44222259521484,46.0]]}},{"type":"Feature","properties":{},"geometry":{"type":"LineString","coordinates":[[-123.0,45.23350524902344],[-122.8558349609375,45.26304626464844],[-122.59027862548828,45.376670837402344],[-122.75305938720703,45.605003356933594],[-122.73249053955078,45.66084289550781]]}},{"type":"Feature","properties":{},"geometry":{"type":"LineString","coordinates":[[-112.51583099365234,45.801116943359375],[-112.53499603271484,45.86750793457031],[-112.4941635131836,45.967498779296875],[-112.73240661621094,46.0]]}},{"type":"Feature","properties":{},"geometry":{"type":"LineString","coordinates":[[-110.48455047607422,45.0],[-110.78694152832031,45.15306091308594],[-110.60193634033203,45.45555877685547],[-110.46721649169922,45.71556091308594],[-110.24388122558594,45.70527648925781],[-110.0,45.82518005371094]]}},{"type":"Feature","properties":{},"geometry":{"type":"LineString","coordinates":[[-109.0,45.601295471191406],[-108.51917266845703,45.72862243652344],[-108.18019104003906,46.0]]}},{"type":"Feature","properties":{},"geometry":{"type":"LineString","coordinates":[[-67.44222259521484,46.0],[-67.2783432006836,45.96806335449219],[-67.21083068847656,45.992218017578125],[-67.0,45.90666198730469]]}},{"type":"Feature","properties":{},"geometry":{"type":"LineString","coordinates":[[-67.0,45.90666198730469],[-66.83222961425781,45.977783203125],[-66.4816665649414,45.86305236816406],[-66.1602783203125,45.82417297363281],[-66.22833251953125,45.38445281982422],[-66.19332885742188,45.33583068847656]]}},{"type":"Feature","properties":{},"geometry":{"type":"LineString","coordinates":[[-123.0,44.03758239746094],[-123.15055847167969,44.272216796875],[-123.18722534179688,44.476661682128906],[-123.15861511230469,44.63751220703125],[-123.12750244140625,44.71722412109375],[-123.1199951171875,44.785552978515625],[-123.16055297851562,44.85389709472656],[-123.04951477050781,45.0]]}},{"type":"Feature","properties":{},"geometry":{"type":"LineString","coordinates":[[-110.3375015258789,44.565269470214844],[-110.47138214111328,44.7066650390625],[-110.34166717529297,44.782501220703125],[-110.34000396728516,44.88417053222656],[-110.48455047607422,45.0]]}},{"type":"Feature","properties":{},"geometry":{"type":"LineString","coordinates":[[-71.53363800048828,45.0],[-71.63916778564453,44.744720458984375],[-71.5986099243164,44.56055450439453],[-71.84750366210938,44.348602294921875],[-72.0,44.330291748046875]]}},{"type":"Feature","properties":{},"geometry":{"type":"LineString","coordinates":[[-122.09611511230469,43.41889190673828],[-122.3872299194336,43.502784729003906],[-122.41167449951172,43.72944641113281],[-122.88722229003906,44.0]]}},{"type":"Feature","properties":{},"geometry":{"type":"LineString","coordinates":[[-109.74304962158203,43.23527526855469],[-109.89694213867188,43.36387634277344],[-109.98916625976562,43.366943359375],[-110.0,43.291290283203125]]}},{"type":"Feature","properties":{},"geometry":{"type":"LineString","coordinates":[[-72.11538696289062,44.0],[-72.17778015136719,43.885833740234375],[-72.30695343017578,43.71250915527344],[-72.39777374267578,43.54277801513672],[-72.46878814697266,43.0]]}},{"type":"Feature","properties":{},"geometry":{"type":"LineString","coordinates":[[-121.806396484375,42.24888610839844],[-121.77305603027344,42.20860290527344],[-121.85360717773438,42.10888671875],[-122.0,42.15606689453125]]}},{"type":"Feature","properties":{},"geometry":{"type":"LineString","coordinates":[[-121.0,42.41741180419922],[-121.56221771240234,42.48888397216797],[-121.7074966430664,42.60917663574219],[-121.81861877441406,42.59638214111328],[-121.94639587402344,42.47167205810547]]}},{"type":"Feature","properties":{},"geometry":{"type":"LineString","coordinates":[[-110.10626220703125,43.0],[-110.12832641601562,42.92694091796875],[-110.0,42.89259338378906]]}},{"type":"Feature","properties":{},"geometry":{"type":"LineString","coordinates":[[-110.0,42.539527893066406],[-110.05416870117188,42.474449157714844],[-110.13665771484375,42.21360778808594],[-110.05111694335938,42.062225341796875],[-110.03265380859375,42.0]]}},{"type":"Feature","properties":{},"geometry":{"type":"LineString","coordinates":[[-110.0,42.89259338378906],[-109.94999694824219,42.87306213378906],[-109.96028137207031,42.69195556640625],[-109.92222595214844,42.611114501953125],[-110.0,42.539527893066406]]}},{"type":"Feature","properties":{},"geometry":{"type":"LineString","coordinates":[[-106.85139465332031,42.47527313232422],[-106.59333038330078,42.70805358886719],[-106.2961196899414,42.87028503417969],[-106.0,42.874664306640625]]}},{"type":"Feature","properties":{},"geometry":{"type":"LineString","coordinates":[[-106.0,42.874664306640625],[-105.37528228759766,42.82305908203125],[-105.1038818359375,42.653900146484375],[-105.00471496582031,42.597503662109375]]}},{"type":"Feature","properties":{},"geometry":{"type":"LineString","coordinates":[[-104.92805480957031,42.48139190673828],[-104.79861450195312,42.34832763671875],[-104.54277801513672,42.23138427734375],[-104.04685974121094,42.0]]}},{"type":"Feature","properties":{},"geometry":{"type":"LineString","coordinates":[[-76.0,42.12359619140625],[-76.16249084472656,42.109161376953125],[-76.36695098876953,42.0413818359375],[-76.47972869873047,42.0]]}},{"type":"Feature","properties":{},"geometry":{"type":"LineString","coordinates":[[-75.0,42.475486755371094],[-75.48499298095703,42.299713134765625],[-75.5869369506836,42.21333312988281],[-75.64749908447266,42.13055419921875],[-75.60796356201172,42.0]]}},{"type":"Feature","properties":{},"geometry":{"type":"LineString","coordinates":[[-74.80972290039062,42.85221862792969],[-74.96221923828125,42.66389465332031],[-74.9405517578125,42.58415985107422],[-75.0,42.475486755371094]]}},{"type":"Feature","properties":{},"geometry":{"type":"LineString","coordinates":[[-72.46582794189453,42.725830078125],[-72.5763931274414,42.599449157714844],[-72.6319351196289,42.351654052734375],[-72.62833404541016,42.16194152832031],[-72.61530303955078,42.0]]}},{"type":"Feature","properties":{},"geometry":{"type":"LineString","coordinates":[[-123.0,41.82574462890625],[-123.26361846923828,41.867218017578125],[-123.37610626220703,41.773895263671875],[-123.48111724853516,41.35639190673828],[-123.83833312988281,41.28999328613281],[-124.0,41.525550842285156]]}},{"type":"Feature","properties":{},"geometry":{"type":"LineString","coordinates":[[-122.17652893066406,42.0],[-122.40027618408203,41.96028137207031],[-122.57694244384766,41.83222961425781],[-122.79499816894531,41.86473083496094],[-123.0,41.82574462890625]]}},{"type":"Feature","properties":{},"geometry":{"type":"LineString","coordinates":[[-110.0,41.98313903808594],[-109.77194213867188,41.81138610839844],[-109.3697280883789,41.476951599121094],[-109.4094467163086,41.366668701171875],[-109.5119400024414,41.299163818359375]]}},{"type":"Feature","properties":{},"geometry":{"type":"LineString","coordinates":[[-106.33504486083984,41.0],[-106.57610321044922,41.27972412109375],[-106.71971893310547,41.426109313964844],[-106.88417053222656,41.711669921875],[-107.0,41.841064453125]]}},{"type":"Feature","properties":{},"geometry":{"type":"LineString","coordinates":[[-103.0,41.6536865234375],[-102.00694274902344,41.296112060546875]]}},{"type":"Feature","properties":{},"geometry":{"type":"LineString","coordinates":[[-98.0,41.06605529785156],[-97.57193756103516,41.3427734375],[-97.0,41.41942596435547]]}},{"type":"Feature","properties":{},"geometry":{"type":"LineString","coordinates":[[-97.0,41.41942596435547],[-96.53221893310547,41.42638397216797],[-96.29305267333984,41.046661376953125],[-96.0,41.06224060058594]]}},{"type":"Feature","properties":{},"geometry":{"type":"LineString","coordinates":[[-89.0,41.32209777832031],[-89.33499908447266,41.31639099121094],[-89.3647232055664,41.23582458496094],[-89.3438949584961,41.13471984863281],[-89.4510269165039,41.0]]}},{"type":"Feature","properties":{},"geometry":{"type":"LineString","coordinates":[[-88.0,41.19749450683594],[-88.16471862792969,41.31500244140625],[-88.60443878173828,41.29888916015625],[-89.0,41.32209777832031]]}},{"type":"Feature","properties":{},"geometry":{"type":"LineString","coordinates":[[-87.0,41.22239685058594],[-87.37305450439453,41.171112060546875],[-87.820556640625,41.07695007324219],[-88.0,41.19749450683594]]}},{"type":"Feature","properties":{},"geometry":{"type":"LineString","coordinates":[[-86.2288818359375,41.429725646972656],[-86.32500457763672,41.337493896484375],[-86.70000457763672,41.30638122558594],[-87.0,41.22239685058594]]}},{"type":"Feature","properties":{},"geometry":{"type":"LineString","coordinates":[[-76.0,41.21662902832031],[-76.13471984863281,41.157501220703125],[-76.131103515625,41.07749938964844],[-76.4028549194336,41.0]]}},{"type":"Feature","properties":{},"geometry":{"type":"LineString","coordinates":[[-76.47972869873047,42.0],[-76.43138885498047,41.76777648925781],[-76.31861114501953,41.70500183105469],[-76.05638122558594,41.62694549560547],[-76.0,41.564613342285156]]}},{"type":"Feature","properties":{},"geometry":{"type":"LineString","coordinates":[[-75.60796356201172,42.0],[-75.61971282958984,41.95249938964844],[-75.75086975097656,42.0]]}},{"type":"Feature","properties":{},"geometry":{"type":"LineString","coordinates":[[-122.40477752685547,41.0],[-122.36444854736328,40.89833068847656],[-122.39611053466797,40.83027648925781]]}},{"type":"Feature","properties":{},"geometry":{"type":"LineString","coordinates":[[-109.0,40.539085388183594],[-109.22305297851562,40.413063049316406],[-109.35639190673828,40.3125],[-109.48221588134766,40.256378173828125],[-109.56722259521484,40.206939697265625],[-109.77278137207031,40.0]]}},{"type":"Feature","properties":{},"geometry":{"type":"LineString","coordinates":[[-109.0,40.844268798828125],[-108.86361694335938,40.75639343261719],[-109.0,40.539085388183594]]}},{"type":"Feature","properties":{},"geometry":{"type":"LineString","coordinates":[[-106.4336166381836,40.39110565185547],[-106.36888885498047,40.600547790527344],[-106.31999969482422,40.88945007324219],[-106.33504486083984,41.0]]}},{"type":"Feature","properties":{},"geometry":{"type":"LineString","coordinates":[[-100.0,40.84306335449219],[-99.6272201538086,40.711944580078125],[-99.0,40.661224365234375]]}},{"type":"Feature","properties":{},"geometry":{"type":"LineString","coordinates":[[-89.4510269165039,41.0],[-89.55583953857422,40.71778869628906],[-89.85833740234375,40.535560607910156],[-90.0,40.38983154296875]]}},{"type":"Feature","properties":{},"geometry":{"type":"LineString","coordinates":[[-86.0,40.76493835449219],[-86.50749969482422,40.741119384765625],[-86.8861083984375,40.47527313232422],[-86.9183349609375,40.408607482910156],[-87.0,40.40898895263672]]}},{"type":"Feature","properties":{},"geometry":{"type":"LineString","coordinates":[[-85.0,40.640869140625],[-85.22528076171875,40.80250549316406],[-85.54610443115234,40.88639831542969],[-86.0,40.76493835449219]]}},{"type":"Feature","properties":{},"geometry":{"type":"LineString","coordinates":[[-84.75527954101562,40.353057861328125],[-84.60416412353516,40.36555480957031],[-84.72888946533203,40.54833221435547],[-85.0,40.640869140625]]}},{"type":"Feature","properties":{},"geometry":{"type":"LineString","coordinates":[[-79.99972534179688,40.0],[-79.85305786132812,40.086669921875],[-79.86917114257812,40.18888854980469],[-79.88389587402344,40.27610778808594],[-80.0,40.43596649169922]]}},{"type":"Feature","properties":{},"geometry":{"type":"LineString","coordinates":[[-76.4028549194336,41.0],[-76.63416290283203,40.95416259765625],[-76.84916687011719,40.799163818359375],[-76.97528076171875,40.57111358642578],[-77.0,40.40416717529297]]}},{"type":"Feature","properties":{},"geometry":{"type":"LineString","coordinates":[[-77.0,40.36708068847656],[-76.87889099121094,40.255279541015625],[-76.66304779052734,40.08917236328125],[-76.4781723022461,40.0]]}},{"type":"Feature","properties":{},"geometry":{"type":"LineString","coordinates":[[-109.77278137207031,40.0],[-109.87388610839844,39.858062744140625],[-109.85360717773438,39.80805969238281],[-109.95805358886719,39.72694396972656],[-110.0,39.59984588623047]]}},{"type":"Feature","properties":{},"geometry":{"type":"LineString","coordinates":[[-90.48833465576172,40.0],[-90.65221405029297,39.68055725097656],[-90.62638092041016,39.37443542480469],[-90.57975006103516,39.0]]}},{"type":"Feature","properties":{},"geometry":{"type":"LineString","coordinates":[[-87.43936920166016,40.0],[-87.36861419677734,39.867218017578125],[-87.38805389404297,39.618324279785156],[-87.4594497680664,39.421669006347656],[-87.53278350830078,39.35693359375]]}},{"type":"Feature","properties":{},"geometry":{"type":"LineString","coordinates":[[-87.53278350830078,39.35693359375],[-87.62638092041016,39.304718017578125],[-87.58943939208984,39.206390380859375],[-87.6641616821289,39.141937255859375],[-87.58805084228516,39.0]]}},{"type":"Feature","properties":{},"geometry":{"type":"LineString","coordinates":[[-80.0,39.59156036376953],[-79.915283203125,39.744720458984375],[-79.93556213378906,39.90611267089844],[-80.0,39.948577880859375]]}},{"type":"Feature","properties":{},"geometry":{"type":"LineString","coordinates":[[-110.11054992675781,39.0],[-110.14222717285156,38.88055419921875],[-110.05221557617188,38.76445007324219],[-110.08999633789062,38.72084045410156],[-110.0,38.60956573486328]]}},{"type":"Feature","properties":{},"geometry":{"type":"LineString","coordinates":[[-110.0,38.494956970214844],[-109.9949951171875,38.392494201660156],[-109.88583374023438,38.269439697265625],[-109.89805603027344,38.20222473144531],[-109.86833190917969,38.18611145019531]]}},{"type":"Feature","properties":{},"geometry":{"type":"LineString","coordinates":[[-87.58805084228516,39.0],[-87.55777740478516,38.86805725097656],[-87.53028106689453,38.7005615234375],[-87.6675033569336,38.554725646972656],[-87.7558364868164,38.45806121826172],[-87.94833374023438,38.294158935546875],[-87.93305969238281,38.149444580078125],[-88.0,38.109832763671875]]}},{"type":"Feature","properties":{},"geometry":{"type":"LineString","coordinates":[[-80.0,38.65895080566406],[-79.87388610839844,38.848052978515625],[-79.88528442382812,38.92778015136719],[-79.98028564453125,38.945556640625],[-79.94766235351562,39.0]]}},{"type":"Feature","properties":{},"geometry":{"type":"LineString","coordinates":[[-120.49877166748047,37.0],[-120.7391586303711,37.15638732910156],[-120.90167236328125,37.30360412597656],[-121.0,37.43524932861328]]}},{"type":"Feature","properties":{},"geometry":{"type":"LineString","coordinates":[[-119.0,37.32952880859375],[-119.3166732788086,37.31666564941406],[-119.4477767944336,37.10749816894531],[-119.51444244384766,37.09832763671875],[-119.5955581665039,37.05555725097656]]}},{"type":"Feature","properties":{},"geometry":{"type":"LineString","coordinates":[[-88.038330078125,38.0],[-88.11054992675781,37.89056396484375],[-88.09750366210938,37.81944274902344],[-88.04777526855469,37.80500793457031]]}},{"type":"Feature","properties":{},"geometry":{"type":"LineString","coordinates":[[-88.21221923828125,37.00416564941406],[-88.20027160644531,37.1683349609375],[-88.3516616821289,37.18305969238281],[-88.42749786376953,37.13749694824219]]}},{"type":"Feature","properties":{},"geometry":{"type":"LineString","coordinates":[[-80.13249206542969,37.10499572753906],[-80.19444274902344,37.07777404785156],[-80.25695037841797,37.11639404296875],[-80.22833251953125,37.223052978515625],[-80.0,37.272918701171875]]}},{"type":"Feature","properties":{},"geometry":{"type":"LineString","coordinates":[[-79.50804901123047,37.04222106933594],[-79.46111297607422,37.06138610839844],[-79.33306121826172,37.14222717285156],[-79.0,37.03678894042969]]}},{"type":"Feature","properties":{},"geometry":{"type":"LineString","coordinates":[[-80.0,37.272918701171875],[-79.77000427246094,37.23249816894531]]}},{"type":"Feature","properties":{},"geometry":{"type":"LineString","coordinates":[[-87.0,36.21275329589844],[-87.30472564697266,36.47943878173828],[-87.4625015258789,36.44861602783203],[-87.74694061279297,36.48027801513672],[-87.89971923828125,36.5966796875]]}},{"type":"Feature","properties":{},"geometry":{"type":"LineString","coordinates":[[-86.0,36.26615905761719],[-86.07972717285156,36.26611328125],[-86.18861389160156,36.32749938964844],[-86.24889373779297,36.30082702636719],[-86.39888763427734,36.30860900878906],[-86.59333038330078,36.248046875],[-86.63805389404297,36.20111083984375],[-86.7119369506836,36.16249084472656],[-86.89750671386719,36.18804931640625],[-87.0,36.21275329589844]]}},{"type":"Feature","properties":{},"geometry":{"type":"LineString","coordinates":[[-85.0,36.924957275390625],[-85.02888488769531,36.902496337890625],[-85.33861541748047,36.8416748046875],[-85.43444061279297,36.73500061035156],[-85.49333953857422,36.70167541503906],[-85.4991683959961,36.65000915527344],[-85.5999984741211,36.488059997558594],[-85.68498992919922,36.393890380859375],[-85.8013916015625,36.31138610839844],[-85.86361694335938,36.293609619140625],[-85.929443359375,36.30194091796875],[-86.0,36.26615905761719]]}},{"type":"Feature","properties":{},"geometry":{"type":"LineString","coordinates":[[-84.0,36.74993896484375],[-84.1905517578125,36.768341064453125],[-84.34139251708984,36.81639099121094],[-84.46500396728516,36.97666931152344],[-84.62915802001953,37.0]]}},{"type":"Feature","properties":{},"geometry":{"type":"LineString","coordinates":[[-84.65129852294922,37.0],[-84.86305236816406,36.96916198730469],[-84.93055725097656,36.956390380859375],[-85.0,36.924957275390625]]}},{"type":"Feature","properties":{},"geometry":{"type":"LineString","coordinates":[[-83.0,36.97080993652344],[-83.6258316040039,36.725830078125],[-83.97666931152344,36.812774658203125],[-84.0,36.74993896484375]]}},{"type":"Feature","properties":{},"geometry":{"type":"LineString","coordinates":[[-81.50305938720703,36.0],[-81.2780532836914,36.11639404296875],[-81.0,36.19773864746094]]}},{"type":"Feature","properties":{},"geometry":{"type":"LineString","coordinates":[[-81.0,36.19773864746094],[-80.43500518798828,36.225830078125],[-80.50666046142578,36.079437255859375],[-80.4070816040039,36.0]]}},{"type":"Feature","properties":{},"geometry":{"type":"LineString","coordinates":[[-78.73136138916016,37.0],[-78.74555969238281,36.92083740234375],[-78.6655502319336,36.85472106933594],[-78.67110443115234,36.793060302734375]]}},{"type":"Feature","properties":{},"geometry":{"type":"LineString","coordinates":[[-77.6544418334961,36.48194122314453],[-77.5677719116211,36.310821533203125],[-77.37444305419922,36.20527648925781],[-77.24305725097656,36.0977783203125],[-77.2021484375,36.0]]}},{"type":"Feature","properties":{},"geometry":{"type":"LineString","coordinates":[[-101.86195373535156,35.0],[-101.8558349609375,35.04222106933594],[-101.76944732666016,35.08305358886719],[-101.68999481201172,35.062774658203125],[-101.64978790283203,35.0]]}},{"type":"Feature","properties":{},"geometry":{"type":"LineString","coordinates":[[-80.4070816040039,36.0],[-80.39806365966797,35.88250732421875],[-80.4705581665039,35.831390380859375],[-80.32361602783203,35.71861267089844],[-80.08944702148438,35.25221252441406],[-80.0,35.084259033203125]]}},{"type":"Feature","properties":{},"geometry":{"type":"LineString","coordinates":[[-77.2021484375,36.0],[-77.16667175292969,35.93638610839844],[-77.03361511230469,35.93278503417969],[-77.0,35.859649658203125]]}},{"type":"Feature","properties":{},"geometry":{"type":"LineString","coordinates":[[-77.0,35.859649658203125],[-76.86860656738281,35.820281982421875],[-76.74082946777344,35.869171142578125],[-76.69222259521484,35.93861389160156]]}},{"type":"Feature","properties":{},"geometry":{"type":"LineString","coordinates":[[-102.0,34.963287353515625],[-101.8780517578125,34.961669921875],[-101.86195373535156,35.0]]}},{"type":"Feature","properties":{},"geometry":{"type":"LineString","coordinates":[[-101.64978790283203,35.0],[-101.55693817138672,34.87361145019531],[-101.41889190673828,34.87110900878906],[-101.14555358886719,34.63612365722656],[-101.0,34.6275634765625]]}},{"type":"Feature","properties":{},"geometry":{"type":"LineString","coordinates":[[-101.0,34.6275634765625],[-100.75554656982422,34.57250213623047],[-100.50360870361328,34.596946716308594],[-100.24276733398438,34.57361602783203],[-100.0,34.57166290283203]]}},{"type":"Feature","properties":{},"geometry":{"type":"LineString","coordinates":[[-100.0,34.580345153808594],[-99.63611602783203,34.37944030761719],[-99.40972137451172,34.375831604003906],[-99.19972229003906,34.33860778808594],[-99.0,34.206298828125]]}},{"type":"Feature","properties":{},"geometry":{"type":"LineString","coordinates":[[-99.0,34.206298828125],[-98.59444427490234,34.1583251953125],[-98.35584259033203,34.138885498046875],[-98.0816650390625,34.02278137207031],[-98.0,34.00007629394531]]}},{"type":"Feature","properties":{},"geometry":{"type":"LineString","coordinates":[[-85.0,34.22749328613281],[-85.26056671142578,34.21388244628906],[-85.43778228759766,34.23500061035156],[-85.40416717529297,34.19000244140625],[-85.70833587646484,34.20332336425781],[-85.68444061279297,34.14250183105469],[-85.73665618896484,34.0958251953125],[-85.8558349609375,34.11250305175781],[-85.90943908691406,34.07167053222656],[-85.88406372070312,34.0]]}},{"type":"Feature","properties":{},"geometry":{"type":"LineString","coordinates":[[-84.18305969238281,34.58415985107422],[-84.03805541992188,34.48139190673828],[-84.10417175292969,34.359161376953125],[-84.24834442138672,34.30860900878906],[-84.5572280883789,34.2369384765625],[-84.7236099243164,34.18055725097656],[-84.85194396972656,34.16278076171875],[-85.0,34.22749328613281]]}},{"type":"Feature","properties":{},"geometry":{"type":"LineString","coordinates":[[-79.88848876953125,35.0],[-79.93194580078125,34.78277587890625],[-79.80361938476562,34.596107482910156],[-79.72333526611328,34.492774963378906],[-79.67804718017578,34.399452209472656],[-79.57527923583984,34.272491455078125],[-79.51067352294922,34.0]]}},{"type":"Feature","properties":{},"geometry":{"type":"LineString","coordinates":[[-97.99945068359375,34.0],[-97.95555114746094,33.882781982421875],[-97.6494369506836,33.98750305175781],[-97.57555389404297,33.897216796875],[-97.42806243896484,33.81971740722656],[-97.17500305175781,33.86444091796875],[-97.13027954101562,33.7227783203125],[-97.07666015625,33.85444641113281],[-97.0,33.86854553222656]]}},{"type":"Feature","properties":{},"geometry":{"type":"LineString","coordinates":[[-96.54027557373047,33.82194519042969],[-96.32305145263672,33.698333740234375],[-96.19749450683594,33.75917053222656],[-96.0,33.86064147949219]]}},{"type":"Feature","properties":{},"geometry":{"type":"LineString","coordinates":[[-96.0,33.86064147949219],[-95.7772216796875,33.85111999511719],[-95.59583282470703,33.94471740722656],[-95.34000396728516,33.86639404296875],[-95.0,33.853759765625]]}},{"type":"Feature","properties":{},"geometry":{"type":"LineString","coordinates":[[-95.0,33.853759765625],[-94.46971893310547,33.640838623046875],[-94.29334259033203,33.59166717529297],[-94.04527282714844,33.55333709716797]]}},{"type":"Feature","properties":{},"geometry":{"type":"LineString","coordinates":[[-94.0,33.552757263183594],[-93.72888946533203,33.48583221435547],[-93.68389129638672,33.3760986328125],[-93.6655502319336,33.32832336425781],[-93.7388916015625,33.18055725097656],[-93.83218383789062,33.0]]}},{"type":"Feature","properties":{},"geometry":{"type":"LineString","coordinates":[[-86.0,33.94236755371094],[-86.04110717773438,33.771392822265625],[-86.14250183105469,33.68083190917969],[-86.16416931152344,33.63999938964844],[-86.20083618164062,33.58666229248047]]}},{"type":"Feature","properties":{},"geometry":{"type":"LineString","coordinates":[[-86.32862091064453,33.43999481201172],[-86.36638641357422,33.305267333984375],[-86.4594497680664,33.13360595703125],[-86.52165985107422,33.0272216796875]]}},{"type":"Feature","properties":{},"geometry":{"type":"LineString","coordinates":[[-82.0,33.51305389404297],[-81.93638610839844,33.35944366455078],[-81.84416198730469,33.24888610839844],[-81.760009765625,33.157501220703125],[-81.4932632446289,33.0]]}},{"type":"Feature","properties":{},"geometry":{"type":"LineString","coordinates":[[-79.51067352294922,34.0],[-79.27666473388672,33.713897705078125],[-79.09971618652344,33.55500030517578],[-79.18916320800781,33.43444061279297]]}},{"type":"Feature","properties":{},"geometry":{"type":"LineString","coordinates":[[-93.83218383789062,33.0],[-93.82695007324219,32.72222900390625],[-93.76028442382812,32.558326721191406],[-93.47083282470703,32.23777770996094],[-93.47611236572266,32.12721252441406],[-93.3608627319336,32.0]]}},{"type":"Feature","properties":{},"geometry":{"type":"LineString","coordinates":[[-87.0,32.393333435058594],[-87.01777648925781,32.32582092285156],[-87.08694458007812,32.274993896484375],[-87.09555053710938,32.17805480957031],[-87.26805877685547,32.117218017578125],[-87.28194427490234,32.04638671875],[-87.32527923583984,32.14027404785156],[-87.40860748291016,32.051666259765625],[-87.47113800048828,32.0]]}},{"type":"Feature","properties":{},"geometry":{"type":"LineString","coordinates":[[-86.43917083740234,32.804168701171875],[-86.30500030517578,32.482215881347656],[-86.34166717529297,32.426673889160156],[-86.38611602783203,32.427772521972656],[-86.63138580322266,32.406944274902344],[-86.73804473876953,32.39806365966797],[-86.81028747558594,32.3155517578125],[-86.92166137695312,32.362220764160156],[-87.0,32.393333435058594]]}},{"type":"Feature","properties":{},"geometry":{"type":"LineString","coordinates":[[-81.4932632446289,33.0],[-81.40471649169922,32.75639343261719],[-81.19277954101562,32.468055725097656],[-81.13749694824219,32.13166809082031],[-81.0,32.08103942871094]]}},{"type":"Feature","properties":{},"geometry":{"type":"LineString","coordinates":[[-109.25833129882812,31.246932983398438],[-109.30916595458984,31.074722290039062],[-109.28882598876953,31.0]]}},{"type":"Feature","properties":{},"geometry":{"type":"LineString","coordinates":[[-93.0,31.7406005859375],[-92.72943878173828,31.530555725097656],[-92.46277618408203,31.342498779296875],[-92.20639038085938,31.126113891601562],[-92.0,31.232574462890625]]}},{"type":"Feature","properties":{},"geometry":{"type":"LineString","coordinates":[[-92.0,31.232574462890625],[-91.94999694824219,31.276382446289062],[-91.69832611083984,31.202224731445312],[-91.6641616821289,31.0]]}},{"type":"Feature","properties":{},"geometry":{"type":"LineString","coordinates":[[-87.47113800048828,32.0],[-87.5088882446289,31.908340454101562],[-87.4191665649414,31.7933349609375],[-87.5169448852539,31.54888153076172],[-87.56583404541016,31.467506408691406],[-87.69527435302734,31.408050537109375],[-87.76166534423828,31.360824584960938],[-87.81111145019531,31.318603515625],[-87.86083984375,31.240554809570312],[-87.93943786621094,31.153060913085938],[-87.96324157714844,31.0]]}},{"type":"Feature","properties":{},"geometry":{"type":"LineString","coordinates":[[-109.0,30.639991760253906],[-109.11332702636719,30.813888549804688],[-109.2286148071289,30.821945190429688],[-109.37332916259766,30.65277862548828],[-109.36055755615234,30.56139373779297]]}},{"type":"Feature","properties":{},"geometry":{"type":"LineString","coordinates":[[-109.37027740478516,30.442489624023438],[-109.32222747802734,30.131668090820312],[-109.25917053222656,30.07611083984375],[-109.28888702392578,30.0]]}},{"type":"Feature","properties":{},"geometry":{"type":"LineString","coordinates":[[-108.7458267211914,30.0],[-108.90110778808594,30.221939086914062],[-108.96249389648438,30.293045043945312],[-108.95555114746094,30.61083221435547],[-109.0,30.639991760253906]]}},{"type":"Feature","properties":{},"geometry":{"type":"LineString","coordinates":[[-87.96324157714844,31.0],[-87.93916320800781,30.94305419921875],[-87.9869384765625,30.873062133789062],[-87.95277404785156,30.830551147460938],[-88.0,30.808761596679688]]}},{"type":"Feature","properties":{},"geometry":{"type":"LineString","coordinates":[[-109.27388763427734,30.0],[-109.22637939453125,29.591102600097656],[-109.22749328613281,29.42498779296875],[-109.26582336425781,29.1905517578125],[-109.33666229248047,29.175277709960938]]}},{"type":"Feature","properties":{},"geometry":{"type":"LineString","coordinates":[[-108.41805267333984,29.503883361816406],[-108.55249786376953,29.674453735351562],[-108.68360137939453,29.97027587890625],[-108.7458267211914,30.0]]}},{"type":"Feature","properties":{},"geometry":{"type":"LineString","coordinates":[[-105.27315521240234,29.0],[-105.149169921875,29.04833984375],[-105.05499267578125,29.16278076171875],[-105.05528259277344,29.246383666992188],[-105.0,29.256057739257812]]}},{"type":"Feature","properties":{},"geometry":{"type":"LineString","coordinates":[[-105.0,29.256057739257812],[-104.92138671875,29.376388549804688],[-104.89805603027344,29.554161071777344],[-104.5949935913086,29.570274353027344],[-104.4416732788086,29.586387634277344]]}},{"type":"Feature","properties":{},"geometry":{"type":"LineString","coordinates":[[-109.61943817138672,28.901947021484375],[-109.5199966430664,28.46833038330078],[-109.79806518554688,28.143051147460938],[-109.875,28.132492065429688]]}},{"type":"Feature","properties":{},"geometry":{"type":"LineString","coordinates":[[-105.23611450195312,28.0],[-105.2894515991211,28.268890380859375],[-105.43138885498047,28.468887329101562],[-105.4236068725586,28.548606872558594],[-105.46277618408203,28.636940002441406],[-105.44416046142578,28.8427734375],[-105.32833099365234,28.921112060546875],[-105.27315521240234,29.0]]}},{"type":"Feature","properties":{},"geometry":{"type":"LineString","coordinates":[[-110.0,27.60803985595703],[-110.11305236816406,27.542503356933594],[-110.36945343017578,27.641944885253906],[-110.46334075927734,27.592491149902344],[-110.59915924072266,27.65776824951172]]}},{"type":"Feature","properties":{},"geometry":{"type":"LineString","coordinates":[[-107.13363647460938,28.0],[-107.08694458007812,27.841949462890625],[-107.09750366210938,27.684173583984375],[-107.0,27.611778259277344]]}},{"type":"Feature","properties":{},"geometry":{"type":"LineString","coordinates":[[-107.0,27.611778259277344],[-106.56249237060547,27.55889129638672],[-106.20944213867188,27.445838928222656],[-106.0,27.33880615234375]]}},{"type":"Feature","properties":{},"geometry":{"type":"LineString","coordinates":[[-106.0,27.33880615234375],[-105.92527770996094,27.337493896484375],[-105.73777770996094,27.56610870361328],[-105.68917083740234,27.53333282470703]]}},{"type":"Feature","properties":{},"geometry":{"type":"LineString","coordinates":[[-108.0,26.940185546875],[-108.33222198486328,26.920272827148438],[-108.54944610595703,26.824447631835938],[-108.5250015258789,26.727218627929688]]}},{"type":"Feature","properties":{},"geometry":{"type":"LineString","coordinates":[[-108.5744400024414,26.513328552246094],[-108.77972412109375,26.281661987304688],[-108.75194549560547,26.098892211914062],[-108.89930725097656,26.0]]}},{"type":"Feature","properties":{},"geometry":{"type":"LineString","coordinates":[[-107.0,26.67101287841797],[-107.42777252197266,26.731948852539062],[-107.78805541992188,26.8125],[-108.0,26.940185546875]]}},{"type":"Feature","properties":{},"geometry":{"type":"LineString","coordinates":[[-81.0816650390625,26.920562744140625],[-81.15472412109375,26.783615112304688],[-81.35111236572266,26.794448852539062],[-81.55388641357422,26.717491149902344],[-81.78334045410156,26.710830688476562]]}},{"type":"Feature","properties":{},"geometry":{"type":"LineString","coordinates":[[-109.0,25.941680908203125],[-109.2527847290039,25.95361328125],[-109.34667205810547,25.838333129882812],[-109.4141616821289,25.86639404296875]]}},{"type":"Feature","properties":{},"geometry":{"type":"LineString","coordinates":[[-103.0,22.59935760498047],[-103.21554565429688,22.262222290039062],[-103.3197250366211,22.105560302734375],[-103.51610565185547,22.116668701171875]]}},{"type":"Feature","properties":{},"geometry":{"type":"LineString","coordinates":[[-102.99472045898438,22.842498779296875],[-102.94528198242188,22.80999755859375],[-103.0,22.59935760498047]]}},{"type":"Feature","properties":{},"geometry":{"type":"LineString","coordinates":[[-98.3996353149414,22.0],[-98.28083038330078,22.044448852539062],[-98.15110778808594,22.102783203125],[-98.12472534179688,22.031387329101562],[-98.0352783203125,22.071380615234375],[-98.0,22.2008056640625]]}},{"type":"Feature","properties":{},"geometry":{"type":"LineString","coordinates":[[-105.11221313476562,21.818328857421875],[-105.23944854736328,21.726669311523438],[-105.2861099243164,21.707229614257812],[-105.4483413696289,21.673057556152344]]}},{"type":"Feature","properties":{},"geometry":{"type":"LineString","coordinates":[[-104.22749328613281,21.177780151367188],[-104.45722198486328,21.471946716308594],[-104.70777130126953,21.838607788085938],[-105.0,21.734771728515625]]}},{"type":"Feature","properties":{},"geometry":{"type":"LineString","coordinates":[[-103.38892364501953,21.0],[-103.45389556884766,21.061386108398438],[-103.51721954345703,21.049728393554688],[-103.52356719970703,21.0]]}},{"type":"Feature","properties":{},"geometry":{"type":"LineString","coordinates":[[-100.0,21.952972412109375],[-99.80751037597656,21.69721221923828],[-99.6480484008789,21.64415740966797],[-99.25777435302734,21.687225341796875],[-99.13999938964844,21.811676025390625],[-99.0,21.816665649414062]]}},{"type":"Feature","properties":{},"geometry":{"type":"LineString","coordinates":[[-99.36847686767578,21.0],[-99.34500885009766,21.045272827148438],[-99.37639617919922,21.093612670898438],[-99.31749725341797,21.101394653320312],[-99.29389190673828,21.146392822265625]]}},{"type":"Feature","properties":{},"geometry":{"type":"LineString","coordinates":[[-99.0,21.842361450195312],[-98.81083679199219,21.946945190429688],[-98.75416564941406,21.985549926757812],[-98.68944549560547,22.0]]}},{"type":"Feature","properties":{},"geometry":{"type":"LineString","coordinates":[[-98.64221954345703,21.60889434814453],[-98.56278228759766,21.68944549560547],[-98.4508285522461,21.7822265625],[-98.52111053466797,21.836669921875],[-98.51860809326172,21.951385498046875],[-98.58805084228516,21.975830078125]]}},{"type":"Feature","properties":{},"geometry":{"type":"LineString","coordinates":[[-103.0,20.417022705078125],[-103.16944885253906,20.467506408691406],[-103.27777862548828,20.735275268554688],[-103.38892364501953,21.0]]}},{"type":"Feature","properties":{},"geometry":{"type":"LineString","coordinates":[[-102.0,20.399917602539062],[-102.21749877929688,20.34222412109375],[-102.44361114501953,20.338043212890625],[-102.6222152709961,20.229156494140625],[-102.77166748046875,20.197219848632812]]}},{"type":"Feature","properties":{},"geometry":{"type":"LineString","coordinates":[[-101.4588851928711,20.334442138671875],[-101.67388153076172,20.190826416015625],[-101.9505615234375,20.36444091796875],[-102.0,20.32904052734375]]}},{"type":"Feature","properties":{},"geometry":{"type":"LineString","coordinates":[[-101.0,20.279739379882812],[-101.15055847167969,20.48888397216797],[-101.2369384765625,20.58306121826172],[-101.38416290283203,20.423606872558594],[-101.45972442626953,20.333328247070312]]}},{"type":"Feature","properties":{},"geometry":{"type":"LineString","coordinates":[[-99.31426239013672,20.0],[-99.19944763183594,20.251113891601562],[-99.24694061279297,20.535560607910156],[-99.4866714477539,20.658607482910156]]}},{"type":"Feature","properties":{},"geometry":{"type":"LineString","coordinates":[[-99.48583221435547,20.65917205810547],[-99.51917266845703,20.719451904296875],[-99.49443817138672,20.8155517578125],[-99.3902816772461,20.915283203125],[-99.36847686767578,21.0]]}},{"type":"Feature","properties":{},"geometry":{"type":"LineString","coordinates":[[-99.5027847290039,19.1300048828125],[-99.7491683959961,19.50110626220703],[-99.86250305175781,19.645835876464844],[-100.0,19.906204223632812]]}},{"type":"Feature","properties":{},"geometry":{"type":"LineString","coordinates":[[-101.0,18.510520935058594],[-101.2955551147461,18.533607482910156]]}},{"type":"Feature","properties":{},"geometry":{"type":"LineString","coordinates":[[-100.06277465820312,18.0],[-100.33556365966797,18.110000610351562],[-100.49694061279297,18.148880004882812],[-100.54082489013672,18.202499389648438],[-100.69554901123047,18.305831909179688],[-100.68721771240234,18.39666748046875]]}},{"type":"Feature","properties":{},"geometry":{"type":"LineString","coordinates":[[-100.68778228759766,18.387771606445312],[-100.79306030273438,18.47222137451172],[-100.915283203125,18.477500915527344],[-100.94667053222656,18.44194793701172],[-101.0,18.510520935058594]]}},{"type":"Feature","properties":{},"geometry":{"type":"LineString","coordinates":[[-98.0,18.677108764648438],[-98.2713851928711,18.401931762695312],[-98.48360443115234,18.166107177734375],[-98.63611602783203,18.075271606445312],[-98.83000183105469,18.0352783203125],[-98.93696594238281,18.0]]}},{"type":"Feature","properties":{},"geometry":{"type":"LineString","coordinates":[[-92.90184020996094,18.0],[-92.70110321044922,18.123336791992188],[-92.69249725341797,18.159713745117188],[-92.73028564453125,18.171112060546875],[-92.6661148071289,18.431106567382812]]}},{"type":"Feature","properties":{},"geometry":{"type":"LineString","coordinates":[[-92.1875,18.132217407226562],[-92.3066635131836,18.226104736328125],[-92.63611602783203,18.295547485351562],[-92.66999053955078,18.393325805664062]]}},{"type":"Feature","properties":{},"geometry":{"type":"LineString","coordinates":[[-92.21693420410156,18.22528076171875],[-92.2769546508789,18.32720947265625],[-92.27556610107422,18.406661987304688],[-92.41028594970703,18.49304962158203],[-92.48082733154297,18.65666961669922]]}},{"type":"Feature","properties":{},"geometry":{"type":"LineString","coordinates":[[-99.0,17.90704345703125],[-99.39444732666016,17.952499389648438],[-99.7630615234375,17.9949951171875],[-100.0,17.963333129882812]]}},{"type":"Feature","properties":{},"geometry":{"type":"LineString","coordinates":[[-93.5969467163086,17.183883666992188],[-93.54332733154297,17.352218627929688],[-93.4080581665039,17.362777709960938],[-93.5213851928711,17.525001525878906],[-93.42194366455078,17.799453735351562],[-93.30944061279297,17.959716796875]]}},{"type":"Feature","properties":{},"geometry":{"type":"LineString","coordinates":[[-93.14222717285156,17.943618774414062],[-93.07194519042969,17.892776489257812],[-93.0,17.92132568359375]]}},{"type":"Feature","properties":{},"geometry":{"type":"LineString","coordinates":[[-93.0,17.92132568359375],[-92.97805786132812,17.9666748046875],[-92.91111755371094,17.958328247070312],[-92.90184020996094,18.0]]}},{"type":"Feature","properties":{},"geometry":{"type":"LineString","coordinates":[[-91.43694305419922,17.257492065429688],[-91.42638397216797,17.386932373046875],[-91.50611114501953,17.48444366455078],[-91.51111602783203,17.583335876464844],[-91.40277862548828,17.642494201660156],[-91.45250701904297,17.700836181640625],[-91.51360321044922,17.802505493164062],[-91.56610870361328,17.8094482421875],[-91.6574935913086,17.77166748046875],[-91.70333099365234,17.72222900390625],[-91.82333374023438,17.889175415039062],[-92.0,17.91864013671875]]}},{"type":"Feature","properties":{},"geometry":{"type":"LineString","coordinates":[[-91.11444091796875,17.0],[-91.1844482421875,17.035552978515625],[-91.28278350830078,17.183334350585938],[-91.35277557373047,17.1763916015625],[-91.43721771240234,17.256668090820312]]}},{"type":"Feature","properties":{},"geometry":{"type":"LineString","coordinates":[[-93.16938781738281,17.0],[-93.10749816894531,16.966949462890625],[-93.11000061035156,16.86334228515625],[-93.0,16.698898315429688]]}},{"type":"Feature","properties":{},"geometry":{"type":"LineString","coordinates":[[-90.70047760009766,16.0],[-90.60027313232422,16.040557861328125],[-90.56438446044922,16.0]]}},{"type":"Feature","properties":{},"geometry":{"type":"LineString","coordinates":[[-90.44666290283203,16.075836181640625],[-90.4594497680664,16.252777099609375],[-90.42028045654297,16.359710693359375],[-90.39583587646484,16.415542602539062],[-90.54639434814453,16.48499298095703],[-90.63249969482422,16.583885192871094],[-90.6580581665039,16.64415740966797],[-90.80332946777344,16.805007934570312],[-90.95527648925781,16.899169921875],[-91.0,16.880096435546875]]}},{"type":"Feature","properties":{},"geometry":{"type":"LineString","coordinates":[[-92.0,15.406562805175781],[-92.10417175292969,15.421669006347656],[-92.15306091308594,15.690269470214844],[-92.23165893554688,15.766952514648438],[-92.20277404785156,15.819442749023438]]}},{"type":"Feature","properties":{},"geometry":{"type":"LineString","coordinates":[[-91.2895278930664,15.0],[-91.24694061279297,15.119720458984375],[-91.32389068603516,15.266670227050781],[-91.0,15.288063049316406]]}},{"type":"Feature","properties":{},"geometry":{"type":"LineString","coordinates":[[-91.70360565185547,15.028060913085938],[-91.69971466064453,15.119720458984375],[-91.61666107177734,15.231109619140625],[-91.72026824951172,15.379722595214844],[-92.0,15.406562805175781]]}},{"type":"Feature","properties":{},"geometry":{"type":"LineString","coordinates":[[-91.0,15.288063049316406],[-90.53527069091797,15.210556030273438],[-90.4911117553711,15.335563659667969],[-90.6061019897461,15.545555114746094],[-90.78971862792969,15.681388854980469],[-90.81639099121094,15.750564575195312],[-90.75944519042969,15.966384887695312],[-90.70047760009766,16.0]]}},{"type":"Feature","properties":{},"geometry":{"type":"LineString","coordinates":[[-89.64276885986328,15.0],[-89.19667053222656,15.228607177734375],[-89.0,15.253997802734375]]}},{"type":"Feature","properties":{},"geometry":{"type":"LineString","coordinates":[[-89.0,15.253997802734375],[-88.79556274414062,15.503059387207031],[-88.49083709716797,15.538337707519531],[-88.31417083740234,15.671379089355469]]}},{"type":"Feature","properties":{},"geometry":{"type":"LineString","coordinates":[[-91.0,14.94671630859375],[-90.59166717529297,14.879165649414062],[-90.4191665649414,14.92083740234375],[-90.35083770751953,14.8780517578125],[-90.0,14.923431396484375]]}},{"type":"Feature","properties":{},"geometry":{"type":"LineString","coordinates":[[-89.37500762939453,14.640830993652344],[-89.26361846923828,14.258888244628906],[-89.42777252197266,14.048049926757812],[-89.12083435058594,14.07861328125],[-89.01943969726562,14.0]]}},{"type":"Feature","properties":{},"geometry":{"type":"LineString","coordinates":[[-85.6463851928711,14.0],[-85.32971954345703,14.271385192871094],[-85.20249938964844,14.406669616699219],[-85.15306091308594,14.561393737792969],[-85.03250122070312,14.573616027832031],[-85.0,14.721305847167969]]}},{"type":"Feature","properties":{},"geometry":{"type":"LineString","coordinates":[[-85.0,14.721305847167969],[-84.7013931274414,14.675559997558594],[-84.48278045654297,14.617774963378906],[-84.26971435546875,14.667213439941406],[-84.18583679199219,14.713333129882812],[-84.10749816894531,14.791397094726562],[-84.0,14.757431030273438]]}},{"type":"Feature","properties":{},"geometry":{"type":"LineString","coordinates":[[-84.0,14.757431030273438],[-83.7074966430664,14.837783813476562],[-83.6913833618164,14.882781982421875],[-83.6161117553711,14.869720458984375],[-83.51128387451172,15.0]]}},{"type":"Feature","properties":{},"geometry":{"type":"LineString","coordinates":[[-89.0,13.964996337890625],[-88.8497314453125,13.957504272460938]]}},{"type":"Feature","properties":{},"geometry":{"type":"LineString","coordinates":[[-88.48778533935547,13.86444091796875],[-88.49027252197266,13.684165954589844],[-88.71778106689453,13.341117858886719],[-88.81361389160156,13.25250244140625]]}},{"type":"Feature","properties":{},"geometry":{"type":"LineString","coordinates":[[-86.88861083984375,13.433616638183594],[-86.79499816894531,13.457771301269531],[-86.50556182861328,13.613059997558594],[-86.31278228759766,13.592491149902344],[-86.17999267578125,13.440834045410156],[-86.0,13.510475158691406]]}},{"type":"Feature","properties":{},"geometry":{"type":"LineString","coordinates":[[-85.73638153076172,13.82861328125],[-85.73055267333984,13.962493896484375],[-85.6463851928711,14.0]]}},{"type":"Feature","properties":{},"geometry":{"type":"LineString","coordinates":[[-86.0,13.510475158691406],[-85.89694213867188,13.461387634277344],[-85.81944274902344,13.520561218261719],[-85.78416442871094,13.779449462890625],[-85.73638153076172,13.82861328125]]}},{"type":"Feature","properties":{},"geometry":{"type":"LineString","coordinates":[[-84.74132537841797,13.0],[-84.69361114501953,13.066390991210938],[-84.60111236572266,13.023605346679688],[-84.4786148071289,13.04693603515625],[-84.39684295654297,13.0]]}},{"type":"Feature","properties":{},"geometry":{"type":"LineString","coordinates":[[-84.36055755615234,13.0],[-84.28083038330078,13.080276489257812],[-84.10028076171875,13.143890380859375],[-84.1219482421875,13.194168090820312],[-84.0,13.229812622070312]]}},{"type":"Feature","properties":{},"geometry":{"type":"LineString","coordinates":[[-86.0,12.89208984375],[-86.14471435546875,12.8427734375],[-86.15693664550781,12.788330078125],[-86.09805297851562,12.694435119628906],[-86.0,12.648811340332031]]}},{"type":"Feature","properties":{},"geometry":{"type":"LineString","coordinates":[[-85.86111450195312,12.955276489257812],[-86.0,12.89208984375]]}},{"type":"Feature","properties":{},"geometry":{"type":"LineString","coordinates":[[-86.0,12.648811340332031],[-85.79556274414062,12.737503051757812],[-85.18888854980469,12.624168395996094],[-85.0211181640625,12.75],[-85.0,12.7962646484375]]}},{"type":"Feature","properties":{},"geometry":{"type":"LineString","coordinates":[[-83.8316650390625,13.0],[-83.6691665649414,12.90472412109375],[-83.50139617919922,12.906387329101562]]}},{"type":"Feature","properties":{},"geometry":{"type":"LineString","coordinates":[[-84.35527801513672,10.993331909179688],[-84.31639862060547,10.921661376953125],[-84.2177734375,10.870559692382812],[-84.19583129882812,10.784454345703125],[-84.0,10.770370483398438]]}},{"type":"Feature","properties":{},"geometry":{"type":"LineString","coordinates":[[-84.0,10.770370483398438],[-83.91860961914062,10.708335876464844],[-83.66971588134766,10.791397094726562],[-83.67333221435547,10.922225952148438],[-83.64527130126953,10.925003051757812]]}},{"type":"Feature","properties":{},"geometry":{"type":"LineString","coordinates":[[-74.55252838134766,9.0],[-74.73194122314453,9.12249755859375],[-74.70471954345703,9.324729919433594],[-74.74527740478516,9.421394348144531]]}},{"type":"Feature","properties":{},"geometry":{"type":"LineString","coordinates":[[-75.19906616210938,8.0],[-75.21249389648438,8.033050537109375],[-75.0,8.014419555664062]]}},{"type":"Feature","properties":{},"geometry":{"type":"LineString","coordinates":[[-74.58361053466797,8.323341369628906],[-74.5344467163086,8.734443664550781],[-74.47083282470703,8.809173583984375],[-74.47333526611328,8.881393432617188],[-74.55252838134766,9.0]]}},{"type":"Feature","properties":{},"geometry":{"type":"LineString","coordinates":[[-69.53333282470703,8.0],[-69.41971588134766,8.072219848632812],[-69.20721435546875,8.074996948242188],[-69.10745239257812,8.0]]}},{"type":"Feature","properties":{},"geometry":{"type":"LineString","coordinates":[[-63.0,8.006240844726562],[-62.651123046875,8.295005798339844],[-62.692779541015625,8.361396789550781]]}},{"type":"Feature","properties":{},"geometry":{"type":"LineString","coordinates":[[-77.0,7.162322998046875],[-77.11277770996094,7.442771911621094],[-77.13055419921875,7.568336486816406],[-77.13499450683594,7.718605041503906],[-77.0322265625,7.880828857421875],[-77.0,7.9686126708984375]]}},{"type":"Feature","properties":{},"geometry":{"type":"LineString","coordinates":[[-76.92111206054688,7.0],[-76.92250061035156,7.0961151123046875],[-76.96916198730469,7.195556640625],[-77.0,7.162322998046875]]}},{"type":"Feature","properties":{},"geometry":{"type":"LineString","coordinates":[[-75.81410217285156,7.0],[-75.42916107177734,7.258064270019531],[-75.31000518798828,7.434730529785156],[-75.2066650390625,7.7977752685546875],[-75.19906616210938,8.0]]}},{"type":"Feature","properties":{},"geometry":{"type":"LineString","coordinates":[[-72.12582397460938,7.962493896484375],[-72.23416137695312,7.8077850341796875],[-72.2441635131836,7.691947937011719],[-72.22138977050781,7.640556335449219],[-72.0,7.518974304199219]]}},{"type":"Feature","properties":{},"geometry":{"type":"LineString","coordinates":[[-72.0,7.518974304199219],[-71.8397216796875,7.488883972167969]]}},{"type":"Feature","properties":{},"geometry":{"type":"LineString","coordinates":[[-71.0,7.344444274902344],[-70.63666534423828,7.285552978515625],[-70.2863998413086,7.599723815917969],[-70.0,7.7542266845703125]]}},{"type":"Feature","properties":{},"geometry":{"type":"LineString","coordinates":[[-69.0,7.9905548095703125],[-68.81277465820312,7.90167236328125],[-68.48917388916016,7.9324951171875],[-68.25250244140625,7.9555511474609375],[-68.15892028808594,8.0]]}},{"type":"Feature","properties":{},"geometry":{"type":"LineString","coordinates":[[-67.65416717529297,8.0],[-67.53804779052734,7.91278076171875],[-67.23277282714844,7.7947235107421875],[-67.0,7.76776123046875]]}},{"type":"Feature","properties":{},"geometry":{"type":"LineString","coordinates":[[-67.0,7.76776123046875],[-66.52361297607422,7.817230224609375],[-66.3550033569336,7.7347259521484375],[-66.3247299194336,7.671104431152344]]}},{"type":"Feature","properties":{},"geometry":{"type":"LineString","coordinates":[[-63.0,7.7997283935546875],[-63.00450134277344,8.0]]}},{"type":"Feature","properties":{},"geometry":{"type":"LineString","coordinates":[[-62.076019287109375,8.0],[-62.203887939453125,7.8130645751953125],[-62.10888671875,7.694999694824219],[-62.06388854980469,7.473609924316406],[-62.0,7.393745422363281]]}},{"type":"Feature","properties":{},"geometry":{"type":"LineString","coordinates":[[-62.0,7.393745422363281],[-61.85694885253906,7.354438781738281],[-61.59777069091797,7.1641693115234375],[-61.624725341796875,7.0]]}},{"type":"Feature","properties":{},"geometry":{"type":"LineString","coordinates":[[-76.8497314453125,6.540550231933594],[-76.86473083496094,6.627769470214844],[-76.93055725097656,6.666114807128906],[-76.9788818359375,6.82806396484375],[-76.92111206054688,7.0]]}},{"type":"Feature","properties":{},"geometry":{"type":"LineString","coordinates":[[-76.76039123535156,6.0],[-76.73221588134766,6.0525054931640625],[-76.79722595214844,6.303611755371094],[-76.8497314453125,6.540275573730469]]}},{"type":"Feature","properties":{},"geometry":{"type":"LineString","coordinates":[[-75.84458923339844,6.0],[-75.84416198730469,6.1516571044921875],[-75.79638671875,6.581108093261719],[-75.89582824707031,6.8102874755859375],[-75.81410217285156,7.0]]}},{"type":"Feature","properties":{},"geometry":{"type":"LineString","coordinates":[[-69.87783813476562,6.0],[-69.79722595214844,6.057769775390625],[-69.55693817138672,6.051666259765625],[-69.42945098876953,6.1186065673828125]]}},{"type":"Feature","properties":{},"geometry":{"type":"LineString","coordinates":[[-69.42945098876953,6.1186065673828125],[-69.32500457763672,6.1536102294921875],[-69.24527740478516,6.081390380859375],[-69.0816650390625,6.206939697265625],[-69.0,6.203033447265625]]}},{"type":"Feature","properties":{},"geometry":{"type":"LineString","coordinates":[[-69.0,6.203033447265625],[-68.45389556884766,6.1905517578125],[-68.1522216796875,6.22332763671875],[-68.0,6.206817626953125]]}},{"type":"Feature","properties":{},"geometry":{"type":"LineString","coordinates":[[-68.0,6.206817626953125],[-67.82278442382812,6.309440612792969],[-67.5683364868164,6.264732360839844],[-67.4544448852539,6.19305419921875]]}},{"type":"Feature","properties":{},"geometry":{"type":"LineString","coordinates":[[-62.85740661621094,6.0],[-62.90028381347656,6.2005462646484375],[-62.989715576171875,6.364173889160156],[-62.82112121582031,6.639717102050781],[-62.85499572753906,6.8050079345703125]]}},{"type":"Feature","properties":{},"geometry":{"type":"LineString","coordinates":[[-61.624725341796875,7.0],[-61.66694641113281,6.7369537353515625],[-61.45667266845703,6.7611083984375],[-61.328887939453125,6.8441619873046875],[-61.21638488769531,6.8075103759765625],[-61.13804626464844,6.701942443847656]]}},{"type":"Feature","properties":{},"geometry":{"type":"LineString","coordinates":[[-60.368064880371094,6.9302825927734375],[-60.24916076660156,6.853057861328125],[-60.169158935546875,6.8783416748046875],[-60.0,6.8023223876953125]]}},{"type":"Feature","properties":{},"geometry":{"type":"LineString","coordinates":[[-61.0,6.7336578369140625],[-60.89222717285156,6.7630615234375],[-60.71305847167969,6.758056640625],[-60.40833282470703,6.9474945068359375],[-60.368064880371094,6.9302825927734375]]}},{"type":"Feature","properties":{},"geometry":{"type":"LineString","coordinates":[[-60.0,6.8023223876953125],[-59.70361328125,6.804718017578125],[-59.58971405029297,6.798614501953125],[-59.486106872558594,6.683326721191406],[-59.34332275390625,6.698890686035156],[-59.0,6.685539245605469]]}},{"type":"Feature","properties":{},"geometry":{"type":"LineString","coordinates":[[-58.56696319580078,6.0],[-58.60027313232422,6.415000915527344]]}},{"type":"Feature","properties":{},"geometry":{"type":"LineString","coordinates":[[-76.37999725341797,5.894439697265625],[-76.44055938720703,5.686668395996094],[-76.54277801513672,5.506385803222656],[-76.67638397216797,5.7705535888671875],[-76.6897201538086,5.90167236328125],[-76.76039123535156,6.0]]}},{"type":"Feature","properties":{},"geometry":{"type":"LineString","coordinates":[[-75.61194610595703,5.728889465332031],[-75.66361236572266,5.8138885498046875],[-75.85055541992188,5.93194580078125],[-75.84458923339844,6.0]]}},{"type":"Feature","properties":{},"geometry":{"type":"LineString","coordinates":[[-75.79396057128906,5.0],[-75.67583465576172,5.1644439697265625],[-75.70610809326172,5.2466583251953125],[-75.59888458251953,5.471382141113281],[-75.61194610595703,5.728324890136719]]}},{"type":"Feature","properties":{},"geometry":{"type":"LineString","coordinates":[[-71.0,5.009521484375],[-70.69361114501953,5.311668395996094],[-70.43473052978516,5.531669616699219],[-70.0,5.7624969482421875]]}},{"type":"Feature","properties":{},"geometry":{"type":"LineString","coordinates":[[-70.0,5.7624969482421875],[-69.87783813476562,6.0]]}},{"type":"Feature","properties":{},"geometry":{"type":"LineString","coordinates":[[-62.514122009277344,5.0],[-62.458885192871094,5.190826416015625],[-62.758331298828125,5.340278625488281],[-62.90055847167969,5.467216491699219],[-62.85740661621094,6.0]]}},{"type":"Feature","properties":{},"geometry":{"type":"LineString","coordinates":[[-58.84747314453125,5.0],[-58.875,5.377784729003906],[-58.638336181640625,5.514717102050781],[-58.56696319580078,6.0]]}},{"type":"Feature","properties":{},"geometry":{"type":"LineString","coordinates":[[-157.20388793945312,70.0],[-157.1205596923828,70.07972717285156],[-157.03750610351562,70.11917114257812],[-157.16360473632812,70.23250579833984],[-157.08583068847656,70.25861358642578],[-157.0816650390625,70.31694793701172],[-157.2066650390625,70.41028594970703],[-157.3463897705078,70.45166778564453],[-157.37832641601562,70.47583770751953],[-157.55166625976562,70.5683364868164],[-157.3522186279297,70.6147232055664],[-157.0,70.68939971923828]]}},{"type":"Feature","properties":{},"geometry":{"type":"LineString","coordinates":[[-157.0,70.68939971923828],[-156.60694885253906,70.72110748291016],[-156.4499969482422,70.78388977050781],[-156.4291534423828,70.86195373535156],[-156.320556640625,70.91999816894531]]}},{"type":"Feature","properties":{},"geometry":{"type":"LineString","coordinates":[[-148.67715454101562,70.0],[-148.43331909179688,70.19248962402344],[-148.2083282470703,70.2880630493164],[-148.19749450683594,70.35388946533203]]}},{"type":"Feature","properties":{},"geometry":{"type":"LineString","coordinates":[[-158.0,69.56636810302734],[-157.5627899169922,69.54972076416016],[-157.43331909179688,69.65694427490234],[-157.16305541992188,69.87611389160156],[-157.20388793945312,70.0]]}},{"type":"Feature","properties":{},"geometry":{"type":"LineString","coordinates":[[-148.8070831298828,69.0],[-148.75778198242188,69.08193969726562],[-148.77362060546875,69.2911148071289],[-148.73611450195312,69.35306549072266],[-148.55056762695312,69.4527816772461],[-148.77471923828125,69.87472534179688],[-148.67715454101562,70.0]]}},{"type":"Feature","properties":{},"geometry":{"type":"LineString","coordinates":[[-128.41307067871094,69.0],[-128.44471740722656,69.12832641601562],[-128.41722106933594,69.24472045898438],[-128.44082641601562,69.2972183227539],[-128.2624969482422,69.38500213623047],[-128.36387634277344,69.40833282470703],[-128.40859985351562,69.5250015258789],[-128.92027282714844,69.68389129638672]]}},{"type":"Feature","properties":{},"geometry":{"type":"LineString","coordinates":[[-159.0,68.03498840332031],[-159.49501037597656,68.11221313476562],[-160.0,68.11427307128906]]}},{"type":"Feature","properties":{},"geometry":{"type":"LineString","coordinates":[[-149.0,68.44561004638672],[-149.04666137695312,68.50472259521484],[-149.0211181640625,68.54888153076172],[-149.10110473632812,68.58110809326172],[-149.0,68.67621612548828]]}},{"type":"Feature","properties":{},"geometry":{"type":"LineString","coordinates":[[-149.0,68.67621612548828],[-148.85667419433594,68.78611755371094],[-148.8783416748047,68.96638488769531],[-148.8070831298828,69.0]]}},{"type":"Feature","properties":{},"geometry":{"type":"LineString","coordinates":[[-128.0,68.39278411865234],[-128.45359802246094,68.3949966430664],[-128.5005645751953,68.32527923583984],[-128.82888793945312,68.4236068725586],[-128.6697235107422,68.47444915771484],[-128.41693115234375,68.60639190673828],[-128.3411102294922,68.78944396972656],[-128.37388610839844,68.90861511230469],[-128.41307067871094,69.0]]}},{"type":"Feature","properties":{},"geometry":{"type":"LineString","coordinates":[[-127.0,68.53833770751953],[-127.44916534423828,68.5133285522461],[-127.71111297607422,68.37749481201172],[-128.0,68.39278411865234]]}},{"type":"Feature","properties":{},"geometry":{"type":"LineString","coordinates":[[-125.0,68.03852844238281],[-125.6322250366211,68.09249877929688],[-125.96945190429688,68.22749328613281],[-126.0,68.35684967041016]]}},{"type":"Feature","properties":{},"geometry":{"type":"LineString","coordinates":[[-162.0,67.95698547363281],[-162.67333984375,67.85499572753906],[-162.9502716064453,67.5999984741211],[-163.0,67.46514129638672]]}},{"type":"Feature","properties":{},"geometry":{"type":"LineString","coordinates":[[-163.0,67.28620147705078],[-162.6286163330078,67.27082824707031],[-162.60000610351562,67.14694213867188],[-162.4399871826172,67.15472412109375]]}},{"type":"Feature","properties":{},"geometry":{"type":"LineString","coordinates":[[-160.18963623046875,68.0],[-160.2486114501953,67.93055725097656],[-160.89027404785156,67.89889526367188],[-161.0,67.92962646484375]]}},{"type":"Feature","properties":{},"geometry":{"type":"LineString","coordinates":[[-158.0,67.9820556640625],[-158.35472106933594,67.86305236816406],[-158.37527465820312,67.93556213378906],[-158.47181701660156,68.0]]}},{"type":"Feature","properties":{},"geometry":{"type":"LineString","coordinates":[[-158.0,67.06916809082031],[-158.20750427246094,67.11972045898438],[-158.40499877929688,67.13082885742188],[-158.38665771484375,67.16221618652344],[-159.0,67.15193176269531]]}},{"type":"Feature","properties":{},"geometry":{"type":"LineString","coordinates":[[-157.0,67.91087341308594],[-157.42332458496094,67.897216796875],[-157.46804809570312,67.93833923339844],[-157.74520874023438,68.0]]}},{"type":"Feature","properties":{},"geometry":{"type":"LineString","coordinates":[[-157.65879821777344,67.0],[-157.78778076171875,67.02777099609375],[-157.7725067138672,67.05888366699219],[-157.8211212158203,67.0927734375],[-158.0,67.06916809082031]]}},{"type":"Feature","properties":{},"geometry":{"type":"LineString","coordinates":[[-156.0,67.70352935791016],[-156.31082153320312,67.81916809082031],[-156.626953125,67.84861755371094],[-157.0,67.91087341308594]]}},{"type":"Feature","properties":{},"geometry":{"type":"LineString","coordinates":[[-155.0,67.53803253173828],[-155.211669921875,67.54582977294922],[-155.2624969482422,67.62027740478516],[-155.3774871826172,67.6655502319336],[-156.0,67.70352935791016]]}},{"type":"Feature","properties":{},"geometry":{"type":"LineString","coordinates":[[-154.1616668701172,67.3611068725586],[-154.05972290039062,67.17277526855469],[-154.18472290039062,67.06721496582031],[-154.36749267578125,67.0]]}},{"type":"Feature","properties":{},"geometry":{"type":"LineString","coordinates":[[-135.0,67.16448974609375],[-134.9788818359375,67.22111511230469],[-134.84889221191406,67.3066635131836],[-134.8427734375,67.49027252197266],[-134.6827850341797,67.6191635131836],[-134.498046875,67.70526885986328]]}},{"type":"Feature","properties":{},"geometry":{"type":"LineString","coordinates":[[-134.29222106933594,67.66443634033203],[-134.54917907714844,67.73555755615234],[-134.48806762695312,67.8255615234375],[-134.41305541992188,67.85111999511719]]}},{"type":"Feature","properties":{},"geometry":{"type":"LineString","coordinates":[[-133.26832580566406,67.0],[-133.3619384765625,67.08528137207031],[-133.5111083984375,67.17805480957031],[-133.75723266601562,67.40416717529297],[-133.7455596923828,67.45610809326172]]}},{"type":"Feature","properties":{},"geometry":{"type":"LineString","coordinates":[[-124.58898162841797,67.0],[-124.39667510986328,67.1844482421875],[-124.13555908203125,67.29500579833984],[-124.21110534667969,67.37166595458984],[-124.23805236816406,67.50194549560547],[-124.22305297851562,67.64888763427734],[-124.7058334350586,67.81916809082031],[-124.77861022949219,67.97193908691406],[-124.87745666503906,68.0]]}},{"type":"Feature","properties":{},"geometry":{"type":"LineString","coordinates":[[-116.29195404052734,67.0],[-116.14305114746094,67.06832885742188],[-116.10610961914062,67.123046875],[-116.2177734375,67.22111511230469],[-116.0,67.22674560546875]]}},{"type":"Feature","properties":{},"geometry":{"type":"LineString","coordinates":[[-116.0,67.22674560546875],[-115.5602798461914,67.25054931640625],[-115.72333526611328,67.41777801513672],[-115.59777069091797,67.5744400024414],[-115.49443817138672,67.69026947021484],[-115.10833740234375,67.80166625976562]]}},{"type":"Feature","properties":{},"geometry":{"type":"LineString","coordinates":[[-161.0,66.93678283691406],[-161.19444274902344,66.88528442382812],[-161.5500030517578,66.86721801757812],[-161.69027709960938,66.81138610839844],[-161.86917114257812,66.81195068359375]]}},{"type":"Feature","properties":{},"geometry":{"type":"LineString","coordinates":[[-161.0,66.85464477539062],[-161.054443359375,66.76248931884766],[-161.381103515625,66.59278106689453],[-161.56973266601562,66.56360626220703]]}},{"type":"Feature","properties":{},"geometry":{"type":"LineString","coordinates":[[-160.5930633544922,66.92111206054688],[-160.9138946533203,66.91082763671875],[-160.93194580078125,66.84916687011719],[-161.0,66.85464477539062]]}},{"type":"Feature","properties":{},"geometry":{"type":"LineString","coordinates":[[-157.0,66.90924072265625],[-157.24305725097656,66.88389587402344],[-157.34527587890625,66.91860961914062],[-157.57223510742188,66.92582702636719],[-157.65879821777344,67.0]]}},{"type":"Feature","properties":{},"geometry":{"type":"LineString","coordinates":[[-155.0,66.8243408203125],[-155.32749938964844,66.75750732421875],[-156.0,66.7779312133789]]}},{"type":"Feature","properties":{},"geometry":{"type":"LineString","coordinates":[[-154.36749267578125,67.0],[-154.38055419921875,66.9647216796875],[-154.63722229003906,66.90000915527344],[-154.7344512939453,66.79389953613281],[-155.0,66.8243408203125]]}},{"type":"Feature","properties":{},"geometry":{"type":"LineString","coordinates":[[-134.1958770751953,66.0],[-134.2272186279297,66.03805541992188],[-134.07028198242188,66.07249450683594],[-134.0,66.21640014648438]]}},{"type":"Feature","properties":{},"geometry":{"type":"LineString","coordinates":[[-134.0,66.49515533447266],[-134.28054809570312,66.62000274658203],[-134.63583374023438,66.67137908935547],[-135.0,66.89581298828125]]}},{"type":"Feature","properties":{},"geometry":{"type":"LineString","coordinates":[[-133.0,66.4677963256836],[-133.09304809570312,66.79194641113281],[-133.1324920654297,66.94694519042969],[-133.26832580566406,67.0]]}},{"type":"Feature","properties":{},"geometry":{"type":"LineString","coordinates":[[-134.0,66.21640014648438],[-133.88027954101562,66.4000015258789],[-134.0,66.49515533447266]]}},{"type":"Feature","properties":{},"geometry":{"type":"LineString","coordinates":[[-132.0,66.07856750488281],[-132.65695190429688,66.25638580322266],[-132.6986083984375,66.29138946533203],[-132.70556640625,66.42777252197266],[-133.0,66.4677963256836]]}},{"type":"Feature","properties":{},"geometry":{"type":"LineString","coordinates":[[-125.0,66.99049377441406],[-124.93333435058594,66.92472839355469],[-124.75554656982422,66.85667419433594],[-124.57833099365234,66.90472412109375]]}},{"type":"Feature","properties":{},"geometry":{"type":"LineString","coordinates":[[-114.44478607177734,66.0],[-114.29833221435547,66.17694091796875],[-114.65111541748047,66.54778289794922],[-115.0,66.66973114013672]]}},{"type":"Feature","properties":{},"geometry":{"type":"LineString","coordinates":[[-97.0,66.14787292480469],[-96.75305938720703,66.068603515625],[-96.54972076416016,66.0655517578125],[-96.26222229003906,66.163330078125],[-96.0,66.32054901123047]]}},{"type":"Feature","properties":{},"geometry":{"type":"LineString","coordinates":[[-96.0,66.32054901123047],[-95.80972290039062,66.46277618408203],[-95.7872314453125,66.5263900756836],[-95.82667541503906,66.5844497680664]]}},{"type":"Feature","properties":{},"geometry":{"type":"LineString","coordinates":[[-134.68875122070312,66.0],[-134.63833618164062,65.95306396484375],[-134.5186004638672,65.97305297851562],[-134.1958770751953,66.0]]}},{"type":"Feature","properties":{},"geometry":{"type":"LineString","coordinates":[[-134.0574951171875,65.0],[-134.302490234375,65.2066650390625],[-134.88417053222656,65.46166229248047],[-134.94223022460938,65.67916107177734],[-134.93333435058594,65.87417602539062],[-134.93666076660156,65.94471740722656]]}},{"type":"Feature","properties":{},"geometry":{"type":"LineString","coordinates":[[-131.3602752685547,65.0],[-131.2383270263672,65.26778411865234],[-131.006103515625,65.53583526611328],[-131.0574951171875,65.65555572509766],[-131.0941619873047,65.7397232055664],[-131.3249969482422,65.88139343261719],[-131.74453735351562,66.0]]}},{"type":"Feature","properties":{},"geometry":{"type":"LineString","coordinates":[[-114.17471313476562,65.63472747802734],[-114.16000366210938,65.6913833618164],[-114.28112030029297,65.71500396728516],[-114.4211196899414,65.80471801757812],[-114.44478607177734,66.0]]}},{"type":"Feature","properties":{},"geometry":{"type":"LineString","coordinates":[[-107.51746368408203,65.0],[-107.39417266845703,65.14999389648438],[-107.4302749633789,65.31610870361328],[-107.0,65.47943878173828]]}},{"type":"Feature","properties":{},"geometry":{"type":"LineString","coordinates":[[-107.0,65.47943878173828],[-106.84611511230469,65.42528533935547],[-106.5969467163086,65.25000762939453],[-106.16360473632812,65.24445343017578],[-106.0,65.17243957519531]]}},{"type":"Feature","properties":{},"geometry":{"type":"LineString","coordinates":[[-105.0,65.07792663574219],[-104.86805725097656,65.068603515625],[-104.55750274658203,65.15499877929688],[-104.0,65.20518493652344]]}},{"type":"Feature","properties":{},"geometry":{"type":"LineString","coordinates":[[-104.0,65.20518493652344],[-103.29528045654297,65.46472930908203],[-103.20500183105469,65.53861236572266],[-103.0,65.5930404663086]]}},{"type":"Feature","properties":{},"geometry":{"type":"LineString","coordinates":[[-103.0,65.5930404663086],[-102.20639038085938,65.60639190673828],[-102.0675048828125,65.68888092041016],[-102.1572265625,65.80000305175781],[-102.0,65.85980224609375]]}},{"type":"Feature","properties":{},"geometry":{"type":"LineString","coordinates":[[-102.0,65.85980224609375],[-101.76834106445312,65.94223022460938]]}},{"type":"Feature","properties":{},"geometry":{"type":"LineString","coordinates":[[-98.65193939208984,65.91221618652344],[-98.40416717529297,65.93472290039062],[-98.16416931152344,65.90444946289062],[-98.0,65.99557495117188]]}},{"type":"Feature","properties":{},"geometry":{"type":"LineString","coordinates":[[-154.59095764160156,64.0],[-154.0,64.16007995605469]]}},{"type":"Feature","properties":{},"geometry":{"type":"LineString","coordinates":[[-154.0,64.4108657836914],[-154.2675018310547,64.52361297607422],[-154.35916137695312,64.5602798461914],[-154.40249633789062,64.60332489013672],[-154.4691619873047,64.61194610595703],[-154.58917236328125,64.64388275146484],[-154.31777954101562,64.86528015136719],[-154.29165649414062,64.92694091796875]]}},{"type":"Feature","properties":{},"geometry":{"type":"LineString","coordinates":[[-154.0,64.16007995605469],[-153.9791717529297,64.20111083984375],[-153.73472595214844,64.33028411865234],[-153.6263885498047,64.47306060791016],[-154.0,64.4108657836914]]}},{"type":"Feature","properties":{},"geometry":{"type":"LineString","coordinates":[[-133.0,64.43900299072266],[-133.6669464111328,64.75833129882812],[-133.7563934326172,64.92138671875],[-134.0,64.98200988769531]]}},{"type":"Feature","properties":{},"geometry":{"type":"LineString","coordinates":[[-131.7788848876953,64.42888641357422],[-131.5836181640625,64.49027252197266],[-131.3088836669922,64.60193634033203],[-131.4341583251953,64.83084106445312],[-131.3602752685547,65.0]]}},{"type":"Feature","properties":{},"geometry":{"type":"LineString","coordinates":[[-131.28944396972656,64.42694854736328],[-131.36221313476562,64.43389129638672],[-131.49249267578125,64.3419418334961],[-131.66111755371094,64.31722259521484],[-132.0,64.35797882080078]]}},{"type":"Feature","properties":{},"geometry":{"type":"LineString","coordinates":[[-128.0,64.20817565917969],[-127.26222229003906,64.241943359375],[-127.0,64.19166564941406]]}},{"type":"Feature","properties":{},"geometry":{"type":"LineString","coordinates":[[-125.0,64.2611083984375],[-124.85444641113281,64.28528594970703],[-124.85722351074219,64.33222198486328],[-124.92166137695312,64.36750030517578],[-124.78584289550781,64.4241714477539]]}},{"type":"Feature","properties":{},"geometry":{"type":"LineString","coordinates":[[-111.20805358886719,64.58222198486328],[-111.61194610595703,64.5788803100586],[-111.6227798461914,64.61861419677734],[-111.96249389648438,64.63666534423828]]}},{"type":"Feature","properties":{},"geometry":{"type":"LineString","coordinates":[[-108.82638549804688,64.55583953857422],[-108.5311050415039,64.55583953857422]]}},{"type":"Feature","properties":{},"geometry":{"type":"LineString","coordinates":[[-107.98944091796875,64.72277069091797],[-107.7630615234375,64.78861999511719],[-107.70110321044922,64.89166259765625],[-107.51639556884766,64.96221923828125],[-107.51746368408203,65.0]]}},{"type":"Feature","properties":{},"geometry":{"type":"LineString","coordinates":[[-158.0,63.609352111816406],[-158.2294464111328,63.54749298095703],[-158.2927703857422,63.43138885498047],[-158.77639770507812,63.258331298828125],[-158.85305786132812,63.2227783203125],[-158.87417602539062,63.15943908691406],[-158.91416931152344,63.073883056640625],[-158.79513549804688,63.0]]}},{"type":"Feature","properties":{},"geometry":{"type":"LineString","coordinates":[[-157.0,63.626930236816406],[-157.2030487060547,63.611114501953125],[-157.3736114501953,63.599998474121094],[-157.4883270263672,63.63055419921875],[-157.6344451904297,63.68583679199219],[-157.71278381347656,63.623329162597656],[-158.0,63.609352111816406]]}},{"type":"Feature","properties":{},"geometry":{"type":"LineString","coordinates":[[-156.5142822265625,63.0],[-156.70028686523438,63.16416931152344],[-156.69056701660156,63.24415588378906],[-156.58445739746094,63.398887634277344],[-156.34832763671875,63.60722351074219],[-156.6683349609375,63.818328857421875],[-156.91778564453125,63.70750427246094],[-157.0,63.626930236816406]]}},{"type":"Feature","properties":{},"geometry":{"type":"LineString","coordinates":[[-155.0,63.69444274902344],[-154.89111328125,63.72361755371094],[-154.77194213867188,63.818328857421875],[-154.76583862304688,63.90556335449219],[-154.59095764160156,64.0]]}},{"type":"Feature","properties":{},"geometry":{"type":"LineString","coordinates":[[-154.28289794921875,63.0],[-154.73944091796875,63.06443786621094]]}},{"type":"Feature","properties":{},"geometry":{"type":"LineString","coordinates":[[-134.0,63.41411590576172],[-134.08277893066406,63.403892517089844],[-134.0,63.444053649902344]]}},{"type":"Feature","properties":{},"geometry":{"type":"LineString","coordinates":[[-132.0,63.381263732910156],[-132.4813995361328,63.432228088378906],[-132.55416870117188,63.41138458251953],[-132.61167907714844,63.33416748046875],[-133.0,63.35774230957031]]}},{"type":"Feature","properties":{},"geometry":{"type":"LineString","coordinates":[[-130.63528442382812,63.84611511230469],[-130.43165588378906,63.68806457519531],[-130.4163818359375,63.62610626220703],[-130.79000854492188,63.433616638183594],[-131.0,63.37761688232422]]}},{"type":"Feature","properties":{},"geometry":{"type":"LineString","coordinates":[[-129.7197265625,63.072784423828125],[-129.42166137695312,63.24055480957031],[-129.0,63.38513946533203]]}},{"type":"Feature","properties":{},"geometry":{"type":"LineString","coordinates":[[-129.0,63.38513946533203],[-128.61029052734375,63.441673278808594],[-128.3855438232422,63.57666778564453],[-128.1458282470703,63.546104431152344],[-128.0,63.667144775390625]]}},{"type":"Feature","properties":{},"geometry":{"type":"LineString","coordinates":[[-128.0,63.667144775390625],[-127.89833068847656,63.7308349609375],[-127.87306213378906,63.80055236816406],[-127.91250610351562,63.91999816894531],[-128.0,63.978057861328125]]}},{"type":"Feature","properties":{},"geometry":{"type":"LineString","coordinates":[[-98.67444610595703,63.7791748046875],[-98.62749481201172,63.7611083984375],[-98.6061019897461,63.79833984375],[-98.43500518798828,63.83583068847656]]}},{"type":"Feature","properties":{},"geometry":{"type":"LineString","coordinates":[[-97.28556060791016,63.511390686035156],[-97.21527099609375,63.58916473388672],[-97.07722473144531,63.588050842285156],[-97.11305236816406,63.63362121582031],[-97.05499267578125,63.65278625488281]]}},{"type":"Feature","properties":{},"geometry":{"type":"LineString","coordinates":[[-95.8699951171875,63.6522216796875],[-95.85528564453125,63.736114501953125],[-95.6494369506836,63.822509765625],[-95.47882843017578,64.0]]}},{"type":"Feature","properties":{},"geometry":{"type":"LineString","coordinates":[[-159.2741241455078,63.0],[-159.37054443359375,62.91917419433594],[-159.38888549804688,62.85194396972656],[-159.57028198242188,62.80778503417969],[-159.5691680908203,62.70445251464844],[-159.64694213867188,62.584449768066406],[-159.62001037597656,62.466941833496094],[-159.5308380126953,62.34471130371094],[-159.56639099121094,62.21638488769531],[-159.66778564453125,62.16139221191406],[-159.73583984375,62.14166259765625]]}},{"type":"Feature","properties":{},"geometry":{"type":"LineString","coordinates":[[-156.89334106445312,62.85972595214844],[-156.80528259277344,62.850830078125],[-156.60806274414062,62.91471862792969],[-156.5142822265625,63.0]]}},{"type":"Feature","properties":{},"geometry":{"type":"LineString","coordinates":[[-153.33029174804688,62.0],[-153.4116668701172,62.17388916015625],[-153.4677734375,62.370269775390625],[-153.61306762695312,62.60027313232422],[-154.0,62.84521484375]]}},{"type":"Feature","properties":{},"geometry":{"type":"LineString","coordinates":[[-150.0,62.63008117675781],[-150.1583251953125,62.37805938720703],[-150.18055725097656,62.15583801269531],[-150.11802673339844,62.0]]}},{"type":"Feature","properties":{},"geometry":{"type":"LineString","coordinates":[[-148.0,62.791900634765625],[-148.31277465820312,62.841949462890625],[-148.651123046875,62.820281982421875],[-148.74917602539062,62.76945495605469],[-149.0,62.79180908203125]]}},{"type":"Feature","properties":{},"geometry":{"type":"LineString","coordinates":[[-147.0,62.6695556640625],[-147.40054321289062,62.649169921875],[-147.65028381347656,62.717498779296875],[-148.0,62.791900634765625]]}},{"type":"Feature","properties":{},"geometry":{"type":"LineString","coordinates":[[-144.0,62.68505859375],[-144.3736114501953,62.67333984375],[-145.0,62.402496337890625]]}},{"type":"Feature","properties":{},"geometry":{"type":"LineString","coordinates":[[-140.5563201904297,62.0],[-140.41722106933594,62.25111389160156],[-140.0994415283203,62.46027374267578],[-140.06222534179688,62.78916931152344],[-140.24295043945312,63.0]]}},{"type":"Feature","properties":{},"geometry":{"type":"LineString","coordinates":[[-137.0,62.84669494628906],[-137.32138061523438,62.83555603027344],[-137.30972290039062,62.77362060546875]]}},{"type":"Feature","properties":{},"geometry":{"type":"LineString","coordinates":[[-136.0,62.860565185546875],[-136.20916748046875,62.806396484375],[-136.4724884033203,62.79249572753906],[-137.0,62.84669494628906]]}},{"type":"Feature","properties":{},"geometry":{"type":"LineString","coordinates":[[-134.0,62.43158721923828],[-134.3877716064453,62.599159240722656],[-134.6155548095703,62.68194580078125],[-135.0,62.75993347167969]]}},{"type":"Feature","properties":{},"geometry":{"type":"LineString","coordinates":[[-130.62472534179688,62.29472351074219],[-130.79444885253906,62.217498779296875],[-130.7949981689453,62.10638427734375],[-130.89944458007812,62.0]]}},{"type":"Feature","properties":{},"geometry":{"type":"LineString","coordinates":[[-101.3852310180664,62.0],[-101.23582458496094,62.06694030761719],[-101.19999694824219,62.163055419921875],[-101.15055847167969,62.179718017578125],[-101.15554809570312,62.28082275390625]]}},{"type":"Feature","properties":{},"geometry":{"type":"LineString","coordinates":[[-99.61693572998047,62.29859924316406],[-99.27222442626953,62.23944091796875],[-99.0,62.24885559082031]]}},{"type":"Feature","properties":{},"geometry":{"type":"LineString","coordinates":[[-99.0,62.24885559082031],[-98.63860321044922,62.225830078125],[-98.15165710449219,62.304168701171875],[-98.22389221191406,62.46778106689453],[-98.33916473388672,62.618324279785156]]}},{"type":"Feature","properties":{},"geometry":{"type":"LineString","coordinates":[[-164.0,61.8826904296875],[-164.23416137695312,61.77500915527344],[-164.60055541992188,61.71888732910156],[-164.56028747558594,61.768341064453125],[-164.90638732910156,61.68000793457031],[-164.76361083984375,61.628883361816406]]}},{"type":"Feature","properties":{},"geometry":{"type":"LineString","coordinates":[[-163.29869079589844,62.0],[-163.30166625976562,61.82667541503906],[-163.7183380126953,61.76055908203125],[-163.8322296142578,61.82305908203125],[-164.0,61.82878112792969]]}},{"type":"Feature","properties":{},"geometry":{"type":"LineString","coordinates":[[-153.22999572753906,61.531944274902344],[-153.1038818359375,61.62694549560547],[-153.11305236816406,61.891387939453125],[-153.33029174804688,62.0]]}},{"type":"Feature","properties":{},"geometry":{"type":"LineString","coordinates":[[-150.11802673339844,62.0],[-150.31971740722656,61.706390380859375],[-150.3874969482422,61.58222198486328],[-150.52500915527344,61.45722198486328],[-150.57640075683594,61.362220764160156]]}},{"type":"Feature","properties":{},"geometry":{"type":"LineString","coordinates":[[-145.31874084472656,62.0],[-145.2705535888672,61.92027282714844],[-145.0,61.80125427246094]]}},{"type":"Feature","properties":{},"geometry":{"type":"LineString","coordinates":[[-145.0,61.80125427246094],[-144.40415954589844,61.544166564941406],[-144.7586212158203,61.33915710449219],[-144.84750366210938,61.21611022949219],[-144.83944702148438,61.10777282714844],[-144.8023223876953,61.0]]}},{"type":"Feature","properties":{},"geometry":{"type":"LineString","coordinates":[[-142.0,61.708892822265625],[-141.8736114501953,61.668609619140625],[-141.58917236328125,61.747222900390625],[-141.33139038085938,61.719451904296875],[-141.0,61.74444580078125]]}},{"type":"Feature","properties":{},"geometry":{"type":"LineString","coordinates":[[-141.0,61.74444580078125],[-140.8188934326172,61.76972961425781],[-140.5547332763672,61.90638732910156],[-140.5563201904297,62.0]]}},{"type":"Feature","properties":{},"geometry":{"type":"LineString","coordinates":[[-135.23443603515625,61.391395568847656],[-135.1858367919922,61.454994201660156],[-135.12110900878906,61.465003967285156],[-135.10166931152344,61.568885803222656],[-135.0,61.57616424560547]]}},{"type":"Feature","properties":{},"geometry":{"type":"LineString","coordinates":[[-131.0,61.978302001953125],[-131.0449981689453,61.850555419921875],[-131.21832275390625,61.74639892578125],[-132.0,61.82283020019531]]}},{"type":"Feature","properties":{},"geometry":{"type":"LineString","coordinates":[[-101.51639556884766,61.16694641113281],[-101.7219467163086,61.27471923828125],[-101.48833465576172,61.51610565185547],[-101.34778594970703,61.88111877441406],[-101.3852310180664,62.0]]}},{"type":"Feature","properties":{},"geometry":{"type":"LineString","coordinates":[[-156.0,60.37614440917969],[-156.2866668701172,60.278045654296875],[-156.35055541992188,60.17027282714844],[-156.302490234375,60.15083312988281],[-156.42462158203125,60.0]]}},{"type":"Feature","properties":{},"geometry":{"type":"LineString","coordinates":[[-155.0,60.783599853515625],[-155.29055786132812,60.689453125],[-155.5769500732422,60.51860809326172],[-156.0,60.37614440917969]]}},{"type":"Feature","properties":{},"geometry":{"type":"LineString","coordinates":[[-154.02944946289062,60.78361511230469],[-154.48333740234375,60.86027526855469],[-154.9066619873047,60.86083984375],[-155.0,60.783599853515625]]}},{"type":"Feature","properties":{},"geometry":{"type":"LineString","coordinates":[[-137.0449676513672,61.0],[-137.0927734375,60.833892822265625],[-137.46554565429688,60.75306701660156],[-137.82861328125,60.572227478027344],[-137.7969512939453,60.43555450439453],[-137.95138549804688,60.241943359375],[-138.0,60.20582580566406]]}},{"type":"Feature","properties":{},"geometry":{"type":"LineString","coordinates":[[-134.49278259277344,60.541664123535156],[-135.0,60.66081237792969]]}},{"type":"Feature","properties":{},"geometry":{"type":"LineString","coordinates":[[-97.0,60.3677978515625],[-96.43917083740234,60.55500030517578],[-96.07972717285156,60.455833435058594],[-96.0,60.47028350830078]]}},{"type":"Feature","properties":{},"geometry":{"type":"LineString","coordinates":[[-157.0,59.67138671875],[-157.06304931640625,59.583885192871094],[-157.6397247314453,59.27027893066406],[-157.7725067138672,59.09138488769531],[-157.74127197265625,59.0]]}},{"type":"Feature","properties":{},"geometry":{"type":"LineString","coordinates":[[-138.23443603515625,59.17193603515625],[-138.4375,59.17805480957031]]}},{"type":"Feature","properties":{},"geometry":{"type":"LineString","coordinates":[[-138.0,59.850799560546875],[-137.88888549804688,59.74833679199219],[-137.89305114746094,59.63945007324219],[-137.7866668701172,59.54277801513672],[-137.94833374023438,59.457496643066406]]}},{"type":"Feature","properties":{},"geometry":{"type":"LineString","coordinates":[[-101.88221740722656,59.956939697265625],[-101.83332824707031,59.85749816894531],[-101.43416595458984,59.71028137207031],[-101.2388916015625,59.65306091308594]]}},{"type":"Feature","properties":{},"geometry":{"type":"LineString","coordinates":[[-100.99528503417969,59.618324279785156],[-100.82777404785156,59.598609924316406],[-100.71582794189453,59.58777618408203],[-100.4786148071289,59.61638641357422],[-100.1905517578125,59.73695373535156]]}},{"type":"Feature","properties":{},"geometry":{"type":"LineString","coordinates":[[-129.2731475830078,57.0],[-129.0,56.85856628417969]]}},{"type":"Feature","properties":{},"geometry":{"type":"LineString","coordinates":[[-129.0,56.85856628417969],[-128.6225128173828,56.784454345703125],[-128.3008270263672,56.544166564941406],[-128.6336212158203,56.390281677246094],[-129.0,56.16558837890625]]}},{"type":"Feature","properties":{},"geometry":{"type":"LineString","coordinates":[[-129.08555603027344,56.0],[-129.0,55.87260437011719]]}},{"type":"Feature","properties":{},"geometry":{"type":"LineString","coordinates":[[-129.0,55.41181182861328],[-129.054443359375,55.280548095703125],[-129.35610961914062,55.16583251953125],[-129.625,55.00250244140625]]}},{"type":"Feature","properties":{},"geometry":{"type":"LineString","coordinates":[[-88.99000549316406,55.0],[-88.81611633300781,55.15583801269531],[-88.4366683959961,55.30833435058594],[-88.0927734375,55.71417236328125],[-88.0,55.78364562988281]]}},{"type":"Feature","properties":{},"geometry":{"type":"LineString","coordinates":[[-76.0,55.059326171875],[-76.36945343017578,55.09832763671875],[-76.4686050415039,55.20332336425781],[-76.82472229003906,55.3458251953125],[-76.92361450195312,55.277496337890625],[-77.0,55.23951721191406]]}},{"type":"Feature","properties":{},"geometry":{"type":"LineString","coordinates":[[-90.0,54.3343505859375],[-89.7280502319336,54.39611053466797],[-89.61055755615234,54.47638702392578],[-89.16221618652344,54.54888153076172],[-89.0,54.652435302734375]]}},{"type":"Feature","properties":{},"geometry":{"type":"LineString","coordinates":[[-73.66083526611328,54.931671142578125],[-74.0,54.86225891113281]]}},{"type":"Feature","properties":{},"geometry":{"type":"LineString","coordinates":[[-95.66693878173828,53.17193603515625],[-95.26250457763672,53.08027648925781],[-95.04916381835938,53.16139221191406],[-95.0,53.17816162109375]]}},{"type":"Feature","properties":{},"geometry":{"type":"LineString","coordinates":[[-95.0,53.17816162109375],[-94.66361236572266,53.2369384765625],[-94.40889739990234,53.17610168457031],[-94.0,53.24360656738281]]}},{"type":"Feature","properties":{},"geometry":{"type":"LineString","coordinates":[[-94.0,53.24360656738281],[-93.74527740478516,53.28138732910156],[-93.6050033569336,53.25917053222656],[-93.60999298095703,53.21055603027344]]}},{"type":"Feature","properties":{},"geometry":{"type":"LineString","coordinates":[[-91.86805725097656,53.34138488769531],[-91.41693878173828,53.516395568847656],[-91.3455581665039,53.64277648925781],[-91.0,53.867156982421875]]}},{"type":"Feature","properties":{},"geometry":{"type":"LineString","coordinates":[[-91.0,53.867156982421875],[-90.91860961914062,53.9244384765625],[-90.8155517578125,53.92195129394531]]}},{"type":"Feature","properties":{},"geometry":{"type":"LineString","coordinates":[[-77.0,53.630699157714844],[-77.25054931640625,53.75584411621094],[-77.66777801513672,53.82861328125],[-78.0,53.77024841308594]]}},{"type":"Feature","properties":{},"geometry":{"type":"LineString","coordinates":[[-76.0,53.74845886230469],[-76.74999237060547,53.69612121582031],[-77.0,53.630699157714844]]}},{"type":"Feature","properties":{},"geometry":{"type":"LineString","coordinates":[[-75.0,53.67015075683594],[-75.04083251953125,53.77861022949219],[-75.79249572753906,53.75],[-76.0,53.74845886230469]]}},{"type":"Feature","properties":{},"geometry":{"type":"LineString","coordinates":[[-73.0,53.8262939453125],[-73.10028076171875,53.82112121582031],[-73.16110229492188,53.88444519042969],[-73.41500091552734,53.91944885253906],[-74.0,53.71784973144531]]}},{"type":"Feature","properties":{},"geometry":{"type":"LineString","coordinates":[[-72.0333251953125,53.59722137451172],[-72.12554931640625,53.623329162597656],[-72.13972473144531,53.65834045410156],[-72.4205551147461,53.69639587402344],[-72.71166229248047,53.714447021484375],[-72.89805603027344,53.80999755859375],[-73.0,53.8262939453125]]}},{"type":"Feature","properties":{},"geometry":{"type":"LineString","coordinates":[[-70.48082733154297,53.40528106689453],[-70.38666534423828,53.411949157714844],[-70.34333038330078,53.51360321044922],[-70.84889221191406,53.42333221435547]]}},{"type":"Feature","properties":{},"geometry":{"type":"LineString","coordinates":[[-64.77278137207031,53.453330993652344],[-64.6097183227539,53.40222930908203]]}},{"type":"Feature","properties":{},"geometry":{"type":"LineString","coordinates":[[-64.0,53.512474060058594],[-63.59583282470703,53.41693878173828],[-63.309722900390625,53.28916931152344],[-63.209991455078125,53.20610046386719],[-63.0,53.19288635253906]]}},{"type":"Feature","properties":{},"geometry":{"type":"LineString","coordinates":[[-63.0,53.19288635253906],[-62.36499786376953,53.14610290527344],[-62.19805908203125,53.060272216796875],[-62.211395263671875,53.0]]}},{"type":"Feature","properties":{},"geometry":{"type":"LineString","coordinates":[[-61.27119445800781,53.0],[-61.0,53.14471435546875]]}},{"type":"Feature","properties":{},"geometry":{"type":"LineString","coordinates":[[-103.0,52.22111511230469],[-102.73332977294922,52.0]]}},{"type":"Feature","properties":{},"geometry":{"type":"LineString","coordinates":[[-69.3648452758789,53.0],[-69.61194610595703,52.72889709472656],[-69.66832733154297,52.64862060546875],[-69.68250274658203,52.365264892578125],[-69.52721405029297,52.163604736328125],[-69.41861724853516,52.0]]}},{"type":"Feature","properties":{},"geometry":{"type":"LineString","coordinates":[[-62.0,52.903717041015625],[-61.617225646972656,52.85499572753906],[-61.57721710205078,52.983062744140625],[-61.420555114746094,52.961395263671875],[-61.27119445800781,53.0]]}},{"type":"Feature","properties":{},"geometry":{"type":"LineString","coordinates":[[-102.73332977294922,52.0],[-102.49304962158203,51.904449462890625],[-102.22694396972656,51.72056579589844],[-102.0,51.76445007324219]]}},{"type":"Feature","properties":{},"geometry":{"type":"LineString","coordinates":[[-102.0,51.76445007324219],[-101.77223205566406,51.45722198486328],[-101.53556060791016,51.25555419921875],[-101.41500091552734,51.08111572265625],[-101.41202545166016,51.0]]}},{"type":"Feature","properties":{},"geometry":{"type":"LineString","coordinates":[[-116.0,50.80088806152344],[-115.75499725341797,50.526390075683594],[-115.6897201538086,50.309722900390625],[-115.80778503417969,50.141387939453125],[-115.79991149902344,50.0]]}},{"type":"Feature","properties":{},"geometry":{"type":"LineString","coordinates":[[-101.31139373779297,50.433326721191406],[-101.24943542480469,50.403053283691406],[-101.16667175292969,50.244720458984375],[-101.08250427246094,50.2066650390625],[-101.0,50.08160400390625]]}},{"type":"Feature","properties":{},"geometry":{"type":"LineString","coordinates":[[-101.41202545166016,51.0],[-101.48778533935547,50.92388916015625],[-101.42833709716797,50.842498779296875],[-101.40416717529297,50.58415985107422],[-101.31945037841797,50.43500518798828]]}},{"type":"Feature","properties":{},"geometry":{"type":"LineString","coordinates":[[-98.0,50.02333068847656],[-97.85389709472656,50.05194091796875],[-97.7286376953125,50.0]]}},{"type":"Feature","properties":{},"geometry":{"type":"LineString","coordinates":[[-93.14610290527344,50.6239013671875],[-93.33306121826172,50.65888977050781],[-93.38195037841797,50.593055725097656],[-93.86111450195312,50.43138885498047],[-93.92916870117188,50.3458251953125]]}},{"type":"Feature","properties":{},"geometry":{"type":"LineString","coordinates":[[-92.0,50.114593505859375],[-92.09889221191406,50.14277648925781],[-92.0,50.193939208984375]]}},{"type":"Feature","properties":{},"geometry":{"type":"LineString","coordinates":[[-90.79806518554688,50.06500244140625],[-91.0,50.08821105957031]]}},{"type":"Feature","properties":{},"geometry":{"type":"LineString","coordinates":[[-82.0,50.32659912109375],[-81.55249786376953,50.559165954589844],[-81.23666381835938,50.842498779296875],[-81.046142578125,51.0]]}},{"type":"Feature","properties":{},"geometry":{"type":"LineString","coordinates":[[-78.0,50.80540466308594],[-78.23304748535156,50.95722961425781],[-78.42499542236328,50.95472717285156],[-78.48363494873047,51.0]]}},{"type":"Feature","properties":{},"geometry":{"type":"LineString","coordinates":[[-77.65637969970703,50.32777404785156],[-77.73860931396484,50.45972442626953],[-77.7611083984375,50.510826110839844],[-77.87138366699219,50.743621826171875],[-78.0,50.80540466308594]]}},{"type":"Feature","properties":{},"geometry":{"type":"LineString","coordinates":[[-73.04527282714844,50.70750427246094],[-73.11972045898438,50.628883361816406],[-73.10499572753906,50.54222869873047],[-73.23639678955078,50.31999206542969],[-73.2813491821289,50.0]]}},{"type":"Feature","properties":{},"geometry":{"type":"LineString","coordinates":[[-68.73638153076172,50.67695617675781],[-68.66999053955078,50.46361541748047],[-68.54528045654297,50.32749938964844],[-68.65389251708984,50.10472106933594],[-68.64745330810547,50.0]]}},{"type":"Feature","properties":{},"geometry":{"type":"LineString","coordinates":[[-121.21804809570312,49.211669921875],[-121.1824951171875,49.27333068847656],[-121.06472778320312,49.20610046386719],[-121.14555358886719,49.13194274902344],[-121.05360412597656,49.018890380859375]]}},{"type":"Feature","properties":{},"geometry":{"type":"LineString","coordinates":[[-117.0,49.604148864746094],[-117.29222869873047,49.495826721191406],[-117.5677719116211,49.35722351074219],[-117.65917205810547,49.30638122558594]]}},{"type":"Feature","properties":{},"geometry":{"type":"LineString","coordinates":[[-116.49944305419922,49.0],[-116.5888900756836,49.09056091308594],[-116.60944366455078,49.1683349609375]]}},{"type":"Feature","properties":{},"geometry":{"type":"LineString","coordinates":[[-115.79991149902344,50.0],[-115.75750732421875,49.78916931152344],[-115.56249237060547,49.51166534423828],[-115.34610748291016,49.29222106933594],[-115.22389221191406,49.18693542480469],[-115.17826843261719,49.0]]}},{"type":"Feature","properties":{},"geometry":{"type":"LineString","coordinates":[[-114.81723022460938,49.45471954345703],[-114.66083526611328,49.38445281982422],[-114.5169448852539,49.228607177734375],[-114.48027801513672,49.06639099121094],[-114.4387435913086,49.0]]}},{"type":"Feature","properties":{},"geometry":{"type":"LineString","coordinates":[[-100.86175537109375,50.0],[-100.6222152709961,49.78916931152344],[-100.45499420166016,49.85111999511719],[-100.0,49.84297180175781]]}},{"type":"Feature","properties":{},"geometry":{"type":"LineString","coordinates":[[-100.0,49.84297180175781],[-99.59027862548828,49.6591796875],[-99.29361724853516,49.601661682128906],[-99.0,49.70240783691406]]}},{"type":"Feature","properties":{},"geometry":{"type":"LineString","coordinates":[[-99.0,49.70240783691406],[-98.70499420166016,49.75083923339844],[-98.42916107177734,49.850555419921875],[-98.185546875,49.92277526855469],[-98.04373168945312,50.0]]}},{"type":"Feature","properties":{},"geometry":{"type":"LineString","coordinates":[[-97.7286376953125,50.0],[-97.46472930908203,49.85722351074219],[-97.10943603515625,49.87611389160156]]}},{"type":"Feature","properties":{},"geometry":{"type":"LineString","coordinates":[[-91.0,49.21147155761719],[-90.96888732910156,49.2913818359375],[-90.90666198730469,49.41167449951172],[-90.90055847167969,49.531944274902344],[-90.91055297851562,49.730010986328125],[-90.94667053222656,49.75334167480469]]}},{"type":"Feature","properties":{},"geometry":{"type":"LineString","coordinates":[[-82.1326904296875,49.0],[-82.13444519042969,49.04249572753906],[-82.01805114746094,49.14805603027344],[-82.04861450195312,49.29777526855469],[-82.0,49.39258575439453]]}},{"type":"Feature","properties":{},"geometry":{"type":"LineString","coordinates":[[-77.13999938964844,49.0],[-77.14944458007812,49.070281982421875],[-77.13139343261719,49.157501220703125],[-77.3647232055664,49.441383361816406],[-77.4527816772461,49.606109619140625],[-77.63666534423828,49.807220458984375]]}},{"type":"Feature","properties":{},"geometry":{"type":"LineString","coordinates":[[-73.3244400024414,49.90611267089844],[-73.43193817138672,49.733062744140625],[-73.38195037841797,49.57111358642578],[-73.39916229248047,49.460838317871094],[-73.35611724853516,49.30999755859375],[-73.1744384765625,49.171112060546875],[-73.07943725585938,49.0]]}},{"type":"Feature","properties":{},"geometry":{"type":"LineString","coordinates":[[-68.3455581665039,49.32777404785156],[-68.3822250366211,49.2227783203125],[-68.2955551147461,49.18861389160156]]}},{"type":"Feature","properties":{},"geometry":{"type":"LineString","coordinates":[[-122.0,48.53050994873047],[-122.3505630493164,48.44750213623047],[-122.40583038330078,48.36333465576172],[-122.49944305419922,48.367767333984375]]}},{"type":"Feature","properties":{},"geometry":{"type":"LineString","coordinates":[[-121.11778259277344,48.72222900390625],[-121.45250701904297,48.50804901123047],[-121.7711181640625,48.54749298095703],[-122.0,48.53050994873047]]}},{"type":"Feature","properties":{},"geometry":{"type":"LineString","coordinates":[[-116.0,48.58635711669922],[-116.37749481201172,48.695831298828125],[-116.37944793701172,48.75889587402344],[-116.52361297607422,48.96278381347656],[-116.49944305419922,49.0]]}},{"type":"Feature","properties":{},"geometry":{"type":"LineString","coordinates":[[-115.17826843261719,49.0],[-115.30167388916016,48.76527404785156],[-115.21665954589844,48.552223205566406],[-115.32555389404297,48.3538818359375],[-116.0,48.58635711669922]]}},{"type":"Feature","properties":{},"geometry":{"type":"LineString","coordinates":[[-114.4387435913086,49.0],[-114.13916015625,48.66639709472656],[-114.01971435546875,48.41388702392578],[-114.23833465576172,48.19972229003906],[-114.11416625976562,48.16583251953125],[-114.10665893554688,48.0594482421875]]}},{"type":"Feature","properties":{},"geometry":{"type":"LineString","coordinates":[[-82.7494125366211,48.0],[-82.51944732666016,48.20277404785156],[-82.45667266845703,48.339996337890625],[-82.3227767944336,48.62610626220703],[-82.11555480957031,48.7852783203125],[-82.1326904296875,49.0]]}},{"type":"Feature","properties":{},"geometry":{"type":"LineString","coordinates":[[-76.18666076660156,48.56305694580078],[-76.42444610595703,48.516395568847656],[-76.8880615234375,48.21611022949219],[-77.0,48.28807067871094]]}},{"type":"Feature","properties":{},"geometry":{"type":"LineString","coordinates":[[-75.73665618896484,48.02305603027344],[-75.71166229248047,48.17999267578125],[-75.5502700805664,48.489723205566406],[-75.6333236694336,48.511390686035156]]}},{"type":"Feature","properties":{},"geometry":{"type":"LineString","coordinates":[[-73.0,48.93934631347656],[-72.876953125,48.88221740722656],[-72.68277740478516,48.85945129394531],[-72.62194061279297,48.78694152832031],[-72.3691635131836,48.66056823730469]]}},{"type":"Feature","properties":{},"geometry":{"type":"LineString","coordinates":[[-121.11000061035156,47.585838317871094],[-121.03443908691406,47.48778533935547],[-121.10556030273438,47.32276916503906],[-121.0,47.20637512207031]]}},{"type":"Feature","properties":{},"geometry":{"type":"LineString","coordinates":[[-117.0,47.70680236816406],[-117.52416229248047,47.80610656738281],[-117.65499114990234,47.89277648925781],[-117.84834289550781,47.85833740234375],[-118.0,47.82276916503906]]}},{"type":"Feature","properties":{},"geometry":{"type":"LineString","coordinates":[[-116.0,47.25694274902344],[-116.3691635131836,47.340545654296875],[-116.6191635131836,47.345550537109375],[-116.72415924072266,47.374717712402344],[-116.74749755859375,47.42194366455078]]}},{"type":"Feature","properties":{},"geometry":{"type":"LineString","coordinates":[[-115.12861633300781,47.03916931152344],[-115.22499084472656,47.052215576171875],[-115.30846405029297,47.0]]}},{"type":"Feature","properties":{},"geometry":{"type":"LineString","coordinates":[[-115.34272003173828,47.0],[-115.34444427490234,47.079437255859375],[-115.4141616821289,47.17832946777344],[-115.62638092041016,47.24638366699219],[-116.0,47.25694274902344]]}},{"type":"Feature","properties":{},"geometry":{"type":"LineString","coordinates":[[-114.13360595703125,47.71112060546875],[-114.30167388916016,47.57917022705078],[-114.26778411865234,47.489723205566406],[-114.2861099243164,47.342498779296875],[-114.76526641845703,47.367225646972656]]}},{"type":"Feature","properties":{},"geometry":{"type":"LineString","coordinates":[[-100.41832733154297,47.6986083984375],[-100.0,47.67283630371094]]}},{"type":"Feature","properties":{},"geometry":{"type":"LineString","coordinates":[[-99.77749633789062,47.481666564941406],[-99.80889892578125,47.72889709472656],[-99.30167388916016,47.7388916015625],[-99.08416748046875,47.67973327636719],[-99.0,47.618385314941406]]}},{"type":"Feature","properties":{},"geometry":{"type":"LineString","coordinates":[[-100.0,47.67283630371094],[-99.69666290283203,47.81388854980469],[-99.61804962158203,47.908050537109375],[-99.39916229248047,47.9102783203125],[-99.0,47.8702392578125]]}},{"type":"Feature","properties":{},"geometry":{"type":"LineString","coordinates":[[-99.0,47.618385314941406],[-98.77084350585938,47.520835876464844],[-98.850830078125,47.21055603027344],[-98.77667236328125,47.15110778808594],[-98.70360565185547,47.0]]}},{"type":"Feature","properties":{},"geometry":{"type":"LineString","coordinates":[[-99.0,47.8702392578125],[-98.83860778808594,47.75],[-98.62833404541016,47.79888916015625],[-98.2227783203125,47.73500061035156],[-98.11778259277344,47.587501525878906],[-98.0,47.51757049560547]]}},{"type":"Feature","properties":{},"geometry":{"type":"LineString","coordinates":[[-98.0,47.36193084716797],[-97.96139526367188,47.21055603027344],[-98.0,47.16058349609375]]}},{"type":"Feature","properties":{},"geometry":{"type":"LineString","coordinates":[[-122.0,46.51360321044922],[-122.51166534423828,46.577491760253906],[-122.86195373535156,46.443885803222656],[-122.90361022949219,46.09832763671875]]}},{"type":"Feature","properties":{},"geometry":{"type":"LineString","coordinates":[[-121.3680648803711,46.73167419433594],[-121.54389190673828,46.71556091308594],[-121.77027130126953,46.55443572998047],[-122.0,46.51360321044922]]}},{"type":"Feature","properties":{},"geometry":{"type":"LineString","coordinates":[[-120.5653305053711,47.0],[-120.43444061279297,46.82167053222656],[-120.49527740478516,46.6602783203125],[-120.43999481201172,46.52361297607422],[-120.0,46.24137878417969]]}},{"type":"Feature","properties":{},"geometry":{"type":"LineString","coordinates":[[-120.0,46.24137878417969],[-119.5280532836914,46.29388427734375],[-119.46833038330078,46.3477783203125],[-119.29389190673828,46.283599853515625],[-119.22999572753906,46.26860046386719]]}},{"type":"Feature","properties":{},"geometry":{"type":"LineString","coordinates":[[-116.53839874267578,46.0],[-116.61222076416016,46.04194641113281],[-116.67064666748047,46.0]]}},{"type":"Feature","properties":{},"geometry":{"type":"LineString","coordinates":[[-98.70360565185547,47.0],[-98.56555938720703,46.85221862792969],[-98.54749298095703,46.738616943359375],[-98.53417205810547,46.56945037841797],[-98.42972564697266,46.473060607910156],[-98.27222442626953,46.23777770996094],[-98.15834045410156,46.0]]}},{"type":"Feature","properties":{},"geometry":{"type":"LineString","coordinates":[[-98.0,46.8941650390625],[-97.88583374023438,46.591392517089844],[-97.78889465332031,46.510826110839844],[-97.50305938720703,46.381103515625],[-97.24889373779297,46.53166961669922],[-97.0,46.63818359375]]}},{"type":"Feature","properties":{},"geometry":{"type":"LineString","coordinates":[[-116.0,45.435630798339844],[-116.28556060791016,45.42833709716797],[-116.30500030517578,45.766387939453125],[-116.53839874267578,46.0]]}},{"type":"Feature","properties":{},"geometry":{"type":"LineString","coordinates":[[-116.67064666748047,46.0],[-116.78056335449219,45.86083984375]]}},{"type":"Feature","properties":{},"geometry":{"type":"LineString","coordinates":[[-115.0,45.52051544189453],[-115.19528198242188,45.581947326660156],[-115.4861068725586,45.387779235839844],[-115.78694152832031,45.468605041503906],[-116.0,45.435630798339844]]}},{"type":"Feature","properties":{},"geometry":{"type":"LineString","coordinates":[[-114.0,45.413291931152344],[-114.34223175048828,45.33638000488281],[-114.70166778564453,45.403892517089844],[-115.0,45.52051544189453]]}},{"type":"Feature","properties":{},"geometry":{"type":"LineString","coordinates":[[-113.92813110351562,45.0],[-113.85638427734375,45.23138427734375],[-113.90194702148438,45.35333251953125],[-114.0,45.413291931152344]]}},{"type":"Feature","properties":{},"geometry":{"type":"LineString","coordinates":[[-113.31610870361328,45.17388916015625],[-113.3055648803711,45.305267333984375],[-113.46361541748047,45.50749969482422],[-113.147216796875,45.88250732421875],[-113.0,45.84510803222656]]}},{"type":"Feature","properties":{},"geometry":{"type":"LineString","coordinates":[[-113.0,45.84510803222656],[-112.66971588134766,45.66999816894531],[-112.54694366455078,45.43193817138672],[-112.08528137207031,45.836944580078125],[-112.0,45.851654052734375]]}},{"type":"Feature","properties":{},"geometry":{"type":"LineString","coordinates":[[-112.0,45.851654052734375],[-111.7691650390625,45.79499816894531],[-111.46500396728516,45.9375]]}},{"type":"Feature","properties":{},"geometry":{"type":"LineString","coordinates":[[-108.0,45.31111145019531],[-107.65332794189453,45.649169921875],[-107.55611419677734,45.956939697265625],[-107.49617767333984,46.0]]}},{"type":"Feature","properties":{},"geometry":{"type":"LineString","coordinates":[[-98.15834045410156,46.0],[-98.32056427001953,45.69389343261719],[-98.23304748535156,45.52111053466797],[-98.36278533935547,45.31500244140625],[-98.48278045654297,45.0]]}},{"type":"Feature","properties":{},"geometry":{"type":"LineString","coordinates":[[-96.0,45.09931945800781],[-95.85270690917969,45.0]]}},{"type":"Feature","properties":{},"geometry":{"type":"LineString","coordinates":[[-89.5566635131836,45.83860778808594],[-89.4255599975586,45.64750671386719],[-89.76499938964844,45.474998474121094],[-89.81195068359375,45.258056640625],[-89.6480484008789,45.141387939453125],[-89.63721466064453,45.0]]}},{"type":"Feature","properties":{},"geometry":{"type":"LineString","coordinates":[[-73.3244400024414,45.07695007324219],[-73.27249908447266,45.475563049316406],[-73.20054626464844,45.73445129394531],[-73.14334106445312,46.0]]}},{"type":"Feature","properties":{},"geometry":{"type":"LineString","coordinates":[[-114.82083129882812,44.0],[-114.79945373535156,44.266937255859375],[-114.14888000488281,44.503883361816406],[-114.0,44.71736145019531]]}},{"type":"Feature","properties":{},"geometry":{"type":"LineString","coordinates":[[-108.0,44.360198974609375],[-108.11277770996094,44.604713439941406],[-108.177490234375,44.91888427734375],[-108.24855041503906,45.0]]}},{"type":"Feature","properties":{},"geometry":{"type":"LineString","coordinates":[[-102.30083465576172,44.42945098876953],[-102.12361145019531,44.438331604003906],[-102.0,44.50959014892578]]}},{"type":"Feature","properties":{},"geometry":{"type":"LineString","coordinates":[[-102.0,44.50959014892578],[-101.68138885498047,44.577491760253906],[-101.51917266845703,44.568885803222656],[-101.34583282470703,44.6844482421875],[-101.20944213867188,44.70167541503906]]}},{"type":"Feature","properties":{},"geometry":{"type":"LineString","coordinates":[[-98.48278045654297,45.0],[-98.33167266845703,44.86473083496094],[-98.12916564941406,44.471107482910156],[-98.12527465820312,44.23222351074219],[-98.08583068847656,44.09027099609375],[-98.09909057617188,44.0]]}},{"type":"Feature","properties":{},"geometry":{"type":"LineString","coordinates":[[-95.85270690917969,45.0],[-95.52971649169922,44.80027770996094],[-95.53665924072266,44.76417541503906],[-95.0,44.543296813964844]]}},{"type":"Feature","properties":{},"geometry":{"type":"LineString","coordinates":[[-95.94999694824219,44.16944885253906],[-95.82916259765625,44.22444152832031],[-95.7138900756836,44.1552734375],[-95.6897201538086,44.076385498046875],[-95.5830307006836,44.0]]}},{"type":"Feature","properties":{},"geometry":{"type":"LineString","coordinates":[[-94.0,44.29173278808594],[-93.96499633789062,44.400550842285156],[-93.64777374267578,44.70222473144531],[-93.33222198486328,44.78916931152344],[-93.1583251953125,44.910552978515625]]}},{"type":"Feature","properties":{},"geometry":{"type":"LineString","coordinates":[[-89.63721466064453,45.0],[-89.7300033569336,44.73472595214844],[-89.66693878173828,44.56749725341797],[-89.78666687011719,44.442771911621094],[-89.91221618652344,44.244720458984375]]}},{"type":"Feature","properties":{},"geometry":{"type":"LineString","coordinates":[[-123.0,43.33674621582031],[-123.45166778564453,43.36888885498047],[-123.47722625732422,43.494728088378906],[-123.49222564697266,43.540550231933594],[-123.59806060791016,43.600547790527344],[-123.64527130126953,43.65083312988281],[-123.85777282714844,43.65027618408203],[-124.0,43.707305908203125]]}},{"type":"Feature","properties":{},"geometry":{"type":"LineString","coordinates":[[-122.0,43.275390625],[-122.4241714477539,43.27833557128906],[-122.73110961914062,43.35221862792969],[-123.0,43.33674621582031]]}},{"type":"Feature","properties":{},"geometry":{"type":"LineString","coordinates":[[-109.9727783203125,43.7791748046875],[-109.53194427490234,43.52582550048828],[-109.31583404541016,43.43500518798828],[-109.0,43.25929260253906]]}},{"type":"Feature","properties":{},"geometry":{"type":"LineString","coordinates":[[-108.1602783203125,43.416664123535156],[-108.20555114746094,43.625282287597656],[-108.17555236816406,43.847503662109375],[-108.0,43.95916748046875]]}},{"type":"Feature","properties":{},"geometry":{"type":"LineString","coordinates":[[-109.0,43.25929260253906],[-108.45471954345703,43.0513916015625],[-108.3072280883789,43.14332580566406],[-108.18305969238281,43.13471984863281],[-108.16471862792969,43.21971130371094]]}},{"type":"Feature","properties":{},"geometry":{"type":"LineString","coordinates":[[-104.0,43.443809509277344],[-103.5869369506836,43.271942138671875],[-103.5938949584961,43.320556640625],[-103.3455581665039,43.415000915527344],[-103.0958251953125,43.487220764160156],[-103.0,43.612037658691406]]}},{"type":"Feature","properties":{},"geometry":{"type":"LineString","coordinates":[[-103.0,43.606109619140625],[-102.81584167480469,43.67279052734375],[-102.69693756103516,43.7852783203125],[-102.65833282470703,43.88639831542969],[-102.46192169189453,44.0]]}},{"type":"Feature","properties":{},"geometry":{"type":"LineString","coordinates":[[-98.0,43.75968933105469],[-97.82278442382812,43.578330993652344],[-97.6319351196289,43.34832763671875],[-97.36945343017578,43.043609619140625],[-97.3611831665039,43.0]]}},{"type":"Feature","properties":{},"geometry":{"type":"LineString","coordinates":[[-95.5830307006836,44.0],[-95.3616714477539,43.85221862792969],[-95.20277404785156,43.92250061035156],[-95.09721374511719,43.82861328125],[-95.0,43.608375549316406]]}},{"type":"Feature","properties":{},"geometry":{"type":"LineString","coordinates":[[-90.0,43.20103454589844],[-90.07527160644531,43.15443420410156],[-90.32305145263672,43.211669921875],[-90.57471466064453,43.21333312988281],[-91.0,43.037628173828125]]}},{"type":"Feature","properties":{},"geometry":{"type":"LineString","coordinates":[[-89.94223022460938,43.85166931152344],[-89.4463882446289,43.50611114501953],[-89.71277618408203,43.359710693359375],[-90.0,43.20103454589844]]}},{"type":"Feature","properties":{},"geometry":{"type":"LineString","coordinates":[[-85.53705596923828,43.0],[-85.59833526611328,43.06333923339844],[-85.66724395751953,43.0]]}},{"type":"Feature","properties":{},"geometry":{"type":"LineString","coordinates":[[-111.0,42.16786193847656],[-111.14944458007812,42.149444580078125],[-111.29138946533203,42.27137756347656],[-111.40999603271484,42.53388214111328],[-111.63777923583984,42.66667175292969],[-111.76667022705078,42.48694610595703],[-111.69611358642578,42.321380615234375],[-111.89056396484375,42.14250183105469],[-111.9072265625,42.0]]}},{"type":"Feature","properties":{},"geometry":{"type":"LineString","coordinates":[[-97.3611831665039,43.0],[-97.33499908447266,42.91221618652344],[-97.28417205810547,42.8800048828125]]}},{"type":"Feature","properties":{},"geometry":{"type":"LineString","coordinates":[[-94.54874420166016,43.0],[-94.44916534423828,42.8941650390625],[-94.23332977294922,42.7227783203125],[-94.23639678955078,42.59528350830078],[-94.0,42.33604431152344]]}},{"type":"Feature","properties":{},"geometry":{"type":"LineString","coordinates":[[-94.0,42.33604431152344],[-93.991943359375,42.242767333984375],[-93.9375,42.11860656738281],[-93.90354919433594,42.0]]}},{"type":"Feature","properties":{},"geometry":{"type":"LineString","coordinates":[[-85.0,42.98466491699219],[-85.39972686767578,42.929443359375],[-85.53705596923828,43.0]]}},{"type":"Feature","properties":{},"geometry":{"type":"LineString","coordinates":[[-84.17027282714844,42.225555419921875],[-84.40555572509766,42.24137878417969],[-84.5552749633789,42.403892517089844],[-84.6513900756836,42.51360321044922],[-84.64749908447266,42.66639709472656],[-84.93583679199219,42.81138610839844],[-84.931396484375,42.908050537109375],[-85.0,42.98466491699219]]}},{"type":"Feature","properties":{},"geometry":{"type":"LineString","coordinates":[[-117.4769515991211,41.0],[-117.59915924072266,41.0494384765625],[-117.70771026611328,41.0]]}},{"type":"Feature","properties":{},"geometry":{"type":"LineString","coordinates":[[-111.0,41.527503967285156],[-111.11000061035156,41.537498474121094],[-111.13777160644531,41.65556335449219],[-111.0,41.87214660644531]]}},{"type":"Feature","properties":{},"geometry":{"type":"LineString","coordinates":[[-111.9072265625,42.0],[-111.9183349609375,41.961944580078125],[-111.86000061035156,41.90361022949219],[-111.88583374023438,41.826385498046875],[-112.0,41.866668701171875]]}},{"type":"Feature","properties":{},"geometry":{"type":"LineString","coordinates":[[-110.85218811035156,41.0],[-110.92416381835938,41.05250549316406],[-110.88221740722656,41.21083068847656],[-110.99861145019531,41.32720947265625],[-111.0,41.40119934082031]]}},{"type":"Feature","properties":{},"geometry":{"type":"LineString","coordinates":[[-102.17916870117188,41.0],[-102.0,41.0740966796875]]}},{"type":"Feature","properties":{},"geometry":{"type":"LineString","coordinates":[[-93.90354919433594,42.0],[-93.70194244384766,41.74082946777344],[-93.41056060791016,41.494163513183594],[-93.07972717285156,41.403053283691406],[-93.0,41.37554168701172]]}},{"type":"Feature","properties":{},"geometry":{"type":"LineString","coordinates":[[-124.0,40.454444885253906],[-124.068603515625,40.507225036621094],[-124.1583251953125,40.603050231933594],[-124.28778839111328,40.643341064453125]]}},{"type":"Feature","properties":{},"geometry":{"type":"LineString","coordinates":[[-123.44019317626953,40.0],[-123.60721588134766,40.176666259765625],[-123.73194122314453,40.31999206542969],[-123.91305541992188,40.42583465576172],[-124.0,40.454444885253906]]}},{"type":"Feature","properties":{},"geometry":{"type":"LineString","coordinates":[[-118.30306243896484,40.505836486816406],[-118.3036117553711,40.39277648925781],[-118.4366683959961,40.19166564941406],[-118.40277862548828,40.0958251953125],[-118.59305572509766,40.0]]}},{"type":"Feature","properties":{},"geometry":{"type":"LineString","coordinates":[[-117.0,40.77833557128906],[-117.28064727783203,41.0]]}},{"type":"Feature","properties":{},"geometry":{"type":"LineString","coordinates":[[-116.0,40.73771667480469],[-116.20693969726562,40.592491149902344],[-116.4705581665039,40.60722351074219],[-116.86250305175781,40.66972351074219],[-117.0,40.77833557128906]]}},{"type":"Feature","properties":{},"geometry":{"type":"LineString","coordinates":[[-115.38964080810547,41.0],[-115.64693450927734,40.9324951171875],[-115.94972229003906,40.721954345703125],[-116.0,40.73771667480469]]}},{"type":"Feature","properties":{},"geometry":{"type":"LineString","coordinates":[[-104.80091857910156,40.0],[-104.836669921875,40.278045654296875],[-104.57721710205078,40.41777801513672],[-104.25638580322266,40.30360412597656],[-104.0,40.35276794433594]]}},{"type":"Feature","properties":{},"geometry":{"type":"LineString","coordinates":[[-104.0,40.35276794433594],[-103.59166717529297,40.29693603515625],[-103.08555603027344,40.73194885253906],[-103.0,40.76744079589844]]}},{"type":"Feature","properties":{},"geometry":{"type":"LineString","coordinates":[[-101.5300521850586,40.0],[-101.3294448852539,40.116943359375],[-101.0,40.1654052734375]]}},{"type":"Feature","properties":{},"geometry":{"type":"LineString","coordinates":[[-99.99667358398438,40.2913818359375],[-99.5875015258789,40.2288818359375],[-99.47611236572266,40.11833190917969],[-99.32750701904297,40.08221435546875],[-99.0,40.07734680175781]]}},{"type":"Feature","properties":{},"geometry":{"type":"LineString","coordinates":[[-99.0,40.07734680175781],[-98.41638946533203,40.072784423828125],[-98.0,40.005096435546875]]}},{"type":"Feature","properties":{},"geometry":{"type":"LineString","coordinates":[[-92.0,40.79646301269531],[-91.99028015136719,40.72084045410156],[-91.78111267089844,40.690277099609375],[-91.43999481201172,40.376670837402344]]}},{"type":"Feature","properties":{},"geometry":{"type":"LineString","coordinates":[[-81.87158203125,41.0],[-81.77972412109375,40.964996337890625],[-81.52721405029297,40.836669921875],[-81.40833282470703,40.56861114501953],[-81.3883285522461,40.411949157714844],[-81.84750366210938,40.28887939453125],[-82.0,40.11212158203125]]}},{"type":"Feature","properties":{},"geometry":{"type":"LineString","coordinates":[[-123.0,39.40459442138672],[-123.12222290039062,39.48888397216797],[-123.44306182861328,39.91749572753906],[-123.44019317626953,40.0]]}},{"type":"Feature","properties":{},"geometry":{"type":"LineString","coordinates":[[-121.0,39.82659912109375],[-121.24943542480469,39.7086181640625],[-121.27722930908203,39.606666564941406],[-121.3616714477539,39.570274353027344]]}},{"type":"Feature","properties":{},"geometry":{"type":"LineString","coordinates":[[-120.19332885742188,39.984161376953125],[-120.20639038085938,39.78944396972656],[-120.56749725341797,39.75166320800781],[-120.806396484375,39.87361145019531],[-121.0,39.82659912109375]]}},{"type":"Feature","properties":{},"geometry":{"type":"LineString","coordinates":[[-106.08360290527344,39.36888885498047],[-106.03778076171875,39.345001220703125],[-106.04666137695312,39.291656494140625],[-106.0,39.23457336425781]]}},{"type":"Feature","properties":{},"geometry":{"type":"LineString","coordinates":[[-105.33980560302734,39.0],[-105.17916870117188,39.28388977050781],[-105.11721801757812,39.47777557373047],[-105.0,39.64402770996094]]}},{"type":"Feature","properties":{},"geometry":{"type":"LineString","coordinates":[[-105.0,39.749420166015625],[-104.80091857910156,40.0]]}},{"type":"Feature","properties":{},"geometry":{"type":"LineString","coordinates":[[-97.94766235351562,40.0],[-97.72582244873047,39.618614196777344],[-97.4719467163086,39.605552673339844],[-97.19972229003906,39.411949157714844],[-97.0,39.25712585449219]]}},{"type":"Feature","properties":{},"geometry":{"type":"LineString","coordinates":[[-97.0,39.25712585449219],[-96.81500244140625,39.05999755859375],[-96.33556365966797,39.16722106933594],[-96.0,39.12297058105469]]}},{"type":"Feature","properties":{},"geometry":{"type":"LineString","coordinates":[[-94.91000366210938,39.0],[-94.86721801757812,39.05194091796875],[-94.70360565185547,39.098052978515625],[-94.63639068603516,39.079437255859375],[-94.6116714477539,39.114715576171875]]}},{"type":"Feature","properties":{},"geometry":{"type":"LineString","coordinates":[[-82.0,39.917938232421875],[-81.90666198730469,39.73445129394531],[-81.70027923583984,39.592491149902344],[-81.57111358642578,39.558616638183594],[-81.50000762939453,39.477500915527344],[-81.47028350830078,39.409996032714844]]}},{"type":"Feature","properties":{},"geometry":{"type":"LineString","coordinates":[[-105.66022491455078,39.0],[-105.45000457763672,38.90388488769531],[-105.33980560302734,39.0]]}},{"type":"Feature","properties":{},"geometry":{"type":"LineString","coordinates":[[-96.0,38.56934356689453],[-95.56945037841797,38.526939392089844],[-95.29222869873047,38.616668701171875],[-95.0,38.52027130126953]]}},{"type":"Feature","properties":{},"geometry":{"type":"LineString","coordinates":[[-95.24823760986328,39.0],[-95.09832763671875,38.961944580078125],[-95.01356506347656,39.0]]}},{"type":"Feature","properties":{},"geometry":{"type":"LineString","coordinates":[[-95.0,38.52027130126953],[-94.83111572265625,38.49750518798828],[-94.78416442871094,38.385841369628906],[-94.77694702148438,38.35221862792969],[-94.4477767944336,38.192779541015625],[-94.24777221679688,38.026947021484375],[-94.0,38.00108337402344]]}},{"type":"Feature","properties":{},"geometry":{"type":"LineString","coordinates":[[-93.80955505371094,38.0],[-93.63277435302734,38.1744384765625],[-93.57166290283203,38.21943664550781],[-93.49694061279297,38.20805358886719],[-93.43111419677734,38.271942138671875],[-93.3055648803711,38.26666259765625],[-93.06944274902344,38.26582336425781],[-93.0,38.208984375]]}},{"type":"Feature","properties":{},"geometry":{"type":"LineString","coordinates":[[-93.0,38.208984375],[-92.96249389648438,38.16139221191406],[-92.80332946777344,38.114715576171875],[-92.74278259277344,38.14666748046875],[-92.77166748046875,38.20916748046875],[-92.57500457763672,38.23805236816406],[-92.4080581665039,38.27583312988281],[-92.3052749633789,38.331939697265625],[-92.26582336425781,38.37721252441406],[-92.14999389648438,38.380836486816406],[-92.16749572753906,38.464439392089844],[-92.038330078125,38.56000518798828]]}},{"type":"Feature","properties":{},"geometry":{"type":"LineString","coordinates":[[-84.83885192871094,38.0],[-84.89944458007812,38.25999450683594],[-84.89389038085938,38.40721893310547],[-84.95944213867188,38.435279846191406],[-85.0,38.51093292236328]]}},{"type":"Feature","properties":{},"geometry":{"type":"LineString","coordinates":[[-82.0,38.77239990234375],[-82.14805603027344,38.841949462890625]]}},{"type":"Feature","properties":{},"geometry":{"type":"LineString","coordinates":[[-81.02317810058594,38.0],[-81.18527221679688,38.16166687011719],[-81.3808364868164,38.212493896484375],[-81.5616683959961,38.321380615234375],[-81.83612060546875,38.503883361816406],[-82.0,38.597503662109375]]}},{"type":"Feature","properties":{},"geometry":{"type":"LineString","coordinates":[[-79.38611602783203,38.39611053466797],[-79.6383285522461,38.09638977050781],[-79.62706756591797,38.0]]}},{"type":"Feature","properties":{},"geometry":{"type":"LineString","coordinates":[[-110.0,37.224273681640625],[-110.39472198486328,37.288604736328125],[-110.68277740478516,37.26611328125],[-110.64722442626953,37.2227783203125]]}},{"type":"Feature","properties":{},"geometry":{"type":"LineString","coordinates":[[-109.0,37.00569152832031],[-109.39167022705078,37.29472351074219],[-109.85777282714844,37.157501220703125],[-110.0,37.224273681640625]]}},{"type":"Feature","properties":{},"geometry":{"type":"LineString","coordinates":[[-107.0,37.19007873535156],[-107.04277038574219,37.095001220703125],[-107.14082336425781,37.0211181640625],[-107.3802261352539,37.0]]}},{"type":"Feature","properties":{},"geometry":{"type":"LineString","coordinates":[[-87.0,37.33795166015625],[-87.11416625976562,37.33526611328125],[-87.36527252197266,37.536949157714844],[-87.49250030517578,37.61804962158203],[-87.41333770751953,37.6864013671875],[-87.27584075927734,37.78306579589844],[-87.42194366455078,37.90472412109375],[-87.50556182861328,37.915283203125]]}},{"type":"Feature","properties":{},"geometry":{"type":"LineString","coordinates":[[-86.0,37.24028015136719],[-86.23055267333984,37.21083068847656],[-86.34944915771484,37.18305969238281],[-86.49500274658203,37.18888854980469],[-86.79972839355469,37.34165954589844],[-86.8477783203125,37.25054931640625],[-86.97805786132812,37.266387939453125],[-87.0,37.33795166015625]]}},{"type":"Feature","properties":{},"geometry":{"type":"LineString","coordinates":[[-85.0,37.2252197265625],[-85.26499938964844,37.236114501953125],[-85.45360565185547,37.27915954589844],[-85.58306121826172,37.29832458496094],[-85.75694274902344,37.312774658203125],[-86.0,37.24028015136719]]}},{"type":"Feature","properties":{},"geometry":{"type":"LineString","coordinates":[[-84.0,37.70234680175781],[-84.10249328613281,37.760009765625],[-84.2961196899414,37.910003662109375],[-84.38611602783203,37.850555419921875],[-84.4769515991211,37.79278564453125],[-84.71749114990234,37.80694580078125],[-84.81111145019531,37.89361572265625],[-84.83885192871094,38.0]]}},{"type":"Feature","properties":{},"geometry":{"type":"LineString","coordinates":[[-84.66472625732422,37.45000457763672],[-84.94444274902344,37.3155517578125],[-85.0,37.2252197265625]]}},{"type":"Feature","properties":{},"geometry":{"type":"LineString","coordinates":[[-83.0,37.136993408203125],[-83.19805908203125,37.282501220703125],[-83.36139678955078,37.33221435546875],[-83.35334014892578,37.52027130126953],[-83.58333587646484,37.64500427246094],[-83.86416625976562,37.60694122314453],[-84.0,37.70234680175781]]}},{"type":"Feature","properties":{},"geometry":{"type":"LineString","coordinates":[[-81.0,37.83416748046875],[-81.09333801269531,37.858062744140625],[-81.03611755371094,37.91639709472656],[-81.08250427246094,37.96527099609375],[-81.02317810058594,38.0]]}},{"type":"Feature","properties":{},"geometry":{"type":"LineString","coordinates":[[-80.6963882446289,37.0],[-80.58777618408203,37.12638854980469],[-80.55472564697266,37.17388916015625],[-80.60027313232422,37.201934814453125],[-80.70055389404297,37.36277770996094],[-80.85528564453125,37.388885498046875],[-80.83139038085938,37.517494201660156],[-80.8941650390625,37.77667236328125],[-81.0,37.83416748046875]]}},{"type":"Feature","properties":{},"geometry":{"type":"LineString","coordinates":[[-79.62706756591797,38.0],[-79.72472381591797,37.798065185546875],[-79.72056579589844,37.55249786376953],[-79.4433364868164,37.62556457519531],[-79.0,37.429481506347656]]}},{"type":"Feature","properties":{},"geometry":{"type":"LineString","coordinates":[[-79.0,37.429481506347656],[-78.8155517578125,37.635284423828125],[-78.6227798461914,37.74278259277344],[-78.2411117553711,37.69500732421875],[-78.09416198730469,37.6683349609375],[-78.0,37.634918212890625]]}},{"type":"Feature","properties":{},"geometry":{"type":"LineString","coordinates":[[-78.0,37.634918212890625],[-77.91722106933594,37.6875],[-77.43000030517578,37.52361297607422],[-77.24694061279297,37.34332275390625]]}},{"type":"Feature","properties":{},"geometry":{"type":"LineString","coordinates":[[-119.0,36.86866760253906],[-119.25749969482422,36.86555480957031],[-119.4483413696289,36.60277557373047],[-119.62389373779297,36.434165954589844],[-120.0,36.48902130126953]]}},{"type":"Feature","properties":{},"geometry":{"type":"LineString","coordinates":[[-108.0,36.70307922363281],[-108.66194915771484,36.78277587890625],[-108.78611755371094,36.883331298828125],[-108.91389465332031,36.908050537109375],[-108.99153137207031,37.0]]}},{"type":"Feature","properties":{},"geometry":{"type":"LineString","coordinates":[[-107.3802261352539,37.0],[-107.59444427490234,36.81361389160156],[-107.85389709472656,36.700286865234375],[-108.0,36.70307922363281]]}},{"type":"Feature","properties":{},"geometry":{"type":"LineString","coordinates":[[-99.0,36.036529541015625],[-98.92889404296875,36.051666259765625],[-98.85514831542969,36.0]]}},{"type":"Feature","properties":{},"geometry":{"type":"LineString","coordinates":[[-94.00971984863281,36.0],[-94.07333374023438,36.10472106933594],[-94.02444458007812,36.105560302734375],[-94.04472351074219,36.15165710449219],[-94.0,36.16239929199219]]}},{"type":"Feature","properties":{},"geometry":{"type":"LineString","coordinates":[[-94.0,36.16986083984375],[-94.05278015136719,36.278045654296875],[-94.03388977050781,36.35554504394531],[-94.0,36.359283447265625]]}},{"type":"Feature","properties":{},"geometry":{"type":"LineString","coordinates":[[-94.0,36.359283447265625],[-93.90028381347656,36.403892517089844],[-93.56278228759766,36.58277130126953],[-93.52249908447266,36.57111358642578],[-93.4669418334961,36.594444274902344],[-93.38111114501953,36.570838928222656],[-93.26721954345703,36.61000061035156],[-93.1522216796875,36.659454345703125],[-93.04249572753906,36.63694763183594],[-93.0,36.48345184326172]]}},{"type":"Feature","properties":{},"geometry":{"type":"LineString","coordinates":[[-93.0,36.48345184326172],[-92.84611511230469,36.46833038330078],[-92.71887969970703,36.47028350830078],[-92.63054656982422,36.465553283691406],[-92.55944061279297,36.39916229248047],[-92.5374984741211,36.34443664550781],[-92.47583770751953,36.258056640625],[-92.30805206298828,36.226104736328125],[-92.06805419921875,36.05055236816406],[-92.09617614746094,36.0]]}},{"type":"Feature","properties":{},"geometry":{"type":"LineString","coordinates":[[-81.64415740966797,36.20721435546875],[-81.5905532836914,36.28694152832031],[-81.42610931396484,36.35499572753906],[-81.40027618408203,36.406394958496094],[-81.34806060791016,36.54444122314453],[-81.21583557128906,36.59972381591797],[-81.04527282714844,36.608055114746094],[-81.0,36.66700744628906]]}},{"type":"Feature","properties":{},"geometry":{"type":"LineString","coordinates":[[-81.0,36.66700744628906],[-80.99333190917969,36.69416809082031],[-80.9324951171875,36.848052978515625],[-80.6963882446289,37.0]]}},{"type":"Feature","properties":{},"geometry":{"type":"LineString","coordinates":[[-79.99888610839844,36.1663818359375],[-79.5838851928711,36.255828857421875],[-79.37027740478516,36.09056091308594],[-79.35027313232422,36.0]]}},{"type":"Feature","properties":{},"geometry":{"type":"LineString","coordinates":[[-105.5233383178711,35.97528076171875],[-105.62444305419922,35.504173278808594],[-105.34500885009766,35.27166748046875],[-105.06611633300781,35.17332458496094],[-105.0,35.18965148925781]]}},{"type":"Feature","properties":{},"geometry":{"type":"LineString","coordinates":[[-105.0,35.18965148925781],[-104.93388366699219,35.200836181640625],[-104.69249725341797,35.06666564941406],[-104.63860321044922,35.084442138671875],[-104.66065216064453,35.0]]}},{"type":"Feature","properties":{},"geometry":{"type":"LineString","coordinates":[[-104.31414031982422,36.0],[-104.3586196899414,35.743896484375],[-104.4000015258789,35.716949462890625],[-104.2750015258789,35.63971710205078],[-104.21083068847656,35.545555114746094]]}},{"type":"Feature","properties":{},"geometry":{"type":"LineString","coordinates":[[-103.41361236572266,35.368064880371094],[-103.33777618408203,35.405006408691406],[-103.08528137207031,35.37083435058594],[-103.0,35.400611877441406]]}},{"type":"Feature","properties":{},"geometry":{"type":"LineString","coordinates":[[-104.0,35.354827880859375],[-103.85360717773438,35.30943298339844],[-103.81111145019531,35.34638977050781],[-103.71805572509766,35.318878173828125],[-103.5858383178711,35.35944366455078]]}},{"type":"Feature","properties":{},"geometry":{"type":"LineString","coordinates":[[-103.0,35.400611877441406],[-102.92694091796875,35.41222381591797],[-102.87333679199219,35.48583221435547],[-102.3616714477539,35.55583953857422],[-102.0,35.46002960205078]]}},{"type":"Feature","properties":{},"geometry":{"type":"LineString","coordinates":[[-102.0,35.46002960205078],[-101.81666564941406,35.482505798339844]]}},{"type":"Feature","properties":{},"geometry":{"type":"LineString","coordinates":[[-99.99833679199219,35.88444519042969],[-99.91000366210938,35.915557861328125],[-99.88542175292969,36.0]]}},{"type":"Feature","properties":{},"geometry":{"type":"LineString","coordinates":[[-99.80305480957031,36.0],[-99.7933349609375,35.91749572753906],[-99.63582611083984,35.85389709472656],[-99.54888153076172,35.8780517578125],[-99.46649932861328,36.0]]}},{"type":"Feature","properties":{},"geometry":{"type":"LineString","coordinates":[[-99.27111053466797,36.0],[-99.21888732910156,35.91444396972656],[-99.1361083984375,35.87306213378906],[-99.0494384765625,35.90972900390625],[-99.02018737792969,36.0]]}},{"type":"Feature","properties":{},"geometry":{"type":"LineString","coordinates":[[-98.85514831542969,36.0],[-98.48027801513672,35.573890686035156],[-98.30278778076172,35.545555114746094],[-98.0,35.37239074707031]]}},{"type":"Feature","properties":{},"geometry":{"type":"LineString","coordinates":[[-98.0,35.37239074707031],[-97.54944610595703,35.30888366699219],[-97.54332733154297,35.244720458984375],[-97.34278106689453,35.078887939453125],[-97.34972381591797,35.0]]}},{"type":"Feature","properties":{},"geometry":{"type":"LineString","coordinates":[[-96.0,35.12229919433594],[-95.44693756103516,35.30999755859375],[-95.2336196899414,35.272216796875],[-95.05833435058594,35.45861053466797]]}},{"type":"Feature","properties":{},"geometry":{"type":"LineString","coordinates":[[-92.0,35.93304443359375],[-91.868896484375,35.78584289550781],[-91.66889190673828,35.763885498046875],[-91.49889373779297,35.645843505859375],[-91.30695343017578,35.54778289794922],[-91.33556365966797,35.46111297607422],[-91.39139556884766,35.209442138671875],[-91.43111419677734,35.10972595214844],[-91.48896026611328,35.0]]}},{"type":"Feature","properties":{},"geometry":{"type":"LineString","coordinates":[[-79.35027313232422,36.0],[-79.12026977539062,35.750274658203125],[-79.0,35.54730987548828]]}},{"type":"Feature","properties":{},"geometry":{"type":"LineString","coordinates":[[-79.0,35.54730987548828],[-78.68000030517578,35.28749084472656],[-78.72277069091797,35.18305969238281],[-78.84194946289062,35.12971496582031],[-78.84965515136719,35.0]]}},{"type":"Feature","properties":{},"geometry":{"type":"LineString","coordinates":[[-104.66065216064453,35.0],[-104.52555084228516,34.79194641113281],[-104.38555145263672,34.55693817138672],[-104.17027282714844,34.404441833496094],[-104.19139099121094,34.25444030761719],[-104.27242279052734,34.0]]}},{"type":"Feature","properties":{},"geometry":{"type":"LineString","coordinates":[[-97.34972381591797,35.0],[-97.29889678955078,34.961395263671875],[-97.0,34.92138671875]]}},{"type":"Feature","properties":{},"geometry":{"type":"LineString","coordinates":[[-97.0,34.92138671875],[-96.71082305908203,34.87278747558594],[-96.51250457763672,34.89305114746094],[-96.3591079711914,35.0]]}},{"type":"Feature","properties":{},"geometry":{"type":"LineString","coordinates":[[-91.48896026611328,35.0],[-91.32250213623047,34.67222595214844],[-91.05722045898438,34.34138488769531],[-91.18861389160156,34.078887939453125],[-91.16026306152344,34.0]]}},{"type":"Feature","properties":{},"geometry":{"type":"LineString","coordinates":[[-90.0,34.723602294921875],[-90.23639678955078,34.71028137207031],[-90.31555938720703,34.51610565185547],[-90.38639068603516,34.426109313964844],[-90.2991714477539,34.37916564941406],[-90.23388671875,34.21888732910156],[-90.19667053222656,34.0]]}},{"type":"Feature","properties":{},"geometry":{"type":"LineString","coordinates":[[-88.27973175048828,34.69972229003906],[-88.31221771240234,34.497215270996094],[-88.42833709716797,34.264434814453125],[-88.5138168334961,34.0]]}},{"type":"Feature","properties":{},"geometry":{"type":"LineString","coordinates":[[-81.47272491455078,35.0],[-81.47834014892578,34.72833251953125],[-81.3902816772461,34.381385803222656],[-81.16694641113281,34.16082763671875],[-81.04864501953125,34.0]]}},{"type":"Feature","properties":{},"geometry":{"type":"LineString","coordinates":[[-78.84965515136719,35.0],[-78.77084350585938,34.95916748046875],[-78.77888488769531,34.739166259765625],[-78.32500457763672,34.409996032714844],[-78.05860900878906,34.33638000488281],[-78.0,34.278045654296875]]}},{"type":"Feature","properties":{},"geometry":{"type":"LineString","coordinates":[[-110.0,33.08470153808594],[-110.15277099609375,33.177490234375],[-110.36222076416016,33.20555114746094],[-110.61527252197266,33.141937255859375],[-110.74817657470703,33.0]]}},{"type":"Feature","properties":{},"geometry":{"type":"LineString","coordinates":[[-110.0,33.587379455566406],[-110.55388641357422,33.84416198730469],[-110.77639770507812,33.642494201660156],[-110.95472717285156,33.6541748046875]]}},{"type":"Feature","properties":{},"geometry":{"type":"LineString","coordinates":[[-109.33000946044922,33.773895263671875],[-109.76055145263672,33.48082733154297],[-109.88389587402344,33.576942443847656],[-110.0,33.587379455566406]]}},{"type":"Feature","properties":{},"geometry":{"type":"LineString","coordinates":[[-108.12693786621094,33.673065185546875],[-108.08528137207031,33.427772521972656],[-108.15611267089844,33.24082946777344],[-108.29778289794922,33.059173583984375],[-108.54293060302734,33.0]]}},{"type":"Feature","properties":{},"geometry":{"type":"LineString","coordinates":[[-104.27242279052734,34.0],[-104.34639739990234,33.629730224609375],[-104.25444030761719,33.046112060546875],[-104.32364654541016,33.0]]}},{"type":"Feature","properties":{},"geometry":{"type":"LineString","coordinates":[[-101.66388702392578,33.537498474121094],[-101.29027557373047,33.2208251953125],[-101.13444519042969,33.13139343261719],[-101.0,33.14312744140625]]}},{"type":"Feature","properties":{},"geometry":{"type":"LineString","coordinates":[[-101.0,33.14312744140625],[-100.96194458007812,33.10777282714844],[-100.77610778808594,33.08833312988281],[-100.78334045410156,33.0574951171875],[-100.68444061279297,33.0]]}},{"type":"Feature","properties":{},"geometry":{"type":"LineString","coordinates":[[-100.91082763671875,33.24638366699219],[-100.77444458007812,33.2127685546875],[-100.58028411865234,33.1361083984375],[-100.4044418334961,33.28193664550781],[-100.3072280883789,33.378326416015625],[-100.05000305175781,33.26055908203125],[-100.0,33.2471923828125]]}},{"type":"Feature","properties":{},"geometry":{"type":"LineString","coordinates":[[-99.99916076660156,33.06361389160156],[-99.9969482421875,33.2691650390625],[-99.56360626220703,33.578880310058594],[-99.20944213867188,33.464439392089844],[-99.03999328613281,33.356658935546875],[-99.0,33.374908447265625]]}},{"type":"Feature","properties":{},"geometry":{"type":"LineString","coordinates":[[-99.0,33.374908447265625],[-98.88417053222656,33.23222351074219],[-98.70055389404297,33.13360595703125],[-98.71887969970703,33.06611633300781],[-98.63715362548828,33.0]]}},{"type":"Feature","properties":{},"geometry":{"type":"LineString","coordinates":[[-90.19667053222656,34.0],[-90.18499755859375,33.77610778808594],[-90.27417755126953,33.69111633300781],[-90.22111511230469,33.6541748046875],[-90.21665954589844,33.59972381591797],[-90.18499755859375,33.538047790527344],[-90.22138977050781,33.413612365722656],[-90.29195404052734,33.326934814453125],[-90.28333282470703,33.296661376953125],[-90.23193359375,33.190826416015625],[-90.2780532836914,33.11778259277344],[-90.36132049560547,33.0]]}},{"type":"Feature","properties":{},"geometry":{"type":"LineString","coordinates":[[-88.5138168334961,34.0],[-88.48639678955078,33.79417419433594],[-88.4236068725586,33.480552673339844],[-88.30083465576172,33.29638671875],[-88.29277801513672,33.133880615234375],[-88.19667053222656,33.08277893066406],[-88.17167663574219,33.0]]}},{"type":"Feature","properties":{},"geometry":{"type":"LineString","coordinates":[[-83.52445220947266,34.0],[-83.28833770751953,33.79417419433594],[-83.14666748046875,33.318878173828125],[-83.26917266845703,33.19416809082031],[-83.19248962402344,33.029449462890625],[-83.12123107910156,33.0]]}},{"type":"Feature","properties":{},"geometry":{"type":"LineString","coordinates":[[-80.16806030273438,33.455833435058594],[-80.0,33.505775451660156]]}},{"type":"Feature","properties":{},"geometry":{"type":"LineString","coordinates":[[-109.0,32.68701171875],[-109.22000122070312,32.94361877441406],[-109.50666046142578,32.869171142578125],[-109.91305541992188,33.0]]}},{"type":"Feature","properties":{},"geometry":{"type":"LineString","coordinates":[[-108.54293060302734,33.0],[-108.5844497680664,32.79695129394531],[-108.85528564453125,32.63999938964844],[-109.0,32.68701171875]]}},{"type":"Feature","properties":{},"geometry":{"type":"LineString","coordinates":[[-104.32917022705078,32.60027313232422],[-104.33222198486328,32.52165985107422],[-104.24943542480469,32.45610809326172],[-104.07638549804688,32.359161376953125],[-104.03443908691406,32.33526611328125],[-104.0,32.22721862792969]]}},{"type":"Feature","properties":{},"geometry":{"type":"LineString","coordinates":[[-101.12472534179688,32.580833435058594],[-101.02944946289062,32.566673278808594],[-101.0,32.51311492919922]]}},{"type":"Feature","properties":{},"geometry":{"type":"LineString","coordinates":[[-101.0,32.51311492919922],[-100.93472290039062,32.455833435058594],[-100.83222961425781,32.33332824707031],[-100.7822265625,32.11250305175781],[-100.65709686279297,32.0]]}},{"type":"Feature","properties":{},"geometry":{"type":"LineString","coordinates":[[-98.51583099365234,33.0],[-98.4497299194336,32.90167236328125],[-98.21611022949219,32.860565185546875],[-98.25332641601562,32.728057861328125],[-98.02888488769531,32.68611145019531],[-98.0,32.633949279785156]]}},{"type":"Feature","properties":{},"geometry":{"type":"LineString","coordinates":[[-98.0,32.633949279785156],[-97.79777526855469,32.55554962158203],[-97.76248931884766,32.47943878173828],[-97.59610748291016,32.364173889160156],[-97.67583465576172,32.23443603515625],[-97.45555877685547,32.18110656738281],[-97.38896942138672,32.0]]}},{"type":"Feature","properties":{},"geometry":{"type":"LineString","coordinates":[[-96.0,32.850189208984375],[-95.63249969482422,32.72056579589844],[-95.49027252197266,32.618324279785156],[-95.0,32.527976989746094]]}},{"type":"Feature","properties":{},"geometry":{"type":"LineString","coordinates":[[-95.0,32.527976989746094],[-94.79055786132812,32.46666717529297],[-94.39167022705078,32.36082458496094],[-94.23944854736328,32.217498779296875],[-94.06326293945312,32.0]]}},{"type":"Feature","properties":{},"geometry":{"type":"LineString","coordinates":[[-90.36132049560547,33.0],[-90.4000015258789,32.945556640625],[-90.44527435302734,32.83612060546875],[-90.53083038330078,32.71221923828125],[-90.7155532836914,32.67889404296875],[-90.79167175292969,32.573890686035156],[-90.93167114257812,32.44110870361328],[-90.91471862792969,32.33665466308594]]}},{"type":"Feature","properties":{},"geometry":{"type":"LineString","coordinates":[[-88.17167663574219,33.0],[-88.17527770996094,32.83555603027344],[-88.09527587890625,32.77555847167969],[-88.0413818359375,32.68778991699219],[-88.0,32.604087829589844]]}},{"type":"Feature","properties":{},"geometry":{"type":"LineString","coordinates":[[-88.0,32.285858154296875],[-88.00833129882812,32.158050537109375],[-88.0513916015625,32.07916259765625],[-88.11332702636719,32.05278015136719],[-88.10821533203125,32.0]]}},{"type":"Feature","properties":{},"geometry":{"type":"LineString","coordinates":[[-88.0,32.604087829589844],[-87.83750915527344,32.60193634033203],[-87.84944152832031,32.523338317871094],[-88.0,32.452857971191406]]}},{"type":"Feature","properties":{},"geometry":{"type":"LineString","coordinates":[[-88.0,32.35478973388672],[-87.9244384765625,32.29582214355469],[-88.0,32.285858154296875]]}},{"type":"Feature","properties":{},"geometry":{"type":"LineString","coordinates":[[-103.87722778320312,31.909439086914062],[-103.80305480957031,31.90167236328125],[-103.66304779052734,31.750274658203125],[-103.44861602783203,31.450271606445312],[-103.18527221679688,31.377777099609375],[-103.0,31.383758544921875]]}},{"type":"Feature","properties":{},"geometry":{"type":"LineString","coordinates":[[-103.0,31.383758544921875],[-102.64055633544922,31.32916259765625],[-102.37833404541016,31.085556030273438],[-102.09259033203125,31.0]]}},{"type":"Feature","properties":{},"geometry":{"type":"LineString","coordinates":[[-100.65709686279297,32.0],[-100.56694793701172,31.98028564453125],[-100.24360656738281,31.846389770507812],[-100.0,31.734329223632812]]}},{"type":"Feature","properties":{},"geometry":{"type":"LineString","coordinates":[[-100.0,31.734329223632812],[-99.79945373535156,31.682777404785156],[-99.77583312988281,31.605552673339844],[-99.62833404541016,31.49195098876953],[-99.47972869873047,31.438331604003906],[-99.29889678955078,31.42193603515625],[-99.0,31.482261657714844]]}},{"type":"Feature","properties":{},"geometry":{"type":"LineString","coordinates":[[-99.0,31.482261657714844],[-98.70417022705078,31.431930541992188],[-98.62194061279297,31.36944580078125],[-98.56194305419922,31.32916259765625],[-98.48749542236328,31.169998168945312],[-98.43500518798828,31.113052368164062],[-98.41454315185547,31.0]]}},{"type":"Feature","properties":{},"geometry":{"type":"LineString","coordinates":[[-97.38896942138672,32.0],[-97.2611083984375,31.83111572265625],[-97.12889099121094,31.64221954345703],[-97.0,31.478477478027344]]}},{"type":"Feature","properties":{},"geometry":{"type":"LineString","coordinates":[[-97.0,31.478477478027344],[-96.94667053222656,31.374435424804688],[-96.9677734375,31.311935424804688],[-96.75068664550781,31.0]]}},{"type":"Feature","properties":{},"geometry":{"type":"LineString","coordinates":[[-93.56806182861328,31.193603515625],[-93.53665924072266,31.186111450195312],[-93.56000518798828,31.094161987304688],[-93.51305389404297,31.0352783203125],[-93.5755386352539,31.0]]}},{"type":"Feature","properties":{},"geometry":{"type":"LineString","coordinates":[[-88.07453918457031,32.0],[-88.11360168457031,31.941665649414062],[-88.12638854980469,31.898330688476562],[-88.09361267089844,31.752227783203125],[-88.0,31.556068420410156]]}},{"type":"Feature","properties":{},"geometry":{"type":"LineString","coordinates":[[-88.0,31.556068420410156],[-87.89361572265625,31.352493286132812],[-87.93194580078125,31.230270385742188],[-87.93972778320312,31.145553588867188]]}},{"type":"Feature","properties":{},"geometry":{"type":"LineString","coordinates":[[-110.27361297607422,30.977493286132812],[-110.14443969726562,30.940826416015625],[-110.0,30.737930297851562]]}},{"type":"Feature","properties":{},"geometry":{"type":"LineString","coordinates":[[-110.0,30.50975799560547],[-110.04833984375,30.403045654296875],[-110.20332336425781,30.278335571289062],[-110.23444366455078,30.0927734375],[-110.19964599609375,30.0]]}},{"type":"Feature","properties":{},"geometry":{"type":"LineString","coordinates":[[-101.99305725097656,31.0],[-101.73638153076172,30.665000915527344],[-101.62667083740234,30.55083465576172],[-101.63555145263672,30.356658935546875],[-101.72472381591797,30.285552978515625],[-101.5491714477539,30.127777099609375],[-101.4866714477539,30.0]]}},{"type":"Feature","properties":{},"geometry":{"type":"LineString","coordinates":[[-98.0,30.47895050048828],[-97.89805603027344,30.448890686035156],[-97.76277923583984,30.355270385742188],[-97.70526885986328,30.249725341796875],[-97.6211166381836,30.218048095703125],[-97.41971588134766,30.185546875],[-97.37471771240234,30.193328857421875],[-97.33055877685547,30.080001831054688],[-97.2608413696289,30.031112670898438],[-97.06845092773438,30.0]]}},{"type":"Feature","properties":{},"geometry":{"type":"LineString","coordinates":[[-96.75068664550781,31.0],[-96.56749725341797,30.631935119628906],[-96.26693725585938,30.438888549804688],[-96.16278076171875,30.384445190429688],[-96.08416748046875,30.23193359375],[-96.08219909667969,30.0]]}},{"type":"Feature","properties":{},"geometry":{"type":"LineString","coordinates":[[-93.5755386352539,31.0],[-93.57361602783203,30.89361572265625],[-93.73306274414062,30.54694366455078],[-93.7558364868164,30.341934204101562],[-93.6977767944336,30.145553588867188],[-93.79139709472656,30.0]]}},{"type":"Feature","properties":{},"geometry":{"type":"LineString","coordinates":[[-111.0,29.089935302734375],[-111.17083740234375,29.102783203125],[-111.31501007080078,29.0]]}},{"type":"Feature","properties":{},"geometry":{"type":"LineString","coordinates":[[-110.19964599609375,30.0],[-110.22528076171875,29.848342895507812],[-110.12083435058594,29.54222869873047],[-110.52027130126953,29.372772216796875],[-110.87527465820312,29.096389770507812]]}},{"type":"Feature","properties":{},"geometry":{"type":"LineString","coordinates":[[-108.21495056152344,29.0],[-108.3486099243164,29.22637939453125],[-108.44055938720703,29.394989013671875],[-108.56999969482422,29.184722900390625],[-108.69286346435547,29.0]]}},{"type":"Feature","properties":{},"geometry":{"type":"LineString","coordinates":[[-108.74649047851562,29.0],[-108.8125,29.172500610351562],[-108.88139343261719,29.182769775390625],[-108.96417236328125,29.376663208007812],[-109.0,29.367340087890625]]}},{"type":"Feature","properties":{},"geometry":{"type":"LineString","coordinates":[[-101.4866714477539,30.0],[-101.51917266845703,29.8961181640625],[-101.41832733154297,29.79583740234375],[-101.36833953857422,29.682220458984375]]}},{"type":"Feature","properties":{},"geometry":{"type":"LineString","coordinates":[[-96.08219909667969,30.0],[-96.03916931152344,29.785552978515625],[-96.04693603515625,29.670562744140625],[-96.0,29.638832092285156]]}},{"type":"Feature","properties":{},"geometry":{"type":"LineString","coordinates":[[-97.0,29.96820068359375],[-96.87138366699219,29.896942138671875],[-96.6319351196289,29.722503662109375],[-96.50695037841797,29.686668395996094],[-96.43305206298828,29.596946716308594],[-96.3438949584961,29.395828247070312],[-96.0,29.021392822265625]]}},{"type":"Feature","properties":{},"geometry":{"type":"LineString","coordinates":[[-96.0,29.638832092285156],[-95.81500244140625,29.58055877685547],[-95.6786117553711,29.581382751464844],[-95.60388946533203,29.303054809570312],[-95.62000274658203,29.1875],[-95.4603500366211,29.0]]}},{"type":"Feature","properties":{},"geometry":{"type":"LineString","coordinates":[[-81.3540267944336,29.0],[-81.37139129638672,29.0625],[-81.49832916259766,29.118331909179688],[-81.5522232055664,29.205001831054688]]}},{"type":"Feature","properties":{},"geometry":{"type":"LineString","coordinates":[[-111.31501007080078,29.0],[-111.4800033569336,28.9022216796875],[-111.63582611083984,28.881118774414062],[-111.78250122070312,28.791671752929688],[-111.85444641113281,28.79888916015625]]}},{"type":"Feature","properties":{},"geometry":{"type":"LineString","coordinates":[[-108.94778442382812,28.227493286132812],[-108.75138854980469,28.055831909179688],[-108.76779174804688,28.0]]}},{"type":"Feature","properties":{},"geometry":{"type":"LineString","coordinates":[[-95.4603500366211,29.0],[-95.37444305419922,28.963607788085938],[-95.38416290283203,28.875839233398438]]}},{"type":"Feature","properties":{},"geometry":{"type":"LineString","coordinates":[[-81.0,28.122848510742188],[-80.7491683959961,28.100006103515625],[-80.86361694335938,28.221664428710938],[-80.86860656738281,28.336380004882812],[-80.96110534667969,28.589439392089844]]}},{"type":"Feature","properties":{},"geometry":{"type":"LineString","coordinates":[[-109.11860656738281,27.229156494140625],[-109.3499984741211,27.233322143554688],[-109.42694854736328,27.118331909179688],[-109.63249969482422,27.04083251953125],[-109.63977813720703,27.0]]}},{"type":"Feature","properties":{},"geometry":{"type":"LineString","coordinates":[[-108.76779174804688,28.0],[-108.83444213867188,27.860565185546875],[-108.87722778320312,27.609169006347656],[-108.85417175292969,27.42193603515625],[-108.96638488769531,27.289443969726562]]}},{"type":"Feature","properties":{},"geometry":{"type":"LineString","coordinates":[[-107.0240478515625,27.0],[-107.1199951171875,27.185546875],[-107.50638580322266,27.386932373046875],[-107.89999389648438,27.208602905273438],[-107.86215209960938,27.0]]}},{"type":"Feature","properties":{},"geometry":{"type":"LineString","coordinates":[[-101.0,27.739517211914062],[-100.71166229248047,27.631385803222656],[-100.68444061279297,27.53583526611328]]}},{"type":"Feature","properties":{},"geometry":{"type":"LineString","coordinates":[[-109.63977813720703,27.0],[-109.6338882446289,26.914718627929688],[-109.71500396728516,26.865005493164062],[-109.66971588134766,26.788330078125],[-109.80667114257812,26.736953735351562]]}},{"type":"Feature","properties":{},"geometry":{"type":"LineString","coordinates":[[-99.18537902832031,26.0],[-99.17721557617188,26.084442138671875],[-99.13444519042969,26.056381225585938],[-99.01222229003906,26.09527587890625]]}},{"type":"Feature","properties":{},"geometry":{"type":"LineString","coordinates":[[-99.73500061035156,26.913055419921875],[-99.5663833618164,26.852508544921875]]}},{"type":"Feature","properties":{},"geometry":{"type":"LineString","coordinates":[[-107.0,25.271804809570312],[-107.26361846923828,25.308609008789062],[-107.3680648803711,25.239715576171875],[-107.3788833618164,25.124160766601562],[-107.3853988647461,25.0]]}},{"type":"Feature","properties":{},"geometry":{"type":"LineString","coordinates":[[-105.3906478881836,25.0],[-105.33333587646484,25.322494506835938],[-105.09693908691406,25.519447326660156],[-105.04306030273438,25.54999542236328]]}},{"type":"Feature","properties":{},"geometry":{"type":"LineString","coordinates":[[-104.0,25.263885498046875],[-104.27417755126953,25.131942749023438],[-104.62000274658203,25.308883666992188],[-104.89250183105469,25.457496643066406],[-105.0,25.57971954345703]]}},{"type":"Feature","properties":{},"geometry":{"type":"LineString","coordinates":[[-103.0,25.6973876953125],[-103.49500274658203,25.53943634033203],[-103.72888946533203,25.26971435546875],[-104.0,25.263885498046875]]}},{"type":"Feature","properties":{},"geometry":{"type":"LineString","coordinates":[[-102.75444030761719,25.730560302734375],[-102.82749938964844,25.688888549804688],[-103.0,25.6973876953125]]}},{"type":"Feature","properties":{},"geometry":{"type":"LineString","coordinates":[[-100.0,25.035003662109375],[-99.87666320800781,25.153884887695312],[-99.62805938720703,25.278610229492188],[-99.4302749633789,25.52277374267578],[-99.32305145263672,25.536659240722656],[-99.21804809570312,25.71917724609375],[-99.17555236816406,25.801666259765625],[-99.18537902832031,26.0]]}},{"type":"Feature","properties":{},"geometry":{"type":"LineString","coordinates":[[-99.14250183105469,25.0130615234375],[-99.15333557128906,25.04833984375],[-99.10610961914062,25.046661376953125],[-99.04666137695312,25.120834350585938],[-99.0,25.078048706054688]]}},{"type":"Feature","properties":{},"geometry":{"type":"LineString","coordinates":[[-98.90472412109375,25.0736083984375],[-98.7711181640625,25.055282592773438],[-98.6816635131836,25.086395263671875],[-98.39360809326172,25.0]]}},{"type":"Feature","properties":{},"geometry":{"type":"LineString","coordinates":[[-107.3853988647461,25.0],[-107.4111099243164,24.92333984375],[-107.72443389892578,24.774169921875],[-107.66222381591797,24.63971710205078],[-107.71639251708984,24.49333953857422]]}},{"type":"Feature","properties":{},"geometry":{"type":"LineString","coordinates":[[-105.09721374511719,24.03582763671875],[-105.15194702148438,24.302780151367188],[-105.16110229492188,24.433326721191406],[-105.31305694580078,24.818893432617188],[-105.3906478881836,25.0]]}},{"type":"Feature","properties":{},"geometry":{"type":"LineString","coordinates":[[-104.65888214111328,24.192489624023438],[-104.57500457763672,24.122222900390625],[-104.39360809326172,24.022781372070312],[-104.32416534423828,24.0]]}},{"type":"Feature","properties":{},"geometry":{"type":"LineString","coordinates":[[-99.80049133300781,24.0],[-99.74193572998047,24.163330078125],[-99.63916778564453,24.1763916015625],[-99.32195281982422,24.188323974609375],[-99.0,24.0631103515625]]}},{"type":"Feature","properties":{},"geometry":{"type":"LineString","coordinates":[[-100.0,24.862060546875],[-99.79972839355469,24.993896484375],[-99.6611099243164,24.949447631835938],[-99.56305694580078,25.0]]}},{"type":"Feature","properties":{},"geometry":{"type":"LineString","coordinates":[[-98.43238067626953,24.0],[-98.3697280883789,24.052780151367188],[-98.2880630493164,24.0]]}},{"type":"Feature","properties":{},"geometry":{"type":"LineString","coordinates":[[-98.39360809326172,25.0],[-98.31000518798828,24.985549926757812],[-98.16360473632812,24.881393432617188],[-98.13833618164062,24.750274658203125],[-98.0,24.753311157226562]]}},{"type":"Feature","properties":{},"geometry":{"type":"LineString","coordinates":[[-106.0,23.7388916015625],[-106.17332458496094,23.55889129638672],[-106.21333312988281,23.171112060546875],[-106.29972076416016,23.104995727539062]]}},{"type":"Feature","properties":{},"geometry":{"type":"LineString","coordinates":[[-105.34972381591797,23.866668701171875],[-105.48389434814453,23.947784423828125],[-105.6319351196289,23.961395263671875],[-105.85139465332031,23.865280151367188],[-106.0,23.7388916015625]]}},{"type":"Feature","properties":{},"geometry":{"type":"LineString","coordinates":[[-104.32416534423828,24.0],[-104.29084014892578,23.791107177734375],[-104.33972930908203,23.633323669433594],[-104.74332427978516,23.16888427734375],[-105.0,23.030075073242188]]}},{"type":"Feature","properties":{},"geometry":{"type":"LineString","coordinates":[[-103.67610931396484,23.113601684570312],[-103.69194793701172,23.210556030273438],[-103.7691650390625,23.284164428710938],[-103.88499450683594,23.123336791992188],[-104.0,23.0726318359375]]}},{"type":"Feature","properties":{},"geometry":{"type":"LineString","coordinates":[[-98.7711181640625,24.0],[-98.61028289794922,23.988052368164062],[-98.51471710205078,23.968887329101562],[-98.48278045654297,23.968887329101562],[-98.43238067626953,24.0]]}},{"type":"Feature","properties":{},"geometry":{"type":"LineString","coordinates":[[-98.2880630493164,24.0],[-98.24500274658203,23.802780151367188],[-98.1683349609375,23.775283813476562],[-98.0,23.778717041015625]]}},{"type":"Feature","properties":{},"geometry":{"type":"LineString","coordinates":[[-105.0,22.493751525878906],[-105.0413818359375,22.346664428710938],[-105.0,22.246078491210938]]}},{"type":"Feature","properties":{},"geometry":{"type":"LineString","coordinates":[[-105.0,22.848434448242188],[-104.92166137695312,22.821945190429688],[-104.88139343261719,22.584449768066406],[-104.92500305175781,22.503334045410156],[-105.0,22.493751525878906]]}},{"type":"Feature","properties":{},"geometry":{"type":"LineString","coordinates":[[-104.06277465820312,23.0],[-104.04499816894531,22.724166870117188],[-104.13444519042969,22.1583251953125],[-104.23971557617188,22.028060913085938],[-104.2995834350586,22.0]]}},{"type":"Feature","properties":{},"geometry":{"type":"LineString","coordinates":[[-102.77639770507812,22.743621826171875],[-102.8013916015625,22.53472137451172],[-102.9263916015625,22.23443603515625],[-102.85499572753906,22.131103515625],[-102.89077758789062,22.0]]}},{"type":"Feature","properties":{},"geometry":{"type":"LineString","coordinates":[[-99.55355072021484,23.0],[-99.36333465576172,22.800277709960938],[-99.23250579833984,22.778335571289062],[-99.13722229003906,22.863616943359375],[-99.0,22.8565673828125]]}},{"type":"Feature","properties":{},"geometry":{"type":"LineString","coordinates":[[-99.0,22.8565673828125],[-98.73777770996094,22.851669311523438],[-98.65637969970703,22.779449462890625],[-98.65833282470703,22.656944274902344],[-98.54999542236328,22.548606872558594],[-98.48917388916016,22.44416046142578]]}},{"type":"Feature","properties":{},"geometry":{"type":"LineString","coordinates":[[-98.48917388916016,22.44416046142578],[-98.29334259033203,22.468605041503906],[-98.11138916015625,22.388320922851562],[-98.0,22.355209350585938]]}},{"type":"Feature","properties":{},"geometry":{"type":"LineString","coordinates":[[-80.0,22.343429565429688],[-80.08332824707031,22.417770385742188],[-80.22915649414062,22.594993591308594],[-80.0736083984375,22.763336181640625],[-80.00527954101562,22.913604736328125]]}},{"type":"Feature","properties":{},"geometry":{"type":"LineString","coordinates":[[-104.2995834350586,22.0],[-104.4175033569336,21.939727783203125],[-104.49971771240234,21.96527099609375],[-104.5361099243164,21.874725341796875],[-104.7105484008789,21.840835571289062]]}},{"type":"Feature","properties":{},"geometry":{"type":"LineString","coordinates":[[-103.0,21.604835510253906],[-103.07888793945312,21.522499084472656],[-103.2702865600586,21.063888549804688],[-103.4316635131836,21.055831909179688]]}},{"type":"Feature","properties":{},"geometry":{"type":"LineString","coordinates":[[-101.0,21.313934326171875],[-100.81889343261719,21.129165649414062],[-100.80155944824219,21.0]]}},{"type":"Feature","properties":{},"geometry":{"type":"LineString","coordinates":[[-100.80155944824219,21.0],[-100.83694458007812,20.8316650390625],[-100.75694274902344,20.521385192871094],[-101.0,20.49774932861328]]}},{"type":"Feature","properties":{},"geometry":{"type":"LineString","coordinates":[[-77.0,20.61315155029297],[-77.23722076416016,20.55138397216797]]}},{"type":"Feature","properties":{},"geometry":{"type":"LineString","coordinates":[[-76.0,20.413421630859375],[-76.09194946289062,20.49333953857422],[-76.5516586303711,20.599449157714844],[-76.7458267211914,20.583885192871094],[-76.8497314453125,20.54138946533203],[-77.0,20.61315155029297]]}},{"type":"Feature","properties":{},"geometry":{"type":"LineString","coordinates":[[-76.0,20.285781860351562],[-75.92388916015625,20.335830688476562],[-76.0,20.413421630859375]]}},{"type":"Feature","properties":{},"geometry":{"type":"LineString","coordinates":[[-102.79110717773438,19.9052734375],[-102.82945251464844,19.771942138671875],[-102.78277587890625,19.371932983398438],[-102.63721466064453,19.053054809570312],[-102.47437286376953,19.0]]}},{"type":"Feature","properties":{},"geometry":{"type":"LineString","coordinates":[[-72.78056335449219,19.24749755859375],[-72.61360931396484,19.224441528320312],[-72.62027740478516,19.16278076171875],[-72.48360443115234,19.129440307617188],[-72.37213897705078,19.0]]}},{"type":"Feature","properties":{},"geometry":{"type":"LineString","coordinates":[[-71.0,19.550331115722656],[-71.38777923583984,19.66222381591797],[-71.5138931274414,19.70110321044922],[-71.67888641357422,19.836395263671875]]}},{"type":"Feature","properties":{},"geometry":{"type":"LineString","coordinates":[[-70.9505615234375,19.081939697265625],[-70.6399917602539,19.153335571289062],[-70.68639373779297,19.47722625732422],[-70.82000732421875,19.517494201660156],[-71.0,19.550331115722656]]}},{"type":"Feature","properties":{},"geometry":{"type":"LineString","coordinates":[[-70.24844360351562,19.0],[-70.1038818359375,19.153060913085938],[-70.0,19.154159545898438]]}},{"type":"Feature","properties":{},"geometry":{"type":"LineString","coordinates":[[-70.0,19.154159545898438],[-69.94139099121094,19.139999389648438],[-69.8699951171875,19.18499755859375],[-69.7169418334961,19.151382446289062],[-69.62776947021484,19.206939697265625]]}},{"type":"Feature","properties":{},"geometry":{"type":"LineString","coordinates":[[-100.80792236328125,19.0],[-100.68639373779297,18.805282592773438],[-100.56861114501953,18.50194549560547],[-100.68555450439453,18.387496948242188]]}},{"type":"Feature","properties":{},"geometry":{"type":"LineString","coordinates":[[-99.67498016357422,19.0],[-99.56749725341797,18.713600158691406],[-99.4941635131836,18.715560913085938],[-99.37528228759766,18.60639190673828],[-99.14944458007812,18.533058166503906]]}},{"type":"Feature","properties":{},"geometry":{"type":"LineString","coordinates":[[-99.14944458007812,18.53388214111328],[-99.054443359375,18.389434814453125],[-99.03138732910156,18.237777709960938]]}},{"type":"Feature","properties":{},"geometry":{"type":"LineString","coordinates":[[-96.23555755615234,18.213058471679688],[-96.16139221191406,18.185546875],[-96.1502685546875,18.14166259765625],[-96.07777404785156,18.1744384765625]]}},{"type":"Feature","properties":{},"geometry":{"type":"LineString","coordinates":[[-96.0,18.186660766601562],[-95.95722961425781,18.218612670898438],[-95.90388488769531,18.234161376953125],[-95.75138854980469,18.314437866210938],[-95.70972442626953,18.379989624023438],[-95.63944244384766,18.618324279785156],[-95.6388931274414,18.69805145263672]]}},{"type":"Feature","properties":{},"geometry":{"type":"LineString","coordinates":[[-95.19679260253906,18.0],[-95.41722869873047,18.176666259765625],[-95.50861358642578,18.235549926757812],[-95.66361236572266,18.600547790527344]]}},{"type":"Feature","properties":{},"geometry":{"type":"LineString","coordinates":[[-88.76248931884766,18.0],[-88.48389434814453,18.47777557373047],[-88.29944610595703,18.483055114746094]]}},{"type":"Feature","properties":{},"geometry":{"type":"LineString","coordinates":[[-72.37213897705078,19.0],[-72.15554809570312,18.853057861328125],[-72.10417175292969,18.840835571289062],[-72.08332824707031,18.903335571289062],[-72.0333251953125,18.899169921875]]}},{"type":"Feature","properties":{},"geometry":{"type":"LineString","coordinates":[[-70.40694427490234,18.762496948242188],[-70.46305084228516,18.77667236328125],[-70.40917205810547,18.96527099609375],[-70.24844360351562,19.0]]}},{"type":"Feature","properties":{},"geometry":{"type":"LineString","coordinates":[[-99.72249603271484,17.54694366455078],[-99.72917175292969,17.35693359375],[-99.56139373779297,17.126663208007812],[-99.61876678466797,17.0]]}},{"type":"Feature","properties":{},"geometry":{"type":"LineString","coordinates":[[-97.77333068847656,17.052780151367188],[-97.78416442871094,17.271102905273438],[-97.8861083984375,17.440826416015625],[-97.94667053222656,17.463050842285156],[-98.0,17.586769104003906]]}},{"type":"Feature","properties":{},"geometry":{"type":"LineString","coordinates":[[-96.89195251464844,17.379989624023438],[-96.94361877441406,17.331390380859375],[-96.82333374023438,17.205551147460938],[-96.7340316772461,17.0]]}},{"type":"Feature","properties":{},"geometry":{"type":"LineString","coordinates":[[-95.5292739868164,17.0],[-95.41889190673828,17.235824584960938],[-95.06083679199219,17.377777099609375],[-95.0,17.43054962158203]]}},{"type":"Feature","properties":{},"geometry":{"type":"LineString","coordinates":[[-95.7249984741211,17.501670837402344],[-95.56000518798828,17.533058166503906],[-95.43917083740234,17.63304901123047],[-95.21028137207031,17.73333740234375]]}},{"type":"Feature","properties":{},"geometry":{"type":"LineString","coordinates":[[-95.0,17.43054962158203],[-94.8416748046875,17.438888549804688],[-94.7300033569336,17.496116638183594],[-94.74444580078125,17.575279235839844],[-94.6883316040039,17.709732055664062]]}},{"type":"Feature","properties":{},"geometry":{"type":"LineString","coordinates":[[-94.63944244384766,17.86639404296875],[-94.55611419677734,17.880279541015625],[-94.52916717529297,17.949447631835938],[-94.47638702392578,17.94305419921875]]}},{"type":"Feature","properties":{},"geometry":{"type":"LineString","coordinates":[[-89.0,17.21759033203125],[-88.83583068847656,17.289718627929688],[-88.76722717285156,17.331100463867188],[-88.62000274658203,17.45972442626953],[-88.38306427001953,17.64276885986328],[-88.34471893310547,17.55194854736328],[-88.16944885253906,17.504173278808594]]}},{"type":"Feature","properties":{},"geometry":{"type":"LineString","coordinates":[[-99.61876678466797,17.0],[-99.60999298095703,16.876953125],[-99.58971405029297,16.809722900390625],[-99.59333038330078,16.701400756835938]]}},{"type":"Feature","properties":{},"geometry":{"type":"LineString","coordinates":[[-97.0,16.328323364257812],[-97.39806365966797,16.45667266845703],[-97.5411148071289,16.499168395996094],[-97.56305694580078,16.23443603515625],[-97.62194061279297,16.195281982421875],[-97.76806640625,16.0]]}},{"type":"Feature","properties":{},"geometry":{"type":"LineString","coordinates":[[-96.7340316772461,17.0],[-96.83805847167969,16.73638916015625],[-96.79194641113281,16.519447326660156],[-96.89361572265625,16.342498779296875],[-96.88778686523438,16.292770385742188],[-97.0,16.328323364257812]]}},{"type":"Feature","properties":{},"geometry":{"type":"LineString","coordinates":[[-92.18638610839844,16.998062133789062],[-92.07499694824219,16.891952514648438],[-92.0,16.88592529296875]]}},{"type":"Feature","properties":{},"geometry":{"type":"LineString","coordinates":[[-92.0,16.88592529296875],[-91.806396484375,16.871109008789062],[-91.67194366455078,16.819717407226562],[-91.5788803100586,16.581947326660156],[-91.41832733154297,16.484718322753906],[-91.20083618164062,16.20721435546875],[-91.0,16.112960815429688]]}},{"type":"Feature","properties":{},"geometry":{"type":"LineString","coordinates":[[-91.0,16.112960815429688],[-90.88250732421875,16.17388916015625],[-90.85389709472656,16.213333129882812],[-90.75944519042969,16.339996337890625],[-90.72277069091797,16.47083282470703],[-90.67638397216797,16.459991455078125],[-90.66304779052734,16.59416961669922]]}},{"type":"Feature","properties":{},"geometry":{"type":"LineString","coordinates":[[-90.04916381835938,16.0],[-90.09333801269531,16.10943603515625],[-90.04499816894531,16.145004272460938],[-90.10527038574219,16.24444580078125],[-90.05722045898438,16.542503356933594],[-90.35944366455078,16.60443878173828],[-90.44805145263672,16.496665954589844],[-90.54778289794922,16.48389434814453]]}},{"type":"Feature","properties":{},"geometry":{"type":"LineString","coordinates":[[-89.3419418334961,16.447776794433594],[-89.3808364868164,16.54332733154297],[-89.3308334350586,16.654441833496094],[-89.38111114501953,16.7630615234375],[-89.31014251708984,17.0]]}},{"type":"Feature","properties":{},"geometry":{"type":"LineString","coordinates":[[-90.43305206298828,15.357505798339844],[-90.45806121826172,15.397773742675781],[-90.40332794189453,15.483055114746094],[-90.0,15.510826110839844]]}},{"type":"Feature","properties":{},"geometry":{"type":"LineString","coordinates":[[-90.0,15.510826110839844],[-89.79667663574219,15.588890075683594],[-89.55500030517578,15.471382141113281],[-89.37860870361328,15.389442443847656],[-89.34639739990234,15.461112976074219]]}},{"type":"Feature","properties":{},"geometry":{"type":"LineString","coordinates":[[-88.55693817138672,15.0],[-88.27959442138672,15.0]]}},{"type":"Feature","properties":{},"geometry":{"type":"LineString","coordinates":[[-88.87556457519531,15.169998168945312],[-88.62805938720703,15.19305419921875],[-88.40750885009766,15.329719543457031],[-88.1602783203125,15.331398010253906],[-88.0,15.417701721191406]]}},{"type":"Feature","properties":{},"geometry":{"type":"LineString","coordinates":[[-88.0,15.263893127441406],[-87.91471862792969,15.326942443847656],[-87.85833740234375,15.454994201660156],[-87.83473205566406,15.506660461425781],[-87.82888793945312,15.690269470214844],[-87.80000305175781,15.79278564453125],[-87.72721099853516,15.918060302734375]]}},{"type":"Feature","properties":{},"geometry":{"type":"LineString","coordinates":[[-88.0,15.417701721191406],[-87.80860900878906,15.605278015136719],[-87.8236083984375,15.77972412109375],[-87.78916931152344,15.898895263671875]]}},{"type":"Feature","properties":{},"geometry":{"type":"LineString","coordinates":[[-87.82000732421875,15.528053283691406],[-87.79777526855469,15.613334655761719],[-87.84388732910156,15.665824890136719]]}},{"type":"Feature","properties":{},"geometry":{"type":"LineString","coordinates":[[-86.0,15.698127746582031],[-85.87638854980469,15.7469482421875],[-85.6227798461914,15.870285034179688],[-85.6705551147461,15.944168090820312]]}},{"type":"Feature","properties":{},"geometry":{"type":"LineString","coordinates":[[-84.96028137207031,15.0],[-84.64472198486328,15.160552978515625],[-84.3183364868164,15.520835876464844],[-84.36638641357422,15.644996643066406],[-84.24583435058594,15.80694580078125]]}},{"type":"Feature","properties":{},"geometry":{"type":"LineString","coordinates":[[-91.09500122070312,14.827224731445312],[-91.12693786621094,14.465553283691406],[-91.3358383178711,14.155838012695312],[-91.43054962158203,14.009719848632812]]}},{"type":"Feature","properties":{},"geometry":{"type":"LineString","coordinates":[[-89.56749725341797,14.603889465332031],[-89.56806182861328,14.543617248535156],[-89.49889373779297,14.472221374511719],[-89.5583267211914,14.344718933105469],[-89.51305389404297,14.299720764160156]]}},{"type":"Feature","properties":{},"geometry":{"type":"LineString","coordinates":[[-88.81944274902344,14.373619079589844],[-88.94000244140625,14.534996032714844],[-88.90472412109375,14.748611450195312],[-88.68054962158203,14.799453735351562],[-88.55693817138672,15.0]]}},{"type":"Feature","properties":{},"geometry":{"type":"LineString","coordinates":[[-88.34639739990234,14.457221984863281],[-88.3727798461914,14.238327026367188],[-88.3166732788086,14.207504272460938],[-88.31139373779297,14.11138916015625],[-88.45694732666016,14.0]]}},{"type":"Feature","properties":{},"geometry":{"type":"LineString","coordinates":[[-87.41083526611328,14.146942138671875],[-87.18832397460938,14.161102294921875],[-87.1361083984375,14.301948547363281],[-87.0,14.254173278808594]]}},{"type":"Feature","properties":{},"geometry":{"type":"LineString","coordinates":[[-87.0,14.868743896484375],[-86.65917205810547,14.71917724609375],[-86.39583587646484,14.522499084472656],[-86.0,14.689033508300781]]}},{"type":"Feature","properties":{},"geometry":{"type":"LineString","coordinates":[[-87.0,14.254173278808594],[-86.88778686523438,14.081390380859375],[-86.7750473022461,14.0]]}},{"type":"Feature","properties":{},"geometry":{"type":"LineString","coordinates":[[-86.9788818359375,14.631660461425781],[-86.81416320800781,14.525825500488281],[-86.7488784790039,14.417228698730469],[-86.68389129638672,14.205551147460938],[-86.2336196899414,14.453330993652344],[-86.17193603515625,14.617500305175781]]}},{"type":"Feature","properties":{},"geometry":{"type":"LineString","coordinates":[[-86.0,14.689033508300781],[-85.80528259277344,14.74444580078125],[-85.86750793457031,14.651115417480469],[-85.83528137207031,14.371116638183594],[-85.41194915771484,14.503334045410156],[-85.19721984863281,14.769729614257812],[-85.0816650390625,14.961105346679688],[-85.0,14.982498168945312]]}},{"type":"Feature","properties":{},"geometry":{"type":"LineString","coordinates":[[-88.993896484375,13.663612365722656],[-88.93305969238281,13.651390075683594],[-89.0,13.499992370605469]]}},{"type":"Feature","properties":{},"geometry":{"type":"LineString","coordinates":[[-87.0,13.507911682128906],[-87.1905517578125,13.313331604003906],[-87.28722381591797,13.256103515625],[-87.30472564697266,13.124725341796875],[-87.32917022705078,13.10028076171875]]}},{"type":"Feature","properties":{},"geometry":{"type":"LineString","coordinates":[[-86.7750473022461,14.0],[-86.7691650390625,13.851943969726562],[-86.8719482421875,13.653892517089844],[-87.0,13.507911682128906]]}},{"type":"Feature","properties":{},"geometry":{"type":"LineString","coordinates":[[-85.90916442871094,13.231658935546875],[-85.73444366455078,13.06304931640625],[-85.3227767944336,13.153610229492188],[-85.09860229492188,13.181106567382812],[-85.0,13.177886962890625]]}},{"type":"Feature","properties":{},"geometry":{"type":"LineString","coordinates":[[-84.89653015136719,14.0],[-84.82583618164062,13.797500610351562],[-84.7388916015625,13.403327941894531],[-84.57222747802734,13.321662902832031],[-84.27056121826172,13.338050842285156],[-84.211669921875,13.488609313964844],[-84.0,13.447776794433594]]}},{"type":"Feature","properties":{},"geometry":{"type":"LineString","coordinates":[[-85.0,13.177886962890625],[-84.80111694335938,13.147491455078125],[-84.73777770996094,13.061111450195312],[-84.69416046142578,13.066390991210938]]}},{"type":"Feature","properties":{},"geometry":{"type":"LineString","coordinates":[[-84.0,13.447776794433594],[-83.80805969238281,13.451667785644531],[-83.5777816772461,13.424995422363281],[-83.5583267211914,13.395286560058594]]}},{"type":"Feature","properties":{},"geometry":{"type":"LineString","coordinates":[[-85.0,12.077072143554688],[-84.88027954101562,12.124725341796875],[-84.6755599975586,12.071380615234375],[-84.24694061279297,12.180557250976562],[-84.0,12.087249755859375]]}},{"type":"Feature","properties":{},"geometry":{"type":"LineString","coordinates":[[-84.0,12.087249755859375],[-83.94749450683594,12.068328857421875],[-83.804443359375,12.145828247070312],[-83.75416564941406,12.129714965820312],[-83.73332977294922,12.07110595703125]]}},{"type":"Feature","properties":{},"geometry":{"type":"LineString","coordinates":[[-85.51305389404297,10.945556640625],[-85.52527618408203,10.724433898925781],[-85.58167266845703,10.524436950683594],[-85.4830551147461,10.418617248535156],[-85.38167572021484,10.414726257324219],[-85.28499603271484,10.278053283691406]]}},{"type":"Feature","properties":{},"geometry":{"type":"LineString","coordinates":[[-84.85610961914062,10.488059997558594],[-84.6755599975586,10.516670227050781],[-84.3772201538086,10.675559997558594],[-84.19248962402344,10.676658630371094],[-84.18971252441406,10.783340454101562]]}},{"type":"Feature","properties":{},"geometry":{"type":"LineString","coordinates":[[-83.87049865722656,10.0],[-83.84805297851562,10.28277587890625],[-83.82749938964844,10.458885192871094],[-83.75944519042969,10.683326721191406],[-83.6322250366211,10.718338012695312]]}},{"type":"Feature","properties":{},"geometry":{"type":"LineString","coordinates":[[-83.58777618408203,10.719451904296875],[-83.50916290283203,10.577491760253906]]}},{"type":"Feature","properties":{},"geometry":{"type":"LineString","coordinates":[[-67.3358383178711,10.05999755859375],[-67.37250518798828,10.0927734375],[-67.4513931274414,10.07110595703125],[-67.48278045654297,10.03277587890625],[-67.4447250366211,10.0]]}},{"type":"Feature","properties":{},"geometry":{"type":"LineString","coordinates":[[-84.00639343261719,9.889724731445312],[-84.18638610839844,9.961395263671875],[-84.32166290283203,9.90972900390625],[-84.46111297607422,9.917221069335938],[-84.6338882446289,9.7791748046875]]}},{"type":"Feature","properties":{},"geometry":{"type":"LineString","coordinates":[[-83.52527618408203,9.480003356933594],[-83.6322250366211,9.257492065429688],[-83.25972747802734,9.085556030273438],[-83.21980285644531,9.0]]}},{"type":"Feature","properties":{},"geometry":{"type":"LineString","coordinates":[[-83.4961166381836,9.489997863769531],[-83.51721954345703,9.561943054199219],[-83.32971954345703,9.826950073242188],[-83.34778594970703,9.929168701171875],[-83.29334259033203,10.0]]}},{"type":"Feature","properties":{},"geometry":{"type":"LineString","coordinates":[[-83.47083282470703,9.427772521972656],[-83.21221923828125,9.606391906738281],[-83.0,9.583976745605469]]}},{"type":"Feature","properties":{},"geometry":{"type":"LineString","coordinates":[[-82.43201446533203,9.0],[-82.4686050415039,9.262779235839844],[-82.53972625732422,9.320274353027344],[-82.43250274658203,9.458335876464844]]}},{"type":"Feature","properties":{},"geometry":{"type":"LineString","coordinates":[[-82.875,9.556114196777344],[-82.63472747802734,9.487785339355469],[-82.5572280883789,9.535560607910156],[-82.56444549560547,9.568611145019531]]}},{"type":"Feature","properties":{},"geometry":{"type":"LineString","coordinates":[[-80.17527770996094,9.0],[-80.18499755859375,9.186660766601562]]}},{"type":"Feature","properties":{},"geometry":{"type":"LineString","coordinates":[[-78.4155502319336,9.0],[-78.54193878173828,9.07110595703125],[-78.6413803100586,9.135269165039062],[-78.77194213867188,9.213333129882812],[-78.8447265625,9.185836791992188],[-78.93611145019531,9.209442138671875],[-78.97833251953125,9.143051147460938]]}},{"type":"Feature","properties":{},"geometry":{"type":"LineString","coordinates":[[-72.91221618652344,9.0],[-72.84028625488281,9.045562744140625],[-72.57555389404297,9.148605346679688],[-72.45471954345703,9.063339233398438],[-72.18722534179688,9.250274658203125],[-72.02360534667969,9.308341979980469],[-72.0,9.295326232910156]]}},{"type":"Feature","properties":{},"geometry":{"type":"LineString","coordinates":[[-72.0,9.295326232910156],[-71.93722534179688,9.281944274902344],[-71.84306335449219,9.363059997558594],[-71.80332946777344,9.356117248535156],[-71.79777526855469,9.394447326660156]]}},{"type":"Feature","properties":{},"geometry":{"type":"LineString","coordinates":[[-68.977783203125,9.857223510742188],[-68.90834045410156,9.563331604003906],[-68.73500061035156,9.256942749023438],[-68.62776947021484,9.2127685546875]]}},{"type":"Feature","properties":{},"geometry":{"type":"LineString","coordinates":[[-67.0,9.469520568847656],[-67.08221435546875,9.348609924316406],[-67.23777770996094,9.349998474121094],[-67.37194061279297,9.273056030273438],[-67.39806365966797,9.162490844726562]]}},{"type":"Feature","properties":{},"geometry":{"type":"LineString","coordinates":[[-66.94444274902344,9.807510375976562],[-66.86860656738281,9.731674194335938],[-66.85444641113281,9.610282897949219],[-67.0,9.469520568847656]]}},{"type":"Feature","properties":{},"geometry":{"type":"LineString","coordinates":[[-83.0,8.900405883789062],[-83.16749572753906,9.0]]}},{"type":"Feature","properties":{},"geometry":{"type":"LineString","coordinates":[[-81.1763916015625,8.412498474121094],[-81.12527465820312,8.2672119140625],[-81.0,8.229339599609375]]}},{"type":"Feature","properties":{},"geometry":{"type":"LineString","coordinates":[[-80.11000061035156,8.637504577636719],[-80.16722106933594,8.835281372070312],[-80.13249206542969,8.92388916015625],[-80.17527770996094,9.0]]}},{"type":"Feature","properties":{},"geometry":{"type":"LineString","coordinates":[[-78.0,8.879837036132812],[-77.98832702636719,8.742233276367188],[-77.80751037597656,8.456382751464844],[-77.68054962158203,8.185272216796875],[-77.7388916015625,8.126663208007812]]}},{"type":"Feature","properties":{},"geometry":{"type":"LineString","coordinates":[[-77.92002868652344,8.0],[-77.83778381347656,8.139434814453125],[-77.91166687011719,8.2127685546875]]}},{"type":"Feature","properties":{},"geometry":{"type":"LineString","coordinates":[[-76.93360900878906,8.067214965820312],[-76.98277282714844,8.251388549804688]]}},{"type":"Feature","properties":{},"geometry":{"type":"LineString","coordinates":[[-73.1763916015625,8.041671752929688],[-73.2991714477539,8.313606262207031],[-73.08416748046875,8.661384582519531],[-73.0,8.670661926269531]]}},{"type":"Feature","properties":{},"geometry":{"type":"LineString","coordinates":[[-68.41661834716797,9.0],[-68.25638580322266,8.857498168945312],[-68.11250305175781,8.703056335449219],[-68.07444763183594,8.581382751464844]]}},{"type":"Feature","properties":{},"geometry":{"type":"LineString","coordinates":[[-67.40222930908203,8.956939697265625],[-67.4286117553711,8.669715881347656],[-67.51111602783203,8.424720764160156],[-67.39722442626953,8.343055725097656],[-67.40694427490234,8.200271606445312],[-67.44828033447266,8.0]]}},{"type":"Feature","properties":{},"geometry":{"type":"LineString","coordinates":[[-68.0,8.487968444824219],[-67.85166931152344,8.368064880371094],[-67.77749633789062,8.286949157714844],[-67.69110870361328,8.221939086914062],[-67.5999984741211,8.041107177734375],[-67.56583404541016,8.0]]}},{"type":"Feature","properties":{},"geometry":{"type":"LineString","coordinates":[[-61.1058349609375,8.94305419921875],[-61.466392517089844,8.748062133789062],[-61.50360870361328,8.676658630371094],[-61.600547790527344,8.623893737792969]]}},{"type":"Feature","properties":{},"geometry":{"type":"LineString","coordinates":[[-77.25291442871094,7.0],[-77.26750946044922,7.0594482421875],[-77.2066650390625,7.1316680908203125],[-77.10972595214844,7.420555114746094]]}},{"type":"Feature","properties":{},"geometry":{"type":"LineString","coordinates":[[-76.34583282470703,7.0],[-76.4225082397461,7.2061004638671875],[-76.73638153076172,7.265556335449219],[-77.0,7.423225402832031]]}},{"type":"Feature","properties":{},"geometry":{"type":"LineString","coordinates":[[-73.28333282470703,7.0],[-73.3791732788086,7.0608367919921875],[-73.6369400024414,7.1727752685546875],[-73.89500427246094,7.1924896240234375],[-73.93833923339844,7.2238922119140625]]}},{"type":"Feature","properties":{},"geometry":{"type":"LineString","coordinates":[[-72.94305419921875,7.133880615234375],[-72.73306274414062,7.179718017578125],[-72.57971954345703,7.282218933105469],[-72.44416046142578,7.220001220703125],[-72.0655517578125,7.0616607666015625]]}},{"type":"Feature","properties":{},"geometry":{"type":"LineString","coordinates":[[-70.0,7.0831451416015625],[-69.48027801513672,7.0749969482421875],[-69.18638610839844,7.0969390869140625],[-69.0,7.252593994140625]]}},{"type":"Feature","properties":{},"geometry":{"type":"LineString","coordinates":[[-69.0,7.252593994140625],[-68.5633316040039,7.421119689941406],[-68.3469467163086,7.444725036621094],[-68.0,7.556526184082031]]}},{"type":"Feature","properties":{},"geometry":{"type":"LineString","coordinates":[[-68.0,7.556526184082031],[-67.66027069091797,7.587776184082031],[-67.30500030517578,7.443061828613281],[-67.0,7.442314147949219]]}},{"type":"Feature","properties":{},"geometry":{"type":"LineString","coordinates":[[-67.0,7.442314147949219],[-66.95555114746094,7.421943664550781],[-66.91806030273438,7.319725036621094],[-66.73055267333984,7.395561218261719],[-66.5949935913086,7.400001525878906]]}},{"type":"Feature","properties":{},"geometry":{"type":"LineString","coordinates":[[-65.0,7.05291748046875],[-65.2047119140625,7.2324981689453125],[-65.21110534667969,7.343330383300781],[-65.14027404785156,7.592491149902344],[-65.0,7.558647155761719]]}},{"type":"Feature","properties":{},"geometry":{"type":"LineString","coordinates":[[-65.0,7.558647155761719],[-64.91194152832031,7.582771301269531],[-64.88389587402344,7.645835876464844]]}},{"type":"Feature","properties":{},"geometry":{"type":"LineString","coordinates":[[-76.18388366699219,6.7477874755859375],[-76.22221374511719,6.80694580078125],[-76.1875,6.8813934326171875],[-76.21110534667969,6.942779541015625],[-76.34583282470703,7.0]]}},{"type":"Feature","properties":{},"geometry":{"type":"LineString","coordinates":[[-73.0,6.8191680908203125],[-73.16194152832031,6.73028564453125],[-73.17887878417969,6.8986053466796875],[-73.28333282470703,7.0]]}},{"type":"Feature","properties":{},"geometry":{"type":"LineString","coordinates":[[-72.71981048583984,6.0],[-72.6388931274414,6.217498779296875],[-72.74999237060547,6.576667785644531],[-72.96611022949219,6.7205657958984375],[-73.0,6.8191680908203125]]}},{"type":"Feature","properties":{},"geometry":{"type":"LineString","coordinates":[[-64.4375991821289,6.0],[-64.63277435302734,6.376396179199219],[-64.7691650390625,6.498329162597656],[-64.77639770507812,6.638603210449219],[-64.81361389160156,6.8650054931640625],[-64.92510986328125,7.0]]}},{"type":"Feature","properties":{},"geometry":{"type":"LineString","coordinates":[[-63.812774658203125,6.0],[-63.595558166503906,6.371391296386719],[-63.52861785888672,6.501670837402344],[-63.3013916015625,6.8597259521484375],[-63.133056640625,6.7969512939453125],[-63.0,6.8336181640625]]}},{"type":"Feature","properties":{},"geometry":{"type":"LineString","coordinates":[[-60.657562255859375,6.0],[-60.56916046142578,6.466117858886719],[-60.258331298828125,6.323341369628906],[-60.0,6.133331298828125]]}},{"type":"Feature","properties":{},"geometry":{"type":"LineString","coordinates":[[-59.0,6.0017852783203125],[-58.926666259765625,6.02166748046875],[-58.85528564453125,6.20111083984375],[-58.735565185546875,6.2658233642578125],[-58.68194580078125,6.379997253417969]]}},{"type":"Feature","properties":{},"geometry":{"type":"LineString","coordinates":[[-57.7037353515625,6.0],[-57.59638214111328,6.0802764892578125],[-57.52472686767578,6.2030487060546875],[-57.519447326660156,6.270286560058594]]}},{"type":"Feature","properties":{},"geometry":{"type":"LineString","coordinates":[[-73.0,5.8176116943359375],[-72.96194458007812,5.7616729736328125],[-72.84805297851562,5.790557861328125],[-72.82972717285156,5.891387939453125],[-72.71981048583984,6.0]]}},{"type":"Feature","properties":{},"geometry":{"type":"LineString","coordinates":[[-65.42528533935547,5.0],[-65.73028564453125,5.032501220703125],[-65.95693969726562,5.054168701171875],[-66.0,5.08331298828125]]}},{"type":"Feature","properties":{},"geometry":{"type":"LineString","coordinates":[[-64.24908447265625,5.0],[-64.15306091308594,5.1199951171875],[-64.26944732666016,5.409446716308594],[-64.41666412353516,5.654991149902344],[-64.45055389404297,5.87750244140625],[-64.4375991821289,6.0]]}},{"type":"Feature","properties":{},"geometry":{"type":"LineString","coordinates":[[-63.416343688964844,5.0],[-63.40917205810547,5.2358245849609375],[-63.47638702392578,5.329719543457031],[-63.706390380859375,5.553337097167969],[-63.87750244140625,5.658882141113281],[-63.812774658203125,6.0]]}},{"type":"Feature","properties":{},"geometry":{"type":"LineString","coordinates":[[-60.15443420410156,5.8083343505859375],[-60.0211181640625,5.572227478027344],[-60.23304748535156,5.596946716308594],[-60.420555114746094,5.738334655761719],[-60.58277130126953,5.768890380859375],[-60.657562255859375,6.0]]}},{"type":"Feature","properties":{},"geometry":{"type":"LineString","coordinates":[[-60.10943603515625,5.2322235107421875],[-60.0,5.1031951904296875]]}},{"type":"Feature","properties":{},"geometry":{"type":"LineString","coordinates":[[-59.883087158203125,6.0],[-59.65611267089844,5.8005523681640625],[-59.560279846191406,5.8383331298828125],[-59.27360534667969,6.0]]}},{"type":"Feature","properties":{},"geometry":{"type":"LineString","coordinates":[[-58.23347473144531,5.0],[-58.22471618652344,5.1513824462890625],[-58.0675048828125,5.308052062988281],[-58.0,5.353889465332031]]}},{"type":"Feature","properties":{},"geometry":{"type":"LineString","coordinates":[[-58.0,5.353889465332031],[-57.7952880859375,5.677223205566406],[-57.71556091308594,5.7711181640625],[-57.7037353515625,6.0]]}},{"type":"Feature","properties":{},"geometry":{"type":"LineString","coordinates":[[-57.398887634277344,5.0],[-57.32249450683594,5.0699920654296875],[-57.2288818359375,5.1408233642578125],[-57.234161376953125,5.259727478027344],[-57.28721618652344,5.310829162597656],[-57.271942138671875,5.380561828613281],[-57.24888610839844,5.485557556152344]]}},{"type":"Feature","properties":{},"geometry":{"type":"LineString","coordinates":[[-54.45616912841797,5.0],[-54.296661376953125,5.2405548095703125],[-54.16694641113281,5.346946716308594]]}},{"type":"Feature","properties":{},"geometry":{"type":"LineString","coordinates":[[-121.65540313720703,73.0],[-121.68305206298828,73.04249572753906],[-121.62860870361328,73.16999816894531],[-121.78250122070312,73.32917022705078],[-122.0,73.4061050415039]]}},{"type":"Feature","properties":{},"geometry":{"type":"LineString","coordinates":[[-119.63423919677734,73.0],[-119.45972442626953,73.06694030761719],[-119.54193878173828,73.211669921875],[-119.61138153076172,73.40166473388672],[-120.0,73.48995208740234]]}},{"type":"Feature","properties":{},"geometry":{"type":"LineString","coordinates":[[-120.0,73.6360092163086],[-119.98277282714844,73.78334045410156],[-119.81361389160156,73.89860534667969],[-119.75476837158203,74.0]]}},{"type":"Feature","properties":{},"geometry":{"type":"LineString","coordinates":[[-123.0,72.48448944091797],[-123.49832916259766,72.50333404541016],[-124.0,72.46289825439453]]}},{"type":"Feature","properties":{},"geometry":{"type":"LineString","coordinates":[[-121.0,72.12875366210938],[-121.53360748291016,72.30139923095703],[-121.58722686767578,72.43750762939453],[-121.83999633789062,72.55583953857422],[-121.6786117553711,72.82583618164062],[-121.56444549560547,72.92416381835938],[-121.65540313720703,73.0]]}},{"type":"Feature","properties":{},"geometry":{"type":"LineString","coordinates":[[-121.63506317138672,72.0],[-122.0,72.16691589355469]]}},{"type":"Feature","properties":{},"geometry":{"type":"LineString","coordinates":[[-119.68250274658203,72.57500457763672],[-119.92778015136719,72.65193939208984],[-119.81666564941406,72.81138610839844],[-119.6419448852539,72.96527099609375],[-119.63423919677734,73.0]]}},{"type":"Feature","properties":{},"geometry":{"type":"LineString","coordinates":[[-117.09852600097656,72.0],[-117.09194946289062,72.05722045898438],[-117.20443725585938,72.11000061035156],[-117.0,72.2495346069336]]}},{"type":"Feature","properties":{},"geometry":{"type":"LineString","coordinates":[[-117.0,72.2495346069336],[-116.40778350830078,72.30777740478516],[-116.147216796875,72.4302749633789],[-116.0,72.44892120361328]]}},{"type":"Feature","properties":{},"geometry":{"type":"LineString","coordinates":[[-116.0,72.44892120361328],[-115.66443634033203,72.50110626220703],[-115.41584014892578,72.41222381591797],[-115.28221893310547,72.45638275146484],[-115.0,72.45333099365234]]}},{"type":"Feature","properties":{},"geometry":{"type":"LineString","coordinates":[[-115.0,72.50414276123047],[-114.55944061279297,72.55889129638672]]}},{"type":"Feature","properties":{},"geometry":{"type":"LineString","coordinates":[[-121.08000183105469,71.6402816772461],[-121.10861206054688,71.73444366455078],[-121.61832427978516,71.9486083984375],[-121.63506317138672,72.0]]}},{"type":"Feature","properties":{},"geometry":{"type":"LineString","coordinates":[[-116.0,71.09837341308594],[-116.07444763183594,71.12416076660156],[-116.24360656738281,71.09416198730469],[-116.53194427490234,71.16694641113281]]}},{"type":"Feature","properties":{},"geometry":{"type":"LineString","coordinates":[[-116.21804809570312,71.77583312988281],[-116.09443664550781,71.92056274414062],[-116.58222198486328,71.96305847167969],[-117.0,71.89785766601562]]}},{"type":"Feature","properties":{},"geometry":{"type":"LineString","coordinates":[[-115.0,71.16346740722656],[-116.0,71.09837341308594]]}},{"type":"Feature","properties":{},"geometry":{"type":"LineString","coordinates":[[-113.0,71.4609603881836],[-113.4130630493164,71.33556365966797],[-113.8941650390625,71.28499603271484],[-114.0,71.2152099609375]]}},{"type":"Feature","properties":{},"geometry":{"type":"LineString","coordinates":[[-112.0,71.57491302490234],[-112.35889434814453,71.4688949584961],[-112.68389129638672,71.49056243896484],[-112.91278076171875,71.43277740478516],[-113.0,71.4609603881836]]}},{"type":"Feature","properties":{},"geometry":{"type":"LineString","coordinates":[[-110.39472198486328,71.92500305175781],[-110.48332977294922,71.71582794189453],[-110.85638427734375,71.64888763427734],[-110.82638549804688,71.5313949584961],[-111.0,71.49674224853516]]}},{"type":"Feature","properties":{},"geometry":{"type":"LineString","coordinates":[[-110.5072250366211,71.02999877929688],[-110.0,71.06622314453125]]}},{"type":"Feature","properties":{},"geometry":{"type":"LineString","coordinates":[[-108.0,71.17860412597656],[-107.91444396972656,71.23722076416016],[-107.96194458007812,71.26778411865234],[-107.88833618164062,71.32195281982422],[-107.94166564941406,71.40084075927734]]}},{"type":"Feature","properties":{},"geometry":{"type":"LineString","coordinates":[[-151.0,70.23045349121094],[-151.1377716064453,70.43639373779297]]}},{"type":"Feature","properties":{},"geometry":{"type":"LineString","coordinates":[[-150.82945251464844,70.25833129882812],[-150.82167053222656,70.31888580322266],[-150.90194702148438,70.3888931274414],[-150.88278198242188,70.40860748291016],[-150.9824981689453,70.45471954345703]]}},{"type":"Feature","properties":{},"geometry":{"type":"LineString","coordinates":[[-148.63485717773438,70.0],[-148.14500427246094,70.18638610839844],[-148.0,70.2054443359375]]}},{"type":"Feature","properties":{},"geometry":{"type":"LineString","coordinates":[[-147.961669921875,70.22499084472656],[-147.788330078125,70.25555419921875]]}},{"type":"Feature","properties":{},"geometry":{"type":"LineString","coordinates":[[-109.46585845947266,71.0],[-109.2863998413086,70.95027160644531],[-109.177490234375,70.88139343261719],[-109.15971374511719,70.8236083984375],[-109.0,70.80178833007812]]}},{"type":"Feature","properties":{},"geometry":{"type":"LineString","coordinates":[[-108.3777847290039,70.83694458007812],[-108.37972259521484,70.87361145019531],[-108.15165710449219,71.0]]}},{"type":"Feature","properties":{},"geometry":{"type":"LineString","coordinates":[[-151.96139526367188,69.0],[-151.96055603027344,69.08305358886719],[-151.443603515625,69.22221374511719],[-151.4102783203125,69.3691635131836],[-151.52667236328125,69.45360565185547]]}},{"type":"Feature","properties":{},"geometry":{"type":"LineString","coordinates":[[-142.1659698486328,69.0],[-142.0,69.07536315917969]]}},{"type":"Feature","properties":{},"geometry":{"type":"LineString","coordinates":[[-142.0,69.07536315917969],[-141.8411102294922,69.23193359375],[-141.6888885498047,69.3344497680664],[-141.89389038085938,69.58722686767578],[-141.78805541992188,69.78666687011719]]}},{"type":"Feature","properties":{},"geometry":{"type":"LineString","coordinates":[[-141.83250427246094,69.69222259521484],[-141.665283203125,69.75666046142578]]}},{"type":"Feature","properties":{},"geometry":{"type":"LineString","coordinates":[[-126.0,69.03094482421875],[-126.3691635131836,69.16082763671875],[-126.81723022460938,69.38500213623047],[-126.90638732910156,69.44249725341797],[-126.84611511230469,69.51860809326172],[-127.0,69.52262115478516]]}},{"type":"Feature","properties":{},"geometry":{"type":"LineString","coordinates":[[-127.0,69.5377426147461],[-126.90861511230469,69.62944793701172],[-127.0,69.6449203491211]]}},{"type":"Feature","properties":{},"geometry":{"type":"LineString","coordinates":[[-127.0,69.66230010986328],[-126.94223022460938,69.77749633789062],[-126.95472717285156,69.79972839355469],[-126.81167602539062,69.836669921875],[-127.0,69.87445068359375]]}},{"type":"Feature","properties":{},"geometry":{"type":"LineString","coordinates":[[-125.50565338134766,69.0],[-125.55138397216797,69.05638122558594],[-125.53194427490234,69.10166931152344],[-126.0,69.03094482421875]]}},{"type":"Feature","properties":{},"geometry":{"type":"LineString","coordinates":[[-123.0,69.15103149414062],[-123.6161117553711,69.2411117553711],[-123.7691650390625,69.29528045654297],[-123.87916564941406,69.36249542236328]]}},{"type":"Feature","properties":{},"geometry":{"type":"LineString","coordinates":[[-152.62445068359375,68.30445098876953],[-152.54055786132812,68.45333099365234],[-152.3958282470703,68.63138580322266],[-152.32611083984375,68.73943328857422],[-152.0399932861328,68.79389953613281],[-152.0,68.85781860351562]]}},{"type":"Feature","properties":{},"geometry":{"type":"LineString","coordinates":[[-145.0,68.5963363647461],[-145.13722229003906,68.42389678955078],[-145.3572235107422,68.28333282470703],[-145.45944213867188,68.17332458496094],[-145.55723571777344,68.13722229003906],[-145.968505859375,68.0]]}},{"type":"Feature","properties":{},"geometry":{"type":"LineString","coordinates":[[-144.19528198242188,69.0],[-144.30027770996094,68.95472717285156],[-144.3038787841797,68.89860534667969],[-144.6908416748047,68.77944946289062],[-145.0,68.5963363647461]]}},{"type":"Feature","properties":{},"geometry":{"type":"LineString","coordinates":[[-143.0,68.95306396484375],[-142.4083251953125,68.9375],[-142.1659698486328,69.0]]}},{"type":"Feature","properties":{},"geometry":{"type":"LineString","coordinates":[[-141.0,68.19290161132812],[-140.5388946533203,68.19332885742188],[-140.45916748046875,68.26693725585938],[-140.1286163330078,68.2527847290039],[-140.0,68.18106079101562]]}},{"type":"Feature","properties":{},"geometry":{"type":"LineString","coordinates":[[-140.0,68.18106079101562],[-139.97860717773438,68.13972473144531],[-139.7952880859375,68.07110595703125],[-139.5821533203125,68.0]]}},{"type":"Feature","properties":{},"geometry":{"type":"LineString","coordinates":[[-137.3494415283203,68.22471618652344],[-137.2513885498047,68.20999145507812],[-137.21527099609375,68.15388488769531],[-137.0,68.059326171875]]}},{"type":"Feature","properties":{},"geometry":{"type":"LineString","coordinates":[[-135.0,68.01963806152344],[-135.08749389648438,68.06611633300781],[-135.12889099121094,68.1058349609375],[-135.08416748046875,68.23250579833984],[-135.0,68.23172760009766]]}},{"type":"Feature","properties":{},"geometry":{"type":"LineString","coordinates":[[-135.0,68.2441635131836],[-135.241943359375,68.46611785888672],[-135.19000244140625,68.59249114990234],[-135.2213897705078,68.66582489013672]]}},{"type":"Feature","properties":{},"geometry":{"type":"LineString","coordinates":[[-135.1183319091797,68.30638885498047],[-135.5327911376953,68.4911117553711],[-135.7375030517578,68.59972381591797],[-135.85610961914062,68.76749420166016],[-136.0,68.79754638671875]]}},{"type":"Feature","properties":{},"geometry":{"type":"LineString","coordinates":[[-135.64334106445312,68.91082763671875],[-135.80860900878906,68.99221801757812]]}},{"type":"Feature","properties":{},"geometry":{"type":"LineString","coordinates":[[-134.12832641601562,68.42472076416016],[-134.5083465576172,68.4574966430664],[-135.0,68.63410186767578]]}},{"type":"Feature","properties":{},"geometry":{"type":"LineString","coordinates":[[-134.506103515625,68.08555603027344],[-134.6877899169922,68.18943786621094],[-134.74972534179688,68.24943542480469],[-135.0,68.26351165771484]]}},{"type":"Feature","properties":{},"geometry":{"type":"LineString","coordinates":[[-134.0,68.08096313476562],[-133.89056396484375,68.14778137207031],[-133.87973022460938,68.19027709960938],[-133.97694396972656,68.30638885498047],[-134.0,68.37007904052734]]}},{"type":"Feature","properties":{},"geometry":{"type":"LineString","coordinates":[[-125.0,68.74931335449219],[-125.41277313232422,68.84916687011719],[-125.39583587646484,68.87110900878906],[-125.46944427490234,68.89639282226562],[-125.50565338134766,69.0]]}},{"type":"Feature","properties":{},"geometry":{"type":"LineString","coordinates":[[-124.0,68.61914825439453],[-124.06277465820312,68.69361114501953],[-124.46582794189453,68.77471923828125],[-124.55472564697266,68.69499969482422],[-124.79499816894531,68.6802749633789],[-125.0,68.74931335449219]]}},{"type":"Feature","properties":{},"geometry":{"type":"LineString","coordinates":[[-123.28472137451172,68.0],[-123.33417510986328,68.08055114746094],[-123.48999786376953,68.15138244628906],[-123.52388763427734,68.29666900634766],[-123.6047134399414,68.36833953857422],[-123.77305603027344,68.49805450439453],[-123.88082885742188,68.59166717529297],[-124.0,68.61914825439453]]}},{"type":"Feature","properties":{},"geometry":{"type":"LineString","coordinates":[[-122.0,68.32711029052734],[-122.39556121826172,68.5022201538086],[-122.2813949584961,68.5808334350586],[-122.42945098876953,68.76194763183594],[-122.63721466064453,68.85472106933594],[-122.74250030517578,68.93028259277344],[-122.66324615478516,69.0]]}},{"type":"Feature","properties":{},"geometry":{"type":"LineString","coordinates":[[-93.0,68.41388702392578],[-93.3263931274414,68.42972564697266],[-93.39417266845703,68.46334075927734],[-93.40889739990234,68.53722381591797],[-93.5663833618164,68.5597152709961]]}},{"type":"Feature","properties":{},"geometry":{"type":"LineString","coordinates":[[-92.73212432861328,68.0],[-92.25917053222656,68.179443359375],[-92.29528045654297,68.43889617919922],[-93.0,68.41388702392578]]}},{"type":"Feature","properties":{},"geometry":{"type":"LineString","coordinates":[[-89.93464660644531,68.0],[-89.758056640625,68.05416870117188],[-89.5133285522461,68.04167175292969],[-89.3772201538086,68.15055847167969],[-90.0,68.33666229248047]]}},{"type":"Feature","properties":{},"geometry":{"type":"LineString","coordinates":[[-84.59416961669922,68.0],[-84.41666412353516,68.05667114257812],[-84.0,68.03556823730469]]}},{"type":"Feature","properties":{},"geometry":{"type":"LineString","coordinates":[[-163.0,67.49866485595703],[-163.09165954589844,67.4594497680664],[-163.0558319091797,67.39278411865234]]}},{"type":"Feature","properties":{},"geometry":{"type":"LineString","coordinates":[[-162.70361328125,67.81333923339844],[-162.78277587890625,67.79972839355469],[-162.83583068847656,67.70333099365234]]}},{"type":"Feature","properties":{},"geometry":{"type":"LineString","coordinates":[[-149.0144500732422,67.4625015258789],[-149.5113983154297,67.29361724853516],[-149.9058380126953,67.14443969726562],[-150.0,67.05781555175781]]}},{"type":"Feature","properties":{},"geometry":{"type":"LineString","coordinates":[[-147.0,67.30045318603516],[-147.21083068847656,67.22610473632812],[-147.28111267089844,67.1583251953125],[-147.239990234375,67.100830078125],[-147.0,67.08119201660156]]}},{"type":"Feature","properties":{},"geometry":{"type":"LineString","coordinates":[[-146.0,67.97764587402344],[-146.15499877929688,67.81277465820312],[-146.05638122558594,67.67194366455078],[-146.2869415283203,67.48694610595703],[-146.68222045898438,67.42082977294922],[-147.0,67.30045318603516]]}},{"type":"Feature","properties":{},"geometry":{"type":"LineString","coordinates":[[-147.0,67.08119201660156],[-146.4069366455078,67.0]]}},{"type":"Feature","properties":{},"geometry":{"type":"LineString","coordinates":[[-139.5821533203125,68.0],[-139.64666748046875,67.91111755371094],[-139.96527099609375,67.77944946289062],[-139.6750030517578,67.62860870361328],[-139.80416870117188,67.57666778564453]]}},{"type":"Feature","properties":{},"geometry":{"type":"LineString","coordinates":[[-137.0,67.32003021240234],[-137.07305908203125,67.2991714477539],[-137.21693420410156,67.38445281982422],[-137.4385986328125,67.3869400024414],[-137.76834106445312,67.29444122314453]]}},{"type":"Feature","properties":{},"geometry":{"type":"LineString","coordinates":[[-136.9404296875,68.0],[-136.88528442382812,67.8800048828125],[-136.6344451904297,67.6933364868164],[-136.7616729736328,67.6241683959961],[-137.0,67.39153289794922]]}},{"type":"Feature","properties":{},"geometry":{"type":"LineString","coordinates":[[-134.61416625976562,67.71944427490234],[-134.64889526367188,67.77999877929688],[-134.90306091308594,67.91082763671875],[-134.8755645751953,67.96221923828125],[-134.9496307373047,68.0]]}},{"type":"Feature","properties":{},"geometry":{"type":"LineString","coordinates":[[-134.4627685546875,67.84222412109375],[-134.5322265625,67.88528442382812],[-134.4644317626953,67.899169921875],[-134.43666076660156,67.96444702148438]]}},{"type":"Feature","properties":{},"geometry":{"type":"LineString","coordinates":[[-124.0,67.32543182373047],[-124.16972351074219,67.30916595458984]]}},{"type":"Feature","properties":{},"geometry":{"type":"LineString","coordinates":[[-123.220458984375,67.0],[-123.82167053222656,67.10360717773438],[-123.93499755859375,67.23805236816406],[-124.0,67.32543182373047]]}},{"type":"Feature","properties":{},"geometry":{"type":"LineString","coordinates":[[-122.23916625976562,67.54471588134766],[-122.39417266845703,67.5774917602539],[-122.5666732788086,67.7027816772461],[-122.8094482421875,67.71749114990234],[-123.0,67.80416870117188]]}},{"type":"Feature","properties":{},"geometry":{"type":"LineString","coordinates":[[-123.0,67.80914306640625],[-122.93417358398438,67.81971740722656],[-122.98361206054688,67.85945129394531],[-122.93666076660156,67.875],[-123.0,67.90516662597656]]}},{"type":"Feature","properties":{},"geometry":{"type":"LineString","coordinates":[[-121.02842712402344,68.0],[-121.3919448852539,67.89582824707031],[-121.55321502685547,68.0]]}},{"type":"Feature","properties":{},"geometry":{"type":"LineString","coordinates":[[-104.51058197021484,67.0],[-104.27722930908203,67.26944732666016],[-104.13722229003906,67.42194366455078],[-104.14610290527344,67.68000030517578],[-104.00895690917969,68.0]]}},{"type":"Feature","properties":{},"geometry":{"type":"LineString","coordinates":[[-100.0,67.37316131591797],[-100.27056121826172,67.57111358642578],[-100.5986099243164,67.6752700805664],[-100.63054656982422,67.76444244384766],[-100.60083770751953,67.80223083496094]]}},{"type":"Feature","properties":{},"geometry":{"type":"LineString","coordinates":[[-97.86283874511719,67.0],[-97.7105484008789,67.14305114746094],[-97.3727798461914,67.2986068725586],[-97.15805053710938,67.43138885498047],[-97.23193359375,67.62360382080078]]}},{"type":"Feature","properties":{},"geometry":{"type":"LineString","coordinates":[[-94.0,67.4524154663086],[-94.36028289794922,67.55388641357422],[-94.7391586303711,67.3711166381836],[-95.0,67.19195556640625]]}},{"type":"Feature","properties":{},"geometry":{"type":"LineString","coordinates":[[-93.06074523925781,67.0],[-93.1441650390625,67.14527893066406],[-93.45722198486328,67.23527526855469],[-94.0,67.4524154663086]]}},{"type":"Feature","properties":{},"geometry":{"type":"LineString","coordinates":[[-93.0,67.99234008789062],[-92.73212432861328,68.0]]}},{"type":"Feature","properties":{},"geometry":{"type":"LineString","coordinates":[[-90.0,67.47278594970703],[-90.02944946289062,67.56610870361328],[-90.24889373779297,67.65860748291016],[-90.1844482421875,67.85389709472656],[-90.0,67.92803955078125]]}},{"type":"Feature","properties":{},"geometry":{"type":"LineString","coordinates":[[-90.0,67.25289154052734],[-89.9102783203125,67.28528594970703],[-90.0,67.3601303100586]]}},{"type":"Feature","properties":{},"geometry":{"type":"LineString","coordinates":[[-85.0,67.6974105834961],[-84.83027648925781,67.79417419433594],[-84.73833465576172,67.8880615234375],[-84.7297134399414,67.959716796875],[-84.59416961669922,68.0]]}},{"type":"Feature","properties":{},"geometry":{"type":"LineString","coordinates":[[-83.91429138183594,68.0],[-83.37667083740234,67.91444396972656],[-83.2961196899414,67.93388366699219],[-83.33028411865234,67.96694946289062],[-83.29744720458984,68.0]]}},{"type":"Feature","properties":{},"geometry":{"type":"LineString","coordinates":[[-161.0852813720703,66.81889343261719],[-161.25498962402344,66.80194091796875],[-161.37777709960938,66.75027465820312],[-161.7566680908203,66.74472045898438],[-161.83750915527344,66.6913833618164]]}},{"type":"Feature","properties":{},"geometry":{"type":"LineString","coordinates":[[-156.58416748046875,66.88694763183594],[-156.80555725097656,66.91471862792969],[-156.81861877441406,66.87750244140625]]}},{"type":"Feature","properties":{},"geometry":{"type":"LineString","coordinates":[[-151.0,66.87251281738281],[-151.37998962402344,66.75056457519531],[-151.53167724609375,66.6352767944336],[-151.77166748046875,66.58194732666016],[-151.93472290039062,66.58916473388672]]}},{"type":"Feature","properties":{},"geometry":{"type":"LineString","coordinates":[[-147.0,66.22398376464844],[-147.22000122070312,66.2719497680664],[-147.34527587890625,66.21971130371094],[-147.51528930664062,66.20999145507812],[-147.60890197753906,66.2602767944336]]}},{"type":"Feature","properties":{},"geometry":{"type":"LineString","coordinates":[[-146.4069366455078,67.0],[-146.2977752685547,66.95555114746094],[-146.25111389160156,66.88082885742188],[-146.13943481445312,66.86195373535156],[-146.0,66.76530456542969]]}},{"type":"Feature","properties":{},"geometry":{"type":"LineString","coordinates":[[-146.272216796875,66.0],[-146.0497283935547,66.27056121826172],[-146.8816680908203,66.21083068847656],[-147.0,66.22398376464844]]}},{"type":"Feature","properties":{},"geometry":{"type":"LineString","coordinates":[[-146.0,66.68648529052734],[-145.85972595214844,66.65721893310547],[-145.8350067138672,66.60721588134766]]}},{"type":"Feature","properties":{},"geometry":{"type":"LineString","coordinates":[[-144.34999084472656,66.04666137695312],[-144.53973388671875,66.15750122070312],[-144.7183380126953,66.23833465576172],[-144.81805419921875,66.30889129638672]]}},{"type":"Feature","properties":{},"geometry":{"type":"LineString","coordinates":[[-123.0,66.97084045410156],[-123.220458984375,67.0]]}},{"type":"Feature","properties":{},"geometry":{"type":"LineString","coordinates":[[-111.0,66.16624450683594],[-110.26667022705078,66.24723052978516],[-110.1441650390625,66.34917449951172],[-110.0,66.4244613647461]]}},{"type":"Feature","properties":{},"geometry":{"type":"LineString","coordinates":[[-110.0,66.4244613647461],[-109.64777374267578,66.37972259521484],[-109.22444152832031,66.42194366455078],[-109.0,66.5500717163086]]}},{"type":"Feature","properties":{},"geometry":{"type":"LineString","coordinates":[[-109.0,66.5500717163086],[-108.89056396484375,66.70665740966797],[-108.54332733154297,66.83555603027344],[-108.53417205810547,66.88722229003906],[-108.23193359375,66.84889221191406]]}},{"type":"Feature","properties":{},"geometry":{"type":"LineString","coordinates":[[-105.33684539794922,66.0],[-105.25695037841797,66.06111145019531],[-105.18194580078125,66.22471618652344],[-105.06639099121094,66.26222229003906],[-105.0,66.33089447021484]]}},{"type":"Feature","properties":{},"geometry":{"type":"LineString","coordinates":[[-105.0,66.33089447021484],[-104.68778228759766,66.47583770751953],[-104.66222381591797,66.81388854980469],[-104.4225082397461,66.93527221679688],[-104.51058197021484,67.0]]}},{"type":"Feature","properties":{},"geometry":{"type":"LineString","coordinates":[[-98.81944274902344,66.30445098876953],[-98.7852783203125,66.36083221435547],[-98.79583740234375,66.59638214111328],[-99.0,66.70755767822266]]}},{"type":"Feature","properties":{},"geometry":{"type":"LineString","coordinates":[[-98.0,66.34380340576172],[-98.16944885253906,66.35472869873047],[-98.08999633789062,66.53804779052734],[-98.022216796875,66.59221649169922],[-98.0,66.68790435791016]]}},{"type":"Feature","properties":{},"geometry":{"type":"LineString","coordinates":[[-98.0,66.88589477539062],[-97.86283874511719,67.0]]}},{"type":"Feature","properties":{},"geometry":{"type":"LineString","coordinates":[[-92.0,66.74319458007812],[-92.56722259521484,66.90834045410156],[-92.81584167480469,66.98194885253906],[-93.0,66.98403930664062]]}},{"type":"Feature","properties":{},"geometry":{"type":"LineString","coordinates":[[-91.0,66.67891693115234],[-91.34722137451172,66.68860626220703],[-91.65360260009766,66.59638214111328],[-91.945556640625,66.7508316040039],[-92.0,66.74319458007812]]}},{"type":"Feature","properties":{},"geometry":{"type":"LineString","coordinates":[[-165.0,65.17817687988281],[-165.14694213867188,65.1502685546875],[-165.3633270263672,65.20639038085938]]}},{"type":"Feature","properties":{},"geometry":{"type":"LineString","coordinates":[[-164.0,65.43816375732422],[-164.19082641601562,65.3777847290039],[-164.6508331298828,65.21638488769531],[-165.0,65.17817687988281]]}},{"type":"Feature","properties":{},"geometry":{"type":"LineString","coordinates":[[-162.8155517578125,65.41083526611328],[-162.3141632080078,65.3869400024414],[-162.0,65.31768035888672]]}},{"type":"Feature","properties":{},"geometry":{"type":"LineString","coordinates":[[-162.0,65.31768035888672],[-161.73361206054688,65.20916748046875],[-161.04722595214844,65.1280517578125],[-161.0,65.09487915039062]]}},{"type":"Feature","properties":{},"geometry":{"type":"LineString","coordinates":[[-158.0,65.14643859863281],[-157.70028686523438,65.27611541748047]]}},{"type":"Feature","properties":{},"geometry":{"type":"LineString","coordinates":[[-154.0,65.53809356689453],[-154.75473022460938,65.2986068725586],[-154.79916381835938,65.2047119140625],[-155.0,65.16993713378906]]}},{"type":"Feature","properties":{},"geometry":{"type":"LineString","coordinates":[[-153.0,65.70536041259766],[-153.1105499267578,65.64360809326172],[-153.649169921875,65.6116714477539],[-154.0,65.53809356689453]]}},{"type":"Feature","properties":{},"geometry":{"type":"LineString","coordinates":[[-147.0,65.41814422607422],[-147.8461151123047,65.40999603271484],[-147.69056701660156,65.56249237060547],[-147.4361114501953,65.72917175292969],[-147.0,65.73160552978516]]}},{"type":"Feature","properties":{},"geometry":{"type":"LineString","coordinates":[[-139.99583435058594,65.34888458251953],[-139.5308380126953,65.29222869873047],[-139.0,65.34732818603516]]}},{"type":"Feature","properties":{},"geometry":{"type":"LineString","coordinates":[[-139.0,65.34732818603516],[-138.72056579589844,65.30333709716797],[-138.30555725097656,65.37166595458984],[-138.2050018310547,65.54778289794922],[-138.0,65.72083282470703]]}},{"type":"Feature","properties":{},"geometry":{"type":"LineString","coordinates":[[-137.16314697265625,65.0],[-137.18499755859375,65.09333801269531],[-137.12832641601562,65.16888427734375],[-137.1841583251953,65.3516616821289],[-137.0,65.49388885498047]]}},{"type":"Feature","properties":{},"geometry":{"type":"LineString","coordinates":[[-137.0,65.49388885498047],[-136.7247314453125,65.63944244384766],[-136.25721740722656,65.72943878173828],[-136.3633270263672,65.82806396484375],[-136.34999084472656,65.86750793457031]]}},{"type":"Feature","properties":{},"geometry":{"type":"LineString","coordinates":[[-136.0,65.89360046386719],[-135.5436248779297,65.89027404785156],[-135.3463897705078,65.83500671386719],[-135.0,65.93600463867188]]}},{"type":"Feature","properties":{},"geometry":{"type":"LineString","coordinates":[[-133.0333251953125,65.0],[-133.07638549804688,65.11111450195312],[-133.37527465820312,65.28389739990234],[-133.44027709960938,65.60916900634766],[-133.2977752685547,65.72638702392578],[-133.3222198486328,65.868896484375],[-133.12110900878906,65.97471618652344],[-134.0,65.96957397460938]]}},{"type":"Feature","properties":{},"geometry":{"type":"LineString","coordinates":[[-127.5824966430664,65.4447250366211],[-127.83694458007812,65.53166961669922]]}},{"type":"Feature","properties":{},"geometry":{"type":"LineString","coordinates":[[-118.25695037841797,65.21527099609375],[-118.09388732910156,65.2638931274414]]}},{"type":"Feature","properties":{},"geometry":{"type":"LineString","coordinates":[[-116.24749755859375,65.44306182861328],[-116.38611602783203,65.39888763427734],[-116.4958267211914,65.09111022949219],[-116.56139373779297,65.04693603515625],[-116.53145599365234,65.0]]}},{"type":"Feature","properties":{},"geometry":{"type":"LineString","coordinates":[[-115.3691635131836,65.88583374023438],[-115.85472106933594,65.78388977050781],[-115.83500671386719,65.7027816772461],[-115.77778625488281,65.68138885498047],[-115.87611389160156,65.64665985107422],[-116.0,65.5834732055664]]}},{"type":"Feature","properties":{},"geometry":{"type":"LineString","coordinates":[[-105.17971801757812,65.35889434814453],[-105.41527557373047,65.75639343261719],[-105.25360870361328,65.88194274902344],[-105.33684539794922,66.0]]}},{"type":"Feature","properties":{},"geometry":{"type":"LineString","coordinates":[[-97.0,65.84379577636719],[-97.17027282714844,65.87055969238281]]}},{"type":"Feature","properties":{},"geometry":{"type":"LineString","coordinates":[[-96.0,65.6202163696289],[-96.03166198730469,65.68917083740234],[-96.38555145263672,65.72582244873047],[-96.6352767944336,65.83055114746094],[-97.0,65.84379577636719]]}},{"type":"Feature","properties":{},"geometry":{"type":"LineString","coordinates":[[-94.0,65.53275299072266],[-94.06472778320312,65.4847183227539],[-94.0,65.43791961669922]]}},{"type":"Feature","properties":{},"geometry":{"type":"LineString","coordinates":[[-94.0,65.15556335449219],[-94.23277282714844,65.16221618652344],[-94.35443878173828,65.11860656738281],[-94.41083526611328,65.14222717285156],[-94.75161743164062,65.0]]}},{"type":"Feature","properties":{},"geometry":{"type":"LineString","coordinates":[[-94.0,65.76590728759766],[-93.97471618652344,65.71332550048828],[-93.96583557128906,65.63416290283203],[-94.0,65.53275299072266]]}},{"type":"Feature","properties":{},"geometry":{"type":"LineString","coordinates":[[-94.0,65.43791961669922],[-93.6208267211914,65.43416595458984],[-93.6177749633789,65.36945343017578],[-93.66666412353516,65.20249938964844],[-94.0,65.15556335449219]]}},{"type":"Feature","properties":{},"geometry":{"type":"LineString","coordinates":[[-90.52721405029297,65.61083221435547],[-90.5233383178711,65.49222564697266],[-90.46027374267578,65.28333282470703],[-90.49750518798828,65.17582702636719],[-90.5165023803711,65.0]]}},{"type":"Feature","properties":{},"geometry":{"type":"LineString","coordinates":[[-71.74193572998047,65.42777252197266],[-71.4211196899414,65.61527252197266],[-71.45777130126953,65.64527130126953],[-71.27611541748047,65.80860900878906],[-71.29166412353516,65.95443725585938]]}},{"type":"Feature","properties":{},"geometry":{"type":"LineString","coordinates":[[-156.40916442871094,64.6655502319336],[-156.65000915527344,64.64583587646484]]}},{"type":"Feature","properties":{},"geometry":{"type":"LineString","coordinates":[[-151.16378784179688,64.0],[-151.1263885498047,64.04194641113281],[-151.0,64.040283203125]]}},{"type":"Feature","properties":{},"geometry":{"type":"LineString","coordinates":[[-151.0,64.040283203125],[-150.55751037597656,64.35222625732422],[-150.31582641601562,64.4880599975586],[-150.27638244628906,64.50666046142578],[-150.20860290527344,64.58943939208984],[-150.0719451904297,64.63582611083984],[-150.0,64.68102264404297]]}},{"type":"Feature","properties":{},"geometry":{"type":"LineString","coordinates":[[-149.09231567382812,64.0],[-149.2574920654297,64.31806182861328],[-149.1891632080078,64.44388580322266],[-149.11082458496094,64.57527923583984]]}},{"type":"Feature","properties":{},"geometry":{"type":"LineString","coordinates":[[-137.0,64.88569641113281],[-137.16314697265625,65.0]]}},{"type":"Feature","properties":{},"geometry":{"type":"LineString","coordinates":[[-135.0641632080078,64.67388153076172],[-135.1597137451172,64.62999725341797],[-135.49583435058594,64.67499542236328],[-135.7897186279297,64.6177749633789],[-136.0,64.67205047607422]]}},{"type":"Feature","properties":{},"geometry":{"type":"LineString","coordinates":[[-132.0,64.5256576538086],[-132.18276977539062,64.5552749633789],[-133.0,64.96807861328125]]}},{"type":"Feature","properties":{},"geometry":{"type":"LineString","coordinates":[[-124.9471435546875,64.0],[-124.6755599975586,64.19638061523438],[-124.67777252197266,64.22305297851562],[-124.5566635131836,64.30638885498047]]}},{"type":"Feature","properties":{},"geometry":{"type":"LineString","coordinates":[[-124.6772232055664,64.33028411865234],[-124.64055633544922,64.3550033569336],[-124.74694061279297,64.38361358642578]]}},{"type":"Feature","properties":{},"geometry":{"type":"LineString","coordinates":[[-121.0,64.08290100097656],[-121.37194061279297,64.08944702148438],[-121.70027923583984,64.2941665649414],[-121.6624984741211,64.37305450439453],[-121.92916870117188,64.52832794189453],[-121.5905532836914,64.59444427490234]]}},{"type":"Feature","properties":{},"geometry":{"type":"LineString","coordinates":[[-121.47222137451172,64.6661148071289],[-121.47916412353516,64.71027374267578],[-121.43111419677734,64.72554779052734],[-121.45194244384766,64.76360321044922],[-121.36333465576172,64.81138610839844]]}},{"type":"Feature","properties":{},"geometry":{"type":"LineString","coordinates":[[-117.5583267211914,64.7266616821289],[-117.46416473388672,64.77778625488281],[-117.66971588134766,64.77861022949219]]}},{"type":"Feature","properties":{},"geometry":{"type":"LineString","coordinates":[[-116.53943634033203,64.788330078125],[-116.62471771240234,64.7316665649414],[-116.73695373535156,64.57471466064453],[-117.0,64.5888900756836]]}},{"type":"Feature","properties":{},"geometry":{"type":"LineString","coordinates":[[-114.37389373779297,64.47777557373047],[-114.58722686767578,64.44499969482422],[-114.67972564697266,64.35723114013672],[-114.85360717773438,64.3438949584961]]}},{"type":"Feature","properties":{},"geometry":{"type":"LineString","coordinates":[[-105.57054901123047,64.00582885742188],[-105.51610565185547,64.09611511230469],[-105.30194854736328,64.23165893554688],[-105.61028289794922,64.45305633544922],[-105.83555603027344,64.6147232055664],[-105.98445129394531,64.74527740478516],[-105.53417205810547,64.90666198730469],[-105.25360870361328,64.86111450195312],[-105.0,64.87588500976562]]}},{"type":"Feature","properties":{},"geometry":{"type":"LineString","coordinates":[[-105.0,64.87588500976562],[-104.79583740234375,64.85833740234375],[-104.6030502319336,64.9666748046875],[-104.51250457763672,64.95777893066406],[-104.48926544189453,65.0]]}},{"type":"Feature","properties":{},"geometry":{"type":"LineString","coordinates":[[-99.44249725341797,64.2147216796875],[-100.0,64.42955780029297]]}},{"type":"Feature","properties":{},"geometry":{"type":"LineString","coordinates":[[-94.75161743164062,65.0],[-94.84666442871094,64.87472534179688],[-94.78944396972656,64.7361068725586],[-94.29833221435547,64.56221771240234],[-94.0,64.36287689208984]]}},{"type":"Feature","properties":{},"geometry":{"type":"LineString","coordinates":[[-94.0,64.36287689208984],[-93.95249938964844,64.27611541748047],[-93.77583312988281,64.19248962402344]]}},{"type":"Feature","properties":{},"geometry":{"type":"LineString","coordinates":[[-90.5165023803711,65.0],[-90.25389862060547,64.83944702148438],[-90.09056091308594,64.59221649169922],[-90.48888397216797,64.5027847290039],[-90.49889373779297,64.30333709716797],[-90.35027313232422,64.13916015625],[-90.11778259277344,64.12416076660156]]}},{"type":"Feature","properties":{},"geometry":{"type":"LineString","coordinates":[[-85.0,64.47895050048828],[-85.17887878417969,64.34639739990234],[-85.2863998413086,64.20166015625],[-85.42833709716797,64.0]]}},{"type":"Feature","properties":{},"geometry":{"type":"LineString","coordinates":[[-84.46361541748047,64.83416748046875],[-84.54805755615234,64.67638397216797],[-84.5233383178711,64.51583099365234],[-84.5566635131836,64.40332794189453],[-84.7058334350586,64.36249542236328],[-85.0,64.47895050048828]]}},{"type":"Feature","properties":{},"geometry":{"type":"LineString","coordinates":[[-69.0,64.57674407958984],[-69.12361145019531,64.65637969970703],[-69.34917449951172,64.59833526611328],[-69.48416900634766,64.43277740478516],[-70.0,64.46588897705078]]}},{"type":"Feature","properties":{},"geometry":{"type":"LineString","coordinates":[[-68.76722717285156,64.2894515991211],[-68.99528503417969,64.44445037841797],[-68.99861145019531,64.5022201538086],[-69.0,64.57674407958984]]}},{"type":"Feature","properties":{},"geometry":{"type":"LineString","coordinates":[[-159.21249389648438,63.77223205566406],[-159.1697235107422,63.71556091308594],[-159.34304809570312,63.69195556640625]]}},{"type":"Feature","properties":{},"geometry":{"type":"LineString","coordinates":[[-155.84693908691406,63.294158935546875],[-155.7822265625,63.30638122558594],[-155.84584045410156,63.41222381591797],[-155.741943359375,63.58861541748047],[-155.0,63.84355163574219]]}},{"type":"Feature","properties":{},"geometry":{"type":"LineString","coordinates":[[-155.0,63.84355163574219],[-154.77194213867188,63.90388488769531]]}},{"type":"Feature","properties":{},"geometry":{"type":"LineString","coordinates":[[-151.7036590576172,64.0],[-151.5963897705078,63.89500427246094],[-151.41110229492188,63.88861083984375],[-151.16378784179688,64.0]]}},{"type":"Feature","properties":{},"geometry":{"type":"LineString","coordinates":[[-148.48944091796875,63.14805603027344],[-148.06056213378906,63.30943298339844],[-148.84388732910156,63.58306121826172],[-148.8316650390625,63.65667724609375],[-148.87445068359375,63.71221923828125],[-149.0,63.90765380859375]]}},{"type":"Feature","properties":{},"geometry":{"type":"LineString","coordinates":[[-126.49124908447266,63.0],[-126.46778106689453,63.089447021484375],[-126.3677749633789,63.19499206542969],[-126.36556243896484,63.2994384765625],[-126.0,63.425270080566406]]}},{"type":"Feature","properties":{},"geometry":{"type":"LineString","coordinates":[[-126.0,63.425270080566406],[-125.41222381591797,63.64666748046875],[-125.54528045654297,63.92250061035156],[-125.0,63.98497009277344]]}},{"type":"Feature","properties":{},"geometry":{"type":"LineString","coordinates":[[-124.0,63.95155334472656],[-124.18666076660156,63.94944763183594]]}},{"type":"Feature","properties":{},"geometry":{"type":"LineString","coordinates":[[-120.15165710449219,63.25416564941406],[-120.47222137451172,63.49555206298828],[-120.7491683959961,63.6925048828125],[-121.0,63.91131591796875]]}},{"type":"Feature","properties":{},"geometry":{"type":"LineString","coordinates":[[-120.33556365966797,63.67333984375],[-120.64611053466797,63.920562744140625],[-120.67694854736328,63.983062744140625],[-120.74332427978516,63.99749755859375]]}},{"type":"Feature","properties":{},"geometry":{"type":"LineString","coordinates":[[-118.61750030517578,63.91278076171875],[-118.34806060791016,63.75666809082031],[-118.32361602783203,63.62999725341797],[-118.30194854736328,63.53888702392578]]}},{"type":"Feature","properties":{},"geometry":{"type":"LineString","coordinates":[[-117.0,63.11170959472656],[-116.87417602539062,63.14582824707031],[-116.68498992919922,63.24888610839844],[-116.5102767944336,63.24249267578125],[-116.5425033569336,63.17610168457031],[-116.29666900634766,63.05860900878906]]}},{"type":"Feature","properties":{},"geometry":{"type":"LineString","coordinates":[[-116.04388427734375,63.50305938720703],[-116.23444366455078,63.387779235839844],[-116.26555633544922,63.317779541015625],[-116.10916137695312,63.23944091796875]]}},{"type":"Feature","properties":{},"geometry":{"type":"LineString","coordinates":[[-110.67638397216797,63.247222900390625],[-110.71639251708984,63.17610168457031],[-110.4513931274414,63.048614501953125],[-110.47270965576172,63.0]]}},{"type":"Feature","properties":{},"geometry":{"type":"LineString","coordinates":[[-106.78388977050781,63.61500549316406],[-106.50472259521484,63.763885498046875],[-106.18527221679688,63.598609924316406],[-106.0,63.639007568359375]]}},{"type":"Feature","properties":{},"geometry":{"type":"LineString","coordinates":[[-106.0,63.639007568359375],[-105.5824966430664,63.553611755371094],[-105.19389343261719,63.58861541748047],[-105.10221862792969,63.648895263671875],[-105.0,63.77349853515625]]}},{"type":"Feature","properties":{},"geometry":{"type":"LineString","coordinates":[[-105.0,63.77349853515625],[-104.85667419433594,63.79167175292969],[-104.71721649169922,63.73722839355469],[-104.69693756103516,63.65777587890625],[-104.52388763427734,63.64527893066406]]}},{"type":"Feature","properties":{},"geometry":{"type":"LineString","coordinates":[[-99.26166534423828,63.19667053222656],[-99.1038818359375,63.317779541015625],[-99.0,63.33221435546875]]}},{"type":"Feature","properties":{},"geometry":{"type":"LineString","coordinates":[[-99.0,63.33221435546875],[-98.8880615234375,63.36387634277344],[-98.92027282714844,63.396949768066406],[-98.7933349609375,63.566383361816406],[-98.83750915527344,63.613609313964844]]}},{"type":"Feature","properties":{},"geometry":{"type":"LineString","coordinates":[[-94.0,63.928375244140625],[-93.77000427246094,63.9566650390625]]}},{"type":"Feature","properties":{},"geometry":{"type":"LineString","coordinates":[[-164.1102752685547,62.90110778808594],[-164.3094024658203,63.0]]}},{"type":"Feature","properties":{},"geometry":{"type":"LineString","coordinates":[[-164.0,62.91839599609375],[-163.7947235107422,62.92582702636719],[-163.79945373535156,62.98249816894531]]}},{"type":"Feature","properties":{},"geometry":{"type":"LineString","coordinates":[[-146.0,62.06571960449219],[-145.5055694580078,62.08111572265625],[-145.3794403076172,62.04222106933594]]}},{"type":"Feature","properties":{},"geometry":{"type":"LineString","coordinates":[[-139.86241149902344,62.0],[-139.8397216796875,62.086395263671875],[-139.78028869628906,62.21638488769531],[-139.39915466308594,62.3458251953125],[-139.4641571044922,62.54193878173828],[-139.8736114501953,62.61194610595703],[-140.0,62.616668701171875]]}},{"type":"Feature","properties":{},"geometry":{"type":"LineString","coordinates":[[-127.64777374267578,62.785552978515625],[-127.5183334350586,62.85028076171875],[-127.0,62.860260009765625]]}},{"type":"Feature","properties":{},"geometry":{"type":"LineString","coordinates":[[-127.0,62.860260009765625],[-126.67749786376953,62.779998779296875],[-126.4588851928711,62.893890380859375],[-126.4447250366211,62.96055603027344],[-126.49124908447266,63.0]]}},{"type":"Feature","properties":{},"geometry":{"type":"LineString","coordinates":[[-122.0,62.61396026611328],[-122.45194244384766,62.63417053222656],[-122.91278076171875,62.66111755371094],[-123.0,62.69444274902344]]}},{"type":"Feature","properties":{},"geometry":{"type":"LineString","coordinates":[[-121.0,62.616615295410156],[-121.4977798461914,62.65528869628906],[-121.79916381835938,62.51610565185547],[-122.0,62.61396026611328]]}},{"type":"Feature","properties":{},"geometry":{"type":"LineString","coordinates":[[-120.0,62.679656982421875],[-120.14111328125,62.717498779296875],[-120.24055480957031,62.68695068359375],[-120.52388763427734,62.69944763183594],[-121.0,62.616615295410156]]}},{"type":"Feature","properties":{},"geometry":{"type":"LineString","coordinates":[[-120.0,62.24742126464844],[-119.72222137451172,62.39556121826172],[-119.75527954101562,62.642494201660156],[-120.0,62.679656982421875]]}},{"type":"Feature","properties":{},"geometry":{"type":"LineString","coordinates":[[-114.01777648925781,62.78889465332031],[-114.15472412109375,62.83583068847656],[-114.27722930908203,62.70973205566406],[-114.3072280883789,62.527503967285156],[-114.32250213623047,62.420005798339844]]}},{"type":"Feature","properties":{},"geometry":{"type":"LineString","coordinates":[[-113.15499877929688,62.209442138671875],[-113.18305969238281,62.171661376953125],[-113.123046875,62.117218017578125],[-113.22915649414062,62.06805419921875],[-113.14999389648438,62.02861022949219]]}},{"type":"Feature","properties":{},"geometry":{"type":"LineString","coordinates":[[-112.17083740234375,62.80389404296875],[-112.29889678955078,62.654998779296875],[-112.68555450439453,62.505836486816406],[-113.0,62.50336456298828]]}},{"type":"Feature","properties":{},"geometry":{"type":"LineString","coordinates":[[-108.4625015258789,62.89666748046875],[-108.7230453491211,62.87388610839844],[-108.90834045410156,62.80000305175781]]}},{"type":"Feature","properties":{},"geometry":{"type":"LineString","coordinates":[[-104.35393524169922,62.0],[-104.35027313232422,62.084716796875],[-104.38056182861328,62.1552734375],[-104.24445343017578,62.274993896484375]]}},{"type":"Feature","properties":{},"geometry":{"type":"LineString","coordinates":[[-103.80889892578125,62.30499267578125],[-103.64611053466797,62.291656494140625]]}},{"type":"Feature","properties":{},"geometry":{"type":"LineString","coordinates":[[-103.0,62.49555206298828],[-102.6927719116211,62.48332977294922]]}},{"type":"Feature","properties":{},"geometry":{"type":"LineString","coordinates":[[-97.47278594970703,62.08305358886719],[-97.3318099975586,62.0]]}},{"type":"Feature","properties":{},"geometry":{"type":"LineString","coordinates":[[-96.70665740966797,62.56945037841797],[-96.57054901123047,62.413612365722656],[-96.31221771240234,62.400001525878906],[-96.10610961914062,62.38916778564453],[-96.14610290527344,62.46472930908203],[-96.01028442382812,62.432228088378906]]}},{"type":"Feature","properties":{},"geometry":{"type":"LineString","coordinates":[[-96.54778289794922,62.601661682128906],[-96.49361419677734,62.617225646972656],[-96.54305267333984,62.65167236328125],[-96.49750518798828,62.725555419921875],[-96.72472381591797,62.83555603027344]]}},{"type":"Feature","properties":{},"geometry":{"type":"LineString","coordinates":[[-96.25138854980469,62.12666320800781],[-96.0,62.00688171386719]]}},{"type":"Feature","properties":{},"geometry":{"type":"LineString","coordinates":[[-95.95832824707031,62.40972137451172],[-95.86611938476562,62.28971862792969],[-95.83111572265625,62.201385498046875],[-95.80917358398438,62.11444091796875]]}},{"type":"Feature","properties":{},"geometry":{"type":"LineString","coordinates":[[-94.0,62.342498779296875],[-93.58277130126953,62.214447021484375],[-93.54749298095703,62.1602783203125],[-93.34500885009766,62.09889221191406],[-93.3277816772461,62.05055236816406]]}},{"type":"Feature","properties":{},"geometry":{"type":"LineString","coordinates":[[-160.12832641601562,61.93888854980469],[-160.09999084472656,61.88861083984375],[-160.55751037597656,61.81500244140625],[-160.6313934326172,61.76527404785156],[-161.0,61.74977111816406]]}},{"type":"Feature","properties":{},"geometry":{"type":"LineString","coordinates":[[-157.69773864746094,61.0],[-157.5497283935547,61.10499572753906],[-157.1830596923828,61.19389343261719],[-157.1844482421875,61.32527160644531],[-157.03639221191406,61.35693359375],[-157.02833557128906,61.43750762939453],[-157.0,61.49431610107422]]}},{"type":"Feature","properties":{},"geometry":{"type":"LineString","coordinates":[[-157.0,61.513832092285156],[-157.01693725585938,61.58611297607422],[-157.06472778320312,61.61804962158203],[-157.1552734375,61.67222595214844]]}},{"type":"Feature","properties":{},"geometry":{"type":"LineString","coordinates":[[-144.0,61.40076446533203],[-144.24472045898438,61.49999237060547],[-144.41970825195312,61.505836486816406]]}},{"type":"Feature","properties":{},"geometry":{"type":"LineString","coordinates":[[-143.0,61.266387939453125],[-143.58750915527344,61.315826416015625],[-143.95361328125,61.35777282714844],[-144.0,61.40076446533203]]}},{"type":"Feature","properties":{},"geometry":{"type":"LineString","coordinates":[[-141.63583374023438,61.01527404785156],[-142.0,61.07826232910156]]}},{"type":"Feature","properties":{},"geometry":{"type":"LineString","coordinates":[[-139.0449981689453,61.41138458251953],[-139.30416870117188,61.55333709716797],[-139.37860107421875,61.65972900390625],[-139.54251098632812,61.88111877441406],[-139.8713836669922,61.91888427734375],[-139.86241149902344,62.0]]}},{"type":"Feature","properties":{},"geometry":{"type":"LineString","coordinates":[[-120.0,61.08171081542969],[-119.80194091796875,61.12889099121094],[-119.89334106445312,61.18028259277344],[-119.87417602539062,61.27915954589844],[-119.83000183105469,61.304443359375]]}},{"type":"Feature","properties":{},"geometry":{"type":"LineString","coordinates":[[-113.30944061279297,61.23944091796875],[-113.2527847290039,61.31721496582031],[-113.30333709716797,61.368064880371094],[-113.2336196899414,61.46582794189453]]}},{"type":"Feature","properties":{},"geometry":{"type":"LineString","coordinates":[[-113.0,61.3021240234375],[-112.86000061035156,61.31471252441406],[-112.73804473876953,61.38416290283203]]}},{"type":"Feature","properties":{},"geometry":{"type":"LineString","coordinates":[[-108.0,61.94593811035156],[-108.20304870605469,61.9324951171875],[-108.49250030517578,61.78639221191406],[-108.95750427246094,61.81805419921875]]}},{"type":"Feature","properties":{},"geometry":{"type":"LineString","coordinates":[[-107.21388244628906,61.76055908203125],[-107.35027313232422,61.91694641113281],[-107.76028442382812,61.93360900878906],[-108.0,61.94593811035156]]}},{"type":"Feature","properties":{},"geometry":{"type":"LineString","coordinates":[[-106.20916748046875,61.19110107421875],[-106.16166687011719,61.38195037841797],[-106.08805847167969,61.59638214111328],[-106.74778747558594,61.55083465576172],[-107.0,61.638580322265625]]}},{"type":"Feature","properties":{},"geometry":{"type":"LineString","coordinates":[[-104.86416625976562,61.82167053222656],[-104.70166778564453,61.84333801269531],[-104.64221954345703,61.9244384765625],[-104.35393524169922,62.0]]}},{"type":"Feature","properties":{},"geometry":{"type":"LineString","coordinates":[[-103.65564727783203,61.0],[-103.62694549560547,61.18888854980469],[-103.36888885498047,61.345001220703125],[-103.41028594970703,61.37054443359375]]}},{"type":"Feature","properties":{},"geometry":{"type":"LineString","coordinates":[[-99.4050064086914,61.09138488769531],[-99.17832946777344,61.1763916015625],[-99.14250183105469,61.16194152832031],[-99.17694091796875,61.108612060546875],[-99.0,61.09056091308594]]}},{"type":"Feature","properties":{},"geometry":{"type":"LineString","coordinates":[[-99.77944946289062,61.22111511230469],[-99.58361053466797,61.08528137207031]]}},{"type":"Feature","properties":{},"geometry":{"type":"LineString","coordinates":[[-99.0,61.09056091308594],[-98.60860443115234,61.07167053222656],[-98.54972076416016,61.17999267578125],[-98.39000701904297,61.28666687011719],[-98.08499145507812,61.163055419921875]]}},{"type":"Feature","properties":{},"geometry":{"type":"LineString","coordinates":[[-97.99082946777344,61.17832946777344],[-97.50333404541016,61.16694641113281],[-97.23138427734375,61.068328857421875],[-97.11582946777344,61.10139465332031]]}},{"type":"Feature","properties":{},"geometry":{"type":"LineString","coordinates":[[-97.0,61.98912048339844],[-96.69304656982422,61.943328857421875],[-96.64916229248047,61.90611267089844],[-96.38777923583984,61.93695068359375]]}},{"type":"Feature","properties":{},"geometry":{"type":"LineString","coordinates":[[-96.0,61.08802795410156],[-95.0,61.0787353515625]]}},{"type":"Feature","properties":{},"geometry":{"type":"LineString","coordinates":[[-95.51221466064453,61.3135986328125],[-95.36750030517578,61.31443786621094],[-95.37999725341797,61.351104736328125],[-95.32666778564453,61.393333435058594],[-95.0,61.44153594970703]]}},{"type":"Feature","properties":{},"geometry":{"type":"LineString","coordinates":[[-95.0,61.0787353515625],[-94.70833587646484,61.0]]}},{"type":"Feature","properties":{},"geometry":{"type":"LineString","coordinates":[[-77.0,61.12351989746094],[-77.27252960205078,61.0]]}},{"type":"Feature","properties":{},"geometry":{"type":"LineString","coordinates":[[-76.0,61.24928283691406],[-76.24333953857422,61.26416015625],[-76.3550033569336,61.22972106933594],[-76.2411117553711,61.190826416015625],[-76.26334381103516,61.08778381347656]]}},{"type":"Feature","properties":{},"geometry":{"type":"LineString","coordinates":[[-75.0,61.2791748046875],[-75.45055389404297,61.245269775390625],[-75.75165557861328,61.17027282714844],[-75.79472351074219,61.25999450683594],[-76.0,61.24928283691406]]}},{"type":"Feature","properties":{},"geometry":{"type":"LineString","coordinates":[[-73.3661117553711,61.74028015136719],[-73.33861541748047,61.61583709716797],[-73.20249938964844,61.46916961669922],[-73.5300064086914,61.489723205566406],[-73.82167053222656,61.45667266845703],[-74.0,61.41083526611328]]}},{"type":"Feature","properties":{},"geometry":{"type":"LineString","coordinates":[[-164.09500122070312,60.26499938964844],[-164.11972045898438,60.2177734375],[-164.1875,60.211944580078125],[-164.4019317626953,60.14471435546875],[-164.4864044189453,60.182220458984375]]}},{"type":"Feature","properties":{},"geometry":{"type":"LineString","coordinates":[[-164.44387817382812,60.567222595214844],[-164.45277404785156,60.48888397216797],[-164.56417846679688,60.39221954345703],[-164.6541748046875,60.33082580566406]]}},{"type":"Feature","properties":{},"geometry":{"type":"LineString","coordinates":[[-162.3119354248047,60.82695007324219],[-162.28221130371094,60.81306457519531],[-162.3038787841797,60.787506103515625],[-162.1683349609375,60.73527526855469]]}},{"type":"Feature","properties":{},"geometry":{"type":"LineString","coordinates":[[-158.21360778808594,60.45806121826172],[-158.32443237304688,60.43083953857422],[-158.3794403076172,60.465003967285156],[-158.22193908691406,60.66778564453125],[-158.0,60.76234436035156]]}},{"type":"Feature","properties":{},"geometry":{"type":"LineString","coordinates":[[-151.1875,60.2388916015625],[-151.29443359375,60.32249450683594],[-151.31082153320312,60.38361358642578]]}},{"type":"Feature","properties":{},"geometry":{"type":"LineString","coordinates":[[-117.51888275146484,60.66972351074219],[-117.6500015258789,60.75694274902344],[-117.63054656982422,60.79194641113281],[-117.69388580322266,60.82389831542969],[-117.66277313232422,60.853057861328125]]}},{"type":"Feature","properties":{},"geometry":{"type":"LineString","coordinates":[[-116.94642639160156,60.0],[-116.5041732788086,60.30583190917969],[-116.30001068115234,60.48499298095703],[-116.0,60.63706970214844]]}},{"type":"Feature","properties":{},"geometry":{"type":"LineString","coordinates":[[-116.0,60.63706970214844],[-115.85055541992188,60.7147216796875],[-115.76777648925781,60.81805419921875],[-115.80471801757812,60.852783203125]]}},{"type":"Feature","properties":{},"geometry":{"type":"LineString","coordinates":[[-115.0,60.537071228027344],[-114.92500305175781,60.66111755371094],[-114.931396484375,60.76499938964844],[-115.0,60.870452880859375]]}},{"type":"Feature","properties":{},"geometry":{"type":"LineString","coordinates":[[-114.8125,60.28778076171875],[-115.0,60.30387878417969]]}},{"type":"Feature","properties":{},"geometry":{"type":"LineString","coordinates":[[-112.0,60.637115478515625],[-112.25332641601562,60.61554718017578],[-112.10722351074219,60.83721923828125],[-112.44445037841797,60.9344482421875]]}},{"type":"Feature","properties":{},"geometry":{"type":"LineString","coordinates":[[-111.0,60.429100036621094],[-111.22389221191406,60.480003356933594],[-111.4124984741211,60.41944122314453],[-111.64055633544922,60.53972625732422],[-111.77972412109375,60.663055419921875]]}},{"type":"Feature","properties":{},"geometry":{"type":"LineString","coordinates":[[-110.60054779052734,60.74861145019531],[-110.4686050415039,60.510276794433594],[-110.92721557617188,60.49639129638672],[-111.0,60.429100036621094]]}},{"type":"Feature","properties":{},"geometry":{"type":"LineString","coordinates":[[-96.91555786132812,60.02915954589844],[-96.7852783203125,60.07221984863281],[-96.70665740966797,60.043060302734375],[-96.58722686767578,60.06889343261719],[-96.26483917236328,60.0]]}},{"type":"Feature","properties":{},"geometry":{"type":"LineString","coordinates":[[-96.41666412353516,60.66999816894531],[-96.32361602783203,60.65083312988281],[-96.0,60.70491027832031]]}},{"type":"Feature","properties":{},"geometry":{"type":"LineString","coordinates":[[-96.0,60.03764343261719],[-95.84584045410156,60.057220458984375]]}},{"type":"Feature","properties":{},"geometry":{"type":"LineString","coordinates":[[-96.0,60.70491027832031],[-95.72443389892578,60.67889404296875],[-95.65111541748047,60.59722137451172],[-95.52750396728516,60.56249237060547],[-95.3611068725586,60.588050842285156]]}},{"type":"Feature","properties":{},"geometry":{"type":"LineString","coordinates":[[-94.70833587646484,61.0],[-94.35334014892578,60.85499572753906]]}},{"type":"Feature","properties":{},"geometry":{"type":"LineString","coordinates":[[-76.31555938720703,60.86555480957031],[-76.36444854736328,60.76750183105469],[-76.10610961914062,60.534996032714844],[-76.51667022705078,60.51500701904297],[-76.5152816772461,60.43500518798828],[-76.66443634033203,60.31971740722656],[-76.73804473876953,60.177490234375],[-76.7588882446289,60.15916442871094]]}},{"type":"Feature","properties":{},"geometry":{"type":"LineString","coordinates":[[-73.4816665649414,60.84556579589844],[-73.34778594970703,60.836395263671875],[-73.33556365966797,60.89027404785156],[-73.28667449951172,60.908050537109375],[-73.0,60.89561462402344]]}},{"type":"Feature","properties":{},"geometry":{"type":"LineString","coordinates":[[-73.27527618408203,60.05000305175781],[-73.06166076660156,60.04277038574219],[-73.0,60.10948181152344]]}},{"type":"Feature","properties":{},"geometry":{"type":"LineString","coordinates":[[-73.0,60.89561462402344],[-72.71166229248047,60.93611145019531],[-72.45667266845703,60.82472229003906],[-72.46305084228516,60.69639587402344],[-72.35388946533203,60.551109313964844],[-72.0,60.394981384277344]]}},{"type":"Feature","properties":{},"geometry":{"type":"LineString","coordinates":[[-73.0,60.369476318359375],[-72.8013916015625,60.29832458496094],[-72.72056579589844,60.220001220703125],[-72.60416412353516,60.04777526855469],[-72.52725982666016,60.0]]}},{"type":"Feature","properties":{},"geometry":{"type":"LineString","coordinates":[[-72.0,60.394981384277344],[-71.64055633544922,60.258331298828125],[-71.25194549560547,60.133056640625],[-71.1199951171875,60.062225341796875]]}},{"type":"Feature","properties":{},"geometry":{"type":"LineString","coordinates":[[-129.792724609375,59.0],[-129.37249755859375,59.09971618652344],[-129.03250122070312,59.22776794433594],[-129.193603515625,59.514442443847656],[-129.18722534179688,59.645843505859375],[-129.0,59.672149658203125]]}},{"type":"Feature","properties":{},"geometry":{"type":"LineString","coordinates":[[-127.3402328491211,59.0],[-127.56945037841797,59.25166320800781],[-127.66500091552734,59.44916534423828],[-127.13278198242188,59.63111114501953]]}},{"type":"Feature","properties":{},"geometry":{"type":"LineString","coordinates":[[-122.45804595947266,59.0],[-122.45638275146484,59.05278015136719],[-122.53722381591797,59.13444519042969],[-122.83193969726562,59.2227783203125],[-123.0,59.20729064941406]]}},{"type":"Feature","properties":{},"geometry":{"type":"LineString","coordinates":[[-117.83976745605469,59.0],[-117.6641616821289,59.14833068847656],[-117.16166687011719,59.48528289794922],[-117.0,59.77262878417969]]}},{"type":"Feature","properties":{},"geometry":{"type":"LineString","coordinates":[[-99.72888946533203,59.083892822265625],[-99.55110931396484,59.11555480957031],[-99.48860931396484,59.00193786621094]]}},{"type":"Feature","properties":{},"geometry":{"type":"LineString","coordinates":[[-73.35472869873047,59.28277587890625],[-73.14111328125,59.20304870605469],[-73.0,59.19960021972656]]}},{"type":"Feature","properties":{},"geometry":{"type":"LineString","coordinates":[[-73.0,59.19960021972656],[-72.69750213623047,59.261383056640625],[-72.70972442626953,59.45111846923828],[-72.7044448852539,59.66084289550781],[-72.58805084228516,59.78666687011719],[-72.0,59.964385986328125]]}},{"type":"Feature","properties":{},"geometry":{"type":"LineString","coordinates":[[-156.46527099609375,58.675567626953125],[-156.48304748535156,58.630836486816406],[-156.57000732421875,58.627769470214844],[-156.93804931640625,58.74055480957031]]}},{"type":"Feature","properties":{},"geometry":{"type":"LineString","coordinates":[[-132.0,58.40540313720703],[-132.16110229492188,58.689453125],[-132.48471069335938,58.78388977050781],[-132.866943359375,58.825836181640625],[-133.0,58.888427734375]]}},{"type":"Feature","properties":{},"geometry":{"type":"LineString","coordinates":[[-132.0,58.069610595703125],[-131.8094482421875,58.27333068847656],[-131.83444213867188,58.338043212890625],[-132.0,58.40540313720703]]}},{"type":"Feature","properties":{},"geometry":{"type":"LineString","coordinates":[[-130.0,58.45720672607422],[-130.05332946777344,58.49195098876953],[-130.0286102294922,58.660003662109375],[-130.0947265625,58.76194763183594],[-130.0,58.92596435546875]]}},{"type":"Feature","properties":{},"geometry":{"type":"LineString","coordinates":[[-130.0,58.92596435546875],[-129.792724609375,59.0]]}},{"type":"Feature","properties":{},"geometry":{"type":"LineString","coordinates":[[-126.2457046508789,58.0],[-126.78500366210938,58.509437561035156],[-126.91166687011719,58.59777069091797],[-127.0,58.63872528076172]]}},{"type":"Feature","properties":{},"geometry":{"type":"LineString","coordinates":[[-123.34371185302734,58.0],[-123.5425033569336,58.132781982421875],[-123.6675033569336,58.28639221191406],[-123.78555297851562,58.551658630371094],[-123.51667022705078,58.68305969238281],[-123.40332794189453,58.841949462890625],[-123.0,58.75811767578125]]}},{"type":"Feature","properties":{},"geometry":{"type":"LineString","coordinates":[[-122.0,58.35804748535156],[-122.4544448852539,58.56999969482422],[-122.6786117553711,58.6875],[-122.55306243896484,58.78138732910156],[-122.54639434814453,58.915283203125],[-122.45804595947266,59.0]]}},{"type":"Feature","properties":{},"geometry":{"type":"LineString","coordinates":[[-121.54949188232422,58.0],[-121.50972747802734,58.070556640625],[-121.6641616821289,58.24360656738281],[-122.0,58.35804748535156]]}},{"type":"Feature","properties":{},"geometry":{"type":"LineString","coordinates":[[-120.0,58.38758087158203],[-120.35443878173828,58.384727478027344],[-120.4094467163086,58.53028106689453],[-120.40332794189453,58.6622314453125],[-120.0,58.74015808105469]]}},{"type":"Feature","properties":{},"geometry":{"type":"LineString","coordinates":[[-119.0,58.32891845703125],[-119.32555389404297,58.27082824707031],[-119.47444915771484,58.30082702636719],[-119.54749298095703,58.406944274902344],[-120.0,58.38758087158203]]}},{"type":"Feature","properties":{},"geometry":{"type":"LineString","coordinates":[[-120.0,58.74015808105469],[-119.37471771240234,58.741668701171875],[-119.11666870117188,58.692779541015625],[-119.0,58.702972412109375]]}},{"type":"Feature","properties":{},"geometry":{"type":"LineString","coordinates":[[-119.0,58.12812805175781],[-118.77055358886719,58.21888732910156],[-118.87834167480469,58.266937255859375],[-118.91471862792969,58.326385498046875],[-119.0,58.32891845703125]]}},{"type":"Feature","properties":{},"geometry":{"type":"LineString","coordinates":[[-119.0,58.702972412109375],[-118.89944458007812,58.74639892578125],[-118.69361114501953,58.82916259765625],[-118.46027374267578,58.89472961425781],[-118.22637939453125,58.86222839355469],[-118.0,58.941192626953125]]}},{"type":"Feature","properties":{},"geometry":{"type":"LineString","coordinates":[[-118.0,58.027374267578125],[-118.0513916015625,58.25054931640625],[-118.32305145263672,58.404441833496094],[-118.31055450439453,58.58916473388672],[-118.36556243896484,58.72833251953125],[-118.37194061279297,58.801116943359375],[-118.2750015258789,58.86833190917969]]}},{"type":"Feature","properties":{},"geometry":{"type":"LineString","coordinates":[[-115.37841033935547,58.0],[-115.38805389404297,58.22444152832031],[-115.3469467163086,58.27583312988281],[-115.32750701904297,58.36000061035156]]}},{"type":"Feature","properties":{},"geometry":{"type":"LineString","coordinates":[[-111.29528045654297,58.65000915527344],[-111.39110565185547,58.69416809082031],[-111.44416046142578,58.7822265625],[-111.54471588134766,58.8175048828125],[-111.6016616821289,58.899169921875]]}},{"type":"Feature","properties":{},"geometry":{"type":"LineString","coordinates":[[-111.79417419433594,58.81584167480469],[-111.74833679199219,58.856109619140625],[-111.79000854492188,58.87916564941406],[-111.71138763427734,58.95249938964844]]}},{"type":"Feature","properties":{},"geometry":{"type":"LineString","coordinates":[[-106.0,58.033782958984375],[-105.90278625488281,58.23054504394531],[-105.72528076171875,58.45221710205078],[-105.73082733154297,58.6702880859375],[-105.59027862548828,58.782501220703125]]}},{"type":"Feature","properties":{},"geometry":{"type":"LineString","coordinates":[[-103.0,58.580589294433594],[-102.929443359375,58.605552673339844],[-103.0,58.64466857910156]]}},{"type":"Feature","properties":{},"geometry":{"type":"LineString","coordinates":[[-101.3791732788086,58.53888702392578],[-101.14250183105469,58.46527862548828],[-101.13943481445312,58.37944030761719],[-101.22250366210938,58.17832946777344],[-101.40319061279297,58.0]]}},{"type":"Feature","properties":{},"geometry":{"type":"LineString","coordinates":[[-101.75746154785156,59.0],[-101.84333801269531,58.95416259765625],[-101.7044448852539,58.92250061035156],[-101.69388580322266,58.890838623046875]]}},{"type":"Feature","properties":{},"geometry":{"type":"LineString","coordinates":[[-98.37999725341797,58.067779541015625],[-98.23277282714844,58.14277648925781],[-98.22915649414062,58.19999694824219],[-98.32195281982422,58.30833435058594],[-98.12222290039062,58.46778106689453]]}},{"type":"Feature","properties":{},"geometry":{"type":"LineString","coordinates":[[-98.4991683959961,58.85528564453125],[-98.33527374267578,58.861663818359375],[-98.08833312988281,58.80055236816406]]}},{"type":"Feature","properties":{},"geometry":{"type":"LineString","coordinates":[[-96.3405532836914,58.88972473144531],[-96.20249938964844,58.915008544921875],[-96.0,58.843963623046875]]}},{"type":"Feature","properties":{},"geometry":{"type":"LineString","coordinates":[[-95.4038314819336,59.0],[-95.39667510986328,58.96083068847656],[-95.32361602783203,58.94749450683594],[-95.19305419921875,58.95195007324219],[-95.1219482421875,59.0]]}},{"type":"Feature","properties":{},"geometry":{"type":"LineString","coordinates":[[-77.43917083740234,58.64973449707031],[-77.80999755859375,58.61277770996094],[-77.86611938476562,58.58777618408203],[-77.85250854492188,58.531394958496094],[-78.0,58.51050567626953]]}},{"type":"Feature","properties":{},"geometry":{"type":"LineString","coordinates":[[-76.02667236328125,58.62805938720703],[-76.26611328125,58.60694122314453],[-76.43305206298828,58.534996032714844],[-76.95777893066406,58.54888153076172]]}},{"type":"Feature","properties":{},"geometry":{"type":"LineString","coordinates":[[-75.36539459228516,58.0],[-75.5313949584961,58.08082580566406],[-75.2286148071289,58.083892822265625]]}},{"type":"Feature","properties":{},"geometry":{"type":"LineString","coordinates":[[-72.0,58.25694274902344],[-71.82389831542969,58.312774658203125],[-71.32555389404297,58.276947021484375],[-71.0,58.41484832763672]]}},{"type":"Feature","properties":{},"geometry":{"type":"LineString","coordinates":[[-71.0,58.41484832763672],[-70.66443634033203,58.490272521972656],[-70.4155502319336,58.653900146484375],[-70.38639068603516,58.723052978515625],[-70.25499725341797,58.7711181640625]]}},{"type":"Feature","properties":{},"geometry":{"type":"LineString","coordinates":[[-70.14877319335938,58.0],[-70.15777587890625,58.18971252441406],[-70.05610656738281,58.41388702392578],[-70.08639526367188,58.490272521972656],[-70.0,58.619537353515625]]}},{"type":"Feature","properties":{},"geometry":{"type":"LineString","coordinates":[[-66.49517059326172,58.0],[-66.48694610595703,58.04499816894531],[-66.70055389404297,58.2933349609375],[-66.65389251708984,58.339996337890625],[-66.836669921875,58.454444885253906]]}},{"type":"Feature","properties":{},"geometry":{"type":"LineString","coordinates":[[-65.57152557373047,58.0],[-65.8316650390625,58.1199951171875],[-65.83833312988281,58.21083068847656],[-66.0,58.282958984375]]}},{"type":"Feature","properties":{},"geometry":{"type":"LineString","coordinates":[[-64.0,58.73130798339844],[-64.11749267578125,58.717498779296875],[-64.19888305664062,58.64306640625],[-64.33361053466797,58.599449157714844],[-65.0,58.58147430419922]]}},{"type":"Feature","properties":{},"geometry":{"type":"LineString","coordinates":[[-64.6883316040039,58.0927734375],[-64.57361602783203,58.06361389160156],[-64.33110809326172,58.12416076660156],[-64.14860534667969,58.08721923828125],[-64.0,58.11961364746094]]}},{"type":"Feature","properties":{},"geometry":{"type":"LineString","coordinates":[[-157.54251098632812,57.00860595703125],[-157.8161163330078,57.23527526855469],[-157.6636199951172,57.385841369628906],[-157.57000732421875,57.419715881347656],[-157.65638732910156,57.476112365722656]]}},{"type":"Feature","properties":{},"geometry":{"type":"LineString","coordinates":[[-132.3311004638672,57.920562744140625],[-132.09793090820312,58.0]]}},{"type":"Feature","properties":{},"geometry":{"type":"LineString","coordinates":[[-130.2141571044922,57.52027130126953],[-130.2658233642578,57.430274963378906],[-130.26055908203125,57.17610168457031],[-130.36000061035156,57.0675048828125],[-130.337158203125,57.0]]}},{"type":"Feature","properties":{},"geometry":{"type":"LineString","coordinates":[[-129.57472229003906,57.15888977050781],[-129.48277282714844,57.29222106933594],[-129.4422149658203,57.651947021484375],[-129.70472717285156,57.88444519042969],[-129.6508331298828,57.9586181640625]]}},{"type":"Feature","properties":{},"geometry":{"type":"LineString","coordinates":[[-127.0,57.78684997558594],[-127.179443359375,57.79667663574219],[-127.2925033569336,57.709442138671875],[-127.5788803100586,57.69166564941406]]}},{"type":"Feature","properties":{},"geometry":{"type":"LineString","coordinates":[[-124.15777587890625,57.26750183105469],[-124.0,57.215423583984375]]}},{"type":"Feature","properties":{},"geometry":{"type":"LineString","coordinates":[[-124.82083129882812,57.75334167480469],[-124.6333236694336,57.78306579589844],[-124.25194549560547,57.76695251464844],[-124.02777099609375,57.81388854980469],[-124.0,57.852508544921875]]}},{"type":"Feature","properties":{},"geometry":{"type":"LineString","coordinates":[[-124.0,57.852508544921875],[-123.92611694335938,57.91221618652344],[-123.51139068603516,57.8800048828125],[-123.33666229248047,57.959442138671875],[-123.34371185302734,58.0]]}},{"type":"Feature","properties":{},"geometry":{"type":"LineString","coordinates":[[-123.0,57.2586669921875],[-122.58306121826172,57.25138854980469],[-122.09388732910156,57.46582794189453],[-122.11138916015625,57.60027313232422],[-122.17304992675781,57.803619384765625],[-122.0,57.88909912109375]]}},{"type":"Feature","properties":{},"geometry":{"type":"LineString","coordinates":[[-119.56360626220703,57.79083251953125],[-119.65917205810547,57.7197265625],[-119.80332946777344,57.627769470214844],[-119.85250854492188,57.435829162597656],[-119.52111053466797,57.30555725097656],[-119.0,57.51586151123047]]}},{"type":"Feature","properties":{},"geometry":{"type":"LineString","coordinates":[[-119.0,57.51586151123047],[-118.78056335449219,57.768341064453125],[-118.4130630493164,57.95222473144531],[-118.0,57.876190185546875]]}},{"type":"Feature","properties":{},"geometry":{"type":"LineString","coordinates":[[-115.0,57.092254638671875],[-115.22416687011719,57.30804443359375],[-115.5058364868164,57.51805877685547],[-115.43277740478516,57.631935119628906],[-115.4191665649414,57.86305236816406],[-115.37841033935547,58.0]]}},{"type":"Feature","properties":{},"geometry":{"type":"LineString","coordinates":[[-114.59477996826172,57.0],[-114.69860076904297,57.131103515625],[-114.91860961914062,57.09138488769531],[-115.0,57.092254638671875]]}},{"type":"Feature","properties":{},"geometry":{"type":"LineString","coordinates":[[-108.81277465820312,57.33555603027344],[-108.73360443115234,57.19305419921875],[-108.27973175048828,57.057220458984375],[-108.48917388916016,57.0]]}},{"type":"Feature","properties":{},"geometry":{"type":"LineString","coordinates":[[-108.17527770996094,57.529441833496094],[-108.5727767944336,57.564720153808594],[-108.91416931152344,57.48389434814453],[-108.91500854492188,57.37998962402344]]}},{"type":"Feature","properties":{},"geometry":{"type":"LineString","coordinates":[[-106.28055572509766,57.72389221191406],[-106.31610870361328,57.82749938964844],[-106.2127685546875,57.94944763183594],[-106.15281677246094,58.0]]}},{"type":"Feature","properties":{},"geometry":{"type":"LineString","coordinates":[[-104.3776626586914,57.0],[-104.2863998413086,57.05389404296875],[-104.21527099609375,57.0]]}},{"type":"Feature","properties":{},"geometry":{"type":"LineString","coordinates":[[-103.75122833251953,57.0],[-103.7297134399414,57.092498779296875],[-103.0897216796875,57.24028015136719],[-103.0,57.2933349609375]]}},{"type":"Feature","properties":{},"geometry":{"type":"LineString","coordinates":[[-104.0,57.680694580078125],[-103.86416625976562,57.75611877441406]]}},{"type":"Feature","properties":{},"geometry":{"type":"LineString","coordinates":[[-100.6580581665039,57.348052978515625],[-100.58722686767578,57.30860900878906],[-100.37667083740234,57.3377685546875],[-100.32833099365234,57.30888366699219],[-100.0,57.466636657714844]]}},{"type":"Feature","properties":{},"geometry":{"type":"LineString","coordinates":[[-99.0,57.94914245605469],[-98.85221862792969,57.904449462890625],[-98.61888885498047,57.966949462890625],[-98.51972198486328,57.95832824707031]]}},{"type":"Feature","properties":{},"geometry":{"type":"LineString","coordinates":[[-95.63538360595703,57.0],[-95.34111785888672,57.17999267578125],[-95.30834197998047,57.32276916503906],[-95.3516616821289,57.451942443847656],[-95.36833953857422,57.50249481201172]]}},{"type":"Feature","properties":{},"geometry":{"type":"LineString","coordinates":[[-74.2541732788086,57.527503967285156],[-74.2066650390625,57.559165954589844],[-74.0,57.52996063232422]]}},{"type":"Feature","properties":{},"geometry":{"type":"LineString","coordinates":[[-72.13165283203125,57.0],[-72.06527709960938,57.1300048828125],[-72.0,57.14117431640625]]}},{"type":"Feature","properties":{},"geometry":{"type":"LineString","coordinates":[[-71.4061050415039,57.0],[-71.21415710449219,57.05305480957031],[-71.15138244628906,57.11277770996094],[-71.0,57.129547119140625]]}},{"type":"Feature","properties":{},"geometry":{"type":"LineString","coordinates":[[-71.0,57.28385925292969],[-70.45610809326172,57.54444122314453],[-70.211669921875,57.608604431152344],[-70.0,57.55011749267578]]}},{"type":"Feature","properties":{},"geometry":{"type":"LineString","coordinates":[[-70.0,57.87867736816406],[-70.07138061523438,57.877777099609375],[-70.14877319335938,58.0]]}},{"type":"Feature","properties":{},"geometry":{"type":"LineString","coordinates":[[-67.0,57.01835632324219],[-67.22999572753906,57.13665771484375],[-67.40555572509766,57.402496337890625],[-67.36194610595703,57.55693817138672],[-67.58499908447266,57.85833740234375],[-67.71666717529297,57.92277526855469]]}},{"type":"Feature","properties":{},"geometry":{"type":"LineString","coordinates":[[-66.0,57.51360321044922],[-66.00917053222656,57.591941833496094],[-66.07749938964844,57.67250061035156],[-66.49517059326172,58.0]]}},{"type":"Feature","properties":{},"geometry":{"type":"LineString","coordinates":[[-65.23941040039062,57.0],[-65.2511215209961,57.25389099121094],[-65.27861022949219,57.392494201660156],[-65.29389190673828,57.48389434814453],[-65.4800033569336,57.70695495605469],[-65.62610626220703,57.795562744140625],[-65.5133285522461,57.875274658203125],[-65.57152557373047,58.0]]}},{"type":"Feature","properties":{},"geometry":{"type":"LineString","coordinates":[[-65.71434783935547,57.0],[-65.9697265625,57.304168701171875],[-65.93055725097656,57.394996643066406],[-66.0,57.51360321044922]]}},{"type":"Feature","properties":{},"geometry":{"type":"LineString","coordinates":[[-130.337158203125,57.0],[-130.34805297851562,56.945556640625],[-130.61972045898438,56.743621826171875],[-130.7624969482422,56.687225341796875],[-131.0,56.69059753417969]]}},{"type":"Feature","properties":{},"geometry":{"type":"LineString","coordinates":[[-126.6530532836914,56.28221130371094],[-126.7088851928711,56.264434814453125],[-126.65694427490234,56.22138977050781],[-126.1905517578125,56.16249084472656],[-126.0,56.03167724609375]]}},{"type":"Feature","properties":{},"geometry":{"type":"LineString","coordinates":[[-125.89750671386719,56.0],[-125.6594467163086,56.07804870605469],[-125.18028259277344,56.131103515625],[-125.0,56.1529541015625]]}},{"type":"Feature","properties":{},"geometry":{"type":"LineString","coordinates":[[-121.20916748046875,56.0],[-121.0,56.100311279296875]]}},{"type":"Feature","properties":{},"geometry":{"type":"LineString","coordinates":[[-115.31217193603516,56.0],[-115.31555938720703,56.04527282714844],[-115.11221313476562,56.083892822265625],[-115.0,56.194244384765625]]}},{"type":"Feature","properties":{},"geometry":{"type":"LineString","coordinates":[[-114.6402816772461,56.11860656738281],[-114.59082794189453,56.09027099609375],[-114.45333099365234,56.131103515625],[-114.22805786132812,56.119171142578125],[-114.0,56.176727294921875]]}},{"type":"Feature","properties":{},"geometry":{"type":"LineString","coordinates":[[-114.0,56.87214660644531],[-114.15055847167969,56.94305419921875],[-114.5936050415039,56.95111083984375],[-114.62166595458984,56.97749328613281],[-114.59477996826172,57.0]]}},{"type":"Feature","properties":{},"geometry":{"type":"LineString","coordinates":[[-115.0,56.194244384765625],[-114.90278625488281,56.21415710449219],[-114.6933364868164,56.163330078125]]}},{"type":"Feature","properties":{},"geometry":{"type":"LineString","coordinates":[[-114.0,56.176727294921875],[-113.82167053222656,56.30833435058594],[-113.73221588134766,56.43750762939453],[-113.65917205810547,56.62610626220703],[-113.6852798461914,56.85499572753906],[-114.0,56.87214660644531]]}},{"type":"Feature","properties":{},"geometry":{"type":"LineString","coordinates":[[-110.0,56.700286865234375],[-110.32416534423828,56.7005615234375],[-110.58028411865234,56.76194763183594],[-110.85472106933594,56.66389465332031],[-111.0,56.664215087890625]]}},{"type":"Feature","properties":{},"geometry":{"type":"LineString","coordinates":[[-109.93804931640625,56.33332824707031],[-109.76806640625,56.32415771484375],[-109.4941635131836,56.28111267089844],[-109.4861068725586,56.220001220703125],[-109.23751068115234,56.22528076171875]]}},{"type":"Feature","properties":{},"geometry":{"type":"LineString","coordinates":[[-109.44499969482422,56.41138458251953],[-109.36055755615234,56.408607482910156],[-109.3344497680664,56.296661376953125],[-109.12361145019531,56.14471435546875]]}},{"type":"Feature","properties":{},"geometry":{"type":"LineString","coordinates":[[-105.76972961425781,56.6239013671875],[-105.57166290283203,56.80555725097656],[-105.4958267211914,56.85166931152344],[-105.26703643798828,57.0]]}},{"type":"Feature","properties":{},"geometry":{"type":"LineString","coordinates":[[-105.0,56.75953674316406],[-104.57305145263672,56.9677734375],[-104.4302749633789,56.937774658203125],[-104.3776626586914,57.0]]}},{"type":"Feature","properties":{},"geometry":{"type":"LineString","coordinates":[[-103.23582458496094,56.26805114746094],[-103.1219482421875,56.22666931152344],[-103.19610595703125,56.15083312988281],[-103.077392578125,56.0]]}},{"type":"Feature","properties":{},"geometry":{"type":"LineString","coordinates":[[-101.30139923095703,56.36444091796875],[-101.20832824707031,56.30360412597656],[-101.1602783203125,56.27333068847656],[-101.0,56.22438049316406]]}},{"type":"Feature","properties":{},"geometry":{"type":"LineString","coordinates":[[-101.09165954589844,56.00193786621094],[-101.13804626464844,56.0625],[-101.01361083984375,56.095001220703125],[-101.04611206054688,56.14555358886719],[-101.0,56.172698974609375]]}},{"type":"Feature","properties":{},"geometry":{"type":"LineString","coordinates":[[-101.0,56.22438049316406],[-100.62444305419922,56.20805358886719]]}},{"type":"Feature","properties":{},"geometry":{"type":"LineString","coordinates":[[-98.22332763671875,56.76194763183594],[-98.06971740722656,56.899169921875]]}},{"type":"Feature","properties":{},"geometry":{"type":"LineString","coordinates":[[-97.0,56.01200866699219],[-96.9072265625,56.02000427246094],[-96.84584045410156,56.093048095703125],[-96.899169921875,56.10527038574219],[-96.57527923583984,56.13916015625]]}},{"type":"Feature","properties":{},"geometry":{"type":"LineString","coordinates":[[-96.0,56.70143127441406],[-95.82806396484375,56.8558349609375],[-95.68389129638672,56.93695068359375],[-95.63538360595703,57.0]]}},{"type":"Feature","properties":{},"geometry":{"type":"LineString","coordinates":[[-92.28833770751953,56.0],[-92.4911117553711,56.14778137207031],[-92.8558349609375,56.343048095703125],[-92.63472747802734,56.640838623046875],[-92.64527130126953,56.86000061035156],[-92.4675064086914,56.93695068359375]]}},{"type":"Feature","properties":{},"geometry":{"type":"LineString","coordinates":[[-93.0,56.25498962402344],[-92.9102783203125,56.357505798339844],[-92.83889770507812,56.377784729003906]]}},{"type":"Feature","properties":{},"geometry":{"type":"LineString","coordinates":[[-75.0,56.65809631347656],[-75.66832733154297,56.82167053222656],[-75.75917053222656,56.88722229003906],[-76.0,56.87394714355469]]}},{"type":"Feature","properties":{},"geometry":{"type":"LineString","coordinates":[[-75.0,56.20475769042969],[-75.42916107177734,56.17860412597656],[-75.97250366210938,56.21665954589844]]}},{"type":"Feature","properties":{},"geometry":{"type":"LineString","coordinates":[[-74.0,56.816070556640625],[-73.62305450439453,56.75083923339844],[-73.45499420166016,56.79722595214844],[-73.0,56.8214111328125]]}},{"type":"Feature","properties":{},"geometry":{"type":"LineString","coordinates":[[-71.0,56.46208953857422],[-71.11917114257812,56.596107482910156],[-71.17250061035156,56.66334533691406],[-71.26944732666016,56.77278137207031],[-71.2911148071289,56.80583190917969],[-71.49527740478516,56.94305419921875],[-71.4061050415039,57.0]]}},{"type":"Feature","properties":{},"geometry":{"type":"LineString","coordinates":[[-71.0,56.036346435546875],[-70.86639404296875,56.17027282714844],[-70.90110778808594,56.27943420410156],[-71.0,56.46208953857422]]}},{"type":"Feature","properties":{},"geometry":{"type":"LineString","coordinates":[[-67.18482971191406,56.0],[-67.25833129882812,56.10638427734375],[-67.38361358642578,56.22833251953125],[-67.39749908447266,56.64167022705078],[-67.4063949584961,56.88972473144531],[-67.22215270996094,57.0]]}},{"type":"Feature","properties":{},"geometry":{"type":"LineString","coordinates":[[-66.39444732666016,56.57305145263672],[-66.19610595703125,56.64750671386719],[-66.47943878173828,56.79278564453125],[-66.7078628540039,57.0]]}},{"type":"Feature","properties":{},"geometry":{"type":"LineString","coordinates":[[-65.48055267333984,56.84056091308594],[-65.65583038330078,56.91444396972656],[-65.71434783935547,57.0]]}},{"type":"Feature","properties":{},"geometry":{"type":"LineString","coordinates":[[-64.77389526367188,56.38249969482422],[-64.74999237060547,56.60582733154297],[-64.86166381835938,56.776397705078125],[-64.97944641113281,56.826385498046875],[-65.0,56.897857666015625]]}},{"type":"Feature","properties":{},"geometry":{"type":"LineString","coordinates":[[-63.0,56.65936279296875],[-62.24055480957031,56.61804962158203]]}},{"type":"Feature","properties":{},"geometry":{"type":"LineString","coordinates":[[-127.0,55.62626647949219],[-127.3055648803711,55.618614196777344],[-127.60388946533203,55.722503662109375],[-127.66832733154297,55.70361328125]]}},{"type":"Feature","properties":{},"geometry":{"type":"LineString","coordinates":[[-121.03439331054688,55.0],[-121.0,55.1484375]]}},{"type":"Feature","properties":{},"geometry":{"type":"LineString","coordinates":[[-121.0,55.40595245361328],[-121.1300048828125,55.52916717529297],[-121.16888427734375,55.63111114501953],[-121.14555358886719,55.65972900390625],[-121.20777893066406,55.72889709472656],[-121.22332763671875,55.867218017578125],[-121.20916748046875,56.0]]}},{"type":"Feature","properties":{},"geometry":{"type":"LineString","coordinates":[[-118.5294418334961,55.0],[-118.2861099243164,55.09083557128906],[-118.2388916015625,55.179443359375],[-118.28917694091797,55.318603515625],[-118.21943664550781,55.454994201660156],[-118.20111083984375,55.54833221435547],[-118.0,55.57976531982422]]}},{"type":"Feature","properties":{},"geometry":{"type":"LineString","coordinates":[[-118.0,55.57976531982422],[-117.70804595947266,55.571937561035156],[-117.63500213623047,55.618324279785156],[-117.68749237060547,55.681121826171875],[-117.52156829833984,56.0]]}},{"type":"Feature","properties":{},"geometry":{"type":"LineString","coordinates":[[-111.28360748291016,55.17778015136719],[-111.14250183105469,55.139434814453125],[-111.07499694824219,55.04750061035156],[-111.03533935546875,55.0]]}},{"type":"Feature","properties":{},"geometry":{"type":"LineString","coordinates":[[-108.48139190673828,55.72944641113281],[-108.31917572021484,55.618896484375]]}},{"type":"Feature","properties":{},"geometry":{"type":"LineString","coordinates":[[-106.27750396728516,55.0],[-106.185546875,55.155548095703125],[-106.4861068725586,55.24082946777344],[-106.61249542236328,55.321380615234375]]}},{"type":"Feature","properties":{},"geometry":{"type":"LineString","coordinates":[[-103.15611267089844,55.866943359375],[-103.19166564941406,55.82499694824219],[-103.13139343261719,55.766387939453125],[-103.17332458496094,55.66166687011719],[-103.14999389648438,55.576393127441406]]}},{"type":"Feature","properties":{},"geometry":{"type":"LineString","coordinates":[[-100.0,55.50847625732422],[-99.86000061035156,55.561668395996094],[-99.62389373779297,55.504722595214844],[-99.10166931152344,55.46833038330078],[-99.03416442871094,55.65528869628906],[-99.0,55.66612243652344]]}},{"type":"Feature","properties":{},"geometry":{"type":"LineString","coordinates":[[-99.0,55.66612243652344],[-98.85028076171875,55.68806457519531],[-98.69666290283203,55.633888244628906],[-98.53638458251953,55.60944366455078]]}},{"type":"Feature","properties":{},"geometry":{"type":"LineString","coordinates":[[-98.0,55.73493957519531],[-97.94444274902344,55.72416687011719],[-97.18055725097656,56.0]]}},{"type":"Feature","properties":{},"geometry":{"type":"LineString","coordinates":[[-93.97325134277344,55.0],[-93.62610626220703,55.133331298828125],[-93.58943939208984,55.220001220703125],[-93.48888397216797,55.29026794433594],[-93.0,55.327423095703125]]}},{"type":"Feature","properties":{},"geometry":{"type":"LineString","coordinates":[[-94.0,55.35194396972656],[-93.68250274658203,55.58861541748047],[-93.38333892822266,55.741119384765625],[-93.26508331298828,56.0]]}},{"type":"Feature","properties":{},"geometry":{"type":"LineString","coordinates":[[-93.0,55.327423095703125],[-92.4847183227539,55.33027648925781],[-92.34917449951172,55.451942443847656],[-92.16610717773438,55.82194519042969],[-92.28833770751953,56.0]]}},{"type":"Feature","properties":{},"geometry":{"type":"LineString","coordinates":[[-92.48894500732422,55.0],[-92.49250030517578,55.100555419921875],[-92.65471649169922,55.20500183105469]]}},{"type":"Feature","properties":{},"geometry":{"type":"LineString","coordinates":[[-91.86605834960938,55.0],[-91.7125015258789,55.1602783203125],[-91.51721954345703,55.28749084472656],[-91.39000701904297,55.56499481201172],[-91.74555969238281,55.65528869628906],[-91.63721466064453,55.814727783203125],[-92.0,55.855926513671875]]}},{"type":"Feature","properties":{},"geometry":{"type":"LineString","coordinates":[[-83.0,55.0262451171875],[-82.9041748046875,55.02915954589844],[-82.945556640625,55.103607177734375]]}},{"type":"Feature","properties":{},"geometry":{"type":"LineString","coordinates":[[-71.16139221191406,55.53417205810547],[-71.36695098876953,55.43000030517578],[-71.41666412353516,55.673614501953125],[-71.06582641601562,56.0]]}},{"type":"Feature","properties":{},"geometry":{"type":"LineString","coordinates":[[-68.11970520019531,55.0],[-68.26555633544922,55.25221252441406],[-68.40361785888672,55.407508850097656],[-68.33167266845703,55.51360321044922]]}},{"type":"Feature","properties":{},"geometry":{"type":"LineString","coordinates":[[-68.0,55.878082275390625],[-68.14541625976562,56.0]]}},{"type":"Feature","properties":{},"geometry":{"type":"LineString","coordinates":[[-67.0,55.038543701171875],[-67.31999969482422,55.24943542480469],[-67.37833404541016,55.36444091796875],[-67.3963851928711,55.459449768066406]]}},{"type":"Feature","properties":{},"geometry":{"type":"LineString","coordinates":[[-67.63639068603516,55.60222625732422],[-67.75723266601562,55.608604431152344],[-68.0,55.878082275390625]]}},{"type":"Feature","properties":{},"geometry":{"type":"LineString","coordinates":[[-66.45111846923828,55.27110290527344],[-66.22471618652344,55.05499267578125],[-66.0,55.05902099609375]]}},{"type":"Feature","properties":{},"geometry":{"type":"LineString","coordinates":[[-66.0,55.05902099609375],[-65.61333465576172,55.222503662109375],[-65.23527526855469,55.420005798339844],[-65.06694030761719,55.71583557128906],[-65.0,55.83222961425781]]}},{"type":"Feature","properties":{},"geometry":{"type":"LineString","coordinates":[[-65.81416320800781,55.309722900390625],[-65.6741714477539,55.475563049316406],[-65.7411117553711,55.59722137451172],[-65.92056274414062,55.828338623046875],[-66.0,55.82929992675781]]}},{"type":"Feature","properties":{},"geometry":{"type":"LineString","coordinates":[[-65.0,55.83222961425781],[-64.78334045410156,55.866119384765625],[-64.7791748046875,55.92832946777344],[-64.73249053955078,55.961395263671875],[-64.74999237060547,56.0]]}},{"type":"Feature","properties":{},"geometry":{"type":"LineString","coordinates":[[-64.38611602783203,55.0],[-64.4333267211914,55.07972717285156],[-64.46805572509766,55.18804931640625],[-64.46582794189453,55.22749328613281]]}},{"type":"Feature","properties":{},"geometry":{"type":"LineString","coordinates":[[-64.62000274658203,55.37860870361328],[-64.62555694580078,55.626678466796875],[-64.54972076416016,55.78167724609375],[-64.71610260009766,55.896392822265625],[-64.77833557128906,55.87333679199219]]}},{"type":"Feature","properties":{},"geometry":{"type":"LineString","coordinates":[[-63.0,55.353759765625],[-62.63612365722656,55.43000030517578],[-62.155548095703125,55.42499542236328],[-62.0,55.384544372558594]]}},{"type":"Feature","properties":{},"geometry":{"type":"LineString","coordinates":[[-62.0,55.384544372558594],[-61.39082336425781,55.23527526855469],[-61.228057861328125,55.188323974609375],[-61.0,55.048553466796875]]}},{"type":"Feature","properties":{},"geometry":{"type":"LineString","coordinates":[[-126.94332885742188,54.09638977050781],[-126.56722259521484,54.0]]}},{"type":"Feature","properties":{},"geometry":{"type":"LineString","coordinates":[[-124.58415985107422,54.08277893066406],[-124.34305572509766,54.13249206542969],[-124.28360748291016,54.06805419921875],[-124.1744384765625,54.07722473144531],[-124.0,54.01945495605469]]}},{"type":"Feature","properties":{},"geometry":{"type":"LineString","coordinates":[[-124.6222152709961,54.263885498046875],[-125.0,54.43907928466797]]}},{"type":"Feature","properties":{},"geometry":{"type":"LineString","coordinates":[[-124.0,54.23393249511719],[-123.50861358642578,54.161102294921875],[-123.49361419677734,54.0736083984375],[-123.5949935913086,54.054718017578125],[-123.53186798095703,54.0]]}},{"type":"Feature","properties":{},"geometry":{"type":"LineString","coordinates":[[-121.05027770996094,54.49443817138672],[-121.04583740234375,54.638336181640625],[-121.19221496582031,54.76945495605469],[-121.22944641113281,54.877777099609375],[-121.03439331054688,55.0]]}},{"type":"Feature","properties":{},"geometry":{"type":"LineString","coordinates":[[-121.70665740966797,54.462501525878906],[-122.0,54.56269073486328]]}},{"type":"Feature","properties":{},"geometry":{"type":"LineString","coordinates":[[-119.0,54.069305419921875],[-118.55889129638672,54.229156494140625],[-118.30306243896484,54.50444793701172],[-118.54582977294922,54.66999816894531],[-118.54666900634766,54.7066650390625],[-118.6030502319336,54.83000183105469],[-118.5294418334961,55.0]]}},{"type":"Feature","properties":{},"geometry":{"type":"LineString","coordinates":[[-111.03533935546875,55.0],[-111.13861083984375,54.65611267089844],[-111.17832946777344,54.46778106689453],[-111.01499938964844,54.37721252441406]]}},{"type":"Feature","properties":{},"geometry":{"type":"LineString","coordinates":[[-109.0,54.381744384765625],[-108.43193817138672,54.435829162597656]]}},{"type":"Feature","properties":{},"geometry":{"type":"LineString","coordinates":[[-106.81111145019531,54.75],[-106.79000854492188,54.885284423828125],[-106.69916534423828,54.885833740234375],[-106.43514251708984,55.0]]}},{"type":"Feature","properties":{},"geometry":{"type":"LineString","coordinates":[[-104.0,54.92646789550781],[-103.84028625488281,54.83612060546875],[-103.80751037597656,54.78361511230469],[-103.74082946777344,54.77278137207031]]}},{"type":"Feature","properties":{},"geometry":{"type":"LineString","coordinates":[[-102.95166015625,54.03971862792969],[-102.87777709960938,54.086944580078125],[-102.77389526367188,54.07110595703125]]}},{"type":"Feature","properties":{},"geometry":{"type":"LineString","coordinates":[[-98.03555297851562,54.823333740234375],[-98.20805358886719,54.84584045410156],[-98.13999938964844,54.93110656738281],[-98.0,54.98725891113281]]}},{"type":"Feature","properties":{},"geometry":{"type":"LineString","coordinates":[[-95.75334167480469,54.31639099121094],[-95.65221405029297,54.370269775390625],[-95.63777923583984,54.32832336425781],[-95.47750091552734,54.405006408691406],[-95.30167388916016,54.46277618408203],[-95.0,54.48712921142578]]}},{"type":"Feature","properties":{},"geometry":{"type":"LineString","coordinates":[[-94.09222412109375,54.86750793457031],[-94.0736083984375,54.94500732421875],[-94.0,54.98255920410156]]}},{"type":"Feature","properties":{},"geometry":{"type":"LineString","coordinates":[[-93.23222351074219,54.80389404296875],[-93.14054870605469,54.86083984375],[-93.1138916015625,54.926666259765625],[-93.0,54.955108642578125]]}},{"type":"Feature","properties":{},"geometry":{"type":"LineString","coordinates":[[-92.0,54.43927764892578],[-92.05082702636719,54.476112365722656],[-92.06056213378906,54.544166564941406],[-92.0,54.625450134277344]]}},{"type":"Feature","properties":{},"geometry":{"type":"LineString","coordinates":[[-92.6883316040039,54.03111267089844],[-92.66832733154297,54.08528137207031],[-92.74027252197266,54.18666076660156],[-92.62860870361328,54.26165771484375],[-92.6111068725586,54.31500244140625]]}},{"type":"Feature","properties":{},"geometry":{"type":"LineString","coordinates":[[-92.0,54.625450134277344],[-91.96749877929688,54.73388671875],[-91.84416198730469,54.82972717285156],[-91.86605834960938,55.0]]}},{"type":"Feature","properties":{},"geometry":{"type":"LineString","coordinates":[[-87.06768798828125,54.0],[-87.11749267578125,54.37443542480469],[-87.29473114013672,54.73388671875],[-87.0,54.73944091796875]]}},{"type":"Feature","properties":{},"geometry":{"type":"LineString","coordinates":[[-87.47013092041016,54.0],[-87.41083526611328,54.089996337890625],[-87.4013900756836,54.19499206542969],[-87.18638610839844,54.27861022949219],[-87.1280517578125,54.350555419921875]]}},{"type":"Feature","properties":{},"geometry":{"type":"LineString","coordinates":[[-87.0,54.73944091796875],[-86.6433334350586,54.784454345703125],[-86.47388458251953,54.70527648925781],[-86.16722106933594,54.68499755859375],[-86.0,54.72383117675781]]}},{"type":"Feature","properties":{},"geometry":{"type":"LineString","coordinates":[[-86.0,54.72383117675781],[-85.52249908447266,54.848052978515625],[-85.41971588134766,54.993896484375]]}},{"type":"Feature","properties":{},"geometry":{"type":"LineString","coordinates":[[-83.91639709472656,54.272491455078125],[-83.48194122314453,54.37694549560547],[-83.4322280883789,54.60722351074219],[-83.5727767944336,54.7147216796875],[-83.44194793701172,54.84666442871094],[-83.18472290039062,54.893341064453125],[-83.22305297851562,54.975830078125],[-83.06045532226562,55.0]]}},{"type":"Feature","properties":{},"geometry":{"type":"LineString","coordinates":[[-76.0,54.30302429199219],[-76.2874984741211,54.236114501953125],[-76.2066650390625,54.168609619140625],[-76.21804809570312,54.14054870605469],[-76.5728530883789,54.0]]}},{"type":"Feature","properties":{},"geometry":{"type":"LineString","coordinates":[[-75.0,54.375396728515625],[-75.42833709716797,54.324432373046875],[-75.72888946533203,54.36248779296875],[-76.0,54.30302429199219]]}},{"type":"Feature","properties":{},"geometry":{"type":"LineString","coordinates":[[-69.09971618652344,54.509437561035156],[-69.06138610839844,54.67805480957031],[-69.10665893554688,54.69917297363281]]}},{"type":"Feature","properties":{},"geometry":{"type":"LineString","coordinates":[[-68.0,54.32012939453125],[-68.38805389404297,54.33110046386719],[-68.54749298095703,54.394447326660156],[-68.71916961669922,54.413063049316406],[-68.74082946777344,54.490272521972656],[-68.88417053222656,54.486671447753906]]}},{"type":"Feature","properties":{},"geometry":{"type":"LineString","coordinates":[[-68.0,54.489524841308594],[-67.6977767944336,54.79444885253906],[-67.89111328125,54.913604736328125],[-68.0,54.92375183105469]]}},{"type":"Feature","properties":{},"geometry":{"type":"LineString","coordinates":[[-67.98944091796875,54.14361572265625],[-67.92500305175781,54.18138122558594],[-67.95472717285156,54.20054626464844],[-67.94277954101562,54.29832458496094],[-68.0,54.32012939453125]]}},{"type":"Feature","properties":{},"geometry":{"type":"LineString","coordinates":[[-67.32987213134766,55.0],[-67.0,54.7318115234375]]}},{"type":"Feature","properties":{},"geometry":{"type":"LineString","coordinates":[[-66.4748764038086,54.0],[-66.5324935913086,54.21028137207031]]}},{"type":"Feature","properties":{},"geometry":{"type":"LineString","coordinates":[[-64.0,54.70954895019531],[-64.45638275146484,54.8558349609375],[-64.45027923583984,54.939727783203125],[-64.3902816772461,54.94721984863281],[-64.38611602783203,55.0]]}},{"type":"Feature","properties":{},"geometry":{"type":"LineString","coordinates":[[-63.39611053466797,54.75611877441406],[-63.478614807128906,54.741943359375],[-63.49750518798828,54.663055419921875],[-63.22944641113281,54.503883361816406],[-63.0,54.469505310058594]]}},{"type":"Feature","properties":{},"geometry":{"type":"LineString","coordinates":[[-63.0,54.469505310058594],[-62.50666046142578,54.41722869873047],[-62.229156494140625,54.59638214111328],[-62.0,54.601173400878906]]}},{"type":"Feature","properties":{},"geometry":{"type":"LineString","coordinates":[[-62.0,54.401344299316406],[-61.55750274658203,54.37694549560547]]}},{"type":"Feature","properties":{},"geometry":{"type":"LineString","coordinates":[[-61.43805694580078,54.30804443359375],[-61.417503356933594,54.21333312988281],[-61.428611755371094,54.0947265625],[-61.14619445800781,54.0]]}},{"type":"Feature","properties":{},"geometry":{"type":"LineString","coordinates":[[-61.0,54.61625671386719],[-60.65583801269531,54.866119384765625],[-60.433326721191406,54.92805480957031],[-60.310882568359375,55.0]]}},{"type":"Feature","properties":{},"geometry":{"type":"LineString","coordinates":[[-124.88917541503906,53.561668395996094],[-124.60111236572266,53.78306579589844],[-124.46721649169922,53.90861511230469],[-124.45108795166016,54.0]]}},{"type":"Feature","properties":{},"geometry":{"type":"LineString","coordinates":[[-123.47293853759766,54.0],[-123.23250579833984,53.975006103515625],[-123.23332977294922,53.91917419433594],[-123.06721496582031,53.85417175292969],[-123.0,53.8770751953125]]}},{"type":"Feature","properties":{},"geometry":{"type":"LineString","coordinates":[[-119.05360412597656,53.169158935546875],[-119.23388671875,53.40721893310547],[-119.42972564697266,53.69416809082031],[-119.21554565429688,53.82806396484375],[-119.13645935058594,54.0]]}},{"type":"Feature","properties":{},"geometry":{"type":"LineString","coordinates":[[-110.84310913085938,53.0],[-110.62610626220703,53.08082580566406],[-110.59471893310547,53.03778076171875],[-110.4566421508789,53.0]]}},{"type":"Feature","properties":{},"geometry":{"type":"LineString","coordinates":[[-103.0,53.74261474609375],[-102.93888854980469,53.713897705078125],[-102.80000305175781,53.705841064453125],[-102.5858383178711,53.554725646972656],[-102.10333251953125,53.61750030517578],[-102.0,53.641448974609375]]}},{"type":"Feature","properties":{},"geometry":{"type":"LineString","coordinates":[[-103.0,53.821197509765625],[-102.68944549560547,53.931396484375],[-102.3072280883789,53.929718017578125]]}},{"type":"Feature","properties":{},"geometry":{"type":"LineString","coordinates":[[-102.0,53.66650390625],[-101.86195373535156,53.68360900878906],[-101.76166534423828,53.75666809082031],[-101.43444061279297,53.76361083984375],[-101.30083465576172,53.84083557128906]]}},{"type":"Feature","properties":{},"geometry":{"type":"LineString","coordinates":[[-100.54582977294922,53.679443359375],[-100.56417083740234,53.643890380859375],[-100.49304962158203,53.54888153076172]]}},{"type":"Feature","properties":{},"geometry":{"type":"LineString","coordinates":[[-97.0,53.56000518798828],[-97.3661117553711,53.599998474121094],[-97.6672134399414,53.73695373535156],[-97.760009765625,53.82472229003906],[-97.94444274902344,53.913330078125]]}},{"type":"Feature","properties":{},"geometry":{"type":"LineString","coordinates":[[-96.3902816772461,53.53888702392578],[-96.45667266845703,53.64111328125],[-96.63916778564453,53.60832977294922],[-97.0,53.56000518798828]]}},{"type":"Feature","properties":{},"geometry":{"type":"LineString","coordinates":[[-95.59610748291016,53.725830078125],[-95.48027801513672,53.743896484375],[-95.38555145263672,53.86305236816406]]}},{"type":"Feature","properties":{},"geometry":{"type":"LineString","coordinates":[[-93.87234497070312,53.0],[-93.85139465332031,53.1199951171875],[-93.88333129882812,53.171112060546875],[-93.97389221191406,53.18333435058594],[-93.99610900878906,53.2449951171875]]}},{"type":"Feature","properties":{},"geometry":{"type":"LineString","coordinates":[[-87.31945037841797,53.02806091308594],[-87.26917266845703,53.46778106689453],[-87.2227783203125,53.490562438964844],[-87.17361450195312,53.62861633300781],[-87.0,53.721954345703125]]}},{"type":"Feature","properties":{},"geometry":{"type":"LineString","coordinates":[[-87.0,53.79986572265625],[-87.10055541992188,53.915008544921875],[-87.06768798828125,54.0]]}},{"type":"Feature","properties":{},"geometry":{"type":"LineString","coordinates":[[-88.0,53.58855438232422],[-87.915283203125,53.71861267089844],[-87.79722595214844,53.806396484375],[-87.75611877441406,53.93083190917969],[-87.47013092041016,54.0]]}},{"type":"Feature","properties":{},"geometry":{"type":"LineString","coordinates":[[-86.5563735961914,53.0],[-86.26667022705078,53.20054626464844],[-86.0625,53.559715270996094],[-86.0,53.553199768066406]]}},{"type":"Feature","properties":{},"geometry":{"type":"LineString","coordinates":[[-86.8013916015625,53.24137878417969],[-86.6947250366211,53.393890380859375],[-86.27111053466797,53.57305145263672],[-86.05111694335938,53.561668395996094]]}},{"type":"Feature","properties":{},"geometry":{"type":"LineString","coordinates":[[-86.0,53.553199768066406],[-85.80223083496094,53.68278503417969],[-85.43054962158203,53.74139404296875],[-85.05305480957031,53.763885498046875],[-85.0,53.79603576660156]]}},{"type":"Feature","properties":{},"geometry":{"type":"LineString","coordinates":[[-85.81982421875,53.0],[-85.61222076416016,53.054168701171875],[-85.54305267333984,53.10972595214844],[-85.3469467163086,53.13861083984375],[-85.0,53.071441650390625]]}},{"type":"Feature","properties":{},"geometry":{"type":"LineString","coordinates":[[-85.0,53.79603576660156],[-84.52527618408203,53.568885803222656],[-84.30695343017578,53.596107482910156],[-84.0,53.556114196777344]]}},{"type":"Feature","properties":{},"geometry":{"type":"LineString","coordinates":[[-85.0,53.071441650390625],[-84.5905532836914,53.00639343261719],[-84.42638397216797,53.09083557128906],[-84.18824768066406,53.0]]}},{"type":"Feature","properties":{},"geometry":{"type":"LineString","coordinates":[[-84.0,53.556114196777344],[-83.86027526855469,53.510276794433594],[-83.27056121826172,53.504173278808594],[-83.0,53.461219787597656]]}},{"type":"Feature","properties":{},"geometry":{"type":"LineString","coordinates":[[-83.0,53.461219787597656],[-82.72056579589844,53.427772521972656],[-82.60832977294922,53.31916809082031],[-82.39667510986328,53.29026794433594],[-82.2508316040039,53.209716796875]]}},{"type":"Feature","properties":{},"geometry":{"type":"LineString","coordinates":[[-76.5728530883789,54.0],[-76.95195007324219,53.803619384765625],[-77.0,53.724151611328125]]}},{"type":"Feature","properties":{},"geometry":{"type":"LineString","coordinates":[[-74.0,53.113861083984375],[-74.2780532836914,53.093048095703125],[-74.63750457763672,53.24943542480469],[-74.72777557373047,53.353057861328125],[-74.73082733154297,53.461387634277344],[-74.86000061035156,53.486671447753906],[-74.8316650390625,53.56305694580078],[-74.64888763427734,53.659454345703125]]}},{"type":"Feature","properties":{},"geometry":{"type":"LineString","coordinates":[[-73.74082946777344,53.0],[-73.66333770751953,53.037506103515625],[-73.87278747558594,53.03666687011719],[-73.73028564453125,53.10221862792969],[-74.0,53.113861083984375]]}},{"type":"Feature","properties":{},"geometry":{"type":"LineString","coordinates":[[-70.14805603027344,53.87278747558594],[-70.10166931152344,53.91111755371094],[-70.0,53.898773193359375]]}},{"type":"Feature","properties":{},"geometry":{"type":"LineString","coordinates":[[-68.0,53.7576904296875],[-68.0958251953125,53.7772216796875],[-68.2511215209961,53.752227783203125],[-68.21943664550781,53.730010986328125],[-68.47472381591797,53.730010986328125]]}},{"type":"Feature","properties":{},"geometry":{"type":"LineString","coordinates":[[-66.24082946777344,53.0],[-66.22305297851562,53.10527038574219],[-66.31806182861328,53.463340759277344],[-66.4333267211914,53.63751220703125]]}},{"type":"Feature","properties":{},"geometry":{"type":"LineString","coordinates":[[-59.97337341308594,53.0],[-59.91667175292969,53.23638916015625],[-59.82749938964844,53.40917205810547],[-59.87556457519531,53.44249725341797]]}},{"type":"Feature","properties":{},"geometry":{"type":"LineString","coordinates":[[-58.0,53.23435974121094],[-57.8800048828125,53.280548095703125],[-57.75944519042969,53.397499084472656],[-57.57805633544922,53.448341369628906],[-57.42638397216797,53.59528350830078]]}},{"type":"Feature","properties":{},"geometry":{"type":"LineString","coordinates":[[-126.0,52.369468688964844],[-126.33222198486328,52.45305633544922],[-126.73249053955078,52.37249755859375]]}},{"type":"Feature","properties":{},"geometry":{"type":"LineString","coordinates":[[-125.49971771240234,52.20111083984375],[-125.69499969482422,52.177215576171875],[-125.7538833618164,52.334716796875],[-125.84028625488281,52.40917205810547],[-126.0,52.369468688964844]]}},{"type":"Feature","properties":{},"geometry":{"type":"LineString","coordinates":[[-124.9425048828125,52.1502685546875],[-124.77749633789062,52.057220458984375],[-124.33222198486328,52.12666320800781],[-124.19833374023438,52.08721923828125],[-124.0,52.12474060058594]]}},{"type":"Feature","properties":{},"geometry":{"type":"LineString","coordinates":[[-123.6889419555664,52.0],[-123.41167449951172,52.09611511230469],[-123.28694915771484,52.0897216796875],[-123.18119812011719,52.0]]}},{"type":"Feature","properties":{},"geometry":{"type":"LineString","coordinates":[[-119.67638397216797,52.66778564453125],[-119.50000762939453,52.517784118652344],[-119.13444519042969,52.461387634277344],[-119.17666625976562,52.26611328125],[-119.33394622802734,52.0]]}},{"type":"Feature","properties":{},"geometry":{"type":"LineString","coordinates":[[-119.64221954345703,52.77833557128906],[-119.57694244384766,52.730560302734375],[-119.40889739990234,52.72528076171875],[-119.19999694824219,52.77806091308594],[-119.12083435058594,52.73194885253906]]}},{"type":"Feature","properties":{},"geometry":{"type":"LineString","coordinates":[[-114.0,52.0574951171875],[-113.73194122314453,52.3408203125],[-113.41693878173828,52.22694396972656],[-113.25250244140625,52.29554748535156],[-113.0,52.0848388671875]]}},{"type":"Feature","properties":{},"geometry":{"type":"LineString","coordinates":[[-114.0,52.95591735839844],[-113.89999389648438,52.79722595214844],[-113.5875015258789,52.651397705078125],[-113.26721954345703,52.72666931152344],[-113.20443725585938,52.82499694824219],[-113.0,52.938873291015625]]}},{"type":"Feature","properties":{},"geometry":{"type":"LineString","coordinates":[[-113.0,52.938873291015625],[-112.72582244873047,52.77861022949219],[-112.39611053466797,52.60889434814453],[-112.0,52.459190368652344]]}},{"type":"Feature","properties":{},"geometry":{"type":"LineString","coordinates":[[-112.0,52.459190368652344],[-111.3550033569336,52.41138458251953],[-111.31694793701172,52.608055114746094],[-111.14582824707031,52.74806213378906],[-111.0,52.879364013671875]]}},{"type":"Feature","properties":{},"geometry":{"type":"LineString","coordinates":[[-111.0,52.879364013671875],[-110.88888549804688,52.92250061035156],[-110.84310913085938,53.0]]}},{"type":"Feature","properties":{},"geometry":{"type":"LineString","coordinates":[[-109.45528411865234,53.0],[-109.30445098876953,52.9586181640625],[-109.27861022949219,52.916107177734375],[-109.0,52.91227722167969]]}},{"type":"Feature","properties":{},"geometry":{"type":"LineString","coordinates":[[-96.72528076171875,52.762786865234375],[-97.0,52.843963623046875]]}},{"type":"Feature","properties":{},"geometry":{"type":"LineString","coordinates":[[-94.66222381591797,52.608604431152344],[-95.0,52.59789276123047]]}},{"type":"Feature","properties":{},"geometry":{"type":"LineString","coordinates":[[-93.0675048828125,52.53388214111328],[-93.2208251953125,52.606109619140625],[-93.24694061279297,52.69500732421875],[-93.39221954345703,52.779449462890625],[-93.46971893310547,52.83805847167969]]}},{"type":"Feature","properties":{},"geometry":{"type":"LineString","coordinates":[[-93.0,52.36121368408203],[-93.08805847167969,52.39110565185547],[-93.06527709960938,52.46416473388672],[-93.02194213867188,52.47777557373047],[-93.04556274414062,52.505271911621094]]}},{"type":"Feature","properties":{},"geometry":{"type":"LineString","coordinates":[[-93.78971862792969,52.30499267578125],[-93.84584045410156,52.43444061279297],[-94.0,52.41527557373047]]}},{"type":"Feature","properties":{},"geometry":{"type":"LineString","coordinates":[[-92.50749969482422,52.323333740234375],[-92.33000946044922,52.371116638183594],[-92.17500305175781,52.528053283691406],[-92.15055847167969,52.68499755859375],[-92.0,52.74821472167969]]}},{"type":"Feature","properties":{},"geometry":{"type":"LineString","coordinates":[[-92.0,52.74821472167969],[-91.92694091796875,52.814453125],[-91.98028564453125,52.8558349609375],[-91.95333862304688,52.88694763183594]]}},{"type":"Feature","properties":{},"geometry":{"type":"LineString","coordinates":[[-89.0,52.878265380859375],[-88.73221588134766,52.80528259277344],[-88.57305145263672,52.78111267089844],[-88.0,52.949493408203125]]}},{"type":"Feature","properties":{},"geometry":{"type":"LineString","coordinates":[[-88.45555877685547,52.0333251953125],[-88.50249481201172,52.14971923828125],[-88.2863998413086,52.181671142578125],[-88.0322265625,52.21638488769531]]}},{"type":"Feature","properties":{},"geometry":{"type":"LineString","coordinates":[[-88.0,52.949493408203125],[-87.8416748046875,52.961944580078125],[-87.89277648925781,52.874725341796875],[-87.86222839355469,52.86750793457031],[-87.59989166259766,53.0]]}},{"type":"Feature","properties":{},"geometry":{"type":"LineString","coordinates":[[-86.8719482421875,52.41472625732422],[-86.79722595214844,52.482505798339844],[-86.73695373535156,52.6986083984375],[-86.5563735961914,53.0]]}},{"type":"Feature","properties":{},"geometry":{"type":"LineString","coordinates":[[-86.4013900756836,52.14361572265625],[-86.2588882446289,52.36333465576172],[-86.05888366699219,52.45972442626953],[-86.0574951171875,52.545555114746094],[-86.0,52.62602233886719]]}},{"type":"Feature","properties":{},"geometry":{"type":"LineString","coordinates":[[-86.0,52.62602233886719],[-85.91221618652344,52.82499694824219],[-85.88055419921875,52.96388244628906],[-85.81982421875,53.0]]}},{"type":"Feature","properties":{},"geometry":{"type":"LineString","coordinates":[[-85.49555206298828,52.28388977050781],[-85.40084075927734,52.274169921875],[-85.31722259521484,52.17222595214844],[-85.0,52.005096435546875]]}},{"type":"Feature","properties":{},"geometry":{"type":"LineString","coordinates":[[-84.0,52.92021179199219],[-83.77610778808594,52.85833740234375],[-83.29473114013672,52.96556091308594],[-83.0,52.93328857421875]]}},{"type":"Feature","properties":{},"geometry":{"type":"LineString","coordinates":[[-83.89437866210938,52.0],[-83.50499725341797,52.11582946777344],[-83.36333465576172,52.339996337890625],[-83.0,52.375892639160156]]}},{"type":"Feature","properties":{},"geometry":{"type":"LineString","coordinates":[[-83.0,52.93328857421875],[-82.47943878173828,52.901397705078125],[-82.30194854736328,52.96055603027344]]}},{"type":"Feature","properties":{},"geometry":{"type":"LineString","coordinates":[[-83.0,52.375892639160156],[-82.67888641357422,52.592491149902344],[-82.21333312988281,52.77528381347656],[-82.0,52.760986328125]]}},{"type":"Feature","properties":{},"geometry":{"type":"LineString","coordinates":[[-78.0,52.23667907714844],[-78.4013900756836,52.242218017578125]]}},{"type":"Feature","properties":{},"geometry":{"type":"LineString","coordinates":[[-77.0,52.29631042480469],[-77.01499938964844,52.33360290527344],[-77.81167602539062,52.19499206542969],[-78.0,52.23667907714844]]}},{"type":"Feature","properties":{},"geometry":{"type":"LineString","coordinates":[[-77.66138458251953,52.75694274902344],[-77.79611206054688,52.713897705078125],[-78.0,52.76091003417969]]}},{"type":"Feature","properties":{},"geometry":{"type":"LineString","coordinates":[[-77.05694580078125,52.74610900878906],[-77.1219482421875,52.73750305175781],[-77.19389343261719,52.79472351074219],[-77.40833282470703,52.741668701171875],[-77.55083465576172,52.75917053222656]]}},{"type":"Feature","properties":{},"geometry":{"type":"LineString","coordinates":[[-76.0,52.20024108886719],[-76.26917266845703,52.2672119140625],[-76.7852783203125,52.21388244628906],[-76.87861633300781,52.28887939453125],[-77.0,52.29631042480469]]}},{"type":"Feature","properties":{},"geometry":{"type":"LineString","coordinates":[[-75.0,52.16520690917969],[-75.4144515991211,52.14332580566406],[-76.0,52.020233154296875]]}},{"type":"Feature","properties":{},"geometry":{"type":"LineString","coordinates":[[-74.33480072021484,52.0],[-74.4013900756836,52.04888916015625],[-74.50110626220703,52.13499450683594],[-74.60555267333984,52.18804931640625],[-75.0,52.16520690917969]]}},{"type":"Feature","properties":{},"geometry":{"type":"LineString","coordinates":[[-73.0,52.176422119140625],[-73.18167114257812,52.09111022949219],[-73.33916473388672,52.083892822265625],[-73.35555267333984,52.024993896484375],[-73.42777252197266,52.0]]}},{"type":"Feature","properties":{},"geometry":{"type":"LineString","coordinates":[[-73.0,52.93394470214844],[-73.57250213623047,52.83555603027344],[-73.61666107177734,52.87750244140625],[-73.788330078125,52.93028259277344],[-73.7852783203125,52.98805236816406],[-73.74082946777344,53.0]]}},{"type":"Feature","properties":{},"geometry":{"type":"LineString","coordinates":[[-72.71805572509766,52.825286865234375],[-72.69055938720703,52.92277526855469],[-72.87722778320312,52.99082946777344],[-73.0,52.93394470214844]]}},{"type":"Feature","properties":{},"geometry":{"type":"LineString","coordinates":[[-71.31250762939453,52.1905517578125],[-71.44782257080078,52.0]]}},{"type":"Feature","properties":{},"geometry":{"type":"LineString","coordinates":[[-71.0,52.51520538330078],[-71.20555114746094,52.463340759277344],[-71.62166595458984,52.40833282470703],[-71.6191635131836,52.512779235839844],[-71.89944458007812,52.51416778564453],[-72.0,52.467506408691406]]}},{"type":"Feature","properties":{},"geometry":{"type":"LineString","coordinates":[[-71.18666076660156,52.87361145019531],[-71.32555389404297,52.80528259277344],[-71.38666534423828,52.72721862792969],[-71.52555084228516,52.72361755371094],[-72.0,52.517967224121094]]}},{"type":"Feature","properties":{},"geometry":{"type":"LineString","coordinates":[[-70.87583923339844,52.489723205566406],[-70.790283203125,52.56194305419922],[-71.0,52.51520538330078]]}},{"type":"Feature","properties":{},"geometry":{"type":"LineString","coordinates":[[-68.7611083984375,52.67195129394531],[-68.66832733154297,52.49805450439453],[-68.62055206298828,52.182220458984375],[-68.49434661865234,52.0]]}},{"type":"Feature","properties":{},"geometry":{"type":"LineString","coordinates":[[-67.35778045654297,52.12361145019531],[-67.22433471679688,52.0]]}},{"type":"Feature","properties":{},"geometry":{"type":"LineString","coordinates":[[-64.51659393310547,52.0],[-64.30638885498047,52.17222595214844],[-64.31250762939453,52.41832733154297],[-64.43054962158203,52.49889373779297]]}},{"type":"Feature","properties":{},"geometry":{"type":"LineString","coordinates":[[-63.310272216796875,52.46416473388672],[-63.0,52.393165588378906]]}},{"type":"Feature","properties":{},"geometry":{"type":"LineString","coordinates":[[-63.0,52.600257873535156],[-62.72056579589844,52.68194580078125],[-62.392494201660156,52.549171447753906],[-62.100830078125,52.63666534423828],[-62.0,52.61125946044922]]}},{"type":"Feature","properties":{},"geometry":{"type":"LineString","coordinates":[[-62.0,52.61125946044922],[-61.6925048828125,52.532493591308594],[-61.545555114746094,52.48389434814453],[-61.497779846191406,52.435279846191406],[-61.536659240722656,52.34222412109375],[-61.381103515625,52.247222900390625],[-61.0,52.13330078125]]}},{"type":"Feature","properties":{},"geometry":{"type":"LineString","coordinates":[[-60.0,52.526390075683594],[-60.08917236328125,52.638893127441406],[-60.15611267089844,52.695831298828125],[-60.0,52.95269775390625]]}},{"type":"Feature","properties":{},"geometry":{"type":"LineString","coordinates":[[-60.0,52.296051025390625],[-60.06443786621094,52.23332214355469],[-60.0,52.09822082519531]]}},{"type":"Feature","properties":{},"geometry":{"type":"LineString","coordinates":[[-59.057220458984375,52.518333435058594],[-59.36387634277344,52.39860534667969],[-59.44055938720703,52.06388854980469],[-59.36634063720703,52.0]]}},{"type":"Feature","properties":{},"geometry":{"type":"LineString","coordinates":[[-59.75334167480469,52.68055725097656],[-59.76249694824219,52.58415985107422],[-59.811676025390625,52.388885498046875],[-60.0,52.296051025390625]]}},{"type":"Feature","properties":{},"geometry":{"type":"LineString","coordinates":[[-57.75166320800781,52.50360870361328],[-57.620277404785156,52.513328552246094],[-57.60332489013672,52.556663513183594],[-57.408897399902344,52.54222869873047],[-57.0,52.64802551269531]]}},{"type":"Feature","properties":{},"geometry":{"type":"LineString","coordinates":[[-124.56417083740234,51.787506103515625],[-124.4222183227539,51.730560302734375],[-124.4333267211914,51.451942443847656],[-124.75138854980469,51.356658935546875],[-125.0,51.18743896484375]]}},{"type":"Feature","properties":{},"geometry":{"type":"LineString","coordinates":[[-123.0,51.91682434082031],[-122.76972961425781,51.84138488769531],[-122.5774917602539,51.830841064453125],[-122.4000015258789,51.738616943359375]]}},{"type":"Feature","properties":{},"geometry":{"type":"LineString","coordinates":[[-120.0,51.62657165527344],[-120.17111206054688,51.552772521972656],[-120.14277648925781,51.13916015625],[-120.24037170410156,51.0]]}},{"type":"Feature","properties":{},"geometry":{"type":"LineString","coordinates":[[-119.33394622802734,52.0],[-119.29056549072266,51.820831298828125],[-119.63555145263672,51.67250061035156],[-119.66693878173828,51.599159240722656],[-119.866943359375,51.56806182861328],[-120.0,51.62657165527344]]}},{"type":"Feature","properties":{},"geometry":{"type":"LineString","coordinates":[[-115.94667053222656,51.539161682128906],[-115.91278076171875,51.656951904296875],[-115.3933334350586,51.65528869628906],[-115.0,51.649505615234375]]}},{"type":"Feature","properties":{},"geometry":{"type":"LineString","coordinates":[[-115.0,51.649505615234375],[-114.77223205566406,51.75750732421875],[-114.64916229248047,51.77278137207031],[-114.5758285522461,51.88917541503906],[-114.38301849365234,52.0]]}},{"type":"Feature","properties":{},"geometry":{"type":"LineString","coordinates":[[-113.0,51.82469177246094],[-112.87167358398438,51.61804962158203],[-112.86721801757812,51.50666046142578],[-112.66971588134766,51.445838928222656],[-112.0,51.089385986328125]]}},{"type":"Feature","properties":{},"geometry":{"type":"LineString","coordinates":[[-98.04222106933594,51.95916748046875],[-98.07167053222656,51.93499755859375],[-98.03639221191406,51.899169921875],[-98.14222717285156,51.85389709472656],[-98.15777587890625,51.788055419921875]]}},{"type":"Feature","properties":{},"geometry":{"type":"LineString","coordinates":[[-96.0,51.54564666748047],[-96.27056121826172,51.51416778564453],[-96.57111358642578,51.66389465332031],[-96.68639373779297,51.771942138671875]]}},{"type":"Feature","properties":{},"geometry":{"type":"LineString","coordinates":[[-95.0,51.305084228515625],[-95.13055419921875,51.348052978515625],[-95.56583404541016,51.45722198486328],[-95.77250671386719,51.38916778564453],[-95.87666320800781,51.517494201660156],[-96.0,51.54564666748047]]}},{"type":"Feature","properties":{},"geometry":{"type":"LineString","coordinates":[[-94.6352767944336,51.01554870605469],[-94.67499542236328,51.21638488769531],[-94.81777954101562,51.27888488769531],[-95.0,51.305084228515625]]}},{"type":"Feature","properties":{},"geometry":{"type":"LineString","coordinates":[[-93.67888641357422,51.463050842285156],[-93.8236083984375,51.304443359375],[-93.83389282226562,51.23054504394531],[-93.73833465576172,51.16444396972656],[-93.78611755371094,51.12916564941406]]}},{"type":"Feature","properties":{},"geometry":{"type":"LineString","coordinates":[[-90.86778259277344,51.361106872558594],[-90.68639373779297,51.43889617919922],[-90.25166320800781,51.66999816894531],[-90.0,51.697113037109375]]}},{"type":"Feature","properties":{},"geometry":{"type":"LineString","coordinates":[[-90.0,51.697113037109375],[-89.73665618896484,51.77027893066406],[-89.37999725341797,51.84416198730469],[-89.0,51.94195556640625]]}},{"type":"Feature","properties":{},"geometry":{"type":"LineString","coordinates":[[-87.0,51.32164001464844],[-87.19972229003906,51.30194091796875]]}},{"type":"Feature","properties":{},"geometry":{"type":"LineString","coordinates":[[-86.49889373779297,51.0],[-86.34082794189453,51.12750244140625],[-86.33972930908203,51.187225341796875],[-86.06582641601562,51.23193359375],[-86.0,51.39427947998047]]}},{"type":"Feature","properties":{},"geometry":{"type":"LineString","coordinates":[[-86.0,51.39427947998047],[-85.94277954101562,51.42749786376953],[-85.93666076660156,51.633888244628906]]}},{"type":"Feature","properties":{},"geometry":{"type":"LineString","coordinates":[[-84.60840606689453,51.0],[-84.4972152709961,51.10472106933594]]}},{"type":"Feature","properties":{},"geometry":{"type":"LineString","coordinates":[[-82.0,51.18013000488281],[-81.7791748046875,51.28916931152344],[-81.49361419677734,51.34443664550781],[-81.0,51.206634521484375]]}},{"type":"Feature","properties":{},"geometry":{"type":"LineString","coordinates":[[-78.0,51.352378845214844],[-78.43721771240234,51.37000274658203],[-78.69026947021484,51.487220764160156]]}},{"type":"Feature","properties":{},"geometry":{"type":"LineString","coordinates":[[-77.0,51.24540710449219],[-77.50777435302734,51.2066650390625],[-77.97833251953125,51.21527099609375],[-78.0,51.27757263183594]]}},{"type":"Feature","properties":{},"geometry":{"type":"LineString","coordinates":[[-77.0,51.41278839111328],[-77.3872299194336,51.386390686035156],[-77.80055236816406,51.375831604003906],[-78.0,51.352378845214844]]}},{"type":"Feature","properties":{},"geometry":{"type":"LineString","coordinates":[[-76.82472229003906,51.03694152832031],[-76.7872314453125,51.089447021484375],[-76.89500427246094,51.146392822265625],[-76.8861083984375,51.21028137207031],[-77.0,51.24540710449219]]}},{"type":"Feature","properties":{},"geometry":{"type":"LineString","coordinates":[[-76.0,51.100799560546875],[-76.16610717773438,51.11888122558594],[-76.22805786132812,51.22528076171875],[-76.31389617919922,51.27861022949219],[-76.41777801513672,51.37165832519531]]}},{"type":"Feature","properties":{},"geometry":{"type":"LineString","coordinates":[[-75.26222229003906,51.442771911621094],[-75.21611022949219,51.49889373779297],[-75.24749755859375,51.533058166503906],[-75.53722381591797,51.547218322753906],[-76.0,51.44976043701172]]}},{"type":"Feature","properties":{},"geometry":{"type":"LineString","coordinates":[[-75.0,51.12709045410156],[-75.05166625976562,51.160552978515625],[-75.26917266845703,51.13139343261719],[-75.3536148071289,51.1663818359375]]}},{"type":"Feature","properties":{},"geometry":{"type":"LineString","coordinates":[[-74.0,51.374908447265625],[-74.30500030517578,51.41527557373047],[-74.42610931396484,51.45111846923828],[-74.82806396484375,51.405006408691406]]}},{"type":"Feature","properties":{},"geometry":{"type":"LineString","coordinates":[[-74.6833267211914,51.30555725097656],[-74.74778747558594,51.18110656738281],[-75.0,51.088165283203125]]}},{"type":"Feature","properties":{},"geometry":{"type":"LineString","coordinates":[[-74.0,51.58466339111328],[-74.11111450195312,51.46611785888672],[-74.15554809570312,51.459449768066406],[-74.19277954101562,51.52056121826172],[-74.3022232055664,51.48194122314453]]}},{"type":"Feature","properties":{},"geometry":{"type":"LineString","coordinates":[[-74.0,51.20289611816406],[-74.10861206054688,51.198883056640625],[-74.12388610839844,51.27278137207031]]}},{"type":"Feature","properties":{},"geometry":{"type":"LineString","coordinates":[[-73.42777252197266,52.0],[-73.7558364868164,51.92277526855469],[-74.0,51.94404602050781]]}},{"type":"Feature","properties":{},"geometry":{"type":"LineString","coordinates":[[-73.53499603271484,51.92832946777344],[-73.09971618652344,51.71417236328125],[-73.19248962402344,51.551109313964844],[-73.3055648803711,51.286102294921875]]}},{"type":"Feature","properties":{},"geometry":{"type":"LineString","coordinates":[[-73.73665618896484,51.09222412109375],[-73.6883316040039,51.139434814453125],[-73.79722595214844,51.23193359375],[-73.70861053466797,51.37694549560547],[-73.73082733154297,51.415550231933594]]}},{"type":"Feature","properties":{},"geometry":{"type":"LineString","coordinates":[[-73.86361694335938,51.10943603515625],[-73.8236083984375,51.21138000488281],[-73.883056640625,51.356658935546875]]}},{"type":"Feature","properties":{},"geometry":{"type":"LineString","coordinates":[[-73.86166381835938,51.05888366699219],[-73.75527954101562,51.05055236816406],[-73.78028869628906,51.084442138671875],[-73.75527954101562,51.09611511230469],[-73.63750457763672,51.07499694824219]]}},{"type":"Feature","properties":{},"geometry":{"type":"LineString","coordinates":[[-71.44782257080078,52.0],[-71.69971466064453,51.76417541503906],[-72.0,51.584739685058594]]}},{"type":"Feature","properties":{},"geometry":{"type":"LineString","coordinates":[[-70.52750396728516,51.741119384765625],[-70.8719482421875,51.39221954345703],[-70.77250671386719,51.35944366455078],[-70.6736068725586,51.11360168457031],[-70.69037628173828,51.0]]}},{"type":"Feature","properties":{},"geometry":{"type":"LineString","coordinates":[[-70.20527648925781,52.0],[-70.08000183105469,51.83416748046875]]}},{"type":"Feature","properties":{},"geometry":{"type":"LineString","coordinates":[[-69.93360900878906,51.56916046142578],[-69.81138610839844,51.42333221435547],[-69.65360260009766,51.12083435058594],[-69.59944915771484,51.044158935546875],[-69.55916595458984,51.0]]}},{"type":"Feature","properties":{},"geometry":{"type":"LineString","coordinates":[[-67.22433471679688,52.0],[-67.02915954589844,51.868896484375],[-67.0,51.79554748535156]]}},{"type":"Feature","properties":{},"geometry":{"type":"LineString","coordinates":[[-67.0,51.39556121826172],[-66.93527221679688,51.27833557128906],[-66.98554992675781,51.138885498046875],[-66.89166259765625,51.081939697265625],[-66.96037292480469,51.0]]}},{"type":"Feature","properties":{},"geometry":{"type":"LineString","coordinates":[[-64.5300064086914,51.656951904296875],[-64.58028411865234,51.67388916015625],[-64.54361724853516,51.80223083496094],[-64.61333465576172,51.927215576171875],[-64.5697250366211,51.98138427734375]]}},{"type":"Feature","properties":{},"geometry":{"type":"LineString","coordinates":[[-62.0,51.79936218261719],[-61.8397216796875,51.63250732421875],[-61.76722717285156,51.47167205810547],[-61.663055419921875,51.3216552734375],[-61.52111053466797,51.08111572265625],[-61.57677459716797,51.0]]}},{"type":"Feature","properties":{},"geometry":{"type":"LineString","coordinates":[[-60.202667236328125,52.0],[-60.09027099609375,51.81500244140625],[-60.124725341796875,51.765838623046875],[-60.09388732910156,51.67388916015625],[-60.0,51.572776794433594]]}},{"type":"Feature","properties":{},"geometry":{"type":"LineString","coordinates":[[-60.0,51.51610565185547],[-59.67167663574219,51.27777099609375],[-59.741668701171875,51.054718017578125],[-59.759033203125,51.0]]}},{"type":"Feature","properties":{},"geometry":{"type":"LineString","coordinates":[[-59.36634063720703,52.0],[-59.278045654296875,51.9183349609375],[-59.14555358886719,51.89166259765625],[-59.0,51.79508972167969]]}},{"type":"Feature","properties":{},"geometry":{"type":"LineString","coordinates":[[-59.0,51.79508972167969],[-58.69667053222656,51.611671447753906],[-58.684173583984375,51.471107482910156],[-58.66639709472656,51.256103515625]]}},{"type":"Feature","properties":{},"geometry":{"type":"LineString","coordinates":[[-125.58722686767578,50.00889587402344],[-125.66333770751953,50.13194274902344],[-125.82972717285156,50.250274658203125],[-125.95306396484375,50.38722229003906]]}},{"type":"Feature","properties":{},"geometry":{"type":"LineString","coordinates":[[-121.0,50.75950622558594],[-121.27167510986328,50.73194885253906],[-121.28722381591797,50.51221466064453],[-121.40111541748047,50.37916564941406],[-121.5844497680664,50.23554992675781]]}},{"type":"Feature","properties":{},"geometry":{"type":"LineString","coordinates":[[-119.55889129638672,50.88945007324219],[-119.70972442626953,50.825286865234375],[-119.8719482421875,50.667510986328125],[-120.0,50.6556396484375]]}},{"type":"Feature","properties":{},"geometry":{"type":"LineString","coordinates":[[-118.35584259033203,50.82861328125],[-118.34806060791016,50.69500732421875],[-118.6288833618164,50.263885498046875],[-118.81805419921875,50.2933349609375],[-118.83944702148438,50.604164123535156],[-119.0,50.532615661621094]]}},{"type":"Feature","properties":{},"geometry":{"type":"LineString","coordinates":[[-114.66971588134766,50.111663818359375],[-114.5239486694336,50.0]]}},{"type":"Feature","properties":{},"geometry":{"type":"LineString","coordinates":[[-111.9168701171875,51.0],[-111.9486083984375,50.92083740234375],[-111.78944396972656,50.839996337890625],[-111.53694915771484,50.7691650390625],[-111.2602767944336,50.87666320800781],[-111.1058349609375,50.898895263671875],[-111.0,50.92723083496094]]}},{"type":"Feature","properties":{},"geometry":{"type":"LineString","coordinates":[[-111.0,50.92723083496094],[-110.79222106933594,50.863616943359375],[-110.42166900634766,50.899444580078125],[-110.25917053222656,50.899444580078125],[-110.0,50.96295166015625]]}},{"type":"Feature","properties":{},"geometry":{"type":"LineString","coordinates":[[-106.41805267333984,50.97471618652344],[-106.23027038574219,50.96861267089844],[-106.0,50.86405944824219]]}},{"type":"Feature","properties":{},"geometry":{"type":"LineString","coordinates":[[-105.0,50.61772155761719],[-104.63750457763672,50.77528381347656],[-104.35306549072266,50.76417541503906],[-104.0,50.774017333984375]]}},{"type":"Feature","properties":{},"geometry":{"type":"LineString","coordinates":[[-104.0,50.774017333984375],[-103.69249725341797,50.746673583984375],[-103.21110534667969,50.523338317871094],[-103.0,50.580970764160156]]}},{"type":"Feature","properties":{},"geometry":{"type":"LineString","coordinates":[[-103.0,50.580970764160156],[-102.4911117553711,50.52582550048828],[-102.24222564697266,50.497215270996094],[-102.0,50.543556213378906]]}},{"type":"Feature","properties":{},"geometry":{"type":"LineString","coordinates":[[-102.0,50.543556213378906],[-101.81028747558594,50.521385192871094],[-101.77362060546875,50.478614807128906],[-101.62667083740234,50.511390686035156],[-101.31139373779297,50.433326721191406]]}},{"type":"Feature","properties":{},"geometry":{"type":"LineString","coordinates":[[-93.25389862060547,50.47777557373047],[-93.26499938964844,50.53722381591797],[-93.3791732788086,50.596107482910156]]}},{"type":"Feature","properties":{},"geometry":{"type":"LineString","coordinates":[[-90.65528106689453,50.29472351074219],[-90.31055450439453,50.297210693359375],[-90.14999389648438,50.52056121826172],[-90.0,50.608909606933594]]}},{"type":"Feature","properties":{},"geometry":{"type":"LineString","coordinates":[[-90.15499877929688,50.23500061035156],[-90.09944152832031,50.28388977050781],[-90.06582641601562,50.42528533935547],[-90.0,50.43994903564453]]}},{"type":"Feature","properties":{},"geometry":{"type":"LineString","coordinates":[[-89.68416595458984,50.654449462890625],[-89.49639129638672,50.564170837402344],[-89.38249969482422,50.55944061279297],[-89.22000122070312,50.62999725341797],[-89.16194152832031,50.7388916015625]]}},{"type":"Feature","properties":{},"geometry":{"type":"LineString","coordinates":[[-89.48888397216797,50.562782287597656],[-89.37944793701172,50.76445007324219]]}},{"type":"Feature","properties":{},"geometry":{"type":"LineString","coordinates":[[-88.98416137695312,50.83833312988281],[-88.84194946289062,50.91444396972656],[-88.65972137451172,50.868896484375],[-88.5522232055664,50.9405517578125],[-88.56806182861328,50.847503662109375]]}},{"type":"Feature","properties":{},"geometry":{"type":"LineString","coordinates":[[-87.96110534667969,50.765838623046875],[-87.43555450439453,50.93083190917969],[-87.31250762939453,50.83332824707031],[-87.21499633789062,50.84666442871094]]}},{"type":"Feature","properties":{},"geometry":{"type":"LineString","coordinates":[[-84.43608856201172,50.0],[-84.28389739990234,50.320831298828125],[-84.48499298095703,50.48778533935547],[-84.4286117553711,50.75971984863281],[-84.60840606689453,51.0]]}},{"type":"Feature","properties":{},"geometry":{"type":"LineString","coordinates":[[-83.0,50.182952880859375],[-82.5441665649414,50.41889190673828],[-82.10777282714844,50.588890075683594],[-82.0,50.61058044433594]]}},{"type":"Feature","properties":{},"geometry":{"type":"LineString","coordinates":[[-83.0,50.810791015625],[-82.6333236694336,50.93083190917969],[-82.5597915649414,51.0]]}},{"type":"Feature","properties":{},"geometry":{"type":"LineString","coordinates":[[-78.8941650390625,50.0],[-78.92582702636719,50.021942138671875],[-78.8941650390625,50.130279541015625],[-78.96611022949219,50.182220458984375],[-79.0,50.35133361816406]]}},{"type":"Feature","properties":{},"geometry":{"type":"LineString","coordinates":[[-75.0,50.85130310058594],[-75.23500061035156,50.75639343261719],[-75.64444732666016,50.72833251953125],[-76.0,50.715057373046875]]}},{"type":"Feature","properties":{},"geometry":{"type":"LineString","coordinates":[[-74.62860870361328,50.90055847167969],[-74.69832611083984,50.923614501953125],[-74.67444610595703,50.967498779296875],[-74.7347183227539,50.99528503417969],[-75.0,50.85130310058594]]}},{"type":"Feature","properties":{},"geometry":{"type":"LineString","coordinates":[[-72.11111450195312,50.97944641113281],[-72.15666198730469,50.811676025390625],[-72.15165710449219,50.525001525878906],[-72.14961242675781,50.0]]}},{"type":"Feature","properties":{},"geometry":{"type":"LineString","coordinates":[[-70.11990356445312,51.0],[-70.3041763305664,50.63139343261719],[-70.1300048828125,50.48778533935547],[-70.09083557128906,50.30332946777344],[-70.0,50.26519775390625]]}},{"type":"Feature","properties":{},"geometry":{"type":"LineString","coordinates":[[-70.46611785888672,50.598609924316406],[-70.37610626220703,50.506385803222656],[-70.63611602783203,50.33000183105469],[-70.7024917602539,50.22749328613281],[-70.64281463623047,50.0]]}},{"type":"Feature","properties":{},"geometry":{"type":"LineString","coordinates":[[-69.55916595458984,51.0],[-69.43193817138672,50.858612060546875],[-69.2683334350586,50.76361083984375],[-69.25777435302734,50.6702880859375]]}},{"type":"Feature","properties":{},"geometry":{"type":"LineString","coordinates":[[-66.96037292480469,51.0],[-66.804443359375,50.918609619140625],[-66.83528137207031,50.75334167480469],[-66.5572280883789,50.50249481201172],[-66.63777923583984,50.18194580078125]]}},{"type":"Feature","properties":{},"geometry":{"type":"LineString","coordinates":[[-64.57166290283203,50.69444274902344],[-64.40250396728516,50.565269470214844],[-64.4211196899414,50.375274658203125],[-64.4477767944336,50.31805419921875]]}},{"type":"Feature","properties":{},"geometry":{"type":"LineString","coordinates":[[-61.57677459716797,51.0],[-61.71305847167969,50.88639831542969],[-61.65834045410156,50.65611267089844],[-61.64222717285156,50.31999206542969],[-61.635284423828125,50.27943420410156],[-61.576942443847656,50.18666076660156]]}},{"type":"Feature","properties":{},"geometry":{"type":"LineString","coordinates":[[-59.759033203125,51.0],[-59.70001220703125,50.945556640625],[-59.6380615234375,50.741119384765625],[-59.57917022705078,50.698333740234375],[-59.573890686035156,50.48999786376953]]}},{"type":"Feature","properties":{},"geometry":{"type":"LineString","coordinates":[[-122.63639068603516,49.351104736328125],[-122.77500915527344,49.21888732910156]]}},{"type":"Feature","properties":{},"geometry":{"type":"LineString","coordinates":[[-120.56575775146484,49.0],[-120.5491714477539,49.20111083984375],[-120.53221893310547,49.43944549560547],[-120.16471862792969,49.375831604003906],[-120.0,49.21978759765625]]}},{"type":"Feature","properties":{},"geometry":{"type":"LineString","coordinates":[[-119.62000274658203,49.48944854736328],[-119.53055572509766,49.26971435546875],[-119.56945037841797,49.10333251953125],[-119.46483612060547,49.0]]}},{"type":"Feature","properties":{},"geometry":{"type":"LineString","coordinates":[[-114.5239486694336,50.0],[-114.38472747802734,49.86582946777344],[-114.0594482421875,49.602500915527344],[-114.0,49.57927703857422]]}},{"type":"Feature","properties":{},"geometry":{"type":"LineString","coordinates":[[-114.0,49.57927703857422],[-113.69304656982422,49.59333038330078],[-113.60111236572266,49.64167022705078],[-113.38056182861328,49.72666931152344],[-113.19389343261719,49.784454345703125],[-113.0,49.73298645019531]]}},{"type":"Feature","properties":{},"geometry":{"type":"LineString","coordinates":[[-112.55142974853516,49.0],[-112.35778045654297,49.13555908203125],[-112.07611083984375,49.13555908203125],[-112.0,49.10063171386719]]}},{"type":"Feature","properties":{},"geometry":{"type":"LineString","coordinates":[[-113.0,49.73298645019531],[-112.9808349609375,49.66999816894531],[-112.82083129882812,49.634735107421875],[-112.75334167480469,49.8447265625],[-112.17971801757812,49.80805969238281],[-112.12472534179688,49.95472717285156],[-112.0,49.883026123046875]]}},{"type":"Feature","properties":{},"geometry":{"type":"LineString","coordinates":[[-112.0,49.10063171386719],[-111.73249053955078,49.10028076171875],[-111.62999725341797,49.06111145019531],[-111.241943359375,49.14778137207031],[-111.0,49.116485595703125]]}},{"type":"Feature","properties":{},"geometry":{"type":"LineString","coordinates":[[-112.0,49.883026123046875],[-111.7008285522461,49.9263916015625]]}},{"type":"Feature","properties":{},"geometry":{"type":"LineString","coordinates":[[-109.0,49.48773956298828],[-108.70471954345703,49.43389129638672],[-108.24222564697266,49.33360290527344],[-108.23222351074219,49.40111541748047],[-108.12472534179688,49.39305877685547],[-108.0,49.39763641357422]]}},{"type":"Feature","properties":{},"geometry":{"type":"LineString","coordinates":[[-108.0,49.39763641357422],[-107.84527587890625,49.31166076660156],[-107.6661148071289,49.14971923828125],[-107.2863540649414,49.0]]}},{"type":"Feature","properties":{},"geometry":{"type":"LineString","coordinates":[[-103.51709747314453,50.0],[-103.59583282470703,49.890838623046875],[-103.71887969970703,49.934722900390625],[-103.80610656738281,49.90611267089844],[-104.0,49.94200134277344]]}},{"type":"Feature","properties":{},"geometry":{"type":"LineString","coordinates":[[-104.0,49.76055908203125],[-103.58638763427734,49.452781677246094],[-103.58638763427734,49.36054992675781],[-103.2813949584961,49.19776916503906],[-103.0,49.11846923828125]]}},{"type":"Feature","properties":{},"geometry":{"type":"LineString","coordinates":[[-103.0,49.11846923828125],[-102.6130599975586,49.1138916015625],[-102.17471313476562,49.21055603027344],[-102.04499816894531,49.17555236816406],[-102.0,49.14387512207031]]}},{"type":"Feature","properties":{},"geometry":{"type":"LineString","coordinates":[[-102.0,49.14387512207031],[-101.94981384277344,49.0]]}},{"type":"Feature","properties":{},"geometry":{"type":"LineString","coordinates":[[-101.0,49.23387145996094],[-100.5744400024414,49.461387634277344],[-100.22471618652344,49.60832977294922],[-100.0,49.51221466064453]]}},{"type":"Feature","properties":{},"geometry":{"type":"LineString","coordinates":[[-100.0,49.51221466064453],[-99.84861755371094,49.45806121826172],[-99.80999755859375,49.52361297607422],[-99.55944061279297,49.61943817138672],[-99.5536117553711,49.65834045410156]]}},{"type":"Feature","properties":{},"geometry":{"type":"LineString","coordinates":[[-99.48749542236328,49.272216796875],[-99.3600082397461,49.21138000488281],[-99.14222717285156,49.1875],[-99.03416442871094,49.21722412109375],[-99.0,49.26554870605469]]}},{"type":"Feature","properties":{},"geometry":{"type":"LineString","coordinates":[[-99.0,49.26554870605469],[-98.85972595214844,49.34222412109375],[-98.58110809326172,49.06111145019531],[-98.33110809326172,49.08305358886719],[-98.22314453125,49.0]]}},{"type":"Feature","properties":{},"geometry":{"type":"LineString","coordinates":[[-95.63611602783203,49.29554748535156],[-95.6958236694336,49.403053283691406],[-95.87306213378906,49.503334045410156],[-95.89860534667969,49.649169921875],[-96.0,49.98789978027344]]}},{"type":"Feature","properties":{},"geometry":{"type":"LineString","coordinates":[[-93.74205780029297,49.0],[-93.68444061279297,49.06388854980469],[-93.87889099121094,49.070556640625],[-93.93499755859375,49.11082458496094],[-94.0,49.08555603027344]]}},{"type":"Feature","properties":{},"geometry":{"type":"LineString","coordinates":[[-90.53943634033203,49.452781677246094],[-90.54610443115234,49.6461181640625],[-90.26639556884766,49.84916687011719],[-90.16499328613281,50.0]]}},{"type":"Feature","properties":{},"geometry":{"type":"LineString","coordinates":[[-84.96527099609375,49.439170837402344],[-84.82000732421875,49.48194122314453],[-84.72277069091797,49.6875],[-84.55554962158203,49.7550048828125],[-84.43608856201172,50.0]]}},{"type":"Feature","properties":{},"geometry":{"type":"LineString","coordinates":[[-83.27428436279297,49.0],[-83.31778717041016,49.50916290283203],[-83.26416778564453,49.74444580078125],[-83.19682312011719,50.0]]}},{"type":"Feature","properties":{},"geometry":{"type":"LineString","coordinates":[[-81.57941436767578,49.0],[-81.66165924072266,49.52666473388672],[-81.75694274902344,49.57416534423828],[-81.79444885253906,49.67472839355469],[-81.94972229003906,49.7197265625]]}},{"type":"Feature","properties":{},"geometry":{"type":"LineString","coordinates":[[-78.12356567382812,49.0],[-78.11054992675781,49.06889343261719],[-78.04777526855469,49.16471862792969],[-78.21832275390625,49.34916687011719],[-78.49443817138672,49.563880920410156],[-78.56221771240234,49.713897705078125],[-78.65166473388672,49.87278747558594],[-78.8941650390625,50.0]]}},{"type":"Feature","properties":{},"geometry":{"type":"LineString","coordinates":[[-76.0,49.70744323730469],[-76.39444732666016,49.7197265625],[-76.4669418334961,49.66139221191406]]}},{"type":"Feature","properties":{},"geometry":{"type":"LineString","coordinates":[[-75.37027740478516,49.47167205810547],[-75.54305267333984,49.523338317871094],[-75.73860931396484,49.468055725097656],[-75.82305908203125,49.60027313232422],[-75.89334106445312,49.66361999511719],[-76.0,49.70744323730469]]}},{"type":"Feature","properties":{},"geometry":{"type":"LineString","coordinates":[[-72.14961242675781,50.0],[-72.03166198730469,49.80332946777344],[-72.038330078125,49.614158630371094],[-72.0,49.55725860595703]]}},{"type":"Feature","properties":{},"geometry":{"type":"LineString","coordinates":[[-72.0,49.374366760253906],[-72.07527160644531,49.386932373046875],[-72.16305541992188,49.277496337890625],[-72.09304809570312,49.14527893066406],[-72.15510559082031,49.0]]}},{"type":"Feature","properties":{},"geometry":{"type":"LineString","coordinates":[[-71.0,49.67729187011719],[-71.20138549804688,49.49805450439453]]}},{"type":"Feature","properties":{},"geometry":{"type":"LineString","coordinates":[[-70.64281463623047,50.0],[-70.58110809326172,49.93611145019531],[-70.7772216796875,49.97389221191406],[-71.0,49.67729187011719]]}},{"type":"Feature","properties":{},"geometry":{"type":"LineString","coordinates":[[-69.91781616210938,50.0],[-69.92750549316406,49.88722229003906],[-70.0,49.84950256347656]]}},{"type":"Feature","properties":{},"geometry":{"type":"LineString","coordinates":[[-68.88694763183594,49.70306396484375],[-68.62776947021484,49.50556182861328],[-68.55416107177734,49.269989013671875],[-68.4352798461914,49.19305419921875]]}},{"type":"Feature","properties":{},"geometry":{"type":"LineString","coordinates":[[-57.64277648925781,49.60277557373047],[-57.32499694824219,49.596946716308594],[-57.071380615234375,49.501670837402344],[-57.20222473144531,49.356658935546875],[-57.44666290283203,49.17694091796875]]}},{"type":"Feature","properties":{},"geometry":{"type":"LineString","coordinates":[[-119.71881866455078,49.0],[-119.69110870361328,48.928619384765625],[-119.58527374267578,48.978607177734375],[-119.45000457763672,48.9324951171875]]}},{"type":"Feature","properties":{},"geometry":{"type":"LineString","coordinates":[[-119.46483612060547,49.0],[-119.48749542236328,48.659454345703125],[-119.49250030517578,48.432228088378906],[-119.74555969238281,48.21415710449219],[-119.75027465820312,48.09027099609375]]}},{"type":"Feature","properties":{},"geometry":{"type":"LineString","coordinates":[[-113.54666900634766,48.0],[-113.77250671386719,48.22637939453125],[-114.0,48.36370849609375]]}},{"type":"Feature","properties":{},"geometry":{"type":"LineString","coordinates":[[-110.55194854736328,49.0],[-110.22749328613281,48.874176025390625],[-110.13417053222656,48.81639099121094],[-110.12277221679688,48.72889709472656],[-110.0,48.67814636230469]]}},{"type":"Feature","properties":{},"geometry":{"type":"LineString","coordinates":[[-110.0,48.67814636230469],[-109.6816635131836,48.54444122314453],[-109.179443359375,48.54528045654297],[-109.0,48.56371307373047]]}},{"type":"Feature","properties":{},"geometry":{"type":"LineString","coordinates":[[-109.0,48.574790954589844],[-108.82472229003906,48.544166564941406],[-108.83027648925781,48.50305938720703]]}},{"type":"Feature","properties":{},"geometry":{"type":"LineString","coordinates":[[-107.2863540649414,49.0],[-107.31888580322266,48.915008544921875],[-107.27666473388672,48.646385192871094],[-107.27722930908203,48.601112365722656],[-107.16972351074219,48.49388885498047],[-107.07472229003906,48.393333435058594]]}},{"type":"Feature","properties":{},"geometry":{"type":"LineString","coordinates":[[-107.85111999511719,48.345001220703125],[-107.73500061035156,48.487220764160156],[-107.71833038330078,48.574440002441406],[-107.61693572998047,48.597503662109375],[-107.51749420166016,48.526939392089844]]}},{"type":"Feature","properties":{},"geometry":{"type":"LineString","coordinates":[[-107.0,48.39208221435547],[-106.81361389160156,48.35639190673828],[-106.56945037841797,48.17027282714844],[-106.24305725097656,48.10444641113281],[-106.3052749633789,48.06500244140625]]}},{"type":"Feature","properties":{},"geometry":{"type":"LineString","coordinates":[[-103.0,48.63751220703125],[-102.72611236572266,48.40528106689453],[-102.71944427490234,48.279998779296875],[-102.70777130126953,48.13055419921875]]}},{"type":"Feature","properties":{},"geometry":{"type":"LineString","coordinates":[[-101.94981384277344,49.0],[-101.54528045654297,48.519447326660156],[-101.52083587646484,48.42389678955078],[-101.23860168457031,48.21527099609375],[-101.0,48.08052062988281]]}},{"type":"Feature","properties":{},"geometry":{"type":"LineString","coordinates":[[-101.0,48.08052062988281],[-100.73417663574219,48.12165832519531],[-100.5344467163086,48.20527648925781],[-100.47527313232422,48.53583526611328],[-100.78334045410156,48.66389465332031],[-100.956787109375,49.0]]}},{"type":"Feature","properties":{},"geometry":{"type":"LineString","coordinates":[[-96.05528259277344,48.31388854980469],[-96.18110656738281,48.182769775390625],[-96.20155334472656,48.0]]}},{"type":"Feature","properties":{},"geometry":{"type":"LineString","coordinates":[[-93.46305084228516,48.91139221191406],[-93.5138931274414,48.98445129394531],[-93.74694061279297,48.87306213378906],[-93.80751037597656,48.92889404296875],[-93.74205780029297,49.0]]}},{"type":"Feature","properties":{},"geometry":{"type":"LineString","coordinates":[[-92.1683349609375,48.3760986328125],[-92.22111511230469,48.45777130126953],[-92.45861053466797,48.45000457763672]]}},{"type":"Feature","properties":{},"geometry":{"type":"LineString","coordinates":[[-90.38944244384766,48.09721374511719],[-90.07167053222656,48.11027526855469],[-90.0,48.03009033203125]]}},{"type":"Feature","properties":{},"geometry":{"type":"LineString","coordinates":[[-90.21333312988281,48.299163818359375],[-90.25138854980469,48.3458251953125],[-90.51917266845703,48.30305480957031],[-90.66500091552734,48.33833312988281]]}},{"type":"Feature","properties":{},"geometry":{"type":"LineString","coordinates":[[-90.68860626220703,48.31500244140625],[-90.8497314453125,48.28111267089844]]}},{"type":"Feature","properties":{},"geometry":{"type":"LineString","coordinates":[[-83.42667388916016,48.49889373779297],[-83.35250091552734,48.695556640625],[-83.45055389404297,48.763885498046875],[-83.27428436279297,49.0]]}},{"type":"Feature","properties":{},"geometry":{"type":"LineString","coordinates":[[-81.56896209716797,48.0],[-81.53221893310547,48.28082275390625],[-81.35916900634766,48.482505798339844],[-81.48860931396484,48.536109924316406],[-81.47306060791016,48.84083557128906],[-81.57941436767578,49.0]]}},{"type":"Feature","properties":{},"geometry":{"type":"LineString","coordinates":[[-81.87388610839844,48.02555847167969],[-81.91221618652344,48.16749572753906],[-81.82722473144531,48.422508239746094],[-81.61499786376953,48.63971710205078],[-81.5072250366211,48.588890075683594]]}},{"type":"Feature","properties":{},"geometry":{"type":"LineString","coordinates":[[-78.070556640625,48.36499786376953],[-78.0513916015625,48.41388702392578],[-78.10694885253906,48.475563049316406],[-78.10139465332031,48.56499481201172],[-78.0,48.657501220703125]]}},{"type":"Feature","properties":{},"geometry":{"type":"LineString","coordinates":[[-78.0,48.78729248046875],[-78.07804870605469,48.82667541503906],[-78.06277465820312,48.86778259277344],[-78.13583374023438,48.94139099121094],[-78.12356567382812,49.0]]}},{"type":"Feature","properties":{},"geometry":{"type":"LineString","coordinates":[[-77.4638900756836,48.445274353027344],[-77.58499908447266,48.29194641113281],[-77.77362060546875,48.19221496582031],[-77.94888305664062,48.195831298828125],[-78.0,48.259185791015625]]}},{"type":"Feature","properties":{},"geometry":{"type":"LineString","coordinates":[[-75.13555908203125,48.25360107421875],[-75.15361022949219,48.14610290527344],[-75.05416870117188,48.06916809082031],[-75.0,48.08343505859375]]}},{"type":"Feature","properties":{},"geometry":{"type":"LineString","coordinates":[[-72.15510559082031,49.0],[-72.32971954345703,48.74610900878906]]}},{"type":"Feature","properties":{},"geometry":{"type":"LineString","coordinates":[[-72.3822250366211,48.073883056640625],[-72.2508316040039,48.078338623046875],[-72.1744384765625,48.27388000488281],[-72.15693664550781,48.406105041503906],[-72.15750122070312,48.464439392089844]]}},{"type":"Feature","properties":{},"geometry":{"type":"LineString","coordinates":[[-69.69808197021484,49.0],[-69.3244400024414,48.81306457519531],[-69.16583251953125,48.72334289550781],[-69.07110595703125,48.74000549316406]]}},{"type":"Feature","properties":{},"geometry":{"type":"LineString","coordinates":[[-68.16921997070312,48.0],[-68.45250701904297,48.12916564941406],[-68.4544448852539,48.2147216796875],[-68.56249237060547,48.29083251953125],[-68.53360748291016,48.45360565185547]]}},{"type":"Feature","properties":{},"geometry":{"type":"LineString","coordinates":[[-65.80528259277344,48.85722351074219],[-65.74250030517578,48.72416687011719],[-65.66500091552734,48.432228088378906],[-65.71138763427734,48.242218017578125],[-65.84611511230469,48.14361572265625]]}},{"type":"Feature","properties":{},"geometry":{"type":"LineString","coordinates":[[-57.357505798339844,48.16583251953125],[-57.28947448730469,48.0]]}},{"type":"Feature","properties":{},"geometry":{"type":"LineString","coordinates":[[-56.0,48.950164794921875],[-55.621673583984375,48.92195129394531],[-55.480308532714844,49.0]]}},{"type":"Feature","properties":{},"geometry":{"type":"LineString","coordinates":[[-55.91917419433594,48.42694854736328],[-55.73500061035156,48.32720947265625],[-55.6763916015625,48.42333221435547],[-55.473609924316406,48.58832550048828],[-55.02305603027344,48.8316650390625]]}},{"type":"Feature","properties":{},"geometry":{"type":"LineString","coordinates":[[-123.32721710205078,47.71250915527344],[-123.88444519042969,47.44750213623047],[-124.0,47.43384552001953]]}},{"type":"Feature","properties":{},"geometry":{"type":"LineString","coordinates":[[-116.0,47.65153503417969],[-116.24805450439453,47.56694793701172],[-116.60860443115234,47.48332977294922],[-116.78277587890625,47.459999084472656]]}},{"type":"Feature","properties":{},"geometry":{"type":"LineString","coordinates":[[-116.0,47.750762939453125],[-115.92333984375,47.69305419921875],[-116.0,47.65153503417969]]}},{"type":"Feature","properties":{},"geometry":{"type":"LineString","coordinates":[[-113.06361389160156,47.2752685546875],[-113.02000427246094,47.36444091796875],[-113.2702865600586,47.54027557373047],[-113.40917205810547,47.87333679199219],[-113.54666900634766,48.0]]}},{"type":"Feature","properties":{},"geometry":{"type":"LineString","coordinates":[[-104.38167572021484,47.36333465576172],[-104.38306427001953,47.403892517089844],[-104.17332458496094,47.64527893066406],[-104.08139038085938,47.69639587402344]]}},{"type":"Feature","properties":{},"geometry":{"type":"LineString","coordinates":[[-103.46588897705078,47.0],[-103.5330581665039,47.163330078125],[-103.58861541748047,47.526390075683594],[-103.36417388916016,47.61638641357422],[-103.0,47.65083312988281]]}},{"type":"Feature","properties":{},"geometry":{"type":"LineString","coordinates":[[-96.20155334472656,48.0],[-96.35416412353516,47.89666748046875],[-96.57361602783203,47.7611083984375],[-97.0,47.90583801269531]]}},{"type":"Feature","properties":{},"geometry":{"type":"LineString","coordinates":[[-95.6147232055664,47.660003662109375],[-95.70305633544922,47.69166564941406],[-95.83833312988281,47.66612243652344],[-95.82861328125,47.75444030761719],[-96.0,47.82127380371094]]}},{"type":"Feature","properties":{},"geometry":{"type":"LineString","coordinates":[[-92.0,47.47235870361328],[-92.14944458007812,47.47834014892578],[-92.39749908447266,47.402496337890625],[-92.81666564941406,47.19999694824219],[-92.81376647949219,47.0]]}},{"type":"Feature","properties":{},"geometry":{"type":"LineString","coordinates":[[-81.0,47.406944274902344],[-80.96333312988281,47.30610656738281],[-80.7488784790039,47.13804626464844],[-80.52397918701172,47.0]]}},{"type":"Feature","properties":{},"geometry":{"type":"LineString","coordinates":[[-75.0,47.580665588378906],[-75.18722534179688,47.59333038330078],[-75.47333526611328,47.28138732910156],[-75.70110321044922,47.013885498046875]]}},{"type":"Feature","properties":{},"geometry":{"type":"LineString","coordinates":[[-74.85824584960938,48.0],[-74.72249603271484,47.94389343261719],[-74.71443939208984,47.804168701171875],[-74.87527465820312,47.72027587890625],[-75.0,47.580665588378906]]}},{"type":"Feature","properties":{},"geometry":{"type":"LineString","coordinates":[[-73.8336181640625,48.0],[-73.82278442382812,47.91221618652344],[-73.26473236083984,47.738616943359375],[-73.0,47.818695068359375]]}},{"type":"Feature","properties":{},"geometry":{"type":"LineString","coordinates":[[-73.0,47.818695068359375],[-72.9486083984375,47.64500427246094],[-72.81195068359375,47.32666015625],[-72.92512512207031,47.0]]}},{"type":"Feature","properties":{},"geometry":{"type":"LineString","coordinates":[[-71.40084075927734,47.637779235839844],[-71.38028717041016,47.65333557128906],[-71.45722198486328,47.31416320800781],[-71.35778045654297,47.1300048828125],[-71.4957046508789,47.0]]}},{"type":"Feature","properties":{},"geometry":{"type":"LineString","coordinates":[[-69.23250579833984,47.47138214111328],[-69.03999328613281,47.42749786376953],[-69.054443359375,47.294158935546875],[-69.0,47.24212646484375]]}},{"type":"Feature","properties":{},"geometry":{"type":"LineString","coordinates":[[-67.0,47.24383544921875],[-67.147216796875,47.24415588378906],[-67.2961196899414,47.0594482421875],[-67.26034545898438,47.0]]}},{"type":"Feature","properties":{},"geometry":{"type":"LineString","coordinates":[[-65.55950164794922,47.0],[-65.36583709716797,47.079437255859375]]}},{"type":"Feature","properties":{},"geometry":{"type":"LineString","coordinates":[[-123.4124984741211,46.662506103515625],[-123.17471313476562,46.649169921875],[-123.13388061523438,46.61638641357422],[-123.0,46.65167236328125]]}},{"type":"Feature","properties":{},"geometry":{"type":"LineString","coordinates":[[-123.0,46.76951599121094],[-123.07749938964844,46.81861877441406],[-123.23138427734375,46.83027648925781],[-123.30167388916016,46.95916748046875],[-123.37369537353516,47.0]]}},{"type":"Feature","properties":{},"geometry":{"type":"LineString","coordinates":[[-116.0,46.24906921386719],[-116.21693420410156,46.47638702392578],[-116.6222152709961,46.53083038330078],[-117.0,46.443016052246094]]}},{"type":"Feature","properties":{},"geometry":{"type":"LineString","coordinates":[[-115.0,46.11506652832031],[-115.51805877685547,46.09971618652344],[-115.93527221679688,46.14054870605469],[-116.0,46.24906921386719]]}},{"type":"Feature","properties":{},"geometry":{"type":"LineString","coordinates":[[-114.11958312988281,46.0],[-114.02027893066406,46.711395263671875],[-114.03889465332031,46.8477783203125],[-114.09165954589844,46.871673583984375]]}},{"type":"Feature","properties":{},"geometry":{"type":"LineString","coordinates":[[-103.90460205078125,46.0],[-103.89166259765625,46.12443542480469],[-103.91111755371094,46.406944274902344],[-103.67888641357422,46.65472412109375],[-103.42833709716797,46.64862060546875],[-103.5677719116211,46.722503662109375],[-103.51305389404297,46.868896484375],[-103.46588897705078,47.0]]}},{"type":"Feature","properties":{},"geometry":{"type":"LineString","coordinates":[[-95.41666412353516,46.13139343261719],[-95.63790130615234,46.0]]}},{"type":"Feature","properties":{},"geometry":{"type":"LineString","coordinates":[[-92.81376647949219,47.0],[-92.875,46.882781982421875],[-92.47638702392578,46.79750061035156],[-92.38971710205078,46.6522216796875],[-92.11277770996094,46.768341064453125]]}},{"type":"Feature","properties":{},"geometry":{"type":"LineString","coordinates":[[-92.0,46.015716552734375],[-92.11944580078125,46.09693908691406],[-92.31082916259766,46.07695007324219]]}},{"type":"Feature","properties":{},"geometry":{"type":"LineString","coordinates":[[-90.24082946777344,46.060272216796875],[-90.3519515991211,46.04167175292969],[-90.38326263427734,46.0]]}},{"type":"Feature","properties":{},"geometry":{"type":"LineString","coordinates":[[-80.52397918701172,47.0],[-80.36722564697266,46.858612060546875],[-80.3438949584961,46.660003662109375],[-80.08082580566406,46.528892517089844],[-80.0,46.521949768066406]]}},{"type":"Feature","properties":{},"geometry":{"type":"LineString","coordinates":[[-80.27611541748047,46.086944580078125],[-80.54833221435547,46.1038818359375],[-80.54972076416016,46.029449462890625],[-80.94139099121094,46.0]]}},{"type":"Feature","properties":{},"geometry":{"type":"LineString","coordinates":[[-75.9788818359375,46.72111511230469],[-75.89500427246094,46.54778289794922],[-75.95805358886719,46.41083526611328],[-75.94082641601562,46.14027404785156],[-76.0,46.11454772949219]]}},{"type":"Feature","properties":{},"geometry":{"type":"LineString","coordinates":[[-74.54561614990234,47.0],[-74.66582489013672,46.760009765625],[-74.7249984741211,46.269989013671875],[-74.73555755615234,46.18028259277344],[-74.67833709716797,46.065277099609375],[-74.63990020751953,46.0]]}},{"type":"Feature","properties":{},"geometry":{"type":"LineString","coordinates":[[-72.92512512207031,47.0],[-72.77583312988281,46.85139465332031],[-72.67610931396484,46.630836486816406],[-72.52889251708984,46.3558349609375]]}},{"type":"Feature","properties":{},"geometry":{"type":"LineString","coordinates":[[-72.61368560791016,46.0],[-72.9183349609375,46.11833190917969]]}},{"type":"Feature","properties":{},"geometry":{"type":"LineString","coordinates":[[-71.4957046508789,47.0],[-71.48194122314453,46.95195007324219],[-71.53028106689453,46.87611389160156],[-71.6802749633789,46.80027770996094],[-71.76055145263672,46.66944885253906]]}},{"type":"Feature","properties":{},"geometry":{"type":"LineString","coordinates":[[-70.6637954711914,46.0],[-70.66333770751953,46.10221862792969],[-70.70972442626953,46.12971496582031],[-70.87532043457031,46.0]]}},{"type":"Feature","properties":{},"geometry":{"type":"LineString","coordinates":[[-69.98306274414062,46.0211181640625],[-69.90388488769531,46.149993896484375],[-69.81944274902344,46.255279541015625],[-69.95222473144531,46.443885803222656],[-69.90388488769531,46.47972869873047]]}},{"type":"Feature","properties":{},"geometry":{"type":"LineString","coordinates":[[-69.65666961669922,46.42749786376953],[-69.6866683959961,46.391944885253906],[-69.59166717529297,46.34361267089844],[-69.3969497680664,46.31944274902344]]}},{"type":"Feature","properties":{},"geometry":{"type":"LineString","coordinates":[[-69.0,46.190643310546875],[-68.915283203125,46.21055603027344],[-68.79945373535156,46.17138671875],[-68.7852783203125,46.10028076171875],[-68.67891693115234,46.0]]}},{"type":"Feature","properties":{},"geometry":{"type":"LineString","coordinates":[[-67.3023452758789,47.0],[-67.43054962158203,46.8155517578125],[-67.66027069091797,46.795562744140625],[-67.70777130126953,46.746673583984375]]}},{"type":"Feature","properties":{},"geometry":{"type":"LineString","coordinates":[[-67.0,46.48731231689453],[-66.82749938964844,46.566673278808594],[-66.63277435302734,46.59416961669922],[-66.43750762939453,46.453895568847656],[-66.0,46.58104705810547]]}},{"type":"Feature","properties":{},"geometry":{"type":"LineString","coordinates":[[-66.0,46.58104705810547],[-65.82749938964844,46.74223327636719],[-65.78639221191406,46.82221984863281],[-65.55950164794922,47.0]]}},{"type":"Feature","properties":{},"geometry":{"type":"LineString","coordinates":[[-64.90278625488281,46.866668701171875],[-64.94972229003906,46.84111022949219],[-64.90861511230469,46.82611083984375],[-64.88333129882812,46.74555969238281],[-64.80833435058594,46.72222900390625]]}},{"type":"Feature","properties":{},"geometry":{"type":"LineString","coordinates":[[-120.46349334716797,45.0],[-120.44583892822266,45.13749694824219],[-120.51860809326172,45.35722351074219],[-120.39221954345703,45.479164123535156],[-120.42833709716797,45.62055969238281],[-120.64110565185547,45.74833679199219]]}},{"type":"Feature","properties":{},"geometry":{"type":"LineString","coordinates":[[-121.0,45.31059265136719],[-120.84388732910156,45.4033203125],[-120.81472778320312,45.508888244628906],[-120.88417053222656,45.56999969482422],[-120.89250183105469,45.65611267089844]]}},{"type":"Feature","properties":{},"geometry":{"type":"LineString","coordinates":[[-116.0,45.143890380859375],[-116.04495239257812,45.0]]}},{"type":"Feature","properties":{},"geometry":{"type":"LineString","coordinates":[[-114.6338882446289,45.49999237060547],[-114.70360565185547,45.72138977050781],[-114.72415924072266,45.86833190917969],[-114.81361389160156,46.0]]}},{"type":"Feature","properties":{},"geometry":{"type":"LineString","coordinates":[[-104.42768096923828,45.0],[-104.3902816772461,45.0958251953125],[-104.27056121826172,45.20832824707031],[-104.05471801757812,45.33665466308594],[-104.0,45.49451446533203]]}},{"type":"Feature","properties":{},"geometry":{"type":"LineString","coordinates":[[-103.7713851928711,45.57610321044922],[-103.6561050415039,45.54639434814453],[-103.45722198486328,45.578330993652344],[-103.24834442138672,45.671112060546875],[-103.00111389160156,45.63555908203125]]}},{"type":"Feature","properties":{},"geometry":{"type":"LineString","coordinates":[[-103.0,45.63612365722656],[-102.7155532836914,45.6783447265625],[-102.39249420166016,45.613609313964844],[-102.21832275390625,45.75056457519531],[-102.0,45.73760986328125]]}},{"type":"Feature","properties":{},"geometry":{"type":"LineString","coordinates":[[-102.0,45.73760986328125],[-101.37860870361328,45.70805358886719],[-101.24694061279297,45.73249816894531],[-101.05194091796875,45.66944885253906],[-101.0,45.65089416503906]]}},{"type":"Feature","properties":{},"geometry":{"type":"LineString","coordinates":[[-97.09138488769531,45.27972412109375],[-97.163330078125,45.25666809082031],[-97.18861389160156,45.181671142578125],[-97.1522216796875,45.09416198730469],[-97.16763305664062,45.0]]}},{"type":"Feature","properties":{},"geometry":{"type":"LineString","coordinates":[[-95.63790130615234,46.0],[-95.77084350585938,45.81944274902344],[-95.70055389404297,45.588890075683594],[-95.62805938720703,45.326385498046875],[-95.70471954345703,45.1663818359375],[-95.79972839355469,45.01611328125],[-95.7662353515625,45.0]]}},{"type":"Feature","properties":{},"geometry":{"type":"LineString","coordinates":[[-92.4609146118164,46.0],[-92.790283203125,45.77223205566406],[-92.89582824707031,45.58415985107422],[-92.65917205810547,45.425559997558594],[-92.74945068359375,45.1119384765625],[-92.77389526367188,45.0]]}},{"type":"Feature","properties":{},"geometry":{"type":"LineString","coordinates":[[-91.14443969726562,45.2147216796875],[-91.3536148071289,45.0]]}},{"type":"Feature","properties":{},"geometry":{"type":"LineString","coordinates":[[-91.49945831298828,46.0],[-91.53417205810547,45.970550537109375],[-91.6319351196289,45.989715576171875],[-91.81472778320312,45.90834045410156],[-91.95375061035156,46.0]]}},{"type":"Feature","properties":{},"geometry":{"type":"LineString","coordinates":[[-91.08111572265625,45.89472961425781],[-91.22666931152344,45.73722839355469],[-91.33695220947266,45.351104736328125],[-91.15916442871094,45.28639221191406]]}},{"type":"Feature","properties":{},"geometry":{"type":"LineString","coordinates":[[-90.38326263427734,46.0],[-90.70027923583984,45.87361145019531],[-90.81222534179688,45.64167022705078],[-91.0,45.53015899658203]]}},{"type":"Feature","properties":{},"geometry":{"type":"LineString","coordinates":[[-88.43592071533203,46.0],[-88.11582946777344,45.932220458984375],[-88.08139038085938,45.877777099609375],[-88.12222290039062,45.80999755859375],[-88.0,45.78871154785156]]}},{"type":"Feature","properties":{},"geometry":{"type":"LineString","coordinates":[[-88.0,45.78871154785156],[-87.8255615234375,45.65528869628906],[-87.83000183105469,45.57166290283203],[-87.87028503417969,45.442222595214844],[-87.67610931396484,45.38666534423828],[-87.73500061035156,45.187225341796875],[-87.59667205810547,45.10417175292969]]}},{"type":"Feature","properties":{},"geometry":{"type":"LineString","coordinates":[[-77.80889892578125,45.432228088378906],[-77.35334014892578,45.23222351074219],[-77.05528259277344,45.16777038574219],[-77.0,45.181396484375]]}},{"type":"Feature","properties":{},"geometry":{"type":"LineString","coordinates":[[-77.0,45.181396484375],[-76.68250274658203,45.33082580566406],[-76.35694122314453,45.41693878173828],[-76.3455581665039,45.45471954345703]]}},{"type":"Feature","properties":{},"geometry":{"type":"LineString","coordinates":[[-74.63990020751953,46.0],[-74.69194793701172,45.643341064453125]]}},{"type":"Feature","properties":{},"geometry":{"type":"LineString","coordinates":[[-72.0,45.55388641357422],[-72.27306365966797,45.84666442871094],[-72.53360748291016,45.975006103515625],[-72.61368560791016,46.0]]}},{"type":"Feature","properties":{},"geometry":{"type":"LineString","coordinates":[[-71.40361785888672,45.7691650390625],[-71.75056457519531,45.465003967285156],[-71.9022216796875,45.408607482910156],[-72.0,45.55388641357422]]}},{"type":"Feature","properties":{},"geometry":{"type":"LineString","coordinates":[[-70.66500091552734,45.53722381591797],[-70.4508285522461,45.581947326660156],[-70.2369384765625,45.51416778564453],[-70.24500274658203,45.64167022705078],[-70.0,45.62841033935547]]}},{"type":"Feature","properties":{},"geometry":{"type":"LineString","coordinates":[[-69.70333099365234,45.5966796875],[-69.88749694824219,45.449729919433594],[-69.99360656738281,45.29582214355469],[-69.98138427734375,45.182769775390625],[-69.86660766601562,45.0]]}},{"type":"Feature","properties":{},"geometry":{"type":"LineString","coordinates":[[-70.0,45.877105712890625],[-69.85166931152344,45.9344482421875],[-69.56610870361328,45.90333557128906],[-69.5110092163086,46.0]]}},{"type":"Feature","properties":{},"geometry":{"type":"LineString","coordinates":[[-68.77972412109375,45.649169921875],[-68.36333465576172,45.53472137451172],[-68.65221405029297,45.2388916015625],[-68.66805267333984,45.07527160644531],[-68.64583587646484,45.0]]}},{"type":"Feature","properties":{},"geometry":{"type":"LineString","coordinates":[[-67.4241714477539,45.59471893310547],[-67.48528289794922,45.49443817138672],[-67.46056365966797,45.271942138671875],[-67.2750015258789,45.198883056640625],[-67.20500183105469,45.18388366699219]]}},{"type":"Feature","properties":{},"geometry":{"type":"LineString","coordinates":[[-63.0,45.454307556152344],[-63.20111083984375,45.36749267578125],[-63.36082458496094,45.36082458496094]]}},{"type":"Feature","properties":{},"geometry":{"type":"LineString","coordinates":[[-122.0,44.342315673828125],[-122.04472351074219,44.19749450683594],[-122.59139251708984,44.16278076171875],[-123.0,44.10211181640625]]}},{"type":"Feature","properties":{},"geometry":{"type":"LineString","coordinates":[[-121.35823822021484,44.0],[-121.3041763305664,44.19610595703125],[-121.30472564697266,44.46971893310547],[-121.21638488769531,44.74250793457031],[-121.07638549804688,44.945556640625],[-121.04594421386719,45.0]]}},{"type":"Feature","properties":{},"geometry":{"type":"LineString","coordinates":[[-120.0,44.79339599609375],[-120.33805084228516,44.74583435058594],[-120.3630599975586,44.830841064453125],[-120.4205551147461,44.89666748046875],[-120.46349334716797,45.0]]}},{"type":"Feature","properties":{},"geometry":{"type":"LineString","coordinates":[[-119.0,44.415626525878906],[-119.62776947021484,44.549720764160156],[-119.80528259277344,44.8447265625],[-120.0,44.79339599609375]]}},{"type":"Feature","properties":{},"geometry":{"type":"LineString","coordinates":[[-119.0,44.164886474609375],[-118.94944763183594,44.124725341796875],[-118.98500061035156,44.07972717285156],[-118.93222045898438,44.06166076660156],[-118.93182373046875,44.0]]}},{"type":"Feature","properties":{},"geometry":{"type":"LineString","coordinates":[[-116.04583740234375,44.53221893310547],[-116.00166320800781,44.443885803222656],[-116.09611511230469,44.23193359375],[-116.09416198730469,44.10833740234375],[-116.17184448242188,44.0]]}},{"type":"Feature","properties":{},"geometry":{"type":"LineString","coordinates":[[-116.09860229492188,44.91639709472656],[-116.14082336425781,44.86833190917969],[-116.100830078125,44.700836181640625]]}},{"type":"Feature","properties":{},"geometry":{"type":"LineString","coordinates":[[-104.99861145019531,44.58916473388672],[-104.86778259277344,44.625282287597656],[-104.8861083984375,44.760284423828125],[-104.852783203125,44.80500793457031],[-104.42768096923828,45.0]]}},{"type":"Feature","properties":{},"geometry":{"type":"LineString","coordinates":[[-105.0,44.213134765625],[-104.74694061279297,44.39167022705078],[-104.52916717529297,44.711669921875],[-104.36194610595703,44.86222839355469],[-104.0,44.725738525390625]]}},{"type":"Feature","properties":{},"geometry":{"type":"LineString","coordinates":[[-104.0,44.725738525390625],[-103.76277923583984,44.71000671386719],[-103.45610809326172,44.67973327636719],[-103.25749969482422,44.649169921875],[-103.00166320800781,44.409996032714844]]}},{"type":"Feature","properties":{},"geometry":{"type":"LineString","coordinates":[[-103.0,44.40961456298828],[-102.89778137207031,44.3408203125],[-102.80667114257812,44.34111022949219],[-102.40332794189453,44.3861083984375],[-102.30083465576172,44.42945098876953]]}},{"type":"Feature","properties":{},"geometry":{"type":"LineString","coordinates":[[-97.0,44.66583251953125],[-96.91639709472656,44.430274963378906],[-96.79167175292969,44.20582580566406],[-96.6141586303711,44.08721923828125],[-96.62528228759766,44.041107177734375],[-96.62906646728516,44.0]]}},{"type":"Feature","properties":{},"geometry":{"type":"LineString","coordinates":[[-92.77389526367188,45.0],[-92.77583312988281,44.81861877441406],[-92.82167053222656,44.75389099121094]]}},{"type":"Feature","properties":{},"geometry":{"type":"LineString","coordinates":[[-91.3536148071289,45.0],[-91.51221466064453,44.874176025390625],[-91.822509765625,44.757781982421875],[-92.0,44.629150390625]]}},{"type":"Feature","properties":{},"geometry":{"type":"LineString","coordinates":[[-88.00111389160156,44.543617248535156],[-88.17832946777344,44.32194519042969],[-88.45777130126953,44.217498779296875]]}},{"type":"Feature","properties":{},"geometry":{"type":"LineString","coordinates":[[-84.79306030273438,44.40222930908203],[-84.90444946289062,44.318603515625],[-84.8447265625,44.20805358886719],[-85.0,44.09062194824219]]}},{"type":"Feature","properties":{},"geometry":{"type":"LineString","coordinates":[[-84.36499786376953,44.27943420410156],[-84.29027557373047,44.18305969238281],[-84.37102508544922,44.0]]}},{"type":"Feature","properties":{},"geometry":{"type":"LineString","coordinates":[[-84.0,44.6602783203125],[-83.75554656982422,44.458885192871094],[-83.58361053466797,44.477500915527344],[-83.32166290283203,44.415000915527344]]}},{"type":"Feature","properties":{},"geometry":{"type":"LineString","coordinates":[[-79.33417510986328,44.749725341796875],[-79.38777923583984,44.79750061035156],[-79.63054656982422,44.90666198730469],[-79.69249725341797,44.88166809082031]]}},{"type":"Feature","properties":{},"geometry":{"type":"LineString","coordinates":[[-79.15666198730469,44.477500915527344],[-79.0,44.596107482910156]]}},{"type":"Feature","properties":{},"geometry":{"type":"LineString","coordinates":[[-78.21638488769531,44.505836486816406],[-78.33972930908203,44.228057861328125],[-78.32527923583984,44.20027160644531],[-78.24082946777344,44.217498779296875],[-78.23193359375,44.169158935546875]]}},{"type":"Feature","properties":{},"geometry":{"type":"LineString","coordinates":[[-78.0,44.288116455078125],[-77.76861572265625,44.381103515625],[-77.57721710205078,44.27137756347656],[-77.5677719116211,44.10943603515625]]}},{"type":"Feature","properties":{},"geometry":{"type":"LineString","coordinates":[[-75.64800262451172,44.0],[-75.70804595947266,44.05860900878906],[-75.84922790527344,44.0]]}},{"type":"Feature","properties":{},"geometry":{"type":"LineString","coordinates":[[-71.05278015136719,44.79194641113281],[-71.17027282714844,44.67527770996094],[-71.16166687011719,44.578330993652344],[-71.0,44.40654754638672]]}},{"type":"Feature","properties":{},"geometry":{"type":"LineString","coordinates":[[-71.0,44.40654754638672],[-70.76611328125,44.490562438964844],[-70.5233383178711,44.554161071777344],[-70.22666931152344,44.529441833496094],[-70.17471313476562,44.34111022949219],[-70.13804626464844,44.021942138671875],[-70.02993774414062,44.0]]}},{"type":"Feature","properties":{},"geometry":{"type":"LineString","coordinates":[[-69.86660766601562,45.0],[-69.883056640625,44.77806091308594],[-69.66304779052734,44.77278137207031],[-69.77250671386719,44.32276916503906],[-69.76806640625,44.07777404785156]]}},{"type":"Feature","properties":{},"geometry":{"type":"LineString","coordinates":[[-68.64583587646484,45.0],[-68.6661148071289,44.87944030761719],[-68.82972717285156,44.7308349609375],[-68.8427734375,44.6239013671875],[-68.7952880859375,44.57971954345703]]}},{"type":"Feature","properties":{},"geometry":{"type":"LineString","coordinates":[[-65.10665893554688,44.614723205566406],[-65.12944030761719,44.51471710205078],[-65.0,44.39006042480469]]}},{"type":"Feature","properties":{},"geometry":{"type":"LineString","coordinates":[[-63.618324279785156,44.88166809082031],[-63.548057556152344,44.73527526855469],[-63.561668395996094,44.66444396972656]]}},{"type":"Feature","properties":{},"geometry":{"type":"LineString","coordinates":[[-119.0,43.90589904785156],[-119.14666748046875,43.85694885253906],[-119.19110107421875,43.78361511230469],[-119.15943908691406,43.70695495605469],[-119.0,43.575645446777344]]}},{"type":"Feature","properties":{},"geometry":{"type":"LineString","coordinates":[[-119.0,43.575645446777344],[-118.80027770996094,43.37860870361328]]}},{"type":"Feature","properties":{},"geometry":{"type":"LineString","coordinates":[[-117.70061492919922,43.0],[-117.61750030517578,43.20111083984375],[-117.45499420166016,43.320556640625],[-117.31722259521484,43.603050231933594],[-117.24305725097656,43.67750549316406],[-117.024169921875,43.80610656738281]]}},{"type":"Feature","properties":{},"geometry":{"type":"LineString","coordinates":[[-116.17184448242188,44.0],[-116.16915893554688,43.92333984375],[-116.35916900634766,43.948883056640625],[-116.52222442626953,43.88999938964844],[-116.78822326660156,44.0]]}},{"type":"Feature","properties":{},"geometry":{"type":"LineString","coordinates":[[-113.80873107910156,44.0],[-113.37055206298828,43.852508544921875],[-113.26361846923828,43.58916473388672],[-113.14332580566406,43.533607482910156],[-113.0,43.55536651611328]]}},{"type":"Feature","properties":{},"geometry":{"type":"LineString","coordinates":[[-113.0,43.55536651611328],[-112.89166259765625,43.607505798339844],[-112.83332824707031,43.79444885253906],[-112.74749755859375,43.81861877441406]]}},{"type":"Feature","properties":{},"geometry":{"type":"LineString","coordinates":[[-110.31749725341797,44.0],[-110.44194793701172,43.94111633300781],[-110.50028228759766,43.85417175292969]]}},{"type":"Feature","properties":{},"geometry":{"type":"LineString","coordinates":[[-96.62906646728516,44.0],[-96.6494369506836,43.86222839355469],[-96.74694061279297,43.65333557128906],[-96.60193634033203,43.59583282470703],[-96.60193634033203,43.49860382080078]]}},{"type":"Feature","properties":{},"geometry":{"type":"LineString","coordinates":[[-96.60193634033203,43.497779846191406],[-96.57389068603516,43.22833251953125],[-96.45250701904297,43.125823974609375],[-96.50667572021484,43.0]]}},{"type":"Feature","properties":{},"geometry":{"type":"LineString","coordinates":[[-86.0,43.33680725097656],[-86.25332641601562,43.25694274902344]]}},{"type":"Feature","properties":{},"geometry":{"type":"LineString","coordinates":[[-85.08055114746094,44.0],[-85.42638397216797,43.804718017578125],[-85.4574966430664,43.64778137207031],[-85.68555450439453,43.420555114746094],[-86.0,43.33680725097656]]}},{"type":"Feature","properties":{},"geometry":{"type":"LineString","coordinates":[[-84.37102508544922,44.0],[-84.33638763427734,43.84611511230469],[-84.40666961669922,43.67527770996094],[-84.01693725585938,43.396949768066406]]}},{"type":"Feature","properties":{},"geometry":{"type":"LineString","coordinates":[[-83.0,43.48487091064453],[-83.18638610839844,43.58861541748047],[-83.81333923339844,43.32499694824219],[-83.97860717773438,43.38555145263672]]}},{"type":"Feature","properties":{},"geometry":{"type":"LineString","coordinates":[[-80.26461029052734,44.0],[-80.4688949584961,43.68083190917969],[-80.51305389404297,43.555274963378906],[-80.42694854736328,43.418617248535156],[-80.36055755615234,43.176666259765625],[-80.0,43.10498046875]]}},{"type":"Feature","properties":{},"geometry":{"type":"LineString","coordinates":[[-76.7361068725586,43.0],[-76.70610809326172,43.06500244140625],[-76.5102767944336,43.087493896484375],[-76.4225082397461,43.163604736328125],[-76.2894515991211,43.14082336425781]]}},{"type":"Feature","properties":{},"geometry":{"type":"LineString","coordinates":[[-76.28722381591797,43.14111328125],[-76.24694061279297,43.151947021484375],[-76.28250885009766,43.2147216796875],[-76.38555145263672,43.28388977050781],[-76.51667022705078,43.47083282470703]]}},{"type":"Feature","properties":{},"geometry":{"type":"LineString","coordinates":[[-75.47083282470703,43.478614807128906],[-75.4719467163086,43.38499450683594],[-75.37389373779297,43.3408203125],[-75.44611358642578,43.20416259765625],[-75.0,43.0263671875]]}},{"type":"Feature","properties":{},"geometry":{"type":"LineString","coordinates":[[-75.0,43.57233428955078],[-75.31722259521484,43.522499084472656],[-75.4483413696289,43.77667236328125],[-75.64800262451172,44.0]]}},{"type":"Feature","properties":{},"geometry":{"type":"LineString","coordinates":[[-71.66857147216797,44.0],[-71.65499114990234,43.61638641357422],[-71.6480484008789,43.49555206298828],[-71.45333099365234,43.141387939453125],[-71.46320343017578,43.0]]}},{"type":"Feature","properties":{},"geometry":{"type":"LineString","coordinates":[[-124.0,42.660797119140625],[-124.05805969238281,42.556663513183594],[-124.2880630493164,42.511940002441406],[-124.4111099243164,42.42945098876953]]}},{"type":"Feature","properties":{},"geometry":{"type":"LineString","coordinates":[[-123.0,42.470497131347656],[-123.42945098876953,42.436119079589844],[-123.49889373779297,42.54332733154297],[-123.5888900756836,42.6622314453125],[-123.75444030761719,42.71250915527344],[-124.0,42.660797119140625]]}},{"type":"Feature","properties":{},"geometry":{"type":"LineString","coordinates":[[-122.3620834350586,43.0],[-122.5022201538086,42.73527526855469],[-122.87055969238281,42.449440002441406],[-123.0,42.470497131347656]]}},{"type":"Feature","properties":{},"geometry":{"type":"LineString","coordinates":[[-120.6500015258789,42.400001525878906],[-120.59667205810547,42.65361022949219],[-120.47888946533203,42.70805358886719],[-120.23722076416016,42.53083038330078]]}},{"type":"Feature","properties":{},"geometry":{"type":"LineString","coordinates":[[-118.65193939208984,42.59833526611328],[-118.7038803100586,42.583885192871094],[-118.80805969238281,42.69667053222656],[-118.87973022460938,42.86222839355469],[-118.85275268554688,43.0]]}},{"type":"Feature","properties":{},"geometry":{"type":"LineString","coordinates":[[-117.0,42.33367919921875],[-117.15888977050781,42.54694366455078],[-117.57250213623047,42.80305480957031],[-117.70061492919922,43.0]]}},{"type":"Feature","properties":{},"geometry":{"type":"LineString","coordinates":[[-116.14047241210938,42.0],[-116.46222686767578,42.15472412109375],[-116.62972259521484,42.28138732910156],[-116.80694580078125,42.29804992675781],[-117.0,42.33367919921875]]}},{"type":"Feature","properties":{},"geometry":{"type":"LineString","coordinates":[[-108.0,42.599952697753906],[-107.64722442626953,42.533058166503906],[-107.3869400024414,42.493614196777344],[-107.0,42.52819061279297]]}},{"type":"Feature","properties":{},"geometry":{"type":"LineString","coordinates":[[-104.0,42.659332275390625],[-103.74833679199219,42.43000030517578],[-103.0,42.45093536376953]]}},{"type":"Feature","properties":{},"geometry":{"type":"LineString","coordinates":[[-101.72138977050781,42.07221984863281],[-101.61666107177734,42.11749267578125],[-101.0,42.06475830078125]]}},{"type":"Feature","properties":{},"geometry":{"type":"LineString","coordinates":[[-100.0,42.780059814453125],[-99.52388763427734,42.714447021484375],[-99.0,42.89373779296875]]}},{"type":"Feature","properties":{},"geometry":{"type":"LineString","coordinates":[[-99.0,42.89373779296875],[-98.87028503417969,42.834442138671875],[-98.32222747802734,42.76611328125],[-98.08583068847656,42.687225341796875],[-98.02667236328125,42.78388977050781]]}},{"type":"Feature","properties":{},"geometry":{"type":"LineString","coordinates":[[-96.50749969482422,42.99749755859375],[-96.6399917602539,42.739166259765625],[-96.54500579833984,42.627220153808594],[-96.48332977294922,42.51250457763672]]}},{"type":"Feature","properties":{},"geometry":{"type":"LineString","coordinates":[[-92.5898208618164,43.0],[-92.51416778564453,42.78666687011719],[-92.49443817138672,42.61444854736328],[-92.31888580322266,42.490562438964844],[-92.03971862792969,42.28082275390625],[-92.0,42.17010498046875]]}},{"type":"Feature","properties":{},"geometry":{"type":"LineString","coordinates":[[-92.0,42.17010498046875],[-91.85221862792969,42.17500305175781],[-91.77084350585938,42.12388610839844],[-91.74250030517578,42.00999450683594],[-91.69588470458984,42.0]]}},{"type":"Feature","properties":{},"geometry":{"type":"LineString","coordinates":[[-83.93861389160156,42.548057556152344],[-83.99249267578125,42.70695495605469],[-83.92277526855469,42.78916931152344],[-84.0,42.82757568359375]]}},{"type":"Feature","properties":{},"geometry":{"type":"LineString","coordinates":[[-81.0,42.99407958984375],[-81.43444061279297,42.921112060546875],[-81.42472076416016,42.78778076171875],[-81.68721771240234,42.65333557128906],[-82.0,42.56232452392578]]}},{"type":"Feature","properties":{},"geometry":{"type":"LineString","coordinates":[[-79.88639831542969,43.0],[-79.83389282226562,42.93055725097656],[-79.68639373779297,42.940277099609375],[-79.56722259521484,42.85444641113281]]}},{"type":"Feature","properties":{},"geometry":{"type":"LineString","coordinates":[[-78.0,42.62694549560547],[-77.84666442871094,42.75555419921875],[-77.76499938964844,42.92027282714844],[-77.73565673828125,43.0]]}},{"type":"Feature","properties":{},"geometry":{"type":"LineString","coordinates":[[-77.5244369506836,42.622215270996094],[-77.47110748291016,42.552223205566406],[-77.42082977294922,42.395835876464844],[-77.1522216796875,42.185546875],[-77.0,42.12916564941406]]}},{"type":"Feature","properties":{},"geometry":{"type":"LineString","coordinates":[[-76.21249389648438,42.86277770996094],[-76.14805603027344,42.83500671386719],[-76.18360900878906,42.93000793457031],[-76.15553283691406,43.0]]}},{"type":"Feature","properties":{},"geometry":{"type":"LineString","coordinates":[[-75.0,42.19407653808594],[-75.20193481445312,42.10722351074219],[-75.4063949584961,42.03083801269531],[-75.3405532836914,42.0]]}},{"type":"Feature","properties":{},"geometry":{"type":"LineString","coordinates":[[-74.6727066040039,43.0],[-74.61693572998047,42.93000793457031],[-74.50666046142578,42.908050537109375],[-74.22000122070312,42.95750427246094],[-74.0,42.845489501953125]]}},{"type":"Feature","properties":{},"geometry":{"type":"LineString","coordinates":[[-72.33972930908203,42.288330078125],[-72.36278533935547,42.18916320800781],[-72.61249542236328,42.14082336425781]]}},{"type":"Feature","properties":{},"geometry":{"type":"LineString","coordinates":[[-71.46320343017578,43.0],[-71.35723114013672,42.653900146484375],[-71.13916015625,42.71055603027344],[-71.0,42.791748046875]]}},{"type":"Feature","properties":{},"geometry":{"type":"LineString","coordinates":[[-120.177490234375,41.173614501953125],[-120.21194458007812,41.23500061035156],[-120.4316635131836,41.22389221191406],[-120.5138931274414,41.258056640625],[-120.54000091552734,41.47028350830078]]}},{"type":"Feature","properties":{},"geometry":{"type":"LineString","coordinates":[[-115.83653259277344,41.0],[-115.75027465820312,41.249725341796875],[-115.56945037841797,41.32749938964844],[-115.50934600830078,41.0]]}},{"type":"Feature","properties":{},"geometry":{"type":"LineString","coordinates":[[-100.0,41.81260681152344],[-99.6611099243164,41.67417907714844],[-99.22499084472656,41.545555114746094],[-99.0,41.29902648925781]]}},{"type":"Feature","properties":{},"geometry":{"type":"LineString","coordinates":[[-99.18583679199219,41.473609924316406],[-99.0,41.377479553222656]]}},{"type":"Feature","properties":{},"geometry":{"type":"LineString","coordinates":[[-99.0,41.29902648925781],[-98.63805389404297,41.06500244140625],[-98.36833953857422,41.28166198730469],[-98.0,41.34202575683594]]}},{"type":"Feature","properties":{},"geometry":{"type":"LineString","coordinates":[[-99.0,41.377479553222656],[-98.8941650390625,41.302490234375],[-98.79833984375,41.28916931152344],[-98.58194732666016,41.11000061035156],[-98.51805877685547,41.12361145019531]]}},{"type":"Feature","properties":{},"geometry":{"type":"LineString","coordinates":[[-91.69588470458984,42.0],[-91.39611053466797,41.81500244140625],[-91.11555480957031,41.550270080566406],[-91.34806060791016,41.29832458496094],[-91.10972595214844,41.100830078125],[-91.0333251953125,41.161102294921875]]}},{"type":"Feature","properties":{},"geometry":{"type":"LineString","coordinates":[[-85.0,41.097503662109375],[-84.49443817138672,41.28639221191406],[-84.27361297607422,41.296661376953125],[-84.0,41.41187286376953]]}},{"type":"Feature","properties":{},"geometry":{"type":"LineString","coordinates":[[-84.46305084228516,41.90361022949219],[-84.51360321044922,41.86639404296875],[-84.41277313232422,41.81056213378906],[-84.42667388916016,41.75639343261719],[-85.0,41.21083068847656]]}},{"type":"Feature","properties":{},"geometry":{"type":"LineString","coordinates":[[-78.46027374267578,41.0],[-78.3338851928711,41.07167053222656],[-78.09165954589844,41.07777404785156],[-78.09361267089844,41.117218017578125],[-78.0,41.15339660644531]]}},{"type":"Feature","properties":{},"geometry":{"type":"LineString","coordinates":[[-78.0,41.15339660644531],[-77.7008285522461,41.34388732910156],[-77.5491714477539,41.184722900390625],[-77.23527526855469,41.209991455078125],[-77.0,41.241729736328125]]}},{"type":"Feature","properties":{},"geometry":{"type":"LineString","coordinates":[[-75.34082794189453,41.99945068359375],[-75.25000762939453,41.87388610839844],[-75.10249328613281,41.79278564453125],[-75.06999206542969,41.613609313964844],[-75.0,41.520103454589844]]}},{"type":"Feature","properties":{},"geometry":{"type":"LineString","coordinates":[[-75.0,41.520103454589844],[-74.74472045898438,41.429725646972656],[-74.82389831542969,41.28416442871094],[-75.0,41.06755065917969]]}},{"type":"Feature","properties":{},"geometry":{"type":"LineString","coordinates":[[-74.65250396728516,41.02861022949219],[-74.53388214111328,41.299163818359375],[-74.19667053222656,41.55500030517578],[-74.0,41.91041564941406]]}},{"type":"Feature","properties":{},"geometry":{"type":"LineString","coordinates":[[-121.08139038085938,40.19194030761719],[-121.07583618164062,40.112213134765625],[-121.26123046875,40.0]]}},{"type":"Feature","properties":{},"geometry":{"type":"LineString","coordinates":[[-117.17021179199219,40.0],[-117.17388916015625,40.11277770996094],[-117.10444641113281,40.20054626464844],[-117.10055541992188,40.433616638183594],[-117.0,40.529808044433594]]}},{"type":"Feature","properties":{},"geometry":{"type":"LineString","coordinates":[[-117.0,40.529808044433594],[-116.90083312988281,40.606666564941406],[-117.0,40.74848937988281]]}},{"type":"Feature","properties":{},"geometry":{"type":"LineString","coordinates":[[-88.35639190673828,40.1502685546875],[-88.3609848022461,40.0]]}},{"type":"Feature","properties":{},"geometry":{"type":"LineString","coordinates":[[-83.92361450195312,40.614723205566406],[-83.78778076171875,40.6683349609375],[-83.43250274658203,40.60694122314453],[-83.20388793945312,40.540000915527344],[-83.07774353027344,40.0]]}},{"type":"Feature","properties":{},"geometry":{"type":"LineString","coordinates":[[-78.0,40.11528015136719],[-77.90472412109375,40.278045654296875],[-77.82305908203125,40.398887634277344],[-77.43305206298828,40.61500549316406],[-77.30500030517578,40.53777313232422],[-77.11888122558594,40.475563049316406],[-77.0,40.44477081298828]]}},{"type":"Feature","properties":{},"geometry":{"type":"LineString","coordinates":[[-75.1201171875,41.0],[-75.0574951171875,40.87110900878906],[-75.18472290039062,40.75694274902344],[-75.193603515625,40.68278503417969]]}},{"type":"Feature","properties":{},"geometry":{"type":"LineString","coordinates":[[-75.19833374023438,40.684722900390625],[-75.185546875,40.57305145263672],[-75.07611083984375,40.550270080566406],[-75.05972290039062,40.43860626220703],[-75.0,40.404945373535156]]}},{"type":"Feature","properties":{},"geometry":{"type":"LineString","coordinates":[[-121.26123046875,40.0],[-121.4494400024414,39.7852783203125],[-121.46222686767578,39.73028564453125],[-121.40999603271484,39.69361877441406],[-121.5027847290039,39.66972351074219]]}},{"type":"Feature","properties":{},"geometry":{"type":"LineString","coordinates":[[-120.12889099121094,39.1552734375],[-120.18276977539062,39.309722900390625],[-120.02694702148438,39.37054443359375],[-120.0,39.457969665527344]]}},{"type":"Feature","properties":{},"geometry":{"type":"LineString","coordinates":[[-119.81478881835938,39.0],[-119.69805145263672,39.18666076660156],[-119.50055694580078,39.3074951171875],[-119.13526916503906,39.34193420410156]]}},{"type":"Feature","properties":{},"geometry":{"type":"LineString","coordinates":[[-120.0,39.457969665527344],[-119.63805389404297,39.51360321044922],[-119.33194732666016,39.83055114746094],[-119.4336166381836,39.867218017578125]]}},{"type":"Feature","properties":{},"geometry":{"type":"LineString","coordinates":[[-118.959716796875,39.494163513183594],[-118.61444854736328,39.436119079589844],[-118.42610931396484,39.62610626220703]]}},{"type":"Feature","properties":{},"geometry":{"type":"LineString","coordinates":[[-117.44342803955078,39.0],[-117.21611022949219,39.477500915527344],[-117.17250061035156,39.695831298828125],[-117.06971740722656,39.87889099121094],[-117.17021179199219,40.0]]}},{"type":"Feature","properties":{},"geometry":{"type":"LineString","coordinates":[[-112.01693725585938,39.37083435058594],[-112.14361572265625,39.583885192871094],[-112.6208267211914,39.299713134765625],[-112.93194580078125,39.11639404296875],[-113.0,39.124664306640625]]}},{"type":"Feature","properties":{},"geometry":{"type":"LineString","coordinates":[[-88.3609848022461,40.0],[-88.3697280883789,39.8013916015625],[-88.36360931396484,39.65083312988281],[-88.45833587646484,39.559715270996094],[-88.61333465576172,39.53221893310547],[-88.7219467163086,39.44805145263672],[-88.8497314453125,39.350830078125],[-88.83389282226562,39.24749755859375],[-89.0,39.116424560546875]]}},{"type":"Feature","properties":{},"geometry":{"type":"LineString","coordinates":[[-79.48749542236328,39.2047119140625],[-79.28972625732422,39.304443359375],[-79.10305786132812,39.46778106689453],[-79.0,39.458534240722656]]}},{"type":"Feature","properties":{},"geometry":{"type":"LineString","coordinates":[[-79.0,39.458534240722656],[-78.80555725097656,39.56806182861328],[-78.73306274414062,39.616943359375],[-78.57527923583984,39.525550842285156]]}},{"type":"Feature","properties":{},"geometry":{"type":"LineString","coordinates":[[-121.0,38.947662353515625],[-121.07888793945312,38.81944274902344]]}},{"type":"Feature","properties":{},"geometry":{"type":"LineString","coordinates":[[-120.054443359375,38.81138610839844],[-120.4766616821289,38.76695251464844],[-120.79444885253906,38.771942138671875],[-120.9425048828125,38.82112121582031],[-121.0,38.770751953125]]}},{"type":"Feature","properties":{},"geometry":{"type":"LineString","coordinates":[[-119.51860809326172,38.17250061035156],[-119.44527435302734,38.37554931640625],[-119.49056243896484,38.665008544921875],[-119.17832946777344,38.839996337890625],[-119.17071533203125,39.0]]}},{"type":"Feature","properties":{},"geometry":{"type":"LineString","coordinates":[[-119.63249969482422,38.39667510986328],[-119.61249542236328,38.562782287597656],[-119.67888641357422,38.78944396972656],[-119.77528381347656,38.9324951171875],[-119.81478881835938,39.0]]}},{"type":"Feature","properties":{},"geometry":{"type":"LineString","coordinates":[[-112.3569107055664,38.0],[-112.256103515625,38.19805908203125],[-112.16139221191406,38.26832580566406],[-112.25305938720703,38.576942443847656],[-112.0,38.79902648925781]]}},{"type":"Feature","properties":{},"geometry":{"type":"LineString","coordinates":[[-108.0,38.77424621582031],[-108.25833129882812,38.76194763183594],[-108.43721771240234,38.97749328613281],[-108.49506378173828,39.0]]}},{"type":"Feature","properties":{},"geometry":{"type":"LineString","coordinates":[[-107.3375015258789,38.45417022705078],[-107.52861785888672,38.465553283691406],[-107.80860900878906,38.62638854980469],[-107.83416748046875,38.78334045410156],[-108.0,38.77424621582031]]}},{"type":"Feature","properties":{},"geometry":{"type":"LineString","coordinates":[[-101.0,38.86456298828125],[-100.58971405029297,38.746673583984375],[-100.26361846923828,38.746673583984375],[-100.0,38.79664611816406]]}},{"type":"Feature","properties":{},"geometry":{"type":"LineString","coordinates":[[-99.0,38.746673583984375],[-98.45027923583984,38.79750061035156],[-98.15861511230469,38.66639709472656],[-98.0,38.65519714355469]]}},{"type":"Feature","properties":{},"geometry":{"type":"LineString","coordinates":[[-98.0,38.65519714355469],[-97.85749816894531,38.59416961669922],[-97.69249725341797,38.52861785888672],[-97.56555938720703,38.852508544921875],[-97.16999816894531,38.90000915527344],[-97.0,38.96659851074219]]}},{"type":"Feature","properties":{},"geometry":{"type":"LineString","coordinates":[[-89.09516906738281,39.0],[-89.35916900634766,38.618324279785156],[-89.39945220947266,38.579994201660156],[-89.42305755615234,38.496665954589844],[-89.80471801757812,38.34972381591797],[-89.90361022949219,38.16583251953125],[-89.9666748046875,38.0]]}},{"type":"Feature","properties":{},"geometry":{"type":"LineString","coordinates":[[-79.78778076171875,38.700286865234375],[-79.85667419433594,38.483604431152344],[-80.0,38.302825927734375]]}},{"type":"Feature","properties":{},"geometry":{"type":"LineString","coordinates":[[-79.0,38.0220947265625],[-78.81306457519531,38.29859924316406],[-78.62471771240234,38.52916717529297],[-78.52721405029297,38.68278503417969],[-78.06655883789062,39.0]]}},{"type":"Feature","properties":{},"geometry":{"type":"LineString","coordinates":[[-121.3586196899414,37.82112121582031],[-121.4669418334961,37.78611755371094],[-121.52666473388672,37.81500244140625],[-121.55687713623047,38.0]]}},{"type":"Feature","properties":{},"geometry":{"type":"LineString","coordinates":[[-121.2986068725586,37.811676025390625],[-121.3661117553711,37.88194274902344],[-121.5119400024414,37.94471740722656],[-121.50028228759766,38.0]]}},{"type":"Feature","properties":{},"geometry":{"type":"LineString","coordinates":[[-120.49564361572266,38.0],[-120.48082733154297,37.95722961425781],[-120.6561050415039,37.82000732421875],[-120.91082763671875,37.7388916015625],[-121.0,37.74554443359375]]}},{"type":"Feature","properties":{},"geometry":{"type":"LineString","coordinates":[[-119.09971618652344,37.69334411621094],[-119.05332946777344,37.6602783203125],[-119.07583618164062,37.56610870361328],[-119.17193603515625,37.520835876464844],[-119.22000122070312,37.440834045410156]]}},{"type":"Feature","properties":{},"geometry":{"type":"LineString","coordinates":[[-119.0,37.72425842285156],[-118.822509765625,37.757232666015625],[-118.7391586303711,37.676666259765625]]}},{"type":"Feature","properties":{},"geometry":{"type":"LineString","coordinates":[[-112.78056335449219,37.499717712402344],[-112.78889465332031,37.40583038330078],[-112.92582702636719,37.3558349609375],[-112.93666076660156,37.24249267578125],[-113.0,37.16902160644531]]}},{"type":"Feature","properties":{},"geometry":{"type":"LineString","coordinates":[[-112.39972686767578,37.463890075683594],[-112.46500396728516,37.37805938720703],[-112.4669418334961,37.29527282714844],[-112.52777862548828,37.239990234375],[-112.52404022216797,37.0]]}},{"type":"Feature","properties":{},"geometry":{"type":"LineString","coordinates":[[-95.5562973022461,38.0],[-95.47472381591797,37.74501037597656],[-95.4130630493164,37.637779235839844],[-95.12026977539062,37.20555114746094],[-95.08139038085938,37.04804992675781],[-95.03260803222656,37.0]]}},{"type":"Feature","properties":{},"geometry":{"type":"LineString","coordinates":[[-91.0,37.621368408203125],[-90.78861999511719,37.331390380859375],[-90.78555297851562,37.143890380859375],[-90.63404083251953,37.0]]}},{"type":"Feature","properties":{},"geometry":{"type":"LineString","coordinates":[[-80.3298110961914,38.0],[-80.32389068603516,37.90028381347656],[-80.50110626220703,37.725555419921875],[-80.67278289794922,37.727508544921875],[-80.81611633300781,37.6602783203125],[-80.88972473144531,37.65528869628906]]}},{"type":"Feature","properties":{},"geometry":{"type":"LineString","coordinates":[[-121.0,36.10963439941406],[-121.18777465820312,36.34999084472656],[-121.55443572998047,36.599159240722656],[-121.7508316040039,36.73139953613281]]}},{"type":"Feature","properties":{},"geometry":{"type":"LineString","coordinates":[[-120.88914489746094,36.0],[-121.0,36.10963439941406]]}},{"type":"Feature","properties":{},"geometry":{"type":"LineString","coordinates":[[-118.4211196899414,36.64556121826172],[-118.4044418334961,36.30499267578125],[-118.4302749633789,36.12443542480469],[-118.47034454345703,36.0]]}},{"type":"Feature","properties":{},"geometry":{"type":"LineString","coordinates":[[-118.2491683959961,36.387779235839844],[-118.19027709960938,36.34693908691406],[-118.0897216796875,36.1522216796875],[-118.14395141601562,36.0]]}},{"type":"Feature","properties":{},"geometry":{"type":"LineString","coordinates":[[-118.21763610839844,37.0],[-118.07527160644531,36.653900146484375],[-118.0,36.565589904785156]]}},{"type":"Feature","properties":{},"geometry":{"type":"LineString","coordinates":[[-113.6968765258789,37.0],[-114.0,36.81816101074219]]}},{"type":"Feature","properties":{},"geometry":{"type":"LineString","coordinates":[[-105.0,36.55120086669922],[-104.47777557373047,36.33110046386719]]}},{"type":"Feature","properties":{},"geometry":{"type":"LineString","coordinates":[[-95.0,36.504966735839844],[-95.04083251953125,36.445838928222656],[-95.16387939453125,36.443336486816406],[-95.16806030273438,36.33526611328125],[-95.2911148071289,36.16777038574219],[-95.3147201538086,36.04472351074219],[-95.26546478271484,36.0]]}},{"type":"Feature","properties":{},"geometry":{"type":"LineString","coordinates":[[-95.0,36.94476318359375],[-94.83250427246094,36.79945373535156],[-94.73444366455078,36.74555969238281],[-94.74332427978516,36.706390380859375],[-94.77806091308594,36.651947021484375],[-94.84333801269531,36.556114196777344],[-95.0,36.504966735839844]]}},{"type":"Feature","properties":{},"geometry":{"type":"LineString","coordinates":[[-91.0,36.20051574707031],[-91.1199951171875,36.093048095703125],[-91.13055419921875,36.00889587402344],[-91.18260192871094,36.0]]}},{"type":"Feature","properties":{},"geometry":{"type":"LineString","coordinates":[[-90.63404083251953,37.0],[-90.3022232055664,36.638893127441406],[-90.4830551147461,36.474998474121094],[-90.71443939208984,36.34222412109375],[-90.8155517578125,36.29527282714844],[-90.96278381347656,36.25749206542969],[-91.0,36.20051574707031]]}},{"type":"Feature","properties":{},"geometry":{"type":"LineString","coordinates":[[-120.73749542236328,35.81639099121094],[-120.81944274902344,35.875],[-120.88914489746094,36.0]]}},{"type":"Feature","properties":{},"geometry":{"type":"LineString","coordinates":[[-118.47034454345703,36.0],[-118.49666595458984,35.60222625732422],[-118.91806030273438,35.44916534423828],[-119.0,35.40546417236328]]}},{"type":"Feature","properties":{},"geometry":{"type":"LineString","coordinates":[[-95.26546478271484,36.0],[-95.2511215209961,35.861114501953125],[-95.30611419677734,35.79722595214844]]}},{"type":"Feature","properties":{},"geometry":{"type":"LineString","coordinates":[[-91.18260192871094,36.0],[-91.22666931152344,35.94361877441406],[-91.21611022949219,35.86305236816406],[-91.3741683959961,35.698333740234375],[-91.33000946044922,35.64445495605469]]}},{"type":"Feature","properties":{},"geometry":{"type":"LineString","coordinates":[[-112.43250274658203,34.87556457519531],[-112.26444244384766,34.92250061035156],[-112.05555725097656,34.8638916015625],[-112.0,34.7613525390625]]}},{"type":"Feature","properties":{},"geometry":{"type":"LineString","coordinates":[[-112.0,34.7613525390625],[-111.84416198730469,34.58361053466797],[-111.74972534179688,34.400001525878906],[-111.66361236572266,34.332489013671875],[-111.71361541748047,34.0]]}},{"type":"Feature","properties":{},"geometry":{"type":"LineString","coordinates":[[-94.0,34.66880798339844],[-94.116943359375,34.65055847167969],[-94.14971923828125,34.60917663574219],[-94.05332946777344,34.550270080566406],[-94.0,34.58782196044922]]}},{"type":"Feature","properties":{},"geometry":{"type":"LineString","coordinates":[[-93.0,34.209136962890625],[-93.05833435058594,34.14277648925781],[-93.0,34.07273864746094]]}},{"type":"Feature","properties":{},"geometry":{"type":"LineString","coordinates":[[-94.0,34.58782196044922],[-93.82777404785156,34.62194061279297],[-93.70471954345703,34.65083312988281],[-93.50833892822266,34.63999938964844]]}},{"type":"Feature","properties":{},"geometry":{"type":"LineString","coordinates":[[-81.21444702148438,34.04693603515625],[-81.06559753417969,34.0]]}},{"type":"Feature","properties":{},"geometry":{"type":"LineString","coordinates":[[-108.852783203125,33.83416748046875],[-108.7361068725586,33.692230224609375],[-108.85888671875,33.23193359375],[-109.0,33.22038269042969]]}},{"type":"Feature","properties":{},"geometry":{"type":"LineString","coordinates":[[-92.95309448242188,34.0],[-92.90472412109375,33.73944091796875],[-92.53028106689453,33.320831298828125],[-92.44361114501953,33.276947021484375],[-92.17332458496094,33.2127685546875],[-92.11138916015625,33.15583801269531],[-92.07611083984375,33.0]]}},{"type":"Feature","properties":{},"geometry":{"type":"LineString","coordinates":[[-79.9949951171875,33.24055480957031],[-79.90541076660156,33.0]]}},{"type":"Feature","properties":{},"geometry":{"type":"LineString","coordinates":[[-116.0,32.18377685546875],[-116.25944519042969,32.328887939453125],[-116.5697250366211,32.29832458496094],[-116.80305480957031,32.384727478027344],[-117.0,32.526649475097656]]}},{"type":"Feature","properties":{},"geometry":{"type":"LineString","coordinates":[[-116.15194702148438,32.084442138671875],[-116.31055450439453,32.00138854980469],[-116.59305572509766,32.08305358886719],[-116.76806640625,32.02027893066406],[-116.87472534179688,32.095550537109375]]}},{"type":"Feature","properties":{},"geometry":{"type":"LineString","coordinates":[[-116.0,32.320098876953125],[-116.08999633789062,32.407508850097656],[-116.18472290039062,32.43694305419922],[-116.55277252197266,32.29527282714844]]}},{"type":"Feature","properties":{},"geometry":{"type":"LineString","coordinates":[[-92.07611083984375,33.0],[-92.1502685546875,32.675567626953125],[-92.14250183105469,32.577491760253906],[-92.16416931152344,32.424720764160156],[-92.10472106933594,32.2994384765625],[-92.11277770996094,32.15861511230469],[-92.04527282714844,32.059173583984375],[-92.0,32.04273986816406]]}},{"type":"Feature","properties":{},"geometry":{"type":"LineString","coordinates":[[-89.0,32.89952087402344],[-89.10333251953125,32.83332824707031],[-89.27611541748047,32.82945251464844],[-90.0,32.499534606933594]]}},{"type":"Feature","properties":{},"geometry":{"type":"LineString","coordinates":[[-109.58028411865234,31.35137939453125],[-109.53665924072266,31.180831909179688],[-109.44361114501953,31.096389770507812],[-109.31194305419922,31.080276489257812]]}},{"type":"Feature","properties":{},"geometry":{"type":"LineString","coordinates":[[-91.96969604492188,32.0],[-91.85749816894531,31.922775268554688],[-91.82417297363281,31.770843505859375],[-91.82667541503906,31.58055877685547],[-91.80278015136719,31.48139190673828],[-91.79667663574219,31.447227478027344],[-91.85610961914062,31.424720764160156],[-91.8719482421875,31.357223510742188],[-91.83694458007812,31.271377563476562]]}},{"type":"Feature","properties":{},"geometry":{"type":"LineString","coordinates":[[-90.21913146972656,32.0],[-90.14582824707031,31.79833984375],[-90.11833190917969,31.656944274902344],[-90.09555053710938,31.560829162597656],[-90.0,31.41759490966797]]}},{"type":"Feature","properties":{},"geometry":{"type":"LineString","coordinates":[[-115.21749877929688,30.510276794433594],[-115.38777923583984,30.498329162597656],[-115.6030502319336,30.433883666992188],[-115.81832885742188,30.51111602783203],[-115.92889404296875,30.447776794433594]]}},{"type":"Feature","properties":{},"geometry":{"type":"LineString","coordinates":[[-110.5699691772461,31.0],[-110.70360565185547,30.8094482421875],[-110.66971588134766,30.674171447753906],[-110.7199935913086,30.223602294921875],[-110.6454086303711,30.0]]}},{"type":"Feature","properties":{},"geometry":{"type":"LineString","coordinates":[[-110.46277618408203,30.625831604003906],[-110.54361724853516,30.55889129638672],[-110.60999298095703,30.393600463867188],[-110.70360565185547,30.3408203125]]}},{"type":"Feature","properties":{},"geometry":{"type":"LineString","coordinates":[[-108.00332641601562,30.0],[-108.02999877929688,30.0816650390625],[-108.0,30.22027587890625]]}},{"type":"Feature","properties":{},"geometry":{"type":"LineString","coordinates":[[-107.56790924072266,30.0],[-107.60944366455078,30.306655883789062],[-107.40166473388672,30.4052734375],[-107.3066635131836,30.497215270996094]]}},{"type":"Feature","properties":{},"geometry":{"type":"LineString","coordinates":[[-108.0,30.22027587890625],[-107.94082641601562,30.316390991210938],[-107.90861511230469,30.556114196777344],[-107.92750549316406,30.694442749023438],[-108.0,30.810516357421875]]}},{"type":"Feature","properties":{},"geometry":{"type":"LineString","coordinates":[[-91.78486633300781,31.0],[-91.73777770996094,30.687782287597656],[-91.53278350830078,30.196380615234375],[-91.47469329833984,30.0]]}},{"type":"Feature","properties":{},"geometry":{"type":"LineString","coordinates":[[-91.0,30.34027099609375],[-91.149169921875,30.322219848632812]]}},{"type":"Feature","properties":{},"geometry":{"type":"LineString","coordinates":[[-90.54582977294922,30.30499267578125],[-90.6752700805664,30.323883056640625],[-90.7691650390625,30.276657104492188],[-90.86805725097656,30.347488403320312],[-91.0,30.34027099609375]]}},{"type":"Feature","properties":{},"geometry":{"type":"LineString","coordinates":[[-89.73177337646484,31.0],[-89.79888916015625,30.56360626220703],[-89.5838851928711,30.20111083984375],[-89.52222442626953,30.186935424804688]]}},{"type":"Feature","properties":{},"geometry":{"type":"LineString","coordinates":[[-89.73332977294922,30.43555450439453],[-89.61055755615234,30.181671142578125]]}},{"type":"Feature","properties":{},"geometry":{"type":"LineString","coordinates":[[-83.0,30.427413940429688],[-83.15916442871094,30.413604736328125],[-83.25638580322266,30.247222900390625],[-83.22805786132812,30.110549926757812],[-83.0,30.01898193359375]]}},{"type":"Feature","properties":{},"geometry":{"type":"LineString","coordinates":[[-82.35250091552734,30.827224731445312],[-82.71944427490234,30.51416778564453],[-82.69304656982422,30.341110229492188],[-83.0,30.427413940429688]]}},{"type":"Feature","properties":{},"geometry":{"type":"LineString","coordinates":[[-110.6454086303711,30.0],[-110.72693634033203,29.514442443847656],[-110.85972595214844,29.19000244140625],[-110.92778015136719,29.08111572265625]]}},{"type":"Feature","properties":{},"geometry":{"type":"LineString","coordinates":[[-109.77760314941406,30.0],[-109.61638641357422,29.52721405029297],[-109.65111541748047,29.3861083984375],[-109.72110748291016,29.364715576171875]]}},{"type":"Feature","properties":{},"geometry":{"type":"LineString","coordinates":[[-108.48638153076172,29.0],[-108.57805633544922,29.170272827148438]]}},{"type":"Feature","properties":{},"geometry":{"type":"LineString","coordinates":[[-107.45043182373047,29.0],[-107.4316635131836,29.360000610351562],[-107.4497299194336,29.811111450195312],[-107.56790924072266,30.0]]}},{"type":"Feature","properties":{},"geometry":{"type":"LineString","coordinates":[[-107.98638916015625,29.840835571289062],[-108.0,29.994125366210938]]}},{"type":"Feature","properties":{},"geometry":{"type":"LineString","coordinates":[[-100.0,29.482337951660156],[-99.98388671875,29.377487182617188],[-99.89639282226562,29.241943359375],[-99.88999938964844,29.139999389648438],[-99.78631591796875,29.0]]}},{"type":"Feature","properties":{},"geometry":{"type":"LineString","coordinates":[[-91.0,29.934524536132812],[-90.58361053466797,29.724441528320312],[-90.33194732666016,29.54833221435547],[-90.22776794433594,29.1663818359375],[-90.16944885253906,29.113327026367188]]}},{"type":"Feature","properties":{},"geometry":{"type":"LineString","coordinates":[[-89.2541732788086,29.152496337890625],[-89.02999877929688,29.190826416015625]]}},{"type":"Feature","properties":{},"geometry":{"type":"LineString","coordinates":[[-82.97764587402344,30.0],[-82.87556457519531,29.866119384765625],[-82.94749450683594,29.760284423828125],[-82.94277954101562,29.59333038330078],[-83.0,29.461952209472656]]}},{"type":"Feature","properties":{},"geometry":{"type":"LineString","coordinates":[[-108.94917297363281,28.3619384765625],[-108.87055969238281,28.419715881347656],[-108.76472473144531,28.749725341796875],[-108.73777770996094,28.968612670898438]]}},{"type":"Feature","properties":{},"geometry":{"type":"LineString","coordinates":[[-107.34027862548828,28.675277709960938],[-107.2388916015625,28.681114196777344],[-107.25305938720703,28.817230224609375],[-107.36333465576172,28.963333129882812],[-107.45043182373047,29.0]]}},{"type":"Feature","properties":{},"geometry":{"type":"LineString","coordinates":[[-106.0,28.698898315429688],[-105.88055419921875,28.834442138671875],[-105.68138885498047,28.747222900390625],[-105.53360748291016,28.55944061279297],[-105.42472076416016,28.54528045654297]]}},{"type":"Feature","properties":{},"geometry":{"type":"LineString","coordinates":[[-101.27750396728516,28.794448852539062],[-101.0,28.757247924804688]]}},{"type":"Feature","properties":{},"geometry":{"type":"LineString","coordinates":[[-99.78631591796875,29.0],[-99.8094482421875,28.7933349609375],[-99.67472076416016,28.500282287597656],[-99.47333526611328,28.41693878173828],[-99.0,28.141586303710938]]}},{"type":"Feature","properties":{},"geometry":{"type":"LineString","coordinates":[[-99.0,28.141586303710938],[-98.55138397216797,28.302215576171875],[-98.22721862792969,28.439712524414062],[-98.07749938964844,28.299713134765625],[-98.0,28.255279541015625]]}},{"type":"Feature","properties":{},"geometry":{"type":"LineString","coordinates":[[-109.45055389404297,27.975555419921875],[-109.34944915771484,27.832504272460938],[-109.24861145019531,27.49304962158203],[-109.22694396972656,27.42999267578125]]}},{"type":"Feature","properties":{},"geometry":{"type":"LineString","coordinates":[[-107.33222198486328,27.0],[-107.4669418334961,27.133331298828125],[-107.6208267211914,27.139999389648438],[-107.72277069091797,27.067214965820312],[-107.7088851928711,27.0]]}},{"type":"Feature","properties":{},"geometry":{"type":"LineString","coordinates":[[-106.9041748046875,27.844451904296875],[-106.42583465576172,27.89056396484375],[-106.19277954101562,27.880279541015625],[-106.0,27.921112060546875]]}},{"type":"Feature","properties":{},"geometry":{"type":"LineString","coordinates":[[-106.0,27.921112060546875],[-105.92416381835938,27.907501220703125],[-105.76053619384766,28.0]]}},{"type":"Feature","properties":{},"geometry":{"type":"LineString","coordinates":[[-101.0,27.415618896484375],[-100.73360443115234,27.47527313232422]]}},{"type":"Feature","properties":{},"geometry":{"type":"LineString","coordinates":[[-81.0,27.260269165039062],[-80.86805725097656,27.148880004882812]]}},{"type":"Feature","properties":{},"geometry":{"type":"LineString","coordinates":[[-107.23916625976562,26.98583984375],[-107.25695037841797,26.935562133789062],[-107.33222198486328,27.0]]}},{"type":"Feature","properties":{},"geometry":{"type":"LineString","coordinates":[[-106.42916107177734,26.43304443359375],[-106.19638061523438,26.360000610351562],[-106.22138977050781,26.701950073242188],[-106.3302230834961,27.0]]}},{"type":"Feature","properties":{},"geometry":{"type":"LineString","coordinates":[[-105.82194519042969,26.387222290039062],[-105.72443389892578,26.384994506835938],[-105.64249420166016,26.3135986328125],[-105.60889434814453,26.140548706054688],[-105.50147247314453,26.0]]}},{"type":"Feature","properties":{},"geometry":{"type":"LineString","coordinates":[[-108.0,25.898712158203125],[-108.37749481201172,25.700836181640625],[-108.43083953857422,25.51305389404297],[-108.42389678955078,25.42583465576172],[-108.4483413696289,25.300277709960938],[-108.50055694580078,25.288330078125]]}},{"type":"Feature","properties":{},"geometry":{"type":"LineString","coordinates":[[-107.87141418457031,26.0],[-107.85389709472656,25.942230224609375],[-107.91000366210938,25.820831298828125],[-108.0,25.898712158203125]]}},{"type":"Feature","properties":{},"geometry":{"type":"LineString","coordinates":[[-107.57361602783203,25.751388549804688],[-107.59416961669922,25.52222442626953],[-107.56221771240234,25.396102905273438],[-107.41472625732422,25.203887939453125]]}},{"type":"Feature","properties":{},"geometry":{"type":"LineString","coordinates":[[-106.9647216796875,26.0],[-106.83944702148438,25.930282592773438],[-106.81889343261719,25.837783813476562],[-106.94332885742188,25.731399536132812],[-107.0,25.765945434570312]]}},{"type":"Feature","properties":{},"geometry":{"type":"LineString","coordinates":[[-106.30167388916016,25.62444305419922],[-106.20527648925781,25.62389373779297],[-106.13055419921875,25.55388641357422],[-106.05999755859375,25.57166290283203],[-106.0,25.45555877685547]]}},{"type":"Feature","properties":{},"geometry":{"type":"LineString","coordinates":[[-106.0,25.265228271484375],[-106.22637939453125,25.314163208007812],[-106.52111053466797,25.395828247070312],[-106.67028045654297,25.40777587890625]]}},{"type":"Feature","properties":{},"geometry":{"type":"LineString","coordinates":[[-105.50147247314453,26.0],[-105.20721435546875,25.696945190429688],[-105.09388732910156,25.698333740234375]]}},{"type":"Feature","properties":{},"geometry":{"type":"LineString","coordinates":[[-106.0,25.45555877685547],[-105.92861938476562,25.3861083984375],[-105.71527862548828,25.330276489257812],[-105.54082489013672,25.180557250976562],[-105.4352798461914,25.162216186523438]]}},{"type":"Feature","properties":{},"geometry":{"type":"LineString","coordinates":[[-107.0,24.43829345703125],[-107.10221862792969,24.44611358642578],[-107.26944732666016,24.377212524414062],[-107.41777801513672,24.254165649414062]]}},{"type":"Feature","properties":{},"geometry":{"type":"LineString","coordinates":[[-106.0,24.550193786621094],[-106.19027709960938,24.592491149902344],[-106.39278411865234,24.63111114501953],[-106.71166229248047,24.658607482910156],[-106.89027404785156,24.528892517089844],[-107.0,24.43829345703125]]}},{"type":"Feature","properties":{},"geometry":{"type":"LineString","coordinates":[[-106.02818298339844,25.0],[-106.1683349609375,24.851943969726562],[-106.27584075927734,24.847503662109375],[-106.4044418334961,24.730560302734375],[-106.4941635131836,24.705276489257812]]}},{"type":"Feature","properties":{},"geometry":{"type":"LineString","coordinates":[[-105.88722229003906,24.951385498046875],[-105.7852783203125,24.7086181640625],[-105.85333251953125,24.565834045410156],[-106.0,24.550193786621094]]}},{"type":"Feature","properties":{},"geometry":{"type":"LineString","coordinates":[[-105.4766616821289,24.54833221435547],[-105.57389068603516,24.538047790527344],[-105.6191635131836,24.630836486816406],[-105.7249984741211,24.64305877685547],[-105.84416198730469,24.572227478027344]]}},{"type":"Feature","properties":{},"geometry":{"type":"LineString","coordinates":[[-102.88822937011719,24.0],[-102.89999389648438,24.44805145263672],[-102.7952880859375,24.577781677246094],[-102.77806091308594,24.64972686767578],[-102.81138610839844,24.696670532226562]]}},{"type":"Feature","properties":{},"geometry":{"type":"LineString","coordinates":[[-105.13804626464844,23.833053588867188],[-105.20277404785156,23.424163818359375],[-105.3036117553711,23.276947021484375],[-105.22592163085938,23.0]]}},{"type":"Feature","properties":{},"geometry":{"type":"LineString","coordinates":[[-105.63416290283203,23.253326416015625],[-105.66304779052734,23.099716186523438],[-105.79945373535156,23.039443969726562],[-105.84051513671875,23.0]]}},{"type":"Feature","properties":{},"geometry":{"type":"LineString","coordinates":[[-105.76333618164062,23.556663513183594],[-105.68416595458984,23.287216186523438],[-105.63416290283203,23.253326416015625]]}},{"type":"Feature","properties":{},"geometry":{"type":"LineString","coordinates":[[-103.11500549316406,23.0],[-103.16888427734375,23.029998779296875],[-103.16610717773438,23.125823974609375],[-103.0,23.279983520507812]]}},{"type":"Feature","properties":{},"geometry":{"type":"LineString","coordinates":[[-103.0,23.86553955078125],[-102.88822937011719,24.0]]}},{"type":"Feature","properties":{},"geometry":{"type":"LineString","coordinates":[[-99.48833465576172,23.79083251953125],[-99.3952865600586,23.728897094726562],[-99.29138946533203,23.459449768066406],[-99.08221435546875,23.385543823242188],[-99.0,23.288970947265625]]}},{"type":"Feature","properties":{},"geometry":{"type":"LineString","coordinates":[[-99.0,23.288970947265625],[-98.84306335449219,23.253326416015625],[-98.78138732910156,23.144439697265625],[-98.80361938476562,23.068893432617188],[-98.95443725585938,23.0]]}},{"type":"Feature","properties":{},"geometry":{"type":"LineString","coordinates":[[-98.4594497680664,23.337493896484375],[-98.38472747802734,23.591941833496094],[-98.22944641113281,23.63555145263672],[-98.09971618652344,23.617774963378906],[-98.04222106933594,23.724166870117188]]}},{"type":"Feature","properties":{},"geometry":{"type":"LineString","coordinates":[[-98.42610931396484,23.226104736328125],[-98.55277252197266,23.291946411132812],[-98.77972412109375,23.13861083984375]]}},{"type":"Feature","properties":{},"geometry":{"type":"LineString","coordinates":[[-98.0,23.222854614257812],[-97.88499450683594,23.103607177734375],[-97.84138488769531,23.12750244140625],[-97.804443359375,23.056106567382812],[-97.74833679199219,23.085830688476562]]}},{"type":"Feature","properties":{},"geometry":{"type":"LineString","coordinates":[[-105.22592163085938,23.0],[-105.34972381591797,22.786117553710938],[-105.41527557373047,22.395828247070312],[-105.61666107177734,22.381378173828125]]}},{"type":"Feature","properties":{},"geometry":{"type":"LineString","coordinates":[[-105.84051513671875,23.0],[-105.98472595214844,22.851943969726562]]}},{"type":"Feature","properties":{},"geometry":{"type":"LineString","coordinates":[[-104.6111068725586,22.919448852539062],[-104.67444610595703,22.865280151367188],[-104.4927749633789,22.556663513183594],[-104.53943634033203,22.128890991210938],[-104.51422882080078,22.0]]}},{"type":"Feature","properties":{},"geometry":{"type":"LineString","coordinates":[[-103.2227783203125,22.764724731445312],[-103.55138397216797,22.77362060546875],[-103.66472625732422,22.62499237060547],[-103.68054962158203,22.1119384765625]]}},{"type":"Feature","properties":{},"geometry":{"type":"LineString","coordinates":[[-99.40250396728516,22.60193634033203],[-99.29361724853516,22.50055694580078],[-99.03971862792969,22.056671142578125],[-99.03999328613281,22.0]]}},{"type":"Feature","properties":{},"geometry":{"type":"LineString","coordinates":[[-83.1905517578125,22.8013916015625],[-83.12443542480469,22.824172973632812],[-83.06472778320312,22.775283813476562],[-83.0,22.565757751464844]]}},{"type":"Feature","properties":{},"geometry":{"type":"LineString","coordinates":[[-82.21971130371094,22.966384887695312],[-82.008056640625,22.89166259765625],[-82.01388549804688,22.78778076171875],[-82.08000183105469,22.731948852539062],[-82.08833312988281,22.662498474121094]]}},{"type":"Feature","properties":{},"geometry":{"type":"LineString","coordinates":[[-80.4416732788086,22.582496643066406],[-80.57416534423828,22.474449157714844],[-80.82806396484375,22.487220764160156],[-81.0,22.366363525390625]]}},{"type":"Feature","properties":{},"geometry":{"type":"LineString","coordinates":[[-80.0,22.213424682617188],[-80.06944274902344,22.172775268554688],[-80.20777893066406,22.175552368164062],[-80.33361053466797,22.042495727539062],[-80.40833282470703,22.0302734375]]}},{"type":"Feature","properties":{},"geometry":{"type":"LineString","coordinates":[[-79.23611450195312,22.18499755859375],[-79.149169921875,22.110275268554688],[-79.166259765625,22.0]]}},{"type":"Feature","properties":{},"geometry":{"type":"LineString","coordinates":[[-103.34888458251953,21.66027069091797],[-103.29195404052734,21.8236083984375],[-103.34212493896484,22.0]]}},{"type":"Feature","properties":{},"geometry":{"type":"LineString","coordinates":[[-100.96055603027344,21.755844116210938],[-100.81472778320312,21.898056030273438],[-100.7508316040039,21.867782592773438],[-100.7249984741211,21.80389404296875],[-100.29694366455078,21.648887634277344]]}},{"type":"Feature","properties":{},"geometry":{"type":"LineString","coordinates":[[-100.79139709472656,21.459449768066406],[-100.76472473144531,21.128890991210938],[-100.81195068359375,21.084716796875]]}},{"type":"Feature","properties":{},"geometry":{"type":"LineString","coordinates":[[-100.0,21.45903778076172],[-99.74694061279297,21.514442443847656],[-99.49500274658203,21.318328857421875],[-99.29027557373047,21.145828247070312]]}},{"type":"Feature","properties":{},"geometry":{"type":"LineString","coordinates":[[-99.0,21.019546508789062],[-98.96583557128906,21.008331298828125],[-98.95611572265625,21.074996948242188],[-98.78500366210938,21.17694091796875],[-98.74472045898438,21.272216796875]]}},{"type":"Feature","properties":{},"geometry":{"type":"LineString","coordinates":[[-98.21249389648438,21.1572265625],[-98.28194427490234,21.284988403320312],[-98.36333465576172,21.34832763671875],[-98.39556121826172,21.630836486816406],[-98.45027923583984,21.777496337890625]]}},{"type":"Feature","properties":{},"geometry":{"type":"LineString","coordinates":[[-98.1763916015625,21.027496337890625],[-98.12916564941406,21.069717407226562],[-98.21221923828125,21.15777587890625]]}},{"type":"Feature","properties":{},"geometry":{"type":"LineString","coordinates":[[-79.3791732788086,22.0],[-79.40666961669922,21.8427734375],[-79.4255599975586,21.702789306640625],[-79.56888580322266,21.640281677246094]]}},{"type":"Feature","properties":{},"geometry":{"type":"LineString","coordinates":[[-79.166259765625,22.0],[-79.19583129882812,21.843063354492188],[-79.17471313476562,21.685829162597656],[-79.14778137207031,21.55249786376953]]}},{"type":"Feature","properties":{},"geometry":{"type":"LineString","coordinates":[[-78.0,21.524986267089844],[-78.09944152832031,21.74139404296875],[-78.24082946777344,21.960281372070312],[-78.13412475585938,22.0]]}},{"type":"Feature","properties":{},"geometry":{"type":"LineString","coordinates":[[-77.84249877929688,21.44499969482422],[-77.6641616821289,21.346664428710938],[-77.50194549560547,21.429153442382812],[-77.31501007080078,21.463050842285156],[-77.26860809326172,21.51000213623047]]}},{"type":"Feature","properties":{},"geometry":{"type":"LineString","coordinates":[[-105.0,20.66778564453125],[-105.16583251953125,20.73944091796875],[-105.24555969238281,20.730010986328125]]}},{"type":"Feature","properties":{},"geometry":{"type":"LineString","coordinates":[[-104.28556060791016,20.708053588867188],[-104.53499603271484,20.916107177734375],[-104.62499237060547,20.923614501953125],[-104.71233367919922,21.0]]}},{"type":"Feature","properties":{},"geometry":{"type":"LineString","coordinates":[[-104.24723052978516,20.44916534423828],[-104.23582458496094,20.262496948242188],[-104.28472137451172,20.0594482421875],[-104.33782196044922,20.0]]}},{"type":"Feature","properties":{},"geometry":{"type":"LineString","coordinates":[[-104.66666412353516,20.175827026367188],[-104.69026947021484,20.363601684570312],[-104.76139831542969,20.50916290283203],[-105.0,20.66778564453125]]}},{"type":"Feature","properties":{},"geometry":{"type":"LineString","coordinates":[[-99.0,20.829315185546875],[-99.05555725097656,20.939437866210938],[-99.01980590820312,21.0]]}},{"type":"Feature","properties":{},"geometry":{"type":"LineString","coordinates":[[-98.6977767944336,20.283889770507812],[-98.83528137207031,20.52222442626953],[-98.96139526367188,20.816390991210938],[-99.0,20.829315185546875]]}},{"type":"Feature","properties":{},"geometry":{"type":"LineString","coordinates":[[-98.21397399902344,20.0],[-98.37250518798828,20.151657104492188],[-98.58832550048828,20.313323974609375],[-98.81832885742188,20.62610626220703],[-98.8416748046875,20.68860626220703]]}},{"type":"Feature","properties":{},"geometry":{"type":"LineString","coordinates":[[-98.17250061035156,20.500831604003906],[-98.15583801269531,20.586387634277344],[-98.0,20.741668701171875]]}},{"type":"Feature","properties":{},"geometry":{"type":"LineString","coordinates":[[-97.91082763671875,20.1824951171875],[-97.79139709472656,20.238327026367188],[-97.3586196899414,20.268051147460938],[-97.17832946777344,20.47167205810547],[-97.0,20.48516082763672]]}},{"type":"Feature","properties":{},"geometry":{"type":"LineString","coordinates":[[-98.0,20.741668701171875],[-97.56749725341797,20.912216186523438],[-97.47834014892578,20.92083740234375],[-97.29639434814453,20.966949462890625]]}},{"type":"Feature","properties":{},"geometry":{"type":"LineString","coordinates":[[-97.57083892822266,20.490272521972656],[-97.48583221435547,20.513328552246094],[-97.3566665649414,20.7005615234375],[-97.17832946777344,20.75]]}},{"type":"Feature","properties":{},"geometry":{"type":"LineString","coordinates":[[-97.0,20.095474243164062],[-96.86666870117188,20.140823364257812],[-96.85749816894531,20.19915771484375],[-96.82278442382812,20.17138671875],[-96.78445434570312,20.26165771484375]]}},{"type":"Feature","properties":{},"geometry":{"type":"LineString","coordinates":[[-76.86250305175781,20.032501220703125],[-76.93499755859375,20.06304931640625],[-76.95443725585938,20.254165649414062],[-77.0,20.324005126953125]]}},{"type":"Feature","properties":{},"geometry":{"type":"LineString","coordinates":[[-75.0,20.438331604003906],[-74.83222961425781,20.2802734375],[-74.68917083740234,20.380279541015625],[-74.53638458251953,20.3841552734375]]}},{"type":"Feature","properties":{},"geometry":{"type":"LineString","coordinates":[[-105.29253387451172,20.0],[-105.37639617919922,19.832504272460938]]}},{"type":"Feature","properties":{},"geometry":{"type":"LineString","coordinates":[[-104.68360137939453,19.837509155273438],[-104.77333068847656,19.955551147460938],[-104.82194519042969,19.911666870117188],[-104.931396484375,19.923614501953125],[-105.0,19.825637817382812]]}},{"type":"Feature","properties":{},"geometry":{"type":"LineString","coordinates":[[-104.42638397216797,19.693893432617188],[-104.52277374267578,19.541664123535156],[-104.63721466064453,19.48194122314453],[-104.76944732666016,19.474998474121094],[-104.90556335449219,19.288330078125]]}},{"type":"Feature","properties":{},"geometry":{"type":"LineString","coordinates":[[-104.25555419921875,19.319168090820312],[-104.42945098876953,19.284713745117188],[-104.47306060791016,19.230270385742188],[-104.54000091552734,19.253890991210938],[-104.59249114990234,19.149169921875]]}},{"type":"Feature","properties":{},"geometry":{"type":"LineString","coordinates":[[-104.04472351074219,19.49333953857422],[-104.04415893554688,19.397491455078125],[-104.11082458496094,19.328887939453125],[-104.25555419921875,19.319168090820312]]}},{"type":"Feature","properties":{},"geometry":{"type":"LineString","coordinates":[[-103.58499908447266,19.57805633544922],[-103.4191665649414,19.52971649169922],[-103.49138641357422,19.330001831054688]]}},{"type":"Feature","properties":{},"geometry":{"type":"LineString","coordinates":[[-103.0,19.412033081054688],[-102.81222534179688,19.35693359375],[-102.78083801269531,19.3013916015625]]}},{"type":"Feature","properties":{},"geometry":{"type":"LineString","coordinates":[[-72.36638641357422,19.49250030517578],[-72.26277923583984,19.248886108398438],[-72.0,19.142608642578125]]}},{"type":"Feature","properties":{},"geometry":{"type":"LineString","coordinates":[[-72.84111022949219,19.934173583984375],[-72.79000854492188,19.756393432617188],[-72.53665924072266,19.66582489013672],[-72.43917083740234,19.54027557373047]]}},{"type":"Feature","properties":{},"geometry":{"type":"LineString","coordinates":[[-71.49388885498047,19.289993286132812],[-71.59416961669922,19.289169311523438],[-71.6302719116211,19.127212524414062],[-71.67833709716797,19.098892211914062]]}},{"type":"Feature","properties":{},"geometry":{"type":"LineString","coordinates":[[-70.52472686767578,19.050277709960938],[-70.57666778564453,19.246932983398438],[-70.50028228759766,19.25],[-70.2975082397461,19.148056030273438],[-70.09416198730469,19.156112670898438]]}},{"type":"Feature","properties":{},"geometry":{"type":"LineString","coordinates":[[-103.16416931152344,18.930007934570312],[-103.15611267089844,18.733612060546875],[-103.17471313476562,18.63971710205078],[-103.20083618164062,18.51166534423828],[-103.23473358154297,18.242218017578125]]}},{"type":"Feature","properties":{},"geometry":{"type":"LineString","coordinates":[[-103.34833526611328,18.974441528320312],[-103.52582550048828,18.912506103515625],[-103.63111114501953,18.791946411132812],[-103.74610137939453,18.68695068359375]]}},{"type":"Feature","properties":{},"geometry":{"type":"LineString","coordinates":[[-102.47722625732422,18.52361297607422],[-102.36222076416016,18.38665771484375],[-102.5697250366211,18.161666870117188],[-102.55638885498047,18.042221069335938]]}},{"type":"Feature","properties":{},"geometry":{"type":"LineString","coordinates":[[-102.72693634033203,18.677223205566406],[-102.74500274658203,18.424163818359375],[-102.79611206054688,18.185546875],[-102.77861022949219,18.079727172851562]]}},{"type":"Feature","properties":{},"geometry":{"type":"LineString","coordinates":[[-101.33472442626953,18.193893432617188],[-101.26971435546875,18.157501220703125],[-101.24445343017578,18.08416748046875],[-101.0,18.040512084960938]]}},{"type":"Feature","properties":{},"geometry":{"type":"LineString","coordinates":[[-101.36278533935547,18.117218017578125],[-101.4625015258789,18.178329467773438],[-101.61583709716797,18.18804931640625],[-101.69083404541016,18.271102905273438],[-101.78555297851562,18.292770385742188]]}},{"type":"Feature","properties":{},"geometry":{"type":"LineString","coordinates":[[-101.0,18.040512084960938],[-100.88471984863281,18.126388549804688],[-100.87611389160156,18.360549926757812],[-100.89166259765625,18.47472381591797]]}},{"type":"Feature","properties":{},"geometry":{"type":"LineString","coordinates":[[-100.0,18.905120849609375],[-100.49500274658203,18.758895874023438],[-100.6050033569336,18.616661071777344],[-100.65528106689453,18.605552673339844]]}},{"type":"Feature","properties":{},"geometry":{"type":"LineString","coordinates":[[-99.95222473144531,18.969161987304688],[-99.929443359375,18.912506103515625],[-99.72415924072266,18.807220458984375],[-99.56749725341797,18.66472625732422],[-99.4527816772461,18.660560607910156]]}},{"type":"Feature","properties":{},"geometry":{"type":"LineString","coordinates":[[-98.69527435302734,18.418319702148438],[-98.79695129394531,18.336944580078125],[-98.78944396972656,18.149444580078125],[-98.7558364868164,18.120834350585938]]}},{"type":"Feature","properties":{},"geometry":{"type":"LineString","coordinates":[[-97.73332977294922,18.46361541748047],[-97.72554779052734,18.343612670898438],[-97.86138916015625,18.208892822265625],[-98.0,18.269989013671875]]}},{"type":"Feature","properties":{},"geometry":{"type":"LineString","coordinates":[[-96.86578369140625,18.0],[-96.5052719116211,18.069442749023438],[-96.24500274658203,18.01861572265625],[-96.13999938964844,18.054168701171875],[-96.11305236816406,18.137496948242188]]}},{"type":"Feature","properties":{},"geometry":{"type":"LineString","coordinates":[[-96.80751037597656,18.552772521972656],[-96.72638702392578,18.384445190429688]]}},{"type":"Feature","properties":{},"geometry":{"type":"LineString","coordinates":[[-95.67925262451172,18.0],[-95.6580581665039,18.172500610351562],[-95.56194305419922,18.273056030273438],[-95.6580581665039,18.495826721191406],[-95.70194244384766,18.503883361816406]]}},{"type":"Feature","properties":{},"geometry":{"type":"LineString","coordinates":[[-94.05413818359375,18.0],[-94.13694763183594,18.207504272460938]]}},{"type":"Feature","properties":{},"geometry":{"type":"LineString","coordinates":[[-91.0,18.119171142578125],[-91.09693908691406,18.232498168945312],[-91.24889373779297,18.166946411132812],[-91.34278106689453,18.29693603515625],[-91.26499938964844,18.61194610595703]]}},{"type":"Feature","properties":{},"geometry":{"type":"LineString","coordinates":[[-90.24527740478516,18.27471923828125],[-90.79472351074219,18.123046875],[-90.931396484375,18.121109008789062],[-91.0,18.119171142578125]]}},{"type":"Feature","properties":{},"geometry":{"type":"LineString","coordinates":[[-90.892578125,18.0],[-90.79833984375,18.121658325195312]]}},{"type":"Feature","properties":{},"geometry":{"type":"LineString","coordinates":[[-74.10777282714844,18.638328552246094],[-74.32500457763672,18.53583526611328],[-74.33638763427734,18.45667266845703],[-74.40999603271484,18.397491455078125],[-74.35944366455078,18.352767944335938]]}},{"type":"Feature","properties":{},"geometry":{"type":"LineString","coordinates":[[-71.0,18.511451721191406],[-71.03083801269531,18.528053283691406],[-71.19638061523438,18.373321533203125],[-71.14888000488281,18.253890991210938],[-71.09138488769531,18.278610229492188]]}},{"type":"Feature","properties":{},"geometry":{"type":"LineString","coordinates":[[-70.32527923583984,18.6986083984375],[-70.12416076660156,18.533607482910156],[-70.05471801757812,18.46582794189453],[-70.0111083984375,18.417495727539062]]}},{"type":"Feature","properties":{},"geometry":{"type":"LineString","coordinates":[[-70.56555938720703,18.681663513183594],[-70.46222686767578,18.382217407226562],[-70.49944305419922,18.286102294921875],[-70.5855484008789,18.27471923828125]]}},{"type":"Feature","properties":{},"geometry":{"type":"LineString","coordinates":[[-70.0,18.852020263671875],[-69.92500305175781,18.70361328125],[-69.79222106933594,18.613059997558594],[-69.88945007324219,18.519996643066406],[-69.883056640625,18.46971893310547]]}},{"type":"Feature","properties":{},"geometry":{"type":"LineString","coordinates":[[-68.75110626220703,18.773056030273438],[-68.77972412109375,18.743621826171875],[-68.7013931274414,18.61583709716797],[-68.69249725341797,18.47472381591797],[-68.59444427490234,18.3760986328125]]}},{"type":"Feature","properties":{},"geometry":{"type":"LineString","coordinates":[[-100.25638580322266,17.60582733154297],[-100.3680648803711,17.65528106689453],[-100.42455291748047,18.0]]}},{"type":"Feature","properties":{},"geometry":{"type":"LineString","coordinates":[[-100.0655517578125,17.318328857421875],[-100.16722106933594,17.179168701171875],[-100.13999938964844,17.1199951171875],[-100.06805419921875,17.096115112304688],[-100.09054565429688,17.0]]}},{"type":"Feature","properties":{},"geometry":{"type":"LineString","coordinates":[[-99.96888732910156,17.51221466064453],[-99.94194030761719,17.618614196777344],[-100.0,17.711273193359375]]}},{"type":"Feature","properties":{},"geometry":{"type":"LineString","coordinates":[[-99.75222778320312,17.614158630371094],[-99.71443939208984,17.6783447265625],[-99.62610626220703,17.683059692382812],[-99.55805206298828,17.748336791992188],[-99.57917022705078,17.936111450195312]]}},{"type":"Feature","properties":{},"geometry":{"type":"LineString","coordinates":[[-99.23860168457031,17.311386108398438],[-99.22471618652344,17.403884887695312],[-99.13833618164062,17.380279541015625],[-99.22499084472656,17.1986083984375],[-99.20111083984375,17.158050537109375]]}},{"type":"Feature","properties":{},"geometry":{"type":"LineString","coordinates":[[-98.43054962158203,17.18499755859375],[-98.47306060791016,17.310272216796875],[-98.50167083740234,17.676658630371094],[-98.6780014038086,18.0]]}},{"type":"Feature","properties":{},"geometry":{"type":"LineString","coordinates":[[-98.46166229248047,17.138885498046875],[-98.38944244384766,17.0]]}},{"type":"Feature","properties":{},"geometry":{"type":"LineString","coordinates":[[-97.0,17.186630249023438],[-97.1683349609375,17.175003051757812],[-97.27889251708984,17.074172973632812],[-97.36608123779297,17.0]]}},{"type":"Feature","properties":{},"geometry":{"type":"LineString","coordinates":[[-96.37332916259766,17.128890991210938],[-96.16583251953125,17.117782592773438],[-96.16444396972656,17.382766723632812],[-96.12832641601562,17.657493591308594],[-96.0,17.78778076171875]]}},{"type":"Feature","properties":{},"geometry":{"type":"LineString","coordinates":[[-96.0,17.78778076171875],[-95.97416687011719,17.811676025390625],[-95.88833618164062,17.766952514648438],[-95.67925262451172,18.0]]}},{"type":"Feature","properties":{},"geometry":{"type":"LineString","coordinates":[[-95.96499633789062,17.0191650390625],[-95.80751037597656,17.114166259765625],[-95.71971893310547,17.2177734375],[-95.30249786376953,17.50499725341797],[-95.12222290039062,17.745285034179688],[-95.15554809570312,17.819717407226562]]}},{"type":"Feature","properties":{},"geometry":{"type":"LineString","coordinates":[[-94.08944702148438,17.0655517578125],[-94.13194274902344,17.198883056640625],[-94.19776916503906,17.401382446289062],[-94.14805603027344,17.586387634277344],[-94.20277404785156,17.834442138671875],[-94.33167266845703,17.832778930664062]]}},{"type":"Feature","properties":{},"geometry":{"type":"LineString","coordinates":[[-94.8509521484375,17.0],[-94.87083435058594,17.079727172851562],[-94.89111328125,17.309432983398438],[-94.96221923828125,17.42749786376953]]}},{"type":"Feature","properties":{},"geometry":{"type":"LineString","coordinates":[[-94.3313980102539,17.832778930664062],[-94.39916229248047,17.843887329101562],[-94.47888946533203,17.938613891601562]]}},{"type":"Feature","properties":{},"geometry":{"type":"LineString","coordinates":[[-90.18472290039062,17.275558471679688],[-90.51555633544922,17.27166748046875],[-90.77694702148438,17.2308349609375],[-91.0,17.284439086914062]]}},{"type":"Feature","properties":{},"geometry":{"type":"LineString","coordinates":[[-88.94999694824219,17.428329467773438],[-88.9586181640625,17.61444854736328],[-88.91888427734375,17.679168701171875],[-88.85250854492188,17.69305419921875],[-88.84083557128906,17.879730224609375]]}},{"type":"Feature","properties":{},"geometry":{"type":"LineString","coordinates":[[-88.82611083984375,17.43444061279297],[-88.75222778320312,17.414718627929688],[-88.61804962158203,17.462501525878906]]}},{"type":"Feature","properties":{},"geometry":{"type":"LineString","coordinates":[[-98.05667114257812,16.884170532226562],[-98.07804870605469,16.76361083984375],[-98.16777038574219,16.700836181640625],[-98.22944641113281,16.706390380859375]]}},{"type":"Feature","properties":{},"geometry":{"type":"LineString","coordinates":[[-97.72333526611328,16.581382751464844],[-97.82333374023438,16.502784729003906],[-97.98056030273438,16.341384887695312],[-97.991943359375,16.11749267578125]]}},{"type":"Feature","properties":{},"geometry":{"type":"LineString","coordinates":[[-96.37084197998047,16.21221923828125],[-96.47472381591797,16.348602294921875],[-96.31305694580078,16.64360809326172],[-96.13888549804688,16.67888641357422],[-96.0,16.625282287597656]]}},{"type":"Feature","properties":{},"geometry":{"type":"LineString","coordinates":[[-96.4816665649414,16.728057861328125],[-96.52027130126953,16.708343505859375],[-96.44110870361328,16.595558166503906],[-96.45250701904297,16.54193878173828],[-96.3758316040039,16.54999542236328]]}},{"type":"Feature","properties":{},"geometry":{"type":"LineString","coordinates":[[-95.40416717529297,16.46056365966797],[-95.31000518798828,16.412765502929688],[-95.13333129882812,16.203048706054688]]}},{"type":"Feature","properties":{},"geometry":{"type":"LineString","coordinates":[[-90.0,16.658668518066406],[-90.23055267333984,16.629722595214844],[-90.26582336425781,16.561668395996094]]}},{"type":"Feature","properties":{},"geometry":{"type":"LineString","coordinates":[[-89.19721984863281,16.45417022705078],[-89.4155502319336,16.401931762695312],[-89.67472076416016,16.439170837402344],[-89.93916320800781,16.27471923828125],[-90.0,16.17034912109375]]}},{"type":"Feature","properties":{},"geometry":{"type":"LineString","coordinates":[[-88.77389526367188,16.70777130126953],[-88.96249389648438,16.755844116210938],[-88.93666076660156,16.850006103515625],[-89.0,16.853988647460938]]}},{"type":"Feature","properties":{},"geometry":{"type":"LineString","coordinates":[[-96.3201675415039,16.0],[-96.21388244628906,15.948333740234375],[-96.06056213378906,15.824447631835938],[-96.04306030273438,15.761672973632812]]}},{"type":"Feature","properties":{},"geometry":{"type":"LineString","coordinates":[[-91.55110931396484,15.465003967285156],[-91.54082489013672,15.371116638183594],[-91.91416931152344,15.720832824707031],[-92.0,15.850555419921875]]}},{"type":"Feature","properties":{},"geometry":{"type":"LineString","coordinates":[[-91.44388580322266,15.566947937011719],[-91.211669921875,15.652214050292969],[-91.147216796875,15.923049926757812],[-91.10610961914062,15.959716796875],[-91.12677001953125,16.0]]}},{"type":"Feature","properties":{},"geometry":{"type":"LineString","coordinates":[[-90.30333709716797,15.319450378417969],[-90.0,15.303565979003906]]}},{"type":"Feature","properties":{},"geometry":{"type":"LineString","coordinates":[[-89.78611755371094,15.713890075683594],[-89.62776947021484,15.797775268554688],[-89.35306549072266,15.914718627929688],[-89.21638488769531,15.889724731445312]]}},{"type":"Feature","properties":{},"geometry":{"type":"LineString","coordinates":[[-89.21638488769531,15.889724731445312],[-89.0,15.894439697265625]]}},{"type":"Feature","properties":{},"geometry":{"type":"LineString","coordinates":[[-87.50093841552734,15.0],[-87.62055206298828,15.012496948242188],[-87.73417663574219,15.115005493164062],[-87.94139099121094,15.254714965820312]]}},{"type":"Feature","properties":{},"geometry":{"type":"LineString","coordinates":[[-86.70093536376953,15.0],[-86.8719482421875,15.095550537109375],[-86.84584045410156,15.254440307617188],[-86.74304962158203,15.400276184082031]]}},{"type":"Feature","properties":{},"geometry":{"type":"LineString","coordinates":[[-86.0,15.183624267578125],[-85.74694061279297,15.202499389648438],[-85.66388702392578,15.544441223144531],[-85.34278106689453,15.772506713867188],[-85.0,15.8543701171875]]}},{"type":"Feature","properties":{},"geometry":{"type":"LineString","coordinates":[[-85.0,15.8543701171875],[-84.84889221191406,15.951385498046875]]}},{"type":"Feature","properties":{},"geometry":{"type":"LineString","coordinates":[[-92.14627075195312,15.0],[-92.14166259765625,14.897506713867188],[-92.18583679199219,14.843612670898438],[-92.15443420410156,14.675834655761719],[-92.24694061279297,14.548332214355469]]}},{"type":"Feature","properties":{},"geometry":{"type":"LineString","coordinates":[[-91.55944061279297,14.925277709960938],[-91.49555206298828,14.885833740234375],[-91.63944244384766,14.592491149902344],[-91.78916931152344,14.202224731445312]]}},{"type":"Feature","properties":{},"geometry":{"type":"LineString","coordinates":[[-90.6036148071289,14.493339538574219],[-90.75305938720703,14.314445495605469],[-90.64693450927734,14.094161987304688],[-90.69715118408203,14.0]]}},{"type":"Feature","properties":{},"geometry":{"type":"LineString","coordinates":[[-89.99278259277344,14.601112365722656],[-89.82528686523438,14.690269470214844],[-89.81222534179688,14.851943969726562],[-89.81222534179688,14.941940307617188]]}},{"type":"Feature","properties":{},"geometry":{"type":"LineString","coordinates":[[-87.0050048828125,14.344444274902344],[-87.2638931274414,14.483604431152344],[-87.32166290283203,14.663047790527344],[-87.24972534179688,14.899169921875],[-87.44611358642578,14.912216186523438],[-87.50093841552734,15.0]]}},{"type":"Feature","properties":{},"geometry":{"type":"LineString","coordinates":[[-87.5938949584961,14.080276489257812],[-87.6958236694336,14.560005187988281],[-87.61861419677734,14.670829772949219],[-87.6866683959961,14.933059692382812],[-87.74004364013672,15.0]]}},{"type":"Feature","properties":{},"geometry":{"type":"LineString","coordinates":[[-87.39888763427734,14.328330993652344],[-87.41638946533203,14.234161376953125],[-87.21554565429688,14.2672119140625]]}},{"type":"Feature","properties":{},"geometry":{"type":"LineString","coordinates":[[-86.67638397216797,14.148880004882812],[-86.59139251708984,14.062774658203125],[-86.4705581665039,14.126663208007812],[-86.26361846923828,14.049728393554688],[-86.0,14.441749572753906]]}},{"type":"Feature","properties":{},"geometry":{"type":"LineString","coordinates":[[-85.09255981445312,14.0],[-85.06222534179688,14.168060302734375],[-85.18167114257812,14.257217407226562]]}},{"type":"Feature","properties":{},"geometry":{"type":"LineString","coordinates":[[-84.48194122314453,14.282218933105469],[-84.50943756103516,14.180557250976562],[-84.44194793701172,14.091659545898438],[-84.20889282226562,14.179718017578125],[-84.0,14.040695190429688]]}},{"type":"Feature","properties":{},"geometry":{"type":"LineString","coordinates":[[-84.4366683959961,14.214996337890625],[-84.37305450439453,14.330558776855469],[-84.29889678955078,14.343330383300781],[-84.19166564941406,14.468055725097656],[-84.0,14.370689392089844]]}},{"type":"Feature","properties":{},"geometry":{"type":"LineString","coordinates":[[-84.0,14.370689392089844],[-83.60250091552734,14.28082275390625],[-83.47417449951172,14.0]]}},{"type":"Feature","properties":{},"geometry":{"type":"LineString","coordinates":[[-88.16221618652344,13.770278930664062],[-88.09750366210938,13.620826721191406],[-88.1875,13.529441833496094],[-88.08999633789062,13.406105041503906],[-88.2769546508789,13.309165954589844],[-88.39083099365234,13.303337097167969],[-88.3600082397461,13.225830078125]]}},{"type":"Feature","properties":{},"geometry":{"type":"LineString","coordinates":[[-87.69527435302734,13.818618774414062],[-87.71610260009766,13.506660461425781],[-87.78472900390625,13.454170227050781],[-87.81584167480469,13.405555725097656]]}},{"type":"Feature","properties":{},"geometry":{"type":"LineString","coordinates":[[-87.82099914550781,14.0],[-87.68250274658203,13.958892822265625],[-87.69527435302734,13.818618774414062]]}},{"type":"Feature","properties":{},"geometry":{"type":"LineString","coordinates":[[-86.7933349609375,13.357505798339844],[-86.70333099365234,13.248886108398438],[-86.75666046142578,13.084716796875],[-86.8638916015625,13.020278930664062],[-86.97471618652344,13.025283813476562]]}},{"type":"Feature","properties":{},"geometry":{"type":"LineString","coordinates":[[-86.90943908691406,13.241104125976562],[-86.90861511230469,13.09832763671875],[-87.0,13.017135620117188]]}},{"type":"Feature","properties":{},"geometry":{"type":"LineString","coordinates":[[-86.0,13.287368774414062],[-85.961669921875,13.297782897949219],[-85.8961181640625,13.462776184082031]]}},{"type":"Feature","properties":{},"geometry":{"type":"LineString","coordinates":[[-84.65999603271484,13.936386108398438],[-84.50916290283203,13.876113891601562],[-84.38195037841797,13.897506713867188],[-84.25000762939453,13.742782592773438],[-84.12693786621094,13.669715881347656],[-84.0,13.615028381347656]]}},{"type":"Feature","properties":{},"geometry":{"type":"LineString","coordinates":[[-84.0,13.615028381347656],[-83.86860656738281,13.580558776855469],[-83.81694030761719,13.451942443847656]]}},{"type":"Feature","properties":{},"geometry":{"type":"LineString","coordinates":[[-86.43473052978516,12.852218627929688],[-86.60222625732422,12.860565185546875],[-86.71277618408203,12.996673583984375],[-86.88722229003906,12.85638427734375],[-87.0,12.893051147460938]]}},{"type":"Feature","properties":{},"geometry":{"type":"LineString","coordinates":[[-85.24472045898438,12.212493896484375],[-85.39806365966797,12.159164428710938],[-85.34416961669922,12.102493286132812],[-85.3455581665039,12.0]]}},{"type":"Feature","properties":{},"geometry":{"type":"LineString","coordinates":[[-84.91305541992188,12.78472900390625],[-84.75917053222656,12.821395874023438],[-84.46472930908203,12.771942138671875],[-84.0,12.8643798828125]]}},{"type":"Feature","properties":{},"geometry":{"type":"LineString","coordinates":[[-85.0,12.364448547363281],[-84.85777282714844,12.405555725097656],[-84.60193634033203,12.531944274902344],[-84.30110931396484,12.346946716308594],[-84.25000762939453,12.17999267578125]]}},{"type":"Feature","properties":{},"geometry":{"type":"LineString","coordinates":[[-86.20166015625,11.835006713867188],[-86.209716796875,11.735275268554688],[-86.35694122314453,11.626945495605469]]}},{"type":"Feature","properties":{},"geometry":{"type":"LineString","coordinates":[[-84.51610565185547,11.495002746582031],[-84.32971954345703,11.539161682128906],[-84.23527526855469,11.527503967285156],[-84.0,11.586387634277344]]}},{"type":"Feature","properties":{},"geometry":{"type":"LineString","coordinates":[[-84.7199935913086,11.8336181640625],[-84.32361602783203,11.992218017578125],[-84.20555114746094,11.96722412109375],[-84.21961975097656,12.0]]}},{"type":"Feature","properties":{},"geometry":{"type":"LineString","coordinates":[[-84.84083557128906,11.978607177734375],[-84.8013916015625,11.9486083984375],[-84.80778503417969,11.860275268554688],[-85.0,11.700569152832031]]}},{"type":"Feature","properties":{},"geometry":{"type":"LineString","coordinates":[[-84.49443817138672,11.424171447753906],[-84.5938949584961,11.398338317871094],[-84.60944366455078,11.313056945800781],[-84.7024917602539,11.368614196777344],[-84.8558349609375,11.324165344238281]]}},{"type":"Feature","properties":{},"geometry":{"type":"LineString","coordinates":[[-84.0,11.092315673828125],[-83.89778137207031,11.11749267578125],[-83.88194274902344,11.044998168945312],[-83.77103424072266,11.0]]}},{"type":"Feature","properties":{},"geometry":{"type":"LineString","coordinates":[[-72.76956176757812,11.0],[-72.5313949584961,11.270561218261719],[-72.8719482421875,11.519447326660156],[-72.90333557128906,11.568611145019531]]}},{"type":"Feature","properties":{},"geometry":{"type":"LineString","coordinates":[[-72.0,11.064910888671875],[-71.89833068847656,11.053054809570312],[-71.83833312988281,11.01666259765625],[-71.76777648925781,11.011947631835938]]}},{"type":"Feature","properties":{},"geometry":{"type":"LineString","coordinates":[[-85.37667083740234,10.850830078125],[-85.30083465576172,10.924728393554688],[-85.16000366210938,10.908615112304688],[-85.15452575683594,11.0]]}},{"type":"Feature","properties":{},"geometry":{"type":"LineString","coordinates":[[-85.03083801269531,10.680274963378906],[-85.07444763183594,10.684165954589844],[-85.13027954101562,10.611946105957031],[-85.1602783203125,10.423332214355469],[-85.24276733398438,10.247222900390625]]}},{"type":"Feature","properties":{},"geometry":{"type":"LineString","coordinates":[[-85.40389251708984,10.665000915527344],[-85.48778533935547,10.625831604003906],[-85.53777313232422,10.535560607910156],[-85.53694915771484,10.485557556152344],[-85.4719467163086,10.453056335449219]]}},{"type":"Feature","properties":{},"geometry":{"type":"LineString","coordinates":[[-84.2702865600586,10.18194580078125],[-84.35413360595703,10.0]]}},{"type":"Feature","properties":{},"geometry":{"type":"LineString","coordinates":[[-84.0,10.229202270507812],[-83.94082641601562,10.289726257324219],[-84.0,10.424171447753906]]}},{"type":"Feature","properties":{},"geometry":{"type":"LineString","coordinates":[[-83.78334045410156,10.235000610351562],[-83.75222778320312,10.327781677246094],[-83.6561050415039,10.426673889160156],[-83.49443817138672,10.482780456542969],[-83.49500274658203,10.551658630371094]]}},{"type":"Feature","properties":{},"geometry":{"type":"LineString","coordinates":[[-83.91360473632812,10.196670532226562],[-83.89582824707031,10.368064880371094],[-83.9425048828125,10.466117858886719],[-83.99444580078125,10.462226867675781]]}},{"type":"Feature","properties":{},"geometry":{"type":"LineString","coordinates":[[-73.26582336425781,10.904998779296875],[-73.09944152832031,10.836944580078125],[-73.01167297363281,10.689445495605469],[-73.27666473388672,10.252777099609375],[-73.54256439208984,10.0]]}},{"type":"Feature","properties":{},"geometry":{"type":"LineString","coordinates":[[-73.14999389648438,11.0],[-73.0,10.91265869140625]]}},{"type":"Feature","properties":{},"geometry":{"type":"LineString","coordinates":[[-72.71471405029297,10.391670227050781],[-72.60388946533203,10.565559387207031],[-72.40917205810547,10.636940002441406],[-72.26555633544922,10.426948547363281],[-72.0,10.302284240722656]]}},{"type":"Feature","properties":{},"geometry":{"type":"LineString","coordinates":[[-70.33361053466797,10.613334655761719],[-70.33222198486328,10.659996032714844],[-70.13417053222656,10.8558349609375],[-70.16888427734375,10.883331298828125],[-70.12541198730469,11.0]]}},{"type":"Feature","properties":{},"geometry":{"type":"LineString","coordinates":[[-69.814453125,10.0],[-69.7316665649414,10.482215881347656],[-69.58722686767578,10.674995422363281],[-69.50833892822266,10.695823669433594]]}},{"type":"Feature","properties":{},"geometry":{"type":"LineString","coordinates":[[-69.0,10.419609069824219],[-68.82945251464844,10.562217712402344],[-68.65250396728516,10.611671447753906],[-68.52721405029297,10.599998474121094],[-68.30167388916016,10.689170837402344]]}},{"type":"Feature","properties":{},"geometry":{"type":"LineString","coordinates":[[-67.0,10.19244384765625],[-66.76083374023438,10.129440307617188],[-66.6641616821289,10.22528076171875],[-66.06611633300781,10.258064270019531],[-66.0,10.379661560058594]]}},{"type":"Feature","properties":{},"geometry":{"type":"LineString","coordinates":[[-85.04360961914062,9.850830078125],[-85.16221618652344,9.863616943359375],[-85.20027160644531,9.752227783203125],[-85.24055480957031,9.7388916015625]]}},{"type":"Feature","properties":{},"geometry":{"type":"LineString","coordinates":[[-83.6399917602539,9.593605041503906],[-83.84361267089844,9.810287475585938],[-83.64055633544922,9.84527587890625],[-83.5871810913086,10.0]]}},{"type":"Feature","properties":{},"geometry":{"type":"LineString","coordinates":[[-83.79750061035156,9.597770690917969],[-83.81138610839844,9.530006408691406],[-83.93527221679688,9.474174499511719],[-83.94833374023438,9.429161071777344],[-84.0,9.441673278808594]]}},{"type":"Feature","properties":{},"geometry":{"type":"LineString","coordinates":[[-83.17805480957031,9.310279846191406],[-83.21221923828125,9.18194580078125],[-83.18586730957031,9.0]]}},{"type":"Feature","properties":{},"geometry":{"type":"LineString","coordinates":[[-79.25332641601562,9.278053283691406],[-79.11500549316406,9.275276184082031],[-79.0513916015625,9.127777099609375]]}},{"type":"Feature","properties":{},"geometry":{"type":"LineString","coordinates":[[-79.41194915771484,9.397773742675781],[-79.28778839111328,9.495002746582031],[-79.30388641357422,9.552772521972656]]}},{"type":"Feature","properties":{},"geometry":{"type":"LineString","coordinates":[[-75.85552978515625,9.0],[-75.8336181640625,9.225555419921875],[-75.91610717773438,9.276657104492188],[-75.80751037597656,9.390830993652344]]}},{"type":"Feature","properties":{},"geometry":{"type":"LineString","coordinates":[[-73.54256439208984,10.0],[-73.75361633300781,9.556114196777344],[-73.68498992919922,9.395835876464844],[-73.78611755371094,9.161666870117188]]}},{"type":"Feature","properties":{},"geometry":{"type":"LineString","coordinates":[[-72.3215560913086,9.0],[-72.20332336425781,9.135833740234375],[-72.04888916015625,9.127212524414062],[-72.0,9.171966552734375]]}},{"type":"Feature","properties":{},"geometry":{"type":"LineString","coordinates":[[-72.95527648925781,9.428886413574219],[-72.92083740234375,9.298332214355469],[-72.62776947021484,9.409446716308594],[-72.46138763427734,9.435829162597656],[-72.26693725585938,9.450279235839844],[-72.04777526855469,9.602775573730469],[-72.01167297363281,9.669441223144531]]}},{"type":"Feature","properties":{},"geometry":{"type":"LineString","coordinates":[[-72.0,9.171966552734375],[-71.86582946777344,9.265274047851562],[-71.84527587890625,9.328056335449219],[-71.76360321044922,9.331398010253906],[-71.73417663574219,9.376670837402344]]}},{"type":"Feature","properties":{},"geometry":{"type":"LineString","coordinates":[[-69.84805297851562,9.596946716308594],[-69.97166442871094,9.483894348144531],[-69.99055480957031,9.335838317871094],[-69.78306579589844,9.0]]}},{"type":"Feature","properties":{},"geometry":{"type":"LineString","coordinates":[[-69.83889770507812,9.549995422363281],[-69.85333251953125,9.252212524414062],[-69.66361236572266,9.0736083984375],[-69.35639190673828,9.0]]}},{"type":"Feature","properties":{},"geometry":{"type":"LineString","coordinates":[[-70.0,9.559120178222656],[-69.97694396972656,9.663887023925781],[-69.8961181640625,9.664726257324219],[-69.81083679199219,9.759445190429688],[-69.814453125,10.0]]}},{"type":"Feature","properties":{},"geometry":{"type":"LineString","coordinates":[[-68.0,9.743057250976562],[-68.08221435546875,9.646385192871094],[-68.06944274902344,9.469993591308594],[-68.10777282714844,9.337226867675781],[-68.0272216796875,9.169158935546875],[-68.0,9.059951782226562]]}},{"type":"Feature","properties":{},"geometry":{"type":"LineString","coordinates":[[-67.81195068359375,9.912216186523438],[-67.62055206298828,9.515556335449219],[-67.54138946533203,9.17138671875],[-67.67737579345703,9.0]]}},{"type":"Feature","properties":{},"geometry":{"type":"LineString","coordinates":[[-66.3340072631836,10.0],[-66.18527221679688,9.771392822265625],[-66.41832733154297,9.432777404785156],[-66.70333099365234,9.246658325195312],[-66.8699951171875,9.082778930664062],[-66.91441345214844,9.0]]}},{"type":"Feature","properties":{},"geometry":{"type":"LineString","coordinates":[[-66.2127685546875,9.628059387207031],[-66.18638610839844,9.577491760253906],[-66.25806427001953,9.503608703613281],[-66.2227783203125,9.384452819824219],[-66.25497436523438,9.0]]}},{"type":"Feature","properties":{},"geometry":{"type":"LineString","coordinates":[[-65.0,9.122360229492188],[-65.16526794433594,9.178329467773438],[-65.28528594970703,9.381950378417969],[-65.22221374511719,9.511665344238281]]}},{"type":"Feature","properties":{},"geometry":{"type":"LineString","coordinates":[[-65.22221374511719,9.511665344238281],[-65.11749267578125,9.725830078125],[-65.19332885742188,9.916107177734375],[-65.16619873046875,10.0]]}},{"type":"Feature","properties":{},"geometry":{"type":"LineString","coordinates":[[-64.25861358642578,9.627494812011719],[-64.34528350830078,9.533058166503906],[-64.5311050415039,9.738044738769531],[-64.64749908447266,10.0]]}},{"type":"Feature","properties":{},"geometry":{"type":"LineString","coordinates":[[-64.0,9.20233154296875],[-63.390281677246094,9.410285949707031],[-63.20332336425781,9.496940612792969],[-63.0,9.591300964355469]]}},{"type":"Feature","properties":{},"geometry":{"type":"LineString","coordinates":[[-63.0,9.591300964355469],[-62.82945251464844,9.637214660644531],[-62.6522216796875,9.741935729980469],[-62.50916290283203,9.817779541015625],[-62.44361114501953,9.929718017578125]]}},{"type":"Feature","properties":{},"geometry":{"type":"LineString","coordinates":[[-63.0,9.341758728027344],[-62.580284118652344,9.299446105957031],[-62.491111755371094,9.332221984863281],[-62.416114807128906,9.443061828613281]]}},{"type":"Feature","properties":{},"geometry":{"type":"LineString","coordinates":[[-62.05389404296875,9.072219848632812],[-62.1280517578125,9.160552978515625],[-62.08721923828125,9.374168395996094],[-62.21221923828125,9.383613586425781],[-62.21083068847656,9.634437561035156]]}},{"type":"Feature","properties":{},"geometry":{"type":"LineString","coordinates":[[-62.133880615234375,9.581108093261719],[-62.04972839355469,9.684165954589844],[-62.0,9.651298522949219]]}},{"type":"Feature","properties":{},"geometry":{"type":"LineString","coordinates":[[-61.8255615234375,9.042495727539062],[-61.559715270996094,9.126388549804688],[-61.464439392089844,9.2177734375],[-61.434165954589844,9.343620300292969],[-61.21722412109375,9.573890686035156]]}},{"type":"Feature","properties":{},"geometry":{"type":"LineString","coordinates":[[-61.837066650390625,9.0],[-61.86334228515625,9.096939086914062],[-61.8125,9.237213134765625],[-61.654998779296875,9.466117858886719]]}},{"type":"Feature","properties":{},"geometry":{"type":"LineString","coordinates":[[-61.87944030761719,9.189163208007812],[-61.51555633544922,9.664726257324219],[-61.57917022705078,9.791397094726562]]}},{"type":"Feature","properties":{},"geometry":{"type":"LineString","coordinates":[[-61.801116943359375,9.245559692382812],[-61.66583251953125,9.371665954589844],[-61.59416961669922,9.564445495605469]]}},{"type":"Feature","properties":{},"geometry":{"type":"LineString","coordinates":[[-83.32250213623047,8.79083251953125],[-83.37471771240234,8.827499389648438],[-83.41222381591797,8.803619384765625],[-83.48139190673828,8.8638916015625],[-83.57721710205078,8.792221069335938]]}},{"type":"Feature","properties":{},"geometry":{"type":"LineString","coordinates":[[-83.00250244140625,8.825836181640625],[-83.09443664550781,8.837783813476562],[-83.13166809082031,8.945281982421875],[-83.22332763671875,8.973617553710938]]}},{"type":"Feature","properties":{},"geometry":{"type":"LineString","coordinates":[[-82.52582550048828,8.854721069335938],[-82.78445434570312,8.588050842285156],[-82.82777404785156,8.461387634277344],[-82.68639373779297,8.318336486816406]]}},{"type":"Feature","properties":{},"geometry":{"type":"LineString","coordinates":[[-82.4675064086914,8.820831298828125],[-82.43582916259766,8.673057556152344],[-82.28278350830078,8.466667175292969],[-82.41889190673828,8.324165344238281]]}},{"type":"Feature","properties":{},"geometry":{"type":"LineString","coordinates":[[-82.62444305419922,8.74139404296875],[-82.66638946533203,8.582496643066406],[-82.6211166381836,8.449165344238281],[-82.6308364868164,8.313056945800781]]}},{"type":"Feature","properties":{},"geometry":{"type":"LineString","coordinates":[[-82.1602783203125,8.612770080566406],[-82.29277801513672,8.429725646972656]]}},{"type":"Feature","properties":{},"geometry":{"type":"LineString","coordinates":[[-81.52111053466797,8.484443664550781],[-81.51055145263672,8.24749755859375],[-81.61222076416016,8.137496948242188],[-81.63416290283203,8.028610229492188],[-81.68250274658203,8.030548095703125]]}},{"type":"Feature","properties":{},"geometry":{"type":"LineString","coordinates":[[-81.6480484008789,8.526390075683594],[-81.61750030517578,8.360008239746094],[-81.57416534423828,8.351112365722656],[-81.61722564697266,8.254173278808594],[-81.55416107177734,8.1744384765625]]}},{"type":"Feature","properties":{},"geometry":{"type":"LineString","coordinates":[[-81.68250274658203,8.563331604003906],[-81.63249969482422,8.579170227050781],[-81.56722259521484,8.836944580078125]]}},{"type":"Feature","properties":{},"geometry":{"type":"LineString","coordinates":[[-81.24305725097656,8.566383361816406],[-81.20777893066406,8.610282897949219],[-81.2208251953125,8.784164428710938]]}},{"type":"Feature","properties":{},"geometry":{"type":"LineString","coordinates":[[-80.12249755859375,8.692230224609375],[-80.25499725341797,8.724166870117188],[-80.53166961669922,8.91888427734375],[-80.56510162353516,9.0]]}},{"type":"Feature","properties":{},"geometry":{"type":"LineString","coordinates":[[-80.14833068847656,8.636665344238281],[-80.22250366210938,8.621665954589844],[-80.43054962158203,8.460838317871094],[-80.42806243896484,8.333061218261719]]}},{"type":"Feature","properties":{},"geometry":{"type":"LineString","coordinates":[[-80.05555725097656,8.690834045410156],[-80.03335571289062,9.0]]}},{"type":"Feature","properties":{},"geometry":{"type":"LineString","coordinates":[[-79.95222473144531,8.753616333007812],[-79.88417053222656,8.837509155273438],[-79.7391586303711,8.9022216796875],[-79.69971466064453,8.860565185546875]]}},{"type":"Feature","properties":{},"geometry":{"type":"LineString","coordinates":[[-79.99055480957031,8.648048400878906],[-79.83111572265625,8.548881530761719]]}},{"type":"Feature","properties":{},"geometry":{"type":"LineString","coordinates":[[-78.45471954345703,8.74139404296875],[-78.48499298095703,8.683052062988281],[-78.40528106689453,8.545005798339844]]}},{"type":"Feature","properties":{},"geometry":{"type":"LineString","coordinates":[[-77.4447250366211,8.469993591308594],[-77.5230484008789,8.372230529785156],[-77.5683364868164,8.388328552246094],[-77.62389373779297,8.250274658203125],[-77.69304656982422,8.207778930664062]]}},{"type":"Feature","properties":{},"geometry":{"type":"LineString","coordinates":[[-77.3052749633789,8.2913818359375],[-77.26499938964844,8.351112365722656],[-77.21028137207031,8.345832824707031],[-77.2763900756836,8.501106262207031]]}},{"type":"Feature","properties":{},"geometry":{"type":"LineString","coordinates":[[-76.24467468261719,8.0],[-76.08027648925781,8.338050842285156],[-76.04638671875,8.673332214355469],[-76.0,8.731025695800781]]}},{"type":"Feature","properties":{},"geometry":{"type":"LineString","coordinates":[[-75.40833282470703,8.0],[-75.06832885742188,8.460838317871094],[-75.08888244628906,8.716667175292969],[-75.0,8.879440307617188]]}},{"type":"Feature","properties":{},"geometry":{"type":"LineString","coordinates":[[-74.0,8.976028442382812],[-74.17138671875,8.845565795898438],[-74.30278778076172,8.813064575195312],[-74.4972152709961,8.918060302734375]]}},{"type":"Feature","properties":{},"geometry":{"type":"LineString","coordinates":[[-72.60295867919922,8.0],[-72.54582977294922,8.145553588867188],[-72.31555938720703,8.524726867675781],[-72.31221771240234,8.895828247070312],[-72.3215560913086,9.0]]}},{"type":"Feature","properties":{},"geometry":{"type":"LineString","coordinates":[[-71.0,8.689552307128906],[-71.34778594970703,8.489173889160156],[-71.57222747802734,8.483604431152344],[-71.69611358642578,8.758331298828125],[-71.60193634033203,8.974166870117188]]}},{"type":"Feature","properties":{},"geometry":{"type":"LineString","coordinates":[[-70.3258285522461,9.0],[-70.15415954589844,8.916397094726562],[-70.0,8.667503356933594]]}},{"type":"Feature","properties":{},"geometry":{"type":"LineString","coordinates":[[-69.78306579589844,9.0],[-69.57250213623047,8.830001831054688],[-69.43416595458984,8.718055725097656],[-69.10943603515625,8.644996643066406],[-69.0,8.647605895996094]]}},{"type":"Feature","properties":{},"geometry":{"type":"LineString","coordinates":[[-69.35639190673828,9.0],[-69.19694519042969,8.929718017578125],[-69.0,8.94305419921875]]}},{"type":"Feature","properties":{},"geometry":{"type":"LineString","coordinates":[[-70.0,8.667503356933594],[-69.80027770996094,8.424720764160156],[-69.5230484008789,8.209442138671875],[-69.43250274658203,8.067779541015625]]}},{"type":"Feature","properties":{},"geometry":{"type":"LineString","coordinates":[[-69.0,8.647605895996094],[-68.7088851928711,8.539436340332031],[-68.54749298095703,8.590827941894531],[-68.185546875,8.320838928222656],[-68.0,8.331108093261719]]}},{"type":"Feature","properties":{},"geometry":{"type":"LineString","coordinates":[[-69.0,8.94305419921875],[-68.65499114990234,8.878341674804688],[-68.42028045654297,8.8477783203125],[-68.25527954101562,8.770843505859375],[-68.19332885742188,8.776107788085938]]}},{"type":"Feature","properties":{},"geometry":{"type":"LineString","coordinates":[[-67.0,8.817626953125],[-67.28694915771484,8.846115112304688],[-67.4316635131836,8.757781982421875]]}},{"type":"Feature","properties":{},"geometry":{"type":"LineString","coordinates":[[-67.67737579345703,9.0],[-67.81083679199219,8.656379699707031],[-67.88333129882812,8.583610534667969],[-67.85694885253906,8.415840148925781],[-67.90777587890625,8.394447326660156]]}},{"type":"Feature","properties":{},"geometry":{"type":"LineString","coordinates":[[-66.25497436523438,9.0],[-66.31694793701172,8.850555419921875],[-66.24805450439453,8.461952209472656],[-66.27584075927734,8.337776184082031],[-66.20033264160156,8.0]]}},{"type":"Feature","properties":{},"geometry":{"type":"LineString","coordinates":[[-65.0,8.738754272460938],[-65.07611083984375,8.759170532226562],[-65.14805603027344,8.728614807128906],[-65.19776916503906,8.379173278808594],[-65.49187469482422,8.0]]}},{"type":"Feature","properties":{},"geometry":{"type":"LineString","coordinates":[[-64.48583221435547,8.895004272460938],[-64.63304901123047,8.701667785644531],[-64.39667510986328,8.406944274902344],[-64.31305694580078,8.125823974609375],[-64.34027862548828,8.050003051757812]]}},{"type":"Feature","properties":{},"geometry":{"type":"LineString","coordinates":[[-62.0,8.702934265136719],[-61.58222198486328,8.79638671875],[-61.436668395996094,8.967498779296875],[-61.35400390625,9.0]]}},{"type":"Feature","properties":{},"geometry":{"type":"LineString","coordinates":[[-61.86195373535156,8.913894653320312],[-61.8013916015625,8.909164428710938],[-61.665313720703125,9.0]]}},{"type":"Feature","properties":{},"geometry":{"type":"LineString","coordinates":[[-61.516395568847656,8.669166564941406],[-61.37000274658203,8.719718933105469],[-61.27110290527344,8.756393432617188],[-61.11778259277344,8.883056640625]]}},{"type":"Feature","properties":{},"geometry":{"type":"LineString","coordinates":[[-61.68888854980469,8.73388671875],[-61.59221649169922,8.977218627929688]]}},{"type":"Feature","properties":{},"geometry":{"type":"LineString","coordinates":[[-60.0,8.248611450195312],[-60.36139678955078,8.326393127441406],[-60.614158630371094,8.389442443847656],[-60.896392822265625,8.581108093261719]]}},{"type":"Feature","properties":{},"geometry":{"type":"LineString","coordinates":[[-60.14833068847656,8.0],[-60.02333068847656,8.0413818359375],[-60.0,8.103958129882812]]}},{"type":"Feature","properties":{},"geometry":{"type":"LineString","coordinates":[[-59.512535095214844,8.0],[-59.61444854736328,8.146102905273438],[-59.733612060546875,8.22332763671875],[-59.787506103515625,8.340827941894531]]}},{"type":"Feature","properties":{},"geometry":{"type":"LineString","coordinates":[[-80.7822265625,7.725547790527344],[-80.57694244384766,7.683601379394531],[-80.4830551147461,7.9366607666015625],[-80.38199615478516,8.0]]}},{"type":"Feature","properties":{},"geometry":{"type":"LineString","coordinates":[[-80.70499420166016,7.523338317871094],[-80.6097183227539,7.545280456542969],[-80.5505599975586,7.489723205566406],[-80.56055450439453,7.455284118652344],[-80.36417388916016,7.361106872558594]]}},{"type":"Feature","properties":{},"geometry":{"type":"LineString","coordinates":[[-78.0977783203125,7.73388671875],[-78.05972290039062,7.663887023925781],[-78.0594482421875,7.509162902832031],[-78.14971923828125,7.515007019042969]]}},{"type":"Feature","properties":{},"geometry":{"type":"LineString","coordinates":[[-77.70000457763672,7.594718933105469],[-77.6016616821289,7.305000305175781],[-77.4272232055664,7.387779235839844],[-77.11138916015625,7.432777404785156]]}},{"type":"Feature","properties":{},"geometry":{"type":"LineString","coordinates":[[-77.5505599975586,7.2302703857421875],[-77.55750274658203,7.12249755859375],[-77.50167083740234,7.0316619873046875],[-77.31945037841797,7.1594390869140625],[-77.18861389160156,7.1941680908203125]]}},{"type":"Feature","properties":{},"geometry":{"type":"LineString","coordinates":[[-77.7411117553711,7.459449768066406],[-77.78388977050781,7.22528076171875],[-77.76055145263672,7.1161041259765625]]}},{"type":"Feature","properties":{},"geometry":{"type":"LineString","coordinates":[[-77.5361099243164,7.73388671875],[-77.49500274658203,7.93499755859375]]}},{"type":"Feature","properties":{},"geometry":{"type":"LineString","coordinates":[[-76.0,7.193328857421875],[-76.18415832519531,7.706947326660156],[-76.29528045654297,7.928619384765625],[-76.24467468261719,8.0]]}},{"type":"Feature","properties":{},"geometry":{"type":"LineString","coordinates":[[-75.90638732910156,7.171661376953125],[-75.89389038085938,7.480003356933594],[-75.83833312988281,7.8336181640625],[-75.75170135498047,8.0]]}},{"type":"Feature","properties":{},"geometry":{"type":"LineString","coordinates":[[-75.60274505615234,8.0],[-75.51917266845703,7.945556640625],[-75.40833282470703,8.0]]}},{"type":"Feature","properties":{},"geometry":{"type":"LineString","coordinates":[[-75.0,7.1892242431640625],[-74.92832946777344,7.485282897949219],[-74.81666564941406,7.7711181640625],[-74.81498718261719,8.0]]}},{"type":"Feature","properties":{},"geometry":{"type":"LineString","coordinates":[[-72.7013931274414,7.327781677246094],[-72.7822265625,7.616935729980469],[-72.70804595947266,7.8083343505859375],[-72.58777618408203,7.9255523681640625],[-72.60295867919922,8.0]]}},{"type":"Feature","properties":{},"geometry":{"type":"LineString","coordinates":[[-72.0,7.249725341796875],[-71.73638153076172,7.1844482421875],[-71.3872299194336,7.1869354248046875],[-71.21916198730469,7.10638427734375],[-71.0,7.1626739501953125]]}},{"type":"Feature","properties":{},"geometry":{"type":"LineString","coordinates":[[-71.0,7.1626739501953125],[-70.92083740234375,7.130279541015625],[-70.87944030761719,7.1858367919921875],[-70.63750457763672,7.284721374511719]]}},{"type":"Feature","properties":{},"geometry":{"type":"LineString","coordinates":[[-67.24388122558594,7.7752838134765625],[-67.14389038085938,7.717781066894531],[-67.06027221679688,7.724998474121094],[-67.05917358398438,7.673881530761719],[-67.0,7.649299621582031]]}},{"type":"Feature","properties":{},"geometry":{"type":"LineString","coordinates":[[-68.0,7.884429931640625],[-67.87388610839844,7.8566741943359375],[-67.74667358398438,7.9072265625],[-67.50499725341797,7.907501220703125]]}},{"type":"Feature","properties":{},"geometry":{"type":"LineString","coordinates":[[-67.0,7.649299621582031],[-66.8497314453125,7.626106262207031],[-66.52721405029297,7.686668395996094],[-66.4111099243164,7.633323669433594]]}},{"type":"Feature","properties":{},"geometry":{"type":"LineString","coordinates":[[-60.548606872558594,7.204437255859375],[-60.39167022705078,7.340003967285156],[-60.16444396972656,7.2438812255859375],[-60.0,7.280693054199219]]}},{"type":"Feature","properties":{},"geometry":{"type":"LineString","coordinates":[[-60.6864013671875,7.479728698730469],[-60.67250061035156,7.526664733886719],[-60.572776794433594,7.568061828613281],[-60.15110778808594,7.673881530761719],[-60.0,7.586906433105469]]}},{"type":"Feature","properties":{},"geometry":{"type":"LineString","coordinates":[[-60.0,7.280693054199219],[-59.834442138671875,7.356117248535156],[-59.56249237060547,7.329719543457031],[-59.548057556152344,7.518058776855469],[-59.31111145019531,7.636390686035156],[-59.26611328125,7.78277587890625],[-59.259490966796875,8.0]]}},{"type":"Feature","properties":{},"geometry":{"type":"LineString","coordinates":[[-60.0,7.586906433105469],[-59.70973205566406,7.558891296386719],[-59.545555114746094,7.885284423828125],[-59.512535095214844,8.0]]}},{"type":"Feature","properties":{},"geometry":{"type":"LineString","coordinates":[[-75.60027313232422,6.0316619873046875],[-75.5869369506836,6.1941680908203125],[-75.37194061279297,6.421394348144531],[-75.11500549316406,6.776947021484375],[-75.185546875,6.8947296142578125],[-75.07695007324219,7.0]]}},{"type":"Feature","properties":{},"geometry":{"type":"LineString","coordinates":[[-73.5038833618164,6.1399993896484375],[-73.32555389404297,6.392784118652344],[-73.25638580322266,6.693336486816406],[-73.19833374023438,6.7761077880859375]]}},{"type":"Feature","properties":{},"geometry":{"type":"LineString","coordinates":[[-72.3338851928711,6.341117858886719],[-72.32971954345703,6.2402801513671875],[-72.24388122558594,6.1286163330078125],[-72.1058349609375,6.0827789306640625],[-72.0,6.150421142578125]]}},{"type":"Feature","properties":{},"geometry":{"type":"LineString","coordinates":[[-72.0,6.150421142578125],[-71.59027862548828,6.19610595703125],[-71.4625015258789,6.2438812255859375],[-71.2208251953125,6.292228698730469],[-71.0,6.240875244140625]]}},{"type":"Feature","properties":{},"geometry":{"type":"LineString","coordinates":[[-71.0,6.240875244140625],[-70.38916778564453,6.299171447753906],[-70.04833984375,6.184722900390625],[-70.0,6.1483917236328125]]}},{"type":"Feature","properties":{},"geometry":{"type":"LineString","coordinates":[[-70.0,6.1483917236328125],[-69.84333801269531,6.0352783203125]]}},{"type":"Feature","properties":{},"geometry":{"type":"LineString","coordinates":[[-61.3182373046875,6.0],[-61.10804748535156,6.1966705322265625],[-61.158050537109375,6.334449768066406],[-61.2047119140625,6.574440002441406],[-61.13804626464844,6.701942443847656]]}},{"type":"Feature","properties":{},"geometry":{"type":"LineString","coordinates":[[-61.550514221191406,6.0],[-61.56139373779297,6.2522125244140625],[-61.578880310058594,6.308616638183594],[-61.64472961425781,6.491661071777344],[-61.63722229003906,6.656379699707031],[-61.60778045654297,6.713600158691406]]}},{"type":"Feature","properties":{},"geometry":{"type":"LineString","coordinates":[[-59.93638610839844,6.8249969482421875],[-59.83805847167969,6.7624969482421875],[-59.785552978515625,6.8141632080078125]]}},{"type":"Feature","properties":{},"geometry":{"type":"LineString","coordinates":[[-58.279632568359375,6.0],[-58.29277038574219,6.071380615234375],[-58.25360107421875,6.1300048828125],[-58.30638122558594,6.465553283691406],[-58.25389099121094,6.528327941894531]]}},{"type":"Feature","properties":{},"geometry":{"type":"LineString","coordinates":[[-58.98944091796875,6.644721984863281],[-58.87110900878906,6.507225036621094]]}},{"type":"Feature","properties":{},"geometry":{"type":"LineString","coordinates":[[-77.15702819824219,6.0],[-77.149169921875,5.866668701171875],[-77.0574951171875,5.8516693115234375],[-77.07444763183594,5.7802886962890625],[-77.0,5.651985168457031]]}},{"type":"Feature","properties":{},"geometry":{"type":"LineString","coordinates":[[-77.0,5.122772216796875],[-77.05055236816406,5.0972137451171875],[-77.0655517578125,5.011383056640625],[-77.14527893066406,5.0394439697265625],[-77.20497131347656,5.0]]}},{"type":"Feature","properties":{},"geometry":{"type":"LineString","coordinates":[[-76.02444458007812,5.472785949707031],[-76.47472381591797,5.316947937011719],[-76.68250274658203,5.1663818359375],[-76.73695373535156,5.0]]}},{"type":"Feature","properties":{},"geometry":{"type":"LineString","coordinates":[[-77.0,5.587776184082031],[-76.98638916015625,5.400550842285156],[-76.93833923339844,5.368888854980469],[-76.92333984375,5.23193359375],[-77.0,5.158538818359375]]}},{"type":"Feature","properties":{},"geometry":{"type":"LineString","coordinates":[[-73.78639221191406,5.503608703613281],[-73.790283203125,5.619163513183594],[-73.7024917602539,5.80389404296875],[-73.71666717529297,5.8699951171875],[-73.6288833618164,5.9227752685546875]]}},{"type":"Feature","properties":{},"geometry":{"type":"LineString","coordinates":[[-73.68054962158203,5.310554504394531],[-73.76499938964844,5.319450378417969],[-73.74610137939453,5.430274963378906]]}},{"type":"Feature","properties":{},"geometry":{"type":"LineString","coordinates":[[-59.55974578857422,5.0],[-59.53083038330078,5.08917236328125],[-59.500282287597656,5.1597137451171875],[-59.217498779296875,5.345558166503906],[-59.0,5.358787536621094]]}},{"type":"Feature","properties":{},"geometry":{"type":"LineString","coordinates":[[-58.49500274658203,5.0],[-58.633056640625,5.1288909912109375],[-58.53972625732422,5.315010070800781],[-58.45111846923828,5.399726867675781],[-58.35333251953125,5.790557861328125],[-58.279632568359375,6.0]]}},{"type":"Feature","properties":{},"geometry":{"type":"LineString","coordinates":[[-56.13629150390625,5.0],[-56.05638122558594,5.297782897949219],[-56.04583740234375,5.342231750488281],[-56.0,5.464149475097656]]}},{"type":"Feature","properties":{},"geometry":{"type":"LineString","coordinates":[[-56.0,5.464149475097656],[-55.91389465332031,5.543617248535156],[-55.97528076171875,5.636116027832031],[-55.89860534667969,5.671104431152344]]}},{"type":"Feature","properties":{},"geometry":{"type":"LineString","coordinates":[[-55.0,5.15228271484375],[-55.07916259765625,5.1319427490234375],[-55.046112060546875,5.245277404785156],[-55.09083557128906,5.289726257324219],[-55.0,5.384864807128906]]}},{"type":"Feature","properties":{},"geometry":{"type":"LineString","coordinates":[[-55.0,5.433998107910156],[-55.09361267089844,5.610832214355469],[-55.122222900390625,5.725547790527344],[-55.127777099609375,5.8222198486328125]]}},{"type":"Feature","properties":{},"geometry":{"type":"LineString","coordinates":[[-54.992279052734375,5.0],[-55.0,5.15228271484375]]}},{"type":"Feature","properties":{},"geometry":{"type":"LineString","coordinates":[[-53.782867431640625,5.0],[-53.67695617675781,5.184722900390625],[-53.68000793457031,5.364173889160156],[-53.80751037597656,5.716102600097656],[-53.910552978515625,5.75750732421875]]}},{"type":"Feature","properties":{},"geometry":{"type":"LineString","coordinates":[[-53.0,5.1674957275390625],[-52.94805908203125,5.376945495605469],[-53.0,5.446250915527344]]}}]}