{"type":"Feature","properties":{"class":"medium"},"geometry":{"type":"MultiLineString","coordinates":[[[-148.0,66.25794219970703],[-148.49000549316406,66.20138549804688],[-148.5902862548828,66.12416076660156],[-148.7272186279297,66.11221313476562],[-148.76194763183594,66.05027770996094],[-148.84222412109375,66.09388732910156],[-149.0,66.07145690917969]],[[-147.0,66.4427719116211],[-147.2241668701172,66.34722137451172],[-147.58306884765625,66.33861541748047],[-147.61944580078125,66.3116683959961],[-147.5900115966797,66.26334381103516],[-147.68251037597656,66.2880630493164],[-147.74722290039062,66.24500274658203],[-148.0,66.25794219970703]],[[-146.0,66.5768051147461],[-146.78778076171875,66.5027847290039],[-147.0,66.4427719116211]],[[-145.0,66.43732452392578],[-145.17471313476562,66.48055267333984],[-145.3316650390625,66.57917022705078],[-145.82945251464844,66.60916900634766]],[[-144.16244506835938,66.0],[-144.34971618652344,66.04722595214844],[-144.38861083984375,66.10360717773438],[-144.8238983154297,66.3147201538086],[-144.89138793945312,66.4061050415039],[-145.0,66.43732452392578]],[[-153.0,65.17546081542969],[-153.1074981689453,65.17805480957031],[-153.2466583251953,65.10055541992188],[-153.55416870117188,65.13166809082031],[-154.0,65.03324890136719]],[[-152.03916931152344,65.16110229492188],[-152.22694396972656,65.17166137695312],[-152.44387817382812,65.10472106933594],[-152.69305419921875,65.14805603027344],[-152.77806091308594,65.20193481445312],[-153.0,65.17546081542969]],[[-151.0,65.3669662475586],[-151.19277954101562,65.27943420410156],[-151.42027282714844,65.25972747802734],[-151.5030517578125,65.19248962402344],[-152.0,65.17657470703125]],[[-149.15443420410156,66.0],[-149.2322235107422,65.97721862792969],[-149.2355499267578,65.91082763671875],[-149.27999877929688,65.88082885742188],[-149.7966766357422,65.88778686523438],[-149.79861450195312,65.85000610351562],[-150.0,65.82672119140625]],[[-143.0,65.3564224243164],[-143.45111083984375,65.3697280883789],[-143.67279052734375,65.45027923583984],[-143.7130584716797,65.5405502319336],[-143.79861450195312,65.58638763427734],[-144.0,65.59624481201172]],[[-142.0,65.29134368896484],[-142.17999267578125,65.34667205810547],[-142.44305419921875,65.3358383178711],[-142.61277770996094,65.4030532836914],[-142.80166625976562,65.32305145263672],[-143.0,65.3564224243164]],[[-157.0,64.7426986694336],[-157.0800018310547,64.81416320800781],[-157.41665649414062,64.80528259277344],[-157.51834106445312,64.85972595214844],[-157.9116668701172,64.85472106933594]],[[-156.0,64.71741485595703],[-156.17971801757812,64.72443389892578],[-156.74667358398438,64.63472747802734],[-156.78334045410156,64.6544418334961],[-156.76361083984375,64.7186050415039],[-157.0,64.7426986694336]],[[-155.0,64.88124084472656],[-155.17416381835938,64.86056518554688],[-155.49415588378906,64.74805450439453],[-155.73361206054688,64.76472473144531],[-156.0,64.71741485595703]],[[-154.10777282714844,65.0],[-154.32720947265625,64.91778564453125],[-154.69223022460938,64.93804931640625],[-155.0,64.88124084472656]],[[-141.0,64.68901824951172],[-141.05999755859375,64.70694732666016],[-141.0675048828125,64.77027130126953],[-141.20083618164062,64.79360961914062],[-141.100830078125,64.87417602539062],[-141.20277404785156,64.89582824707031],[-141.1841583251953,64.95472717285156],[-141.35777282714844,64.93000793457031],[-141.38499450683594,64.95222473144531],[-141.3578643798828,65.0]],[[-139.6395721435547,64.0],[-139.49111938476562,64.02667236328125],[-139.44583129882812,64.08139038085938],[-139.6058349609375,64.25138854980469],[-140.0,64.3279800415039]],[[-123.25797271728516,63.0],[-123.33722686767578,63.155548095703125],[-123.63860321044922,63.291107177734375],[-123.76139831542969,63.554161071777344],[-124.0,63.793060302734375]],[[-138.0,62.81123352050781],[-138.38665771484375,62.78584289550781],[-138.6586151123047,62.87110900878906],[-139.0,62.900146484375]],[[-137.0,62.63127136230469],[-137.473876953125,62.8125],[-138.0,62.81123352050781]],[[-134.13812255859375,61.0],[-134.37916564941406,61.17083740234375],[-134.60472106933594,61.24693298339844],[-134.651123046875,61.29554748535156],[-134.6616668701172,61.48833465576172],[-134.79444885253906,61.48778533935547],[-134.91000366210938,61.562217712402344]],[[-123.0,61.093048095703125],[-122.89027404785156,61.10249328613281],[-122.69554901123047,61.25721740722656],[-122.0,61.36699676513672]],[[-122.0,61.36699676513672],[-121.54999542236328,61.447776794433594],[-121.4013900756836,61.57054901123047],[-121.44416046142578,61.65556335449219],[-121.22416687011719,61.7197265625],[-121.18888854980469,61.793060302734375]],[[-113.18319702148438,61.0],[-113.09333801269531,61.04472351074219],[-113.20639038085938,61.093048095703125],[-113.14250183105469,61.17054748535156],[-113.23582458496094,61.209716796875],[-113.17471313476562,61.24305725097656],[-113.27388763427734,61.223602294921875],[-113.55416107177734,61.27388000488281],[-113.70526885986328,61.24444580078125]],[[-133.25582885742188,60.458335876464844],[-134.0,60.90995788574219]],[[-130.8369903564453,61.0],[-130.5661163330078,60.86138916015625],[-130.51417541503906,60.79833984375],[-130.10333251953125,60.72389221191406],[-130.0,60.67158508300781]],[[-131.10472106933594,59.179718017578125],[-131.08499145507812,59.12416076660156],[-131.28639221191406,59.06111145019531],[-131.78639221191406,59.1219482421875],[-131.96221923828125,59.28221130371094],[-132.0,59.40709686279297]],[[-127.0,59.6378173828125],[-126.5583267211914,59.58055877685547],[-126.19805908203125,59.435829162597656],[-126.0,59.40277862548828]],[[-126.0,59.40277862548828],[-125.8155517578125,59.45972442626953],[-125.78361511230469,59.40471649169922],[-125.33333587646484,59.274993896484375],[-125.03193664550781,59.32194519042969],[-125.0,59.369285583496094]],[[-112.87960815429688,59.0],[-112.81056213378906,59.10028076171875],[-112.65583038330078,59.16499328613281],[-112.14888000488281,59.06083679199219],[-112.0,59.10429382324219]],[[-111.41129302978516,59.0],[-111.42082977294922,59.130279541015625],[-111.36861419677734,59.20249938964844],[-111.5027847290039,59.2388916015625],[-111.37139129638672,59.30999755859375],[-111.46639251708984,59.43138885498047],[-111.40889739990234,59.61554718017578],[-111.51082611083984,59.70140075683594],[-111.53055572509766,59.776397705078125]],[[-116.0,58.41155242919922],[-115.88417053222656,58.46916961669922],[-115.68778228759766,58.39167022705078],[-115.54999542236328,58.43999481201172],[-115.26277923583984,58.348876953125],[-115.0,58.38568878173828]],[[-115.0,58.38568878173828],[-114.85556030273438,58.37165832519531],[-114.63860321044922,58.44361114501953],[-114.48944854736328,58.54332733154297],[-114.14471435546875,58.65333557128906],[-114.0,58.658477783203125]],[[-113.7088851928711,58.665008544921875],[-113.39472198486328,58.711944580078125],[-113.3919448852539,58.77250671386719],[-113.13694763183594,58.80805969238281],[-113.09361267089844,58.84111022949219],[-113.125,58.887786865234375],[-113.0,58.903411865234375]],[[-126.0,57.495643615722656],[-125.8861083984375,57.42528533935547],[-125.61194610595703,57.410560607910156],[-125.11393737792969,57.0]],[[-117.24665832519531,57.0],[-117.18028259277344,57.089447021484375],[-117.27943420410156,57.11888122558594],[-117.13221740722656,57.15415954589844],[-117.0816650390625,57.253326416015625],[-117.16416931152344,57.30555725097656],[-117.05027770996094,57.474449157714844],[-117.13555908203125,57.52056121826172],[-117.0,57.542030334472656]],[[-117.0,57.60575866699219],[-117.116943359375,57.63055419921875],[-117.06944274902344,57.68695068359375],[-117.13027954101562,57.749725341796875],[-117.00639343261719,57.76194763183594],[-117.13916015625,57.80389404296875],[-117.03860473632812,57.8477783203125],[-117.1602783203125,57.93556213378906],[-117.12666320800781,58.0]],[[-121.95584106445312,56.0],[-121.79806518554688,56.0977783203125],[-121.35639190673828,56.23443603515625],[-121.21583557128906,56.25944519042969],[-121.0,56.225555419921875]],[[-121.0,56.225555419921875],[-120.40999603271484,56.09832763671875],[-120.15194702148438,56.09638977050781],[-120.0,56.140045166015625]],[[-120.0,56.140045166015625],[-119.6611099243164,56.16444396972656],[-119.19027709960938,56.3135986328125],[-119.0,56.27464294433594]],[[-117.31888580322266,56.244720458984375],[-117.11027526855469,56.52361297607422],[-117.14888000488281,56.65306091308594],[-117.256103515625,56.70805358886719],[-117.18527221679688,56.7469482421875],[-117.28250885009766,56.752227783203125],[-117.28194427490234,56.84388732910156],[-117.3327865600586,56.86750793457031],[-117.2713851928711,56.89195251464844],[-117.24665832519531,57.0]],[[-94.0,56.544471740722656],[-93.49694061279297,56.81971740722656],[-93.42166900634766,56.89778137207031],[-93.0,56.91130065917969]],[[-118.82289123535156,56.0],[-118.75305938720703,55.94694519042969],[-118.44499969482422,55.894439697265625],[-118.0,55.911163330078125]],[[-97.0,55.252410888671875],[-96.77389526367188,55.44556427001953],[-96.76444244384766,55.552772521972656],[-96.5888900756836,55.82916259765625],[-96.53711700439453,56.0]],[[-112.0,53.921478271484375],[-111.75777435302734,53.90388488769531],[-111.72554779052734,53.7822265625],[-111.44361114501953,53.785003662109375],[-111.3777847290039,53.733612060546875],[-111.15083312988281,53.73944091796875],[-111.0,53.81956481933594]],[[-111.0,53.81956481933594],[-110.89582824707031,53.85472106933594],[-110.63304901123047,53.84666442871094],[-110.33611297607422,53.65556335449219],[-110.20361328125,53.689178466796875],[-110.0,53.591331481933594]],[[-106.0,53.172271728515625],[-105.96694946289062,53.13861083984375],[-105.81167602539062,53.19805908203125],[-105.21527099609375,53.25666809082031],[-105.0,53.226409912109375]],[[-105.0,53.226409912109375],[-104.84722900390625,53.13777160644531],[-104.7391586303711,53.209991455078125],[-104.4675064086914,53.228057861328125],[-104.31139373779297,53.29083251953125],[-104.06805419921875,53.29249572753906],[-104.0,53.37879180908203]],[[-116.0,52.39093780517578],[-115.7822265625,52.44361114501953],[-115.5677719116211,52.439170837402344],[-115.4366683959961,52.367767333984375],[-115.25527954101562,52.406105041503906],[-115.0,52.3408203125]],[[-108.0,52.55986785888672],[-107.83027648925781,52.544166564941406],[-107.39110565185547,52.33360290527344],[-107.0,52.375152587890625]],[[-107.0,52.375152587890625],[-106.91806030273438,52.46277618408203],[-106.83639526367188,52.64862060546875],[-106.47750091552734,52.88861083984375],[-106.38359832763672,53.0]],[[-106.0,48.010467529296875],[-105.97666931152344,48.03694152832031],[-105.88055419921875,48.0130615234375],[-105.87222290039062,48.043609619140625],[-105.80999755859375,48.01722717285156],[-105.46027374267578,48.10194396972656],[-105.0,48.07514953613281]],[[-105.0,48.07514953613281],[-104.87583923339844,48.15333557128906],[-104.63639068603516,48.11610412597656],[-104.57389068603516,48.13999938964844],[-104.42694854736328,48.12861633300781],[-104.21221923828125,48.041107177734375],[-104.15165710449219,48.07722473144531],[-104.0,48.0115966796875]],[[-120.00166320800781,47.784454345703125],[-120.1875,47.74749755859375],[-120.17222595214844,47.6925048828125],[-120.28833770751953,47.484169006347656],[-120.24638366699219,47.39806365966797],[-120.07333374023438,47.3477783203125],[-120.06582641601562,47.248046875],[-120.0,47.22821044921875]],[[-118.37731170654297,48.0],[-118.33499908447266,47.882781982421875],[-118.37860870361328,47.83416748046875],[-118.58055877685547,47.923614501953125],[-118.67194366455078,47.934722900390625],[-118.73943328857422,47.89805603027344],[-118.95611572265625,47.93028259277344],[-118.96083068847656,48.0]],[[-111.0,47.65034484863281],[-110.87777709960938,47.76472473144531],[-110.7008285522461,47.785552978515625],[-110.55194854736328,47.87110900878906],[-110.46500396728516,47.87611389160156],[-110.42610931396484,47.89860534667969],[-110.4544448852539,47.92250061035156],[-110.28455352783203,48.0]],[[-110.0,47.818267822265625],[-109.84416198730469,47.73167419433594],[-109.7044448852539,47.71278381347656],[-109.54888153076172,47.75750732421875],[-109.3938980102539,47.73445129394531],[-109.23500061035156,47.80250549316406],[-109.0,47.8062744140625]],[[-109.0,47.8062744140625],[-108.91500854492188,47.80055236816406],[-108.92166137695312,47.73750305175781],[-108.85305786132812,47.73777770996094],[-108.65389251708984,47.62750244140625],[-108.42305755615234,47.62638854980469],[-108.30167388916016,47.573890686035156],[-108.19166564941406,47.59972381591797]],[[-94.0,47.3380126953125],[-93.91972351074219,47.29388427734375],[-93.79110717773438,47.3074951171875],[-93.82194519042969,47.23750305175781],[-93.79833984375,47.21305847167969],[-93.66638946533203,47.256103515625],[-93.4941635131836,47.21028137207031],[-93.42139434814453,47.15055847167969],[-93.38916778564453,47.05610656738281],[-93.28797149658203,47.0]],[[-118.0,46.59503936767578],[-118.12721252441406,46.56110382080078],[-118.22944641113281,46.60832977294922],[-118.4669418334961,46.599159240722656],[-118.59610748291016,46.517784118652344],[-118.61971282958984,46.426673889160156],[-118.76222229003906,46.3125],[-119.0,46.23509216308594]],[[-117.022216796875,46.445274353027344],[-117.20054626464844,46.43889617919922],[-117.2286148071289,46.53777313232422],[-117.45861053466797,46.70805358886719],[-117.7024917602539,46.70805358886719],[-117.79167175292969,46.62999725341797],[-118.0,46.59503936767578]],[[-93.28797149658203,47.0],[-93.37999725341797,46.885284423828125],[-93.36583709716797,46.790283203125],[-93.61554718017578,46.67417907714844],[-93.70777130126953,46.54999542236328],[-93.82916259765625,46.58722686767578],[-94.0,46.550743103027344]],[[-122.0,45.625282287597656],[-122.24276733398438,45.56610870361328],[-122.67916107177734,45.62583923339844],[-122.74945068359375,45.679168701171875],[-122.77416229248047,45.87583923339844],[-122.8385009765625,46.0]],[[-121.0,45.66471862792969],[-121.15306091308594,45.616943359375],[-121.25667572021484,45.70306396484375],[-121.5263900756836,45.73222351074219],[-121.81083679199219,45.71778869628906],[-122.0,45.625282287597656]],[[-120.0,45.812042236328125],[-120.34972381591797,45.711944580078125],[-120.61222076416016,45.7550048828125],[-120.89472961425781,45.65528869628906],[-121.0,45.66471862792969]],[[-119.0,45.99444580078125],[-119.12777709960938,45.94000244140625],[-119.57500457763672,45.92694091796875],[-119.66889190673828,45.86138916015625],[-120.0,45.812042236328125]],[[-111.62894439697266,45.0],[-111.63416290283203,45.10333251953125],[-111.7230453491211,45.28582763671875],[-111.4383316040039,45.801666259765625],[-111.44449615478516,46.0]],[[-94.0,45.39940643310547],[-93.44722747802734,45.22193908691406],[-93.30583953857422,45.14027404785156],[-93.27082824707031,45.0]],[[-100.0,44.272552490234375],[-99.90916442871094,44.25749206542969],[-99.9375,44.18083190917969],[-99.84638977050781,44.122772216796875],[-99.6258316040039,44.102783203125],[-99.61222076416016,44.14082336425781],[-99.7105484008789,44.200836181640625],[-99.60138702392578,44.206939697265625],[-99.56000518798828,44.1744384765625],[-99.5572280883789,44.07916259765625],[-99.39360809326172,44.0]],[[-112.0,43.76707458496094],[-112.08305358886719,43.75166320800781],[-112.04916381835938,43.743621826171875],[-112.08000183105469,43.70249938964844],[-112.0272216796875,43.48639678955078],[-112.21415710449219,43.27943420410156],[-112.47249603271484,43.15777587890625],[-112.63555145263672,43.02833557128906]],[[-111.18861389160156,43.34193420410156],[-111.40860748291016,43.483604431152344],[-111.4397201538086,43.59082794189453],[-111.61138153076172,43.60443878173828],[-111.87472534179688,43.757781982421875],[-112.0,43.76707458496094]],[[-74.0,43.71665954589844],[-73.91583251953125,43.70249938964844],[-73.81083679199219,43.518333435058594],[-73.87944030761719,43.42583465576172],[-73.84083557128906,43.26026916503906],[-73.76444244384766,43.244720458984375],[-73.60944366455078,43.30499267578125],[-73.58638763427734,43.07916259765625],[-73.6183853149414,43.0]],[[-98.0,42.77996826171875],[-97.92778015136719,42.788330078125],[-97.8477783203125,42.866668701171875],[-97.31778717041016,42.880828857421875],[-97.12944030761719,42.7852783203125],[-97.0,42.768280029296875]],[[-73.6183853149414,43.0],[-73.6897201538086,42.90888977050781],[-73.67028045654297,42.807220458984375],[-73.76861572265625,42.60722351074219],[-73.7791748046875,42.310272216796875],[-73.90666198730469,42.16194152832031],[-73.94686889648438,42.0]],[[-90.13999938964844,42.0],[-90.19471740722656,41.817779541015625],[-90.30805206298828,41.74555969238281],[-90.35555267333984,41.58415985107422],[-90.6786117553711,41.45555877685547],[-91.0,41.429603576660156]],[[-122.41028594970703,40.72111511230469],[-122.4494400024414,40.69000244140625],[-122.43138885498047,40.60917663574219],[-122.36055755615234,40.58722686767578],[-122.34362030029297,40.503883361816406],[-122.17971801757812,40.42833709716797],[-122.185546875,40.32554626464844],[-122.131103515625,40.310272216796875],[-122.20277404785156,40.25471496582031],[-122.15583801269531,40.25138854980469],[-122.20388793945312,40.18583679199219],[-122.11805725097656,40.14027404785156],[-122.08364868164062,40.0]],[[-80.5169448852539,40.64277648925781],[-80.67444610595703,40.58722686767578],[-80.6030502319336,40.475563049316406],[-80.62972259521484,40.39916229248047],[-80.60138702392578,40.32110595703125],[-80.73555755615234,40.0897216796875],[-80.73749542236328,40.0]],[[-79.59899139404297,41.0],[-79.62194061279297,40.97416687011719],[-79.46166229248047,40.921661376953125],[-79.53333282470703,40.768890380859375],[-79.77444458007812,40.58611297607422],[-79.77500915527344,40.53943634033203],[-79.9647216796875,40.486671447753906],[-80.0,40.439170837402344]],[[-107.0,39.73826599121094],[-107.06195068359375,39.63250732421875],[-107.21194458007812,39.568336486816406],[-107.4769515991211,39.56555938720703],[-108.0,39.453086853027344]],[[-106.0,38.54926300048828],[-105.7347183227539,38.367225646972656],[-105.36499786376953,38.49333953857422],[-105.0,38.400978088378906]],[[-105.0,38.400978088378906],[-104.7458267211914,38.264434814453125],[-104.27445220947266,38.25138854980469],[-104.0,38.147705078125]],[[-102.90556335449219,38.07110595703125],[-102.35334014892578,38.10749816894531],[-102.0,38.02899169921875]],[[-99.0,38.21192932128906],[-98.80332946777344,38.336944580078125],[-98.61750030517578,38.34721374511719],[-98.0,38.074493408203125]],[[-92.88714599609375,39.0],[-92.8336181640625,38.96806335449219],[-92.5677719116211,38.962493896484375],[-92.39611053466797,38.80833435058594],[-92.40917205810547,38.74305725097656],[-92.35611724853516,38.67138671875],[-92.0816650390625,38.555274963378906],[-92.0,38.579261779785156]],[[-92.0,38.579261779785156],[-91.7488784790039,38.6986083984375],[-91.5777816772461,38.67333984375],[-91.34639739990234,38.708343505859375],[-91.23222351074219,38.616943359375],[-91.0594482421875,38.602500915527344],[-91.0,38.546104431152344]],[[-91.0,38.546104431152344],[-90.89527893066406,38.544715881347656],[-90.70555877685547,38.67750549316406],[-90.56417083740234,38.6763916015625],[-90.47472381591797,38.8094482421875],[-90.37667083740234,38.831390380859375],[-90.34278106689453,38.8861083984375],[-90.12611389160156,38.81500244140625]],[[-83.0,38.71942138671875],[-83.14471435546875,38.616943359375],[-83.30333709716797,38.59471893310547],[-83.50804901123047,38.703887939453125],[-83.6030502319336,38.68556213378906],[-83.66582489013672,38.62694549560547],[-83.7630615234375,38.65638732910156],[-83.86528015136719,38.76167297363281],[-84.0,38.77764892578125]],[[-107.0,37.72877502441406],[-106.95416259765625,37.80389404296875],[-106.83139038085938,37.80751037597656],[-106.60944366455078,37.663055419921875],[-106.29528045654297,37.67138671875],[-106.0,37.56072235107422]],[[-101.83900451660156,38.0],[-101.34888458251953,37.88111877441406],[-101.0,37.9908447265625]],[[-101.0,37.9908447265625],[-100.38277435302734,37.809722900390625],[-100.0,37.748992919921875]],[[-99.9869384765625,37.74305725097656],[-99.74639129638672,37.67138671875],[-99.60054779052734,37.671112060546875],[-99.29735565185547,38.0]],[[-105.70838165283203,37.0],[-105.65999603271484,36.74945068359375],[-105.72056579589844,36.358619689941406],[-106.0,36.14430236816406]],[[-83.0,36.367164611816406],[-83.10499572753906,36.369163513183594],[-83.3438949584961,36.27861022949219],[-83.47028350830078,36.171112060546875],[-83.56861114501953,36.176666259765625],[-83.63416290283203,36.100006103515625],[-83.6772232055664,36.12110900878906],[-83.70499420166016,36.060272216796875],[-83.84298706054688,36.0]],[[-82.0,36.80332946777344],[-82.59305572509766,36.607505798339844],[-82.68805694580078,36.492225646972656],[-82.85556030273438,36.462501525878906],[-83.0,36.367164611816406]],[[-94.0,35.46349334716797],[-93.82888793945312,35.48194122314453],[-93.74749755859375,35.38555145263672],[-93.4483413696289,35.415550231933594],[-93.39806365966797,35.3397216796875],[-93.29778289794922,35.33082580566406],[-93.1058349609375,35.17694091796875],[-93.0,35.16380310058594]],[[-85.0,35.409584045410156],[-85.10139465332031,35.28582763671875],[-85.08000183105469,35.228607177734375],[-85.1361083984375,35.15583801269531],[-85.32862091064453,35.029998779296875],[-85.35083770751953,35.10444641113281],[-85.39249420166016,35.11444091796875],[-85.4383316040039,35.03138732910156],[-85.4961166381836,35.08528137207031],[-85.55333709716797,35.02638244628906],[-85.65666961669922,35.03778076171875],[-85.6887435913086,35.0]],[[-84.53972625732422,35.85722351074219],[-84.6177749633789,35.77972412109375],[-84.6672134399414,35.80751037597656],[-84.7186050415039,35.69084167480469],[-84.77000427246094,35.67889404296875],[-84.80166625976562,35.554725646972656],[-84.87861633300781,35.553062438964844],[-84.85777282714844,35.495277404785156],[-84.91944885253906,35.434165954589844],[-84.97222900390625,35.463050842285156],[-85.0,35.409584045410156]],[[-106.66202545166016,35.0],[-106.73110961914062,34.60722351074219],[-106.83750915527344,34.34693908691406],[-106.81777954101562,34.29388427734375],[-106.88139343261719,34.24082946777344],[-106.85552978515625,34.0]],[[-92.60372161865234,35.0],[-92.46277618408203,34.93388366699219],[-92.45806121826172,34.87333679199219],[-92.37194061279297,34.795562744140625],[-92.15333557128906,34.71888732910156],[-92.15666198730469,34.51250457763672],[-92.05111694335938,34.31443786621094],[-92.0,34.297210693359375]],[[-86.0,34.626808166503906],[-86.28778839111328,34.378326416015625],[-86.53527069091797,34.513328552246094],[-86.56888580322266,34.586936950683594],[-86.6419448852539,34.550559997558594],[-86.7038803100586,34.588050842285156],[-86.76277923583984,34.55138397216797],[-86.9041748046875,34.572776794433594]],[[-84.3648910522461,34.0],[-84.45999908447266,33.83416748046875],[-84.65111541748047,33.663055419921875],[-84.75056457519531,33.630836486816406],[-84.92555236816406,33.449440002441406],[-85.0,33.435829162597656]],[[-91.16741943359375,33.0],[-91.07444763183594,32.91694641113281],[-91.15666198730469,32.755279541015625],[-91.06889343261719,32.711395263671875],[-91.16749572753906,32.64500427246094],[-91.09611511230469,32.55693817138672],[-91.10499572753906,32.463050842285156],[-91.0,32.377723693847656]],[[-104.69304656982422,30.0],[-104.54000091552734,29.671104431152344],[-104.0,29.313873291015625]],[[-102.0,29.806671142578125],[-101.62528228759766,29.766387939453125],[-101.53472137451172,29.814453125],[-101.5313949584961,29.764175415039062],[-101.4050064086914,29.772781372070312],[-101.30611419677734,29.63111114501953]],[[-99.0,26.386184692382812],[-98.79945373535156,26.368881225585938],[-98.65250396728516,26.241104125976562],[-98.4447250366211,26.226104736328125],[-98.19667053222656,26.058609008789062],[-98.0,26.053436279296875]],[[-74.80267333984375,10.0],[-74.85305786132812,10.091949462890625],[-74.9486083984375,10.156112670898438],[-74.81889343261719,10.488883972167969],[-74.72693634033203,10.568885803222656],[-74.71833038330078,10.9052734375],[-74.77008819580078,11.0]],[[-73.79389953613281,8.148880004882812],[-73.75499725341797,8.383888244628906],[-73.83305358886719,8.647773742675781],[-73.80389404296875,8.810836791992188],[-73.87861633300781,8.895004272460938],[-73.87527465820312,8.976669311523438],[-74.0,8.993057250976562]],[[-73.89166259765625,7.0],[-73.93833923339844,7.2247161865234375],[-73.91583251953125,7.480552673339844],[-73.82499694824219,7.611106872558594],[-73.80805969238281,7.7613983154296875],[-73.87150573730469,8.0]],[[-74.74472045898438,5.0],[-74.74805450439453,5.289726257324219],[-74.66083526611328,5.460273742675781],[-74.68000030517578,5.535270690917969],[-74.63611602783203,5.561668395996094],[-74.63416290283203,5.698051452636719],[-74.66027069091797,5.7677764892578125],[-74.6369400024414,5.8713836669921875],[-74.58333587646484,5.9138946533203125],[-74.61360931396484,5.9630584716796875],[-74.5693130493164,6.0]],[[-159.9584197998047,69.0],[-159.0,69.03962707519531]],[[-155.0,69.07435607910156],[-154.4088897705078,69.09611511230469],[-154.05006408691406,69.0]],[[-153.93634033203125,69.0],[-153.85694885253906,69.05194091796875],[-153.0,69.215576171875]],[[-153.0,69.215576171875],[-152.0,69.39351654052734]],[[-160.2677764892578,68.64888763427734],[-160.1119384765625,68.79888916015625],[-160.31471252441406,68.82278442382812],[-160.36915588378906,68.85333251953125],[-160.36610412597656,68.89472961425781],[-160.2758331298828,68.95527648925781],[-160.0,68.98489379882812]],[[-158.0,68.9832763671875],[-157.60501098632812,68.97305297851562],[-157.5013885498047,68.91917419433594],[-157.0,68.88131713867188]],[[-157.0,68.88131713867188],[-156.5638885498047,68.87666320800781],[-156.0,68.97036743164062]],[[-142.0,67.18087768554688],[-142.13861083984375,67.15777587890625],[-142.1730499267578,67.17193603515625],[-142.1313934326172,67.20443725585938],[-142.21554565429688,67.21804809570312],[-142.49526977539062,67.07527160644531],[-142.60610961914062,67.07388305664062],[-142.6239013671875,67.0111083984375],[-142.67388916015625,67.0]],[[-141.0,67.41980743408203],[-141.53916931152344,67.32611846923828],[-141.67111206054688,67.25777435302734],[-141.70973205566406,67.16000366210938],[-142.0,67.18087768554688]],[[-140.0,67.5407943725586],[-140.35055541992188,67.50055694580078],[-140.34304809570312,67.4544448852539],[-140.56695556640625,67.48221588134766],[-141.0,67.41980743408203]],[[-139.0,67.58466339111328],[-139.1858367919922,67.53638458251953],[-139.54444885253906,67.59082794189453],[-139.79638671875,67.57805633544922],[-139.91139221191406,67.54193878173828],[-139.88055419921875,67.51082611083984],[-139.90499877929688,67.4991683959961],[-140.0,67.5407943725586]],[[-138.0,67.46833038330078],[-138.26165771484375,67.57971954345703],[-138.60333251953125,67.57500457763672],[-138.6447296142578,67.65166473388672],[-138.90167236328125,67.57721710205078],[-139.0,67.58466339111328]],[[-153.0,66.46196746826172],[-153.27777099609375,66.44916534423828],[-153.3311004638672,66.38500213623047],[-153.6125030517578,66.37639617919922],[-154.0,66.27430725097656]],[[-152.0,66.60147857666016],[-152.1572265625,66.54444122314453],[-152.65972900390625,66.5744400024414],[-153.0,66.46196746826172]],[[-151.42381286621094,67.0],[-151.5366668701172,66.93167114257812],[-151.6908416748047,66.90139770507812],[-151.7147216796875,66.83917236328125],[-151.67445373535156,66.77861022949219],[-151.7147216796875,66.68138885498047],[-151.8986053466797,66.6322250366211],[-151.92971801757812,66.5905532836914],[-152.0,66.60147857666016]],[[-143.36972045898438,67.0],[-143.67111206054688,66.94694519042969],[-143.6313934326172,66.8961181640625],[-143.65695190429688,66.87638854980469],[-143.80694580078125,66.91082763671875],[-143.81222534179688,66.87388610839844],[-143.945556640625,66.85389709472656],[-143.94888305664062,66.80860900878906],[-144.0,66.82557678222656]],[[-155.0,65.80012512207031],[-155.06777954101562,65.80278015136719],[-155.0236053466797,65.83500671386719],[-155.1294403076172,65.87361145019531],[-155.2294464111328,65.8719482421875],[-155.20693969726562,65.9022216796875],[-155.28721618652344,65.89334106445312],[-155.22666931152344,65.94471740722656],[-155.4452667236328,65.89778137207031],[-155.3683319091797,65.93943786621094],[-155.43455505371094,66.0]],[[-124.0,65.02166748046875],[-124.63500213623047,65.05416870117188],[-124.84379577636719,65.0]],[[-150.0,64.78492736816406],[-150.3122100830078,64.87138366699219],[-150.44692993164062,64.96527099609375],[-151.0,64.96800231933594]],[[-148.0,64.7705078125],[-148.2852783203125,64.6741714477539],[-148.6225128173828,64.63805389404297],[-148.66612243652344,64.58777618408203],[-149.0,64.56836700439453]],[[-147.0,64.51697540283203],[-147.23721313476562,64.6736068725586],[-147.48666381835938,64.76333618164062],[-147.8138885498047,64.79833984375],[-148.0,64.7705078125]],[[-146.0,64.19329833984375],[-146.3824920654297,64.28055572509766],[-146.6541748046875,64.25054931640625],[-147.0,64.41365814208984]],[[-145.0,64.05697631835938],[-145.3713836669922,64.08277893066406],[-145.6719512939453,64.17999267578125],[-145.84750366210938,64.15277099609375],[-146.0,64.19329833984375]],[[-132.0,64.05209350585938],[-132.6239013671875,64.054443359375],[-132.93167114257812,64.0]],[[-131.25860595703125,64.27666473388672],[-131.3699951171875,64.22027587890625],[-131.72305297851562,64.19999694824219],[-131.75416564941406,64.18472290039062],[-131.73472595214844,64.10638427734375],[-132.0,64.05209350585938]],[[-103.88092041015625,64.0],[-103.9022216796875,64.01750183105469],[-103.70110321044922,64.16305541992188],[-103.6883316040039,64.24028778076172],[-103.44666290283203,64.31278228759766],[-103.0,64.32463836669922]],[[-103.0,64.32463836669922],[-102.68250274658203,64.28499603271484],[-102.65416717529297,64.17805480957031],[-102.57805633544922,64.15277099609375],[-102.07749938964844,64.22193908691406]],[[-97.0,64.76644134521484],[-96.59110260009766,64.66666412353516],[-96.51000213623047,64.58638763427734],[-96.47722625732422,64.42888641357422],[-96.27417755126953,64.29666900634766]],[[-154.0,63.25260925292969],[-154.47915649414062,63.11582946777344],[-154.71694946289062,63.102783203125],[-154.8713836669922,63.0]],[[-153.0,63.81416320800781],[-153.13694763183594,63.78944396972656],[-153.2324981689453,63.71583557128906],[-153.4147186279297,63.68583679199219],[-153.54750061035156,63.531105041503906],[-154.0,63.2950439453125]],[[-144.0,63.692169189453125],[-144.6138916015625,63.73750305175781],[-144.76417541503906,63.80778503417969],[-144.76499938964844,63.88861083984375],[-144.90110778808594,63.93028259277344],[-144.8478240966797,64.0]],[[-142.0,63.091400146484375],[-142.11888122558594,63.15638732910156],[-142.3463897705078,63.16139221191406],[-142.59417724609375,63.23805236816406],[-142.70001220703125,63.36139678955078],[-142.8513946533203,63.351654052734375],[-143.0,63.432655334472656]],[[-138.0,63.46277618408203],[-138.14805603027344,63.43944549560547],[-138.30694580078125,63.3216552734375],[-138.6205596923828,63.30278015136719],[-139.0,63.192474365234375]],[[-137.0,63.497108459472656],[-137.3191680908203,63.52721405029297],[-137.65638732910156,63.616668701171875],[-137.77027893066406,63.588050842285156],[-137.83721923828125,63.50194549560547],[-138.0,63.46277618408203]],[[-136.0,63.582603454589844],[-136.6622314453125,63.386932373046875],[-136.88194274902344,63.42499542236328],[-137.0,63.497108459472656]],[[-135.0,63.46685028076172],[-135.09693908691406,63.446937561035156],[-135.16139221191406,63.548606872558594],[-135.3655548095703,63.621673583984375],[-135.56695556640625,63.628883361816406],[-135.62278747558594,63.59583282470703],[-135.7513885498047,63.62583923339844],[-135.8733367919922,63.56916046142578],[-136.0,63.582603454589844]],[[-134.0,63.545738220214844],[-134.41915893554688,63.456947326660156],[-134.78639221191406,63.49138641357422],[-135.0,63.46685028076172]],[[-133.0,63.9969482421875],[-133.53250122070312,63.93888854980469],[-133.63194274902344,63.978057861328125],[-133.87222290039062,63.97332763671875],[-134.0,63.92710876464844]],[[-134.0,63.88667297363281],[-133.4647216796875,63.79249572753906],[-133.52720642089844,63.70306396484375],[-133.78750610351562,63.651123046875],[-133.86083984375,63.585548400878906],[-134.0,63.545738220214844]],[[-104.70999908447266,63.269989013671875],[-104.66582489013672,63.38361358642578],[-104.42638397216797,63.617225646972656],[-104.53083038330078,63.640838623046875],[-104.30028533935547,63.80610656738281],[-104.15777587890625,63.8155517578125],[-104.0,63.889495849609375]],[[-129.5843963623047,63.0],[-129.66111755371094,62.95277404785156],[-129.665283203125,62.90834045410156],[-129.53195190429688,62.83750915527344],[-129.5338897705078,62.80583190917969],[-129.2052764892578,62.66583251953125],[-129.0,62.63075256347656]],[[-129.0,62.63075256347656],[-128.2386016845703,62.340545654296875],[-128.0,62.366485595703125]],[[-128.0,62.366485595703125],[-127.87750244140625,62.416664123535156],[-127.78500366210938,62.383880615234375],[-127.45722198486328,62.18415832519531],[-127.25054931640625,62.0]],[[-105.93861389160156,62.35333251953125],[-105.67444610595703,62.36944580078125],[-105.4816665649414,62.43083953857422],[-105.35443878173828,62.40166473388672],[-105.09693908691406,62.459449768066406],[-105.0,62.44255828857422]],[[-159.0,61.599891662597656],[-159.23777770996094,61.56055450439453],[-159.6425018310547,61.600547790527344],[-160.0,61.561790466308594]],[[-157.0,61.68830871582031],[-157.05638122558594,61.65888977050781],[-157.17083740234375,61.6763916015625],[-157.1844482421875,61.72972106933594],[-157.72666931152344,61.902496337890625],[-158.0,61.85514831542969]],[[-156.23219299316406,62.0],[-156.35137939453125,61.858062744140625],[-157.0,61.68830871582031]],[[-127.0,61.91888427734375],[-126.81777954101562,61.875274658203125],[-126.26304626464844,61.85389709472656],[-126.0,61.72514343261719]],[[-126.0,61.72514343261719],[-125.77639770507812,61.61804962158203],[-125.29694366455078,61.540000915527344],[-125.0,61.441123962402344]],[[-125.0,61.441123962402344],[-124.93083190917969,61.42333221435547],[-124.94444274902344,61.38499450683594],[-124.84056091308594,61.36000061035156],[-124.76028442382812,61.393333435058594],[-124.44445037841797,61.25694274902344],[-124.17832946777344,61.3125],[-124.0,61.25666809082031]],[[-124.0,61.25666809082031],[-123.6833267211914,61.239166259765625],[-123.6030502319336,61.11944580078125],[-123.51305389404297,61.08000183105469],[-123.5244369506836,61.05250549316406],[-123.45194244384766,61.0513916015625],[-123.48722076416016,61.016387939453125],[-123.34000396728516,61.03889465332031]],[[-161.084228515625,61.0],[-161.11610412597656,60.956390380859375],[-161.32749938964844,60.910552978515625],[-161.34500122070312,60.875274658203125],[-161.4913787841797,60.90861511230469],[-161.47166442871094,60.82667541503906],[-161.51499938964844,60.80000305175781],[-161.65638732910156,60.85528564453125],[-161.67333984375,60.77278137207031],[-161.7675018310547,60.78111267089844],[-161.74278259277344,60.717498779296875],[-161.8794403076172,60.70222473144531]],[[-156.0,59.30413818359375],[-156.15138244628906,59.294158935546875],[-156.19277954101562,59.234161376953125],[-156.38861083984375,59.25138854980469],[-156.7791748046875,59.15138244628906]],[[-130.0,58.03892517089844],[-130.39971923828125,58.14610290527344],[-130.66000366210938,58.12721252441406],[-130.77749633789062,58.03916931152344],[-131.0,58.00090026855469]],[[-111.35289764404297,58.0],[-111.38138580322266,58.09165954589844],[-111.35277557373047,58.1844482421875],[-111.4880599975586,58.25666809082031],[-111.51721954345703,58.41472625732422],[-111.4508285522461,58.44805145263672],[-111.06443786621094,58.450279235839844],[-111.07278442382812,58.50305938720703]],[[-128.0,57.720458984375],[-128.0830535888672,57.71556091308594],[-128.20555114746094,57.852508544921875],[-128.49195861816406,57.98554992675781],[-128.59722900390625,57.94610595703125],[-129.0,57.93104553222656]],[[-96.92889404296875,57.20555114746094],[-96.79389953613281,57.239715576171875],[-96.61943817138672,57.15666198730469],[-96.44222259521484,57.18916320800781],[-96.3116683959961,57.133331298828125],[-96.0,57.13117980957031]],[[-69.10003662109375,57.0],[-69.33194732666016,57.211944580078125],[-69.32555389404297,57.276947021484375],[-69.24249267578125,57.32304382324219],[-69.26639556884766,57.45250701904297],[-69.5250015258789,57.61638641357422],[-69.37084197998047,57.76445007324219]],[[-112.0,56.584632873535156],[-111.81584167480469,56.574440002441406],[-111.42028045654297,56.719451904296875],[-111.39945220947266,56.814727783203125],[-111.4677963256836,57.0]],[[-105.98416137695312,55.708343505859375],[-105.86972045898438,55.757232666015625],[-105.79417419433594,55.6875],[-105.79916381835938,55.64556121826172],[-105.46582794189453,55.632232666015625],[-105.32027435302734,55.57721710205078],[-105.2177734375,55.673065185546875],[-105.09416198730469,55.64222717285156],[-105.0,55.680206298828125]],[[-103.0,55.567481994628906],[-102.60999298095703,55.601112365722656],[-102.57332611083984,55.51555633544922],[-102.47472381591797,55.459449768066406],[-102.24943542480469,55.56999969482422],[-102.12861633300781,55.752227783203125]],[[-69.76341247558594,55.0],[-69.52693939208984,55.01361083984375],[-69.35111236572266,55.08778381347656],[-69.18333435058594,55.22637939453125],[-69.0,55.26026916503906]],[[-122.0,54.18070983886719],[-122.28028106689453,54.21333312988281],[-122.37528228759766,54.2611083984375],[-122.54082489013672,54.19972229003906],[-122.58527374267578,54.12721252441406],[-122.5052719116211,54.10028076171875],[-122.65741729736328,54.0]],[[-116.85906982421875,54.0],[-116.71416473388672,54.12083435058594],[-116.4272232055664,54.22138977050781],[-116.2336196899414,54.25138854980469],[-116.07278442382812,54.23193359375],[-116.0,54.180419921875]],[[-116.0,54.180419921875],[-115.82417297363281,54.18943786621094],[-115.73139190673828,54.14582824707031],[-115.24276733398438,54.1572265625],[-115.0,54.2606201171875]],[[-113.46475982666016,55.0],[-113.39945220947266,54.935272216796875],[-113.46611785888672,54.8155517578125],[-113.45055389404297,54.777496337890625],[-113.29138946533203,54.73139953613281],[-113.24388122558594,54.77000427246094],[-113.23055267333984,54.85417175292969],[-113.0,54.943756103515625]],[[-112.73638153076172,54.39916229248047],[-112.75917053222656,54.47583770751953],[-112.59944915771484,54.61333465576172],[-112.34139251708984,54.61249542236328],[-112.1138916015625,54.458885192871094],[-112.0,54.475563049316406]],[[-112.0,54.475563049316406],[-111.62055206298828,54.443885803222656],[-111.5138931274414,54.40222930908203],[-111.27306365966797,54.45555877685547],[-111.11860656738281,54.36082458496094],[-111.0,54.38433837890625]],[[-111.0,54.38433837890625],[-110.6705551147461,54.38416290283203],[-110.35723114013672,54.442222595214844],[-110.25638580322266,54.354156494140625],[-110.04916381835938,54.25193786621094],[-110.0,54.26179504394531]],[[-110.0,54.26179504394531],[-109.88250732421875,54.24360656738281],[-109.49860382080078,54.31388854980469],[-109.3888931274414,54.241943359375],[-109.25138854980469,54.236114501953125],[-109.0,54.2972412109375]],[[-109.0,54.2972412109375],[-108.69026947021484,54.24444580078125],[-108.3872299194336,54.31971740722656],[-108.17555236816406,54.29443359375],[-108.0,54.336456298828125]],[[-108.0,54.336456298828125],[-107.81805419921875,54.34361267089844],[-107.88333129882812,54.45610809326172],[-107.79167175292969,54.558616638183594],[-107.79861450195312,54.87388610839844],[-107.7054672241211,55.0]],[[-122.51346588134766,53.0],[-122.4427719116211,52.85945129394531],[-122.47943878173828,52.553611755371094],[-122.36417388916016,52.3619384765625],[-122.2780532836914,52.323883056640625],[-122.26325225830078,52.0]],[[-118.31583404541016,52.51805877685547],[-118.5586166381836,52.7388916015625],[-118.60694122314453,52.839447021484375],[-118.99690246582031,53.0]],[[-117.58777618408203,52.17527770996094],[-117.5169448852539,52.20527648925781],[-117.66527557373047,52.413612365722656],[-117.68639373779297,52.52111053466797],[-117.87583923339844,52.61778259277344],[-117.90028381347656,52.70722961425781],[-118.0,52.76025390625]],[[-116.0,51.28977966308594],[-115.72277069091797,51.163604736328125],[-115.51639556884766,51.16694641113281],[-115.2733383178711,51.03916931152344],[-115.0,51.13703918457031]],[[-115.0,51.13703918457031],[-114.71416473388672,51.21305847167969],[-114.54500579833984,51.2066650390625],[-114.03916931152344,51.03721618652344],[-114.026611328125,51.0]],[[-90.0,51.143890380859375],[-89.5102767944336,51.28971862792969],[-89.28694915771484,51.429725646972656],[-89.16082763671875,51.43000030517578],[-89.10249328613281,51.52861785888672],[-89.0,51.50482940673828]],[[-89.0,51.50482940673828],[-88.9647216796875,51.49388885498047],[-88.96945190429688,51.451942443847656],[-88.79722595214844,51.559165954589844],[-88.5455551147461,51.570838928222656],[-88.4527816772461,51.49555206298828],[-88.179443359375,51.46472930908203],[-88.0,51.487770080566406]],[[-88.0,51.487770080566406],[-87.82194519042969,51.438331604003906],[-87.77000427246094,51.36028289794922],[-87.51583099365234,51.25221252441406],[-87.25194549560547,51.27027893066406],[-87.0,51.41252899169922]],[[-86.0,51.67552185058594],[-85.90167236328125,51.63111114501953],[-85.49304962158203,51.66917419433594],[-85.31305694580078,51.52027130126953],[-85.08444213867188,51.39972686767578],[-85.0,51.27684020996094]],[[-85.0,51.27684020996094],[-84.91194152832031,51.272216796875],[-84.81527709960938,51.18415832519531],[-84.52916717529297,51.09889221191406],[-84.27777862548828,51.23554992675781],[-84.0,51.29310607910156]],[[-71.15760803222656,52.0],[-71.32222747802734,51.71221923828125],[-71.41638946533203,51.622215270996094],[-71.4574966430664,51.28388977050781],[-71.50499725341797,51.231658935546875],[-71.3395767211914,51.0]],[[-114.0,50.880462646484375],[-113.78472900390625,50.809722900390625],[-113.50249481201172,50.79278564453125],[-113.22027587890625,50.866119384765625],[-113.13804626464844,50.831939697265625],[-113.14166259765625,50.76556396484375],[-113.0,50.75718688964844]],[[-108.91886901855469,51.0],[-108.81361389160156,50.94721984863281],[-108.48027801513672,50.9072265625],[-108.42806243896484,50.78944396972656],[-108.2461166381836,50.66444396972656],[-108.0,50.655548095703125]],[[-122.0,49.18742370605469],[-122.33499908447266,49.10943603515625],[-122.6141586303711,49.20916748046875],[-122.7027816772461,49.18110656738281],[-122.85000610351562,49.21832275390625],[-123.0,49.15496826171875]],[[-71.25695037841797,49.91139221191406],[-71.17250061035156,49.825286865234375],[-71.20249938964844,49.402496337890625],[-71.26277923583984,49.304718017578125],[-71.2844467163086,49.10888671875],[-71.33882904052734,49.0]],[[-117.33025360107422,49.0],[-117.30916595458984,48.928619384765625],[-117.4013900756836,48.80278015136719],[-117.3405532836914,48.581382751464844],[-117.24333953857422,48.511390686035156],[-117.28028106689453,48.468894958496094],[-117.2608413696289,48.332489013671875],[-117.2047119140625,48.25498962402344],[-117.0,48.186004638671875]],[[-97.04833984375,48.0],[-97.133056640625,48.16387939453125],[-97.1219482421875,48.417503356933594],[-97.15415954589844,48.547218322753906],[-97.09249877929688,48.66084289550781],[-97.23277282714844,48.96000671386719],[-97.2183837890625,49.0]],[[-71.33882904052734,49.0],[-71.5072250366211,48.77223205566406],[-71.6413803100586,48.74888610839844],[-71.7691650390625,48.83555603027344],[-71.84138488769531,48.746673583984375],[-72.0,48.73503112792969]],[[-115.0,47.528480529785156],[-115.3536148071289,47.60388946533203],[-115.48694610595703,47.80999755859375],[-115.6833267211914,47.88221740722656],[-115.75228118896484,48.0]],[[-104.7477035522461,47.0],[-104.70833587646484,47.11555480957031],[-104.62305450439453,47.16888427734375],[-104.5949935913086,47.250823974609375],[-104.3152847290039,47.40416717529297],[-104.17778015136719,47.60917663574219],[-104.0,47.776641845703125]],[[-96.82752990722656,47.0],[-96.85499572753906,47.5966796875],[-97.0,47.85333251953125]],[[-78.0,47.80409240722656],[-78.0927734375,47.668609619140625],[-78.45250701904297,47.83055114746094],[-78.4383316040039,47.91888427734375],[-78.60944366455078,47.94166564941406],[-78.71666717529297,47.883056640625],[-78.75917053222656,47.7772216796875],[-78.72388458251953,47.68389892578125]],[[-68.88778686523438,47.18804931640625],[-68.49805450439453,47.30555725097656],[-68.39749908447266,47.29527282714844],[-68.32305145263672,47.36582946777344],[-68.19248962402344,47.33583068847656],[-68.0,47.220001220703125]],[[-113.0,46.58641815185547],[-113.25000762939453,46.71917724609375],[-113.50139617919922,46.69084167480469],[-113.68888092041016,46.72111511230469],[-113.90444946289062,46.88221740722656],[-114.0,46.86865234375]],[[-112.7474365234375,46.0],[-112.80000305175781,46.024444580078125],[-112.80250549316406,46.11528015136719],[-112.70555877685547,46.304718017578125],[-112.74361419677734,46.41083526611328],[-112.71277618408203,46.47527313232422],[-112.92222595214844,46.58971405029297],[-113.0,46.58641815185547]],[[-108.0,46.00477600097656],[-107.43416595458984,46.16667175292969],[-107.4000015258789,46.24943542480469],[-107.24305725097656,46.317779541015625],[-107.0,46.311279296875]],[[-107.0,46.311279296875],[-106.69832611083984,46.27137756347656],[-106.51360321044922,46.302215576171875],[-106.22749328613281,46.27888488769531],[-106.0,46.35418701171875]],[[-96.57263946533203,46.0],[-96.55416107177734,46.095001220703125],[-96.59722137451172,46.31388854980469],[-96.71666717529297,46.440834045410156],[-96.80000305175781,46.65055847167969],[-96.76028442382812,46.92195129394531],[-96.82752990722656,47.0]],[[-79.0,46.60059356689453],[-78.93777465820312,46.500282287597656],[-78.70360565185547,46.33721923828125],[-78.0,46.236541748046875]],[[-123.0,45.23350524902344],[-122.95639038085938,45.27915954589844],[-122.8558349609375,45.26304626464844],[-122.65694427490234,45.30638122558594],[-122.59027862548828,45.376670837402344],[-122.63666534423828,45.52222442626953],[-122.75305938720703,45.605003356933594],[-122.73249053955078,45.66084289550781]],[[-110.0,45.82518005371094],[-109.87361145019531,45.85638427734375],[-109.72611236572266,45.75166320800781],[-109.0,45.601295471191406]],[[-109.0,45.601295471191406],[-108.51917266845703,45.72862243652344],[-108.18019104003906,46.0]],[[-71.53363800048828,45.0],[-71.50499725341797,44.9052734375],[-71.63916778564453,44.744720458984375],[-71.55110931396484,44.59166717529297],[-71.5986099243164,44.56055450439453],[-71.59221649169922,44.51471710205078],[-71.84750366210938,44.348602294921875],[-72.0,44.330291748046875]],[[-122.09611511230469,43.41889190673828],[-122.27249908447266,43.50611114501953],[-122.3872299194336,43.502784729003906],[-122.43083953857422,43.60139465332031],[-122.41167449951172,43.72944641113281],[-122.88722229003906,44.0]],[[-72.11538696289062,44.0],[-72.09750366210938,43.97389221191406],[-72.17778015136719,43.885833740234375],[-72.20222473144531,43.79083251953125],[-72.30695343017578,43.71250915527344],[-72.33194732666016,43.60694122314453],[-72.39777374267578,43.54277801513672],[-72.4013900756836,43.304168701171875],[-72.46878814697266,43.0]],[[-121.0,42.41741180419922],[-121.56221771240234,42.48888397216797],[-121.7074966430664,42.60917663574219],[-121.81861877441406,42.59638214111328],[-121.94639587402344,42.47167205810547]],[[-106.85139465332031,42.47527313232422],[-106.6208267211914,42.61249542236328],[-106.59333038330078,42.70805358886719],[-106.4594497680664,42.81111145019531],[-106.2961196899414,42.87028503417969],[-106.0,42.874664306640625]],[[-106.0,42.874664306640625],[-105.44083404541016,42.85528564453125],[-105.37528228759766,42.82305908203125],[-105.35027313232422,42.67445373535156],[-105.1038818359375,42.653900146484375],[-105.00471496582031,42.597503662109375]],[[-104.92805480957031,42.48139190673828],[-104.84333801269531,42.334991455078125],[-104.79861450195312,42.34832763671875],[-104.6977767944336,42.26055908203125],[-104.54277801513672,42.23138427734375],[-104.04685974121094,42.0]],[[-75.0,42.475486755371094],[-75.30944061279297,42.33526611328125],[-75.48499298095703,42.299713134765625],[-75.49027252197266,42.256103515625],[-75.5869369506836,42.21333312988281],[-75.5969467163086,42.15277099609375],[-75.64749908447266,42.13055419921875],[-75.60796356201172,42.0]],[[-72.46582794189453,42.725830078125],[-72.49222564697266,42.622215270996094],[-72.5763931274414,42.599449157714844],[-72.57833099365234,42.411109924316406],[-72.6319351196289,42.351654052734375],[-72.5936050415039,42.21083068847656],[-72.62833404541016,42.16194152832031],[-72.61530303955078,42.0]],[[-122.17652893066406,42.0],[-122.40027618408203,41.96028137207031],[-122.57694244384766,41.83222961425781],[-122.79499816894531,41.86473083496094],[-123.0,41.82574462890625]],[[-110.0,41.98313903808594],[-109.81361389160156,41.91221618652344],[-109.77194213867188,41.81138610839844],[-109.62860870361328,41.66389465332031],[-109.3697280883789,41.476951599121094],[-109.42806243896484,41.408897399902344],[-109.4094467163086,41.366668701171875],[-109.5119400024414,41.299163818359375]],[[-104.0,41.99119567871094],[-103.3969497680664,41.75971984863281],[-103.0,41.6536865234375]],[[-103.0,41.6536865234375],[-102.00694274902344,41.296112060546875]],[[-98.0,41.06605529785156],[-97.57193756103516,41.3427734375],[-97.0,41.41942596435547]],[[-88.0,41.19749450683594],[-88.14888000488281,41.256103515625],[-88.16471862792969,41.31500244140625],[-88.28417205810547,41.397499084472656],[-88.60443878173828,41.29888916015625],[-88.84916687011719,41.340545654296875],[-89.0,41.32209777832031]],[[-87.0,41.22239685058594],[-87.13804626464844,41.27943420410156],[-87.37305450439453,41.171112060546875],[-87.69916534423828,41.15971374511719],[-87.820556640625,41.07695007324219],[-88.0,41.19749450683594]],[[-86.2288818359375,41.429725646972656],[-86.18138122558594,41.37443542480469],[-86.32500457763672,41.337493896484375],[-86.33638763427734,41.269989013671875],[-86.70000457763672,41.30638122558594],[-87.0,41.22239685058594]],[[-109.0,40.539085388183594],[-109.21888732910156,40.46416473388672],[-109.22305297851562,40.413063049316406],[-109.28528594970703,40.42638397216797],[-109.35639190673828,40.3125],[-109.4433364868164,40.31639099121094],[-109.48221588134766,40.256378173828125],[-109.53638458251953,40.28111267089844],[-109.56722259521484,40.206939697265625],[-109.53943634033203,40.17527770996094],[-109.77278137207031,40.0]],[[-100.0,40.84306335449219],[-99.6272201538086,40.711944580078125],[-99.0,40.661224365234375]],[[-99.0,40.661224365234375],[-98.37694549560547,40.814453125],[-98.11273193359375,41.0]],[[-89.4510269165039,41.0],[-89.5869369506836,40.79417419433594],[-89.55583953857422,40.71778869628906],[-89.67499542236328,40.56610870361328],[-89.85833740234375,40.535560607910156],[-90.0,40.38983154296875]],[[-86.0,40.76493835449219],[-86.50749969482422,40.741119384765625],[-86.8861083984375,40.47527313232422],[-86.9183349609375,40.408607482910156],[-87.0,40.40898895263672]],[[-85.0,40.640869140625],[-85.22528076171875,40.80250549316406],[-85.54610443115234,40.88639831542969],[-86.0,40.76493835449219]],[[-76.4028549194336,41.0],[-76.47083282470703,40.9486083984375],[-76.63416290283203,40.95416259765625],[-76.7852783203125,40.88417053222656],[-76.84916687011719,40.799163818359375],[-76.84611511230469,40.70695495605469],[-76.97528076171875,40.57111358642578],[-76.9324951171875,40.46916961669922],[-77.0,40.40416717529297]],[[-90.48833465576172,40.0],[-90.59166717529297,39.87611389160156],[-90.65221405029297,39.68055725097656],[-90.58194732666016,39.55554962158203],[-90.62638092041016,39.37443542480469],[-90.57975006103516,39.0]],[[-119.0,37.32952880859375],[-119.20166015625,37.45417022705078],[-119.3166732788086,37.31666564941406],[-119.32056427001953,37.1875],[-119.4477767944336,37.10749816894531],[-119.53804779052734,37.12916564941406],[-119.51444244384766,37.09832763671875],[-119.5955581665039,37.05555725097656]],[[-84.0,36.74993896484375],[-84.05805969238281,36.71833801269531],[-84.1905517578125,36.768341064453125],[-84.31082916259766,36.757232666015625],[-84.34139251708984,36.81639099121094],[-84.3055648803711,36.943328857421875],[-84.46500396728516,36.97666931152344],[-84.5058364868164,36.94416809082031],[-84.62915802001953,37.0]],[[-83.0,36.97080993652344],[-83.46334075927734,36.81861877441406],[-83.6258316040039,36.725830078125],[-83.89111328125,36.8558349609375],[-83.97666931152344,36.812774658203125],[-83.96110534667969,36.77500915527344],[-84.0,36.74993896484375]],[[-81.0,36.19773864746094],[-80.54610443115234,36.27915954589844],[-80.43500518798828,36.225830078125],[-80.44055938720703,36.12110900878906],[-80.50666046142578,36.079437255859375],[-80.4070816040039,36.0]],[[-77.6544418334961,36.48194122314453],[-77.55194854736328,36.395286560058594],[-77.5677719116211,36.310821533203125],[-77.43555450439453,36.30860900878906],[-77.37444305419922,36.20527648925781],[-77.25389862060547,36.13916015625],[-77.24305725097656,36.0977783203125],[-77.31888580322266,36.059173583984375],[-77.2021484375,36.0]],[[-101.0,34.6275634765625],[-100.82417297363281,34.62361145019531],[-100.75554656982422,34.57250213623047],[-100.63555145263672,34.55889129638672],[-100.50360870361328,34.596946716308594],[-100.3277816772461,34.530006408691406],[-100.24276733398438,34.57361602783203],[-100.0,34.57166290283203]],[[-99.0,34.206298828125],[-98.74055480957031,34.13749694824219],[-98.59444427490234,34.1583251953125],[-98.46138763427734,34.06666564941406],[-98.35584259033203,34.138885498046875],[-98.10249328613281,34.146392822265625],[-98.0816650390625,34.02278137207031],[-98.0,34.00007629394531]],[[-96.0,33.86064147949219],[-95.94000244140625,33.894439697265625],[-95.7772216796875,33.85111999511719],[-95.7713851928711,33.89305114746094],[-95.59583282470703,33.94471740722656],[-95.53722381591797,33.87944030761719],[-95.34000396728516,33.86639404296875],[-95.22471618652344,33.9647216796875],[-95.0,33.853759765625]],[[-95.0,33.853759765625],[-94.87388610839844,33.75584411621094],[-94.46971893310547,33.640838623046875],[-94.39221954345703,33.557777404785156],[-94.29334259033203,33.59166717529297],[-94.04527282714844,33.55333709716797]],[[-94.0,33.552757263183594],[-93.81944274902344,33.598060607910156],[-93.72888946533203,33.48583221435547],[-93.7458267211914,33.43889617919922],[-93.68389129638672,33.3760986328125],[-93.7038803100586,33.33387756347656],[-93.6655502319336,33.32832336425781],[-93.74055480957031,33.26750183105469],[-93.7388916015625,33.18055725097656],[-93.85749816894531,33.13166809082031],[-93.83218383789062,33.0]],[[-87.0,32.393333435058594],[-87.07611083984375,32.376670837402344],[-87.01777648925781,32.32582092285156],[-87.0736083984375,32.33305358886719],[-87.08694458007812,32.274993896484375],[-87.1602783203125,32.27333068847656],[-87.09555053710938,32.17805480957031],[-87.24249267578125,32.160552978515625],[-87.26805877685547,32.117218017578125],[-87.23611450195312,32.076385498046875],[-87.28194427490234,32.04638671875],[-87.32694244384766,32.07749938964844],[-87.32527923583984,32.14027404785156],[-87.3919448852539,32.14833068847656],[-87.40860748291016,32.051666259765625],[-87.47113800048828,32.0]],[[-81.4932632446289,33.0],[-81.5027847290039,32.95277404785156],[-81.40471649169922,32.75639343261719],[-81.40332794189453,32.618324279785156],[-81.19277954101562,32.468055725097656],[-81.12916564941406,32.31443786621094],[-81.13749694824219,32.13166809082031],[-81.0,32.08103942871094]],[[-109.27388763427734,30.0],[-109.30194854736328,29.8477783203125],[-109.22637939453125,29.591102600097656],[-109.25833129882812,29.44110870361328],[-109.22749328613281,29.42498779296875],[-109.23110961914062,29.245269775390625],[-109.26582336425781,29.1905517578125],[-109.33666229248047,29.175277709960938]],[[-105.0,29.256057739257812],[-104.90444946289062,29.338607788085938],[-104.92138671875,29.376388549804688],[-104.86500549316406,29.495826721191406],[-104.89805603027344,29.554161071777344],[-104.71527862548828,29.502220153808594],[-104.5949935913086,29.570274353027344],[-104.48055267333984,29.529441833496094],[-104.4416732788086,29.586387634277344]],[[-109.61943817138672,28.901947021484375],[-109.63666534423828,28.752227783203125],[-109.5199966430664,28.46833038330078],[-109.68250274658203,28.173614501953125],[-109.79806518554688,28.143051147460938],[-109.83222961425781,28.1683349609375],[-109.875,28.132492065429688]],[[-107.0,27.611778259277344],[-106.77250671386719,27.511940002441406],[-106.56249237060547,27.55889129638672],[-106.28250885009766,27.39666748046875],[-106.20944213867188,27.445838928222656],[-106.0,27.33880615234375]],[[-107.0,26.67101287841797],[-107.26222229003906,26.638893127441406],[-107.42777252197266,26.731948852539062],[-107.50360870361328,26.718612670898438],[-107.78805541992188,26.8125],[-108.0,26.940185546875]],[[-103.0,22.59935760498047],[-103.11000061035156,22.333877563476562],[-103.21554565429688,22.262222290039062],[-103.23944854736328,22.122222900390625],[-103.3197250366211,22.105560302734375],[-103.3277816772461,22.060836791992188],[-103.51610565185547,22.116668701171875]],[[-104.22749328613281,21.177780151367188],[-104.40583038330078,21.358047485351562],[-104.45722198486328,21.471946716308594],[-104.5169448852539,21.47527313232422],[-104.70777130126953,21.838607788085938],[-105.0,21.734771728515625]],[[-99.31426239013672,20.0],[-99.3505630493164,20.165267944335938],[-99.19944763183594,20.251113891601562],[-99.2066650390625,20.45555877685547],[-99.24694061279297,20.535560607910156],[-99.4866714477539,20.658607482910156]],[[-99.5027847290039,19.1300048828125],[-99.54138946533203,19.369155883789062],[-99.7491683959961,19.50110626220703],[-99.7791748046875,19.596107482910156],[-99.86250305175781,19.645835876464844],[-99.92056274414062,19.851669311523438],[-100.0,19.906204223632812]],[[-100.06277465820312,18.0],[-100.2702865600586,18.125],[-100.33556365966797,18.110000610351562],[-100.33000946044922,18.170272827148438],[-100.49694061279297,18.148880004882812],[-100.49333953857422,18.198333740234375],[-100.54082489013672,18.202499389648438],[-100.62805938720703,18.334442138671875],[-100.69554901123047,18.305831909179688],[-100.68721771240234,18.39666748046875]],[[-99.0,17.90704345703125],[-99.12361145019531,17.88861083984375],[-99.39444732666016,17.952499389648438],[-99.5361099243164,17.921661376953125],[-99.7630615234375,17.9949951171875],[-99.89582824707031,17.949722290039062],[-100.0,17.963333129882812]],[[-93.5969467163086,17.183883666992188],[-93.53472137451172,17.240280151367188],[-93.54332733154297,17.352218627929688],[-93.43000030517578,17.324722290039062],[-93.4080581665039,17.362777709960938],[-93.4494400024414,17.378326416015625],[-93.5213851928711,17.525001525878906],[-93.40833282470703,17.643333435058594],[-93.42194366455078,17.799453735351562],[-93.34778594970703,17.95166015625],[-93.30944061279297,17.959716796875]],[[-89.0,15.253997802734375],[-88.8155517578125,15.418327331542969],[-88.79556274414062,15.503059387207031],[-88.6097183227539,15.552223205566406],[-88.49083709716797,15.538337707519531],[-88.46195220947266,15.600547790527344],[-88.31417083740234,15.671379089355469]],[[-91.0,14.94671630859375],[-90.59166717529297,14.879165649414062],[-90.4191665649414,14.92083740234375],[-90.35083770751953,14.8780517578125],[-90.0,14.923431396484375]],[[-85.6463851928711,14.0],[-85.43694305419922,14.12249755859375],[-85.32971954345703,14.271385192871094],[-85.1602783203125,14.331108093261719],[-85.20249938964844,14.406669616699219],[-85.14639282226562,14.489173889160156],[-85.15306091308594,14.561393737792969],[-85.07972717285156,14.543617248535156],[-85.03250122070312,14.573616027832031],[-85.054443359375,14.659446716308594],[-85.0,14.721305847167969]],[[-86.88861083984375,13.433616638183594],[-86.85833740234375,13.409172058105469],[-86.79499816894531,13.457771301269531],[-86.6833267211914,13.455558776855469],[-86.50556182861328,13.613059997558594],[-86.40833282470703,13.625831604003906],[-86.31278228759766,13.592491149902344],[-86.25000762939453,13.480827331542969],[-86.17999267578125,13.440834045410156],[-86.0,13.510475158691406]],[[-77.0,7.162322998046875],[-77.10333251953125,7.347496032714844],[-77.11277770996094,7.442771911621094],[-77.06721496582031,7.514717102050781],[-77.13055419921875,7.568336486816406],[-77.07888793945312,7.563056945800781],[-77.13499450683594,7.718605041503906],[-77.12055969238281,7.8336181640625],[-77.0322265625,7.880828857421875],[-77.0,7.9686126708984375]],[[-71.8397216796875,7.489723205566406],[-71.64972686767578,7.426673889160156],[-71.32111358642578,7.463890075683594],[-71.0,7.344444274902344]],[[-69.0,7.9905548095703125],[-68.93695068359375,7.92694091796875],[-68.81277465820312,7.90167236328125],[-68.64221954345703,7.9677734375],[-68.48917388916016,7.9324951171875],[-68.40222930908203,7.986663818359375],[-68.25250244140625,7.9555511474609375],[-68.15892028808594,8.0]],[[-75.84458923339844,6.0],[-75.8780517578125,6.0880584716796875],[-75.84416198730469,6.1516571044921875],[-75.86111450195312,6.340553283691406],[-75.79638671875,6.581108093261719],[-75.8780517578125,6.699440002441406],[-75.89582824707031,6.8102874755859375],[-75.81410217285156,7.0]],[[-69.0,6.203033447265625],[-68.63721466064453,6.133880615234375],[-68.45389556884766,6.1905517578125],[-68.31360626220703,6.1669464111328125],[-68.1522216796875,6.22332763671875],[-68.0,6.206817626953125]],[[-62.85740661621094,6.0],[-62.90028381347656,6.2005462646484375],[-62.989715576171875,6.364173889160156],[-62.82112121582031,6.639717102050781],[-62.85499572753906,6.8050079345703125]],[[-61.624725341796875,7.0],[-61.60193634033203,6.8316650390625],[-61.66694641113281,6.7369537353515625],[-61.52916717529297,6.705268859863281],[-61.45667266845703,6.7611083984375],[-61.468894958496094,6.796112060546875],[-61.328887939453125,6.8441619873046875],[-61.27833557128906,6.8005523681640625],[-61.21638488769531,6.8075103759765625],[-61.13804626464844,6.701942443847656]],[[-76.37999725341797,5.894439697265625],[-76.37361907958984,5.7533416748046875],[-76.44055938720703,5.686668395996094],[-76.49195098876953,5.545005798339844],[-76.54277801513672,5.506385803222656],[-76.6675033569336,5.517784118652344],[-76.67638397216797,5.7705535888671875],[-76.71721649169922,5.8325042724609375],[-76.6897201538086,5.90167236328125],[-76.77194213867188,5.9711151123046875],[-76.76039123535156,6.0]],[[-58.84747314453125,5.0],[-58.81805419921875,5.181671142578125],[-58.875,5.377784729003906],[-58.69667053222656,5.433891296386719],[-58.638336181640625,5.514717102050781],[-58.56696319580078,6.0]],[[-159.0,68.03498840332031],[-159.49501037597656,68.11221313476562],[-160.0,68.11427307128906]],[[-127.0,68.53833770751953],[-127.0897216796875,68.56945037841797],[-127.44916534423828,68.5133285522461],[-127.45694732666016,68.47611236572266],[-127.71111297607422,68.37749481201172],[-127.89361572265625,68.36028289794922],[-128.0,68.39278411865234]],[[-126.0,68.35684967041016],[-126.09056091308594,68.49527740478516],[-126.6624984741211,68.60193634033203],[-127.0,68.53833770751953]],[[-125.0,68.03852844238281],[-125.23916625976562,68.12110900878906],[-125.6322250366211,68.09249877929688],[-125.6883316040039,68.1522216796875],[-125.96945190429688,68.22749328613281],[-126.0,68.35684967041016]],[[-163.0,67.28620147705078],[-162.8705596923828,67.25360870361328],[-162.6286163330078,67.27082824707031],[-162.4855499267578,67.22332763671875],[-162.60000610351562,67.14694213867188],[-162.4399871826172,67.15472412109375]],[[-160.18963623046875,68.0],[-160.24972534179688,67.977783203125],[-160.2486114501953,67.93055725097656],[-160.3766632080078,67.90000915527344],[-160.89027404785156,67.89889526367188],[-161.0,67.92962646484375]],[[-159.0,67.15193176269531],[-159.32693481445312,67.19444274902344],[-159.5711212158203,67.09889221191406],[-160.0,67.01689147949219]],[[-156.0,67.70352935791016],[-156.19166564941406,67.7155532836914],[-156.31082153320312,67.81916809082031],[-156.48529052734375,67.86027526855469],[-156.626953125,67.84861755371094],[-157.0,67.91087341308594]],[[-155.0,67.53803253173828],[-155.211669921875,67.54582977294922],[-155.2624969482422,67.62027740478516],[-155.3774871826172,67.6655502319336],[-156.0,67.70352935791016]],[[-135.0,67.16448974609375],[-134.9519500732422,67.18415832519531],[-134.9788818359375,67.22111511230469],[-134.8894500732422,67.24749755859375],[-134.84889221191406,67.3066635131836],[-134.89500427246094,67.43277740478516],[-134.8427734375,67.49027252197266],[-134.82749938964844,67.61861419677734],[-134.6827850341797,67.6191635131836],[-134.498046875,67.70526885986328]],[[-161.0,66.93678283691406],[-161.19444274902344,66.88528442382812],[-161.5500030517578,66.86721801757812],[-161.69027709960938,66.81138610839844],[-161.86917114257812,66.81195068359375]],[[-160.08023071289062,67.0],[-160.4305419921875,66.97528076171875],[-160.5952911376953,66.92195129394531],[-161.0,66.93678283691406]],[[-157.0,66.90924072265625],[-157.21388244628906,66.85333251953125],[-157.24305725097656,66.88389587402344],[-157.39389038085938,66.88055419921875],[-157.34527587890625,66.91860961914062],[-157.4561004638672,66.94610595703125],[-157.57223510742188,66.92582702636719],[-157.55056762695312,66.97721862792969],[-157.65879821777344,67.0]],[[-156.0,66.7779312133789],[-156.3605499267578,66.875],[-157.0,66.90924072265625]],[[-155.0,66.8243408203125],[-155.32749938964844,66.75750732421875],[-156.0,66.7779312133789]],[[-134.0,66.49515533447266],[-134.2061004638672,66.52472686767578],[-134.28054809570312,66.62000274658203],[-134.41915893554688,66.67694854736328],[-134.63583374023438,66.67137908935547],[-134.76361083984375,66.79417419433594],[-135.0,66.89581298828125]],[[-132.0,66.07856750488281],[-132.65695190429688,66.25638580322266],[-132.6986083984375,66.29138946533203],[-132.70556640625,66.42777252197266],[-133.0,66.4677963256836]],[[-115.0,66.66973114013672],[-115.71805572509766,66.79638671875],[-115.77223205566406,66.83473205566406],[-116.0,66.82646179199219]],[[-114.44478607177734,66.0],[-114.27722930908203,66.10833740234375],[-114.29833221435547,66.17694091796875],[-114.48499298095703,66.3133316040039],[-114.65111541748047,66.54778289794922],[-115.0,66.66973114013672]],[[-97.0,66.14787292480469],[-96.75305938720703,66.068603515625],[-96.54972076416016,66.0655517578125],[-96.26222229003906,66.163330078125],[-96.0,66.32054901123047]],[[-107.51746368408203,65.0],[-107.37194061279297,65.06666564941406],[-107.39417266845703,65.14999389648438],[-107.3580551147461,65.21693420410156],[-107.4302749633789,65.31610870361328],[-107.20555114746094,65.47777557373047],[-107.0,65.47943878173828]],[[-107.0,65.47943878173828],[-106.84611511230469,65.42528533935547],[-106.5969467163086,65.25000762939453],[-106.16360473632812,65.24445343017578],[-106.0,65.17243957519531]],[[-106.0,65.17243957519531],[-105.28221893310547,65.0655517578125],[-105.0,65.07792663574219]],[[-105.0,65.07792663574219],[-104.86805725097656,65.068603515625],[-104.55750274658203,65.15499877929688],[-104.0,65.20518493652344]],[[-104.0,65.20518493652344],[-103.2991714477539,65.40889739990234],[-103.29528045654297,65.46472930908203],[-103.21305847167969,65.4958267211914],[-103.20500183105469,65.53861236572266],[-103.0,65.5930404663086]],[[-154.0,64.16007995605469],[-153.9405517578125,64.17332458496094],[-153.9791717529297,64.20111083984375],[-153.89166259765625,64.2874984741211],[-153.73472595214844,64.33028411865234],[-153.6122283935547,64.4236068725586],[-153.6263885498047,64.47306060791016],[-154.0,64.4108657836914]],[[-132.0,64.35797882080078],[-132.53834533691406,64.35916900634766],[-133.0,64.43900299072266]],[[-131.7788848876953,64.42888641357422],[-131.725830078125,64.41167449951172],[-131.5836181640625,64.49027252197266],[-131.53001403808594,64.56388092041016],[-131.3088836669922,64.60193634033203],[-131.25027465820312,64.66443634033203],[-131.4341583251953,64.83084106445312],[-131.3602752685547,65.0]],[[-128.0,64.20817565917969],[-127.26222229003906,64.241943359375],[-127.0,64.19166564941406]],[[-127.0,64.19166564941406],[-126.7316665649414,64.16082763671875],[-126.2461166381836,64.3041763305664],[-126.0,64.25192260742188]],[[-126.0,64.25192260742188],[-125.56444549560547,64.18527221679688],[-125.29889678955078,64.26721954345703],[-125.0,64.2611083984375]],[[-111.20805358886719,64.58222198486328],[-111.45389556884766,64.53888702392578],[-111.61194610595703,64.5788803100586],[-111.5919418334961,64.60916900634766],[-111.6227798461914,64.61861419677734],[-111.93638610839844,64.60860443115234],[-111.96249389648438,64.63666534423828]],[[-133.0,63.35774230957031],[-133.47193908691406,63.34222412109375],[-134.0,63.41411590576172]],[[-132.0,63.381263732910156],[-132.4813995361328,63.432228088378906],[-132.55416870117188,63.41138458251953],[-132.61167907714844,63.33416748046875],[-133.0,63.35774230957031]],[[-131.0,63.37761688232422],[-131.2305450439453,63.30804443359375],[-131.75584411621094,63.392494201660156],[-132.0,63.381263732910156]],[[-130.63528442382812,63.84611511230469],[-130.43165588378906,63.68806457519531],[-130.4163818359375,63.62610626220703],[-130.79000854492188,63.433616638183594],[-131.0,63.37761688232422]],[[-129.0,63.38513946533203],[-128.61029052734375,63.441673278808594],[-128.3855438232422,63.57666778564453],[-128.1458282470703,63.546104431152344],[-128.0,63.667144775390625]],[[-149.0,62.79180908203125],[-149.04666137695312,62.8316650390625],[-149.57888793945312,62.82444763183594],[-150.0,62.63008117675781]],[[-148.0,62.791900634765625],[-148.31277465820312,62.841949462890625],[-148.651123046875,62.820281982421875],[-148.74917602539062,62.76945495605469],[-149.0,62.79180908203125]],[[-147.0,62.6695556640625],[-147.195556640625,62.71833801269531],[-147.40054321289062,62.649169921875],[-147.44276428222656,62.69416809082031],[-147.65028381347656,62.717498779296875],[-147.725830078125,62.76445007324219],[-148.0,62.791900634765625]],[[-144.0,62.68505859375],[-144.3736114501953,62.67333984375],[-145.0,62.402496337890625]],[[-136.0,62.860565185546875],[-136.1522216796875,62.87611389160156],[-136.20916748046875,62.806396484375],[-136.3502655029297,62.83250427246094],[-136.4724884033203,62.79249572753906],[-136.49778747558594,62.834442138671875],[-137.0,62.84669494628906]],[[-135.0,62.75993347167969],[-135.635009765625,62.77667236328125],[-136.0,62.860565185546875]],[[-134.0,62.43158721923828],[-134.11416625976562,62.45166778564453],[-134.3877716064453,62.599159240722656],[-134.6536102294922,62.65306091308594],[-134.6155548095703,62.68194580078125],[-134.73777770996094,62.75750732421875],[-135.0,62.75993347167969]],[[-133.0,62.146759033203125],[-133.39971923828125,62.228607177734375],[-134.0,62.43158721923828]],[[-163.29869079589844,62.0],[-163.21722412109375,61.912506103515625],[-163.30166625976562,61.82667541503906],[-163.62112426757812,61.825286865234375],[-163.7183380126953,61.76055908203125],[-163.88528442382812,61.80610656738281],[-163.8322296142578,61.82305908203125],[-163.86611938476562,61.85888671875],[-164.0,61.82878112792969]],[[-150.11802673339844,62.0],[-150.10777282714844,61.912506103515625],[-150.31971740722656,61.706390380859375],[-150.310546875,61.6683349609375],[-150.3874969482422,61.58222198486328],[-150.5550079345703,61.53472137451172],[-150.52500915527344,61.45722198486328],[-150.57640075683594,61.362220764160156]],[[-142.0,61.708892822265625],[-141.8736114501953,61.668609619140625],[-141.58917236328125,61.747222900390625],[-141.33139038085938,61.719451904296875],[-141.0,61.74444580078125]],[[-101.51639556884766,61.16694641113281],[-101.5855484008789,61.250823974609375],[-101.7219467163086,61.27471923828125],[-101.63249969482422,61.434165954589844],[-101.48833465576172,61.51610565185547],[-101.5374984741211,61.66111755371094],[-101.34778594970703,61.88111877441406],[-101.3852310180664,62.0]],[[-155.0,60.783599853515625],[-155.29055786132812,60.689453125],[-155.5769500732422,60.51860809326172],[-156.0,60.37614440917969]],[[-154.02944946289062,60.78361511230469],[-154.2322235107422,60.74333190917969],[-154.48333740234375,60.86027526855469],[-154.72361755371094,60.901397705078125],[-154.9066619873047,60.86083984375],[-154.9277801513672,60.80610656738281],[-155.0,60.783599853515625]],[[-98.78167724609375,60.776397705078125],[-98.49361419677734,60.593894958496094],[-98.0,60.658203125]],[[-97.0,60.3677978515625],[-96.43917083740234,60.55500030517578],[-96.07972717285156,60.455833435058594],[-96.0,60.47028350830078]],[[-96.0,60.42572784423828],[-95.69666290283203,60.372779846191406],[-95.6480484008789,60.423057556152344],[-95.0,60.51013946533203]],[[-138.0,59.850799560546875],[-137.8894500732422,59.788055419921875],[-137.88888549804688,59.74833679199219],[-137.9711151123047,59.72361755371094],[-137.89305114746094,59.63945007324219],[-137.91111755371094,59.559165954589844],[-137.7866668701172,59.54277801513672],[-137.73973083496094,59.494728088378906],[-137.94833374023438,59.457496643066406]],[[-100.99528503417969,59.618324279785156],[-100.84944152832031,59.635826110839844],[-100.82777404785156,59.598609924316406],[-100.71277618408203,59.640289306640625],[-100.71582794189453,59.58777618408203],[-100.53083038330078,59.640838623046875],[-100.4786148071289,59.61638641357422],[-100.1905517578125,59.73695373535156]],[[-77.0,55.23951721191406],[-77.35277557373047,55.163330078125],[-77.5777816772461,55.28944396972656],[-77.7952880859375,55.266937255859375]],[[-76.0,55.059326171875],[-76.14500427246094,55.04888916015625],[-76.36945343017578,55.09832763671875],[-76.47472381591797,55.17277526855469],[-76.4686050415039,55.20332336425781],[-76.53166961669922,55.20111083984375],[-76.82472229003906,55.3458251953125],[-76.93055725097656,55.32276916503906],[-76.92361450195312,55.277496337890625],[-77.0,55.23951721191406]],[[-75.0,55.010955810546875],[-75.20889282226562,55.127777099609375],[-75.7266616821289,55.038055419921875],[-76.0,55.059326171875]],[[-90.0,54.3343505859375],[-89.7280502319336,54.39611053466797],[-89.61055755615234,54.47638702392578],[-89.16221618652344,54.54888153076172],[-89.0,54.652435302734375]],[[-74.0,54.86225891113281],[-74.59000396728516,54.8861083984375],[-74.95249938964844,55.0]],[[-95.0,53.17816162109375],[-94.76222229003906,53.18971252441406],[-94.66361236572266,53.2369384765625],[-94.47834014892578,53.229156494140625],[-94.40889739990234,53.17610168457031],[-94.32527923583984,53.21611022949219],[-94.0,53.24360656738281]],[[-91.86805725097656,53.34138488769531],[-91.56694793701172,53.491661071777344],[-91.41693878173828,53.516395568847656],[-91.33499908447266,53.604713439941406],[-91.3455581665039,53.64277648925781],[-91.12611389160156,53.72528076171875],[-91.0,53.867156982421875]],[[-78.0,53.77024841308594],[-78.59444427490234,53.751953125],[-78.90139770507812,53.815277099609375]],[[-77.0,53.630699157714844],[-77.11778259277344,53.633056640625],[-77.25054931640625,53.75584411621094],[-77.45806121826172,53.80805969238281],[-77.66777801513672,53.82861328125],[-77.88444519042969,53.76499938964844],[-78.0,53.77024841308594]],[[-76.0,53.74845886230469],[-76.74999237060547,53.69612121582031],[-77.0,53.630699157714844]],[[-74.0,53.71784973144531],[-74.54610443115234,53.64195251464844],[-74.67194366455078,53.68778991699219],[-75.0,53.67015075683594]],[[-73.0,53.8262939453125],[-73.10028076171875,53.82112121582031],[-73.16110229492188,53.88444519042969],[-73.41500091552734,53.91944885253906],[-74.0,53.71784973144531]],[[-64.0,53.512474060058594],[-63.59583282470703,53.41693878173828],[-63.309722900390625,53.28916931152344],[-63.209991455078125,53.20610046386719],[-63.0,53.19288635253906]],[[-63.0,53.19288635253906],[-62.793060302734375,53.152496337890625],[-62.36499786376953,53.14610290527344],[-62.361106872558594,53.10638427734375],[-62.19805908203125,53.060272216796875],[-62.211395263671875,53.0]],[[-62.0,52.903717041015625],[-61.617225646972656,52.85499572753906],[-61.57721710205078,52.983062744140625],[-61.420555114746094,52.961395263671875],[-61.27119445800781,53.0]],[[-102.73332977294922,52.0],[-102.68639373779297,51.953338623046875],[-102.49304962158203,51.904449462890625],[-102.4080581665039,51.79499816894531],[-102.22694396972656,51.72056579589844],[-102.03500366210938,51.70722961425781],[-102.0,51.76445007324219]],[[-102.0,51.76445007324219],[-101.89833068847656,51.536659240722656],[-101.77223205566406,51.45722198486328],[-101.69527435302734,51.326385498046875],[-101.53556060791016,51.25555419921875],[-101.49527740478516,51.1441650390625],[-101.41500091552734,51.08111572265625],[-101.41202545166016,51.0]],[[-116.0,50.80088806152344],[-115.88528442382812,50.72361755371094],[-115.75499725341797,50.526390075683594],[-115.6080551147461,50.406394958496094],[-115.6897201538086,50.309722900390625],[-115.70471954345703,50.21638488769531],[-115.80778503417969,50.141387939453125],[-115.79991149902344,50.0]],[[-93.14610290527344,50.6239013671875],[-93.27417755126953,50.611671447753906],[-93.33306121826172,50.65888977050781],[-93.40972137451172,50.654449462890625],[-93.38195037841797,50.593055725097656],[-93.73332977294922,50.53943634033203],[-93.86111450195312,50.43138885498047],[-93.82638549804688,50.397499084472656],[-93.92916870117188,50.3458251953125]],[[-91.0,50.08821105957031],[-91.24500274658203,50.14527893066406],[-91.31360626220703,50.217498779296875],[-91.89582824707031,50.065277099609375]],[[-68.73638153076172,50.67695617675781],[-68.61499786376953,50.609718322753906],[-68.66999053955078,50.46361541748047],[-68.57166290283203,50.39611053466797],[-68.54528045654297,50.32749938964844],[-68.54305267333984,50.245269775390625],[-68.65389251708984,50.10472106933594],[-68.64745330810547,50.0]],[[-100.86175537109375,50.0],[-100.82638549804688,49.84916687011719],[-100.6222152709961,49.78916931152344],[-100.48888397216797,49.790283203125],[-100.45499420166016,49.85111999511719],[-100.25221252441406,49.89472961425781],[-100.0,49.84297180175781]],[[-100.0,49.84297180175781],[-99.80722045898438,49.8336181640625],[-99.59027862548828,49.6591796875],[-99.40027618408203,49.59221649169922],[-99.29361724853516,49.601661682128906],[-99.2127685546875,49.69999694824219],[-99.0,49.70240783691406]],[[-99.0,49.70240783691406],[-98.8941650390625,49.6763916015625],[-98.70499420166016,49.75083923339844],[-98.45250701904297,49.75944519042969],[-98.42916107177734,49.850555419921875],[-98.30583953857422,49.94139099121094],[-98.185546875,49.92277526855469],[-98.04373168945312,50.0]],[[-121.11778259277344,48.72222900390625],[-121.33943939208984,48.62638854980469],[-121.45250701904297,48.50804901123047],[-121.60999298095703,48.486106872558594],[-121.7711181640625,48.54749298095703],[-122.0,48.53050994873047]],[[-116.0,48.58635711669922],[-116.15943908691406,48.70111083984375],[-116.37749481201172,48.695831298828125],[-116.40917205810547,48.72917175292969],[-116.37944793701172,48.75889587402344],[-116.39916229248047,48.88250732421875],[-116.52361297607422,48.96278381347656],[-116.49944305419922,49.0]],[[-76.18666076660156,48.56305694580078],[-76.42444610595703,48.516395568847656],[-76.8880615234375,48.21611022949219],[-77.0,48.28807067871094]],[[-117.0,47.70680236816406],[-117.43277740478516,47.67695617675781],[-117.52416229248047,47.80610656738281],[-117.5794448852539,47.80833435058594],[-117.65499114990234,47.89277648925781],[-117.76611328125,47.83277893066406],[-117.84834289550781,47.85833740234375],[-118.0,47.82276916503906]],[[-114.13360595703125,47.71112060546875],[-114.33499908447266,47.641380310058594],[-114.30167388916016,47.57917022705078],[-114.3550033569336,47.50139617919922],[-114.26778411865234,47.489723205566406],[-114.31999969482422,47.44306182861328],[-114.2861099243164,47.342498779296875],[-114.76526641845703,47.367225646972656]],[[-99.77749633789062,47.481666564941406],[-99.8255615234375,47.57111358642578],[-99.80889892578125,47.72889709472656],[-99.47472381591797,47.67222595214844],[-99.30167388916016,47.7388916015625],[-99.23222351074219,47.684722900390625],[-99.08416748046875,47.67973327636719],[-99.0,47.618385314941406]],[[-99.0,47.618385314941406],[-98.77084350585938,47.520835876464844],[-98.850830078125,47.21055603027344],[-98.77667236328125,47.15110778808594],[-98.70360565185547,47.0]],[[-120.5653305053711,47.0],[-120.43444061279297,46.82167053222656],[-120.49527740478516,46.6602783203125],[-120.43999481201172,46.52361297607422],[-120.0,46.24137878417969]],[[-120.0,46.24137878417969],[-119.82112121582031,46.200836181640625],[-119.5280532836914,46.29388427734375],[-119.4699935913086,46.26805114746094],[-119.46833038330078,46.3477783203125],[-119.39916229248047,46.395286560058594],[-119.29389190673828,46.283599853515625],[-119.22999572753906,46.26860046386719]],[[-116.0,45.435630798339844],[-116.18110656738281,45.40416717529297],[-116.28556060791016,45.42833709716797],[-116.25833129882812,45.62001037597656],[-116.30500030517578,45.766387939453125],[-116.27527618408203,45.8719482421875],[-116.53839874267578,46.0]],[[-115.0,45.52051544189453],[-115.19528198242188,45.581947326660156],[-115.4861068725586,45.387779235839844],[-115.78694152832031,45.468605041503906],[-116.0,45.435630798339844]],[[-114.0,45.413291931152344],[-114.21221923828125,45.40833282470703],[-114.34223175048828,45.33638000488281],[-114.5844497680664,45.30860900878906],[-114.70166778564453,45.403892517089844],[-114.78971862792969,45.40361785888672],[-115.0,45.52051544189453]],[[-113.31610870361328,45.17388916015625],[-113.33943939208984,45.22972106933594],[-113.3055648803711,45.305267333984375],[-113.4013900756836,45.36333465576172],[-113.46361541748047,45.50749969482422],[-113.41584014892578,45.697509765625],[-113.147216796875,45.88250732421875],[-113.0,45.84510803222656]],[[-108.0,45.31111145019531],[-107.79750061035156,45.3861083984375],[-107.65332794189453,45.649169921875],[-107.56583404541016,45.70611572265625],[-107.55611419677734,45.956939697265625],[-107.49617767333984,46.0]],[[-98.15834045410156,46.0],[-98.16915893554688,45.89472961425781],[-98.32056427001953,45.69389343261719],[-98.32083892822266,45.61000061035156],[-98.23304748535156,45.52111053466797],[-98.2558364868164,45.45000457763672],[-98.36278533935547,45.31500244140625],[-98.48278045654297,45.0]],[[-73.3244400024414,45.07695007324219],[-73.2558364868164,45.14888000488281],[-73.27249908447266,45.475563049316406],[-73.1844482421875,45.63139343261719],[-73.20054626464844,45.73445129394531],[-73.14334106445312,46.0]],[[-102.0,44.50959014892578],[-101.68138885498047,44.577491760253906],[-101.51917266845703,44.568885803222656],[-101.34583282470703,44.6844482421875],[-101.20944213867188,44.70167541503906]],[[-95.85270690917969,45.0],[-95.52971649169922,44.80027770996094],[-95.53665924072266,44.76417541503906],[-95.0,44.543296813964844]],[[-89.63721466064453,45.0],[-89.6388931274414,44.89860534667969],[-89.7300033569336,44.73472595214844],[-89.66222381591797,44.668609619140625],[-89.66693878173828,44.56749725341797],[-89.5647201538086,44.47222137451172],[-89.78666687011719,44.442771911621094],[-89.91221618652344,44.244720458984375]],[[-122.0,43.275390625],[-122.26195526123047,43.34388732910156],[-122.4241714477539,43.27833557128906],[-122.6480484008789,43.296112060546875],[-122.73110961914062,43.35221862792969],[-122.87611389160156,43.30833435058594],[-123.0,43.33674621582031]],[[-109.9727783203125,43.7791748046875],[-109.88917541503906,43.649169921875],[-109.53194427490234,43.52582550048828],[-109.4155502319336,43.426109313964844],[-109.31583404541016,43.43500518798828],[-109.0,43.25929260253906]],[[-109.0,43.25929260253906],[-108.45471954345703,43.0513916015625],[-108.3072280883789,43.14332580566406],[-108.18305969238281,43.13471984863281],[-108.16471862792969,43.21971130371094]],[[-98.0,43.75968933105469],[-97.96221923828125,43.68194580078125],[-97.82278442382812,43.578330993652344],[-97.814453125,43.45000457763672],[-97.6319351196289,43.34832763671875],[-97.65917205810547,43.20527648925781],[-97.36945343017578,43.043609619140625],[-97.3611831665039,43.0]],[[-95.5830307006836,44.0],[-95.3616714477539,43.85221862792969],[-95.20277404785156,43.92250061035156],[-95.09721374511719,43.82861328125],[-95.0,43.608375549316406]],[[-90.0,43.20103454589844],[-90.07527160644531,43.15443420410156],[-90.32305145263672,43.211669921875],[-90.57471466064453,43.21333312988281],[-91.0,43.037628173828125]],[[-94.54874420166016,43.0],[-94.52666473388672,42.92555236816406],[-94.44916534423828,42.8941650390625],[-94.43999481201172,42.79888916015625],[-94.23332977294922,42.7227783203125],[-94.19499206542969,42.66444396972656],[-94.23639678955078,42.59528350830078],[-94.19805908203125,42.50611114501953],[-94.0,42.33604431152344]],[[-102.0,41.0740966796875],[-101.6480484008789,41.130828857421875],[-101.0,41.15995788574219]],[[-103.0,40.76744079589844],[-102.82333374023438,40.844451904296875],[-102.2941665649414,40.945831298828125],[-102.17916870117188,41.0]],[[-101.0,40.1654052734375],[-100.7822265625,40.223052978515625],[-100.5875015258789,40.179718017578125],[-100.0,40.291107177734375]],[[-99.99667358398438,40.2913818359375],[-99.5875015258789,40.2288818359375],[-99.47611236572266,40.11833190917969],[-99.32750701904297,40.08221435546875],[-99.0,40.07734680175781]],[[-99.0,40.07734680175781],[-98.41638946533203,40.072784423828125],[-98.0,40.005096435546875]],[[-123.0,39.40459442138672],[-123.084716796875,39.39082336425781],[-123.12222290039062,39.48888397216797],[-123.2611083984375,39.55333709716797],[-123.44306182861328,39.91749572753906],[-123.40972137451172,39.96333312988281],[-123.44019317626953,40.0]],[[-120.19332885742188,39.984161376953125],[-120.13027954101562,39.839447021484375],[-120.20639038085938,39.78944396972656],[-120.43000030517578,39.82221984863281],[-120.56749725341797,39.75166320800781],[-120.71082305908203,39.86083984375],[-120.806396484375,39.87361145019531],[-121.0,39.82659912109375]],[[-97.0,39.25712585449219],[-96.89166259765625,39.098602294921875],[-96.81500244140625,39.05999755859375],[-96.5199966430664,39.182769775390625],[-96.33556365966797,39.16722106933594],[-96.21083068847656,39.214447021484375],[-96.0,39.12297058105469]],[[-82.0,39.917938232421875],[-81.90834045410156,39.86833190917969],[-81.90666198730469,39.73445129394531],[-81.78416442871094,39.534996032714844],[-81.70027923583984,39.592491149902344],[-81.62944793701172,39.54444122314453],[-81.57111358642578,39.558616638183594],[-81.46916961669922,39.50804901123047],[-81.50000762939453,39.477500915527344],[-81.47028350830078,39.409996032714844]],[[-96.0,38.56934356689453],[-95.85389709472656,38.489173889160156],[-95.56945037841797,38.526939392089844],[-95.5058364868164,38.596107482910156],[-95.29222869873047,38.616668701171875],[-95.0,38.52027130126953]],[[-109.0,37.00569152832031],[-109.15388488769531,37.209991455078125],[-109.39167022705078,37.29472351074219],[-109.54027557373047,37.28639221191406],[-109.85777282714844,37.157501220703125],[-110.0,37.224273681640625]],[[-85.0,37.2252197265625],[-85.20889282226562,37.1763916015625],[-85.26499938964844,37.236114501953125],[-85.38639068603516,37.21305847167969],[-85.45360565185547,37.27915954589844],[-85.54999542236328,37.24028015136719],[-85.58306121826172,37.29832458496094],[-85.63304901123047,37.26527404785156],[-85.75694274902344,37.312774658203125],[-86.0,37.24028015136719]],[[-78.0,37.634918212890625],[-77.95138549804688,37.621673583984375],[-77.91722106933594,37.6875],[-77.81416320800781,37.60193634033203],[-77.43000030517578,37.52361297607422],[-77.40721893310547,37.42638397216797],[-77.24694061279297,37.34332275390625]],[[-108.0,36.70307922363281],[-108.66194915771484,36.78277587890625],[-108.78611755371094,36.883331298828125],[-108.91389465332031,36.908050537109375],[-108.99153137207031,37.0]],[[-81.64415740966797,36.20721435546875],[-81.5744400024414,36.249725341796875],[-81.5905532836914,36.28694152832031],[-81.41167449951172,36.32194519042969],[-81.42610931396484,36.35499572753906],[-81.39278411865234,36.351654052734375],[-81.40027618408203,36.406394958496094],[-81.32889556884766,36.464439392089844],[-81.34806060791016,36.54444122314453],[-81.3036117553711,36.588050842285156],[-81.21583557128906,36.59972381591797],[-81.1583251953125,36.549720764160156],[-81.04527282714844,36.608055114746094],[-81.03639221191406,36.67750549316406],[-81.0,36.66700744628906]],[[-103.0,35.400611877441406],[-102.92694091796875,35.41222381591797],[-102.87333679199219,35.48583221435547],[-102.3616714477539,35.55583953857422],[-102.0,35.46002960205078]],[[-101.0,35.940277099609375],[-100.5250015258789,35.97999572753906],[-100.10888671875,35.8558349609375],[-100.0,35.8829345703125]],[[-98.85514831542969,36.0],[-98.48027801513672,35.573890686035156],[-98.30278778076172,35.545555114746094],[-98.0,35.37239074707031]],[[-98.0,35.37239074707031],[-97.54944610595703,35.30888366699219],[-97.54332733154297,35.244720458984375],[-97.34278106689453,35.078887939453125],[-97.34972381591797,35.0]],[[-96.0,35.12229919433594],[-95.44693756103516,35.30999755859375],[-95.2336196899414,35.272216796875],[-95.05833435058594,35.45861053466797]],[[-88.27973175048828,34.69972229003906],[-88.25332641601562,34.64556121826172],[-88.31221771240234,34.497215270996094],[-88.4241714477539,34.38195037841797],[-88.42833709716797,34.264434814453125],[-88.37610626220703,34.1361083984375],[-88.5138168334961,34.0]],[[-110.0,33.08470153808594],[-110.15277099609375,33.177490234375],[-110.36222076416016,33.20555114746094],[-110.61527252197266,33.141937255859375],[-110.74817657470703,33.0]],[[-110.0,33.587379455566406],[-110.29833221435547,33.79249572753906],[-110.55388641357422,33.84416198730469],[-110.6500015258789,33.80528259277344],[-110.77639770507812,33.642494201660156],[-110.95472717285156,33.6541748046875]],[[-108.12693786621094,33.673065185546875],[-108.17304992675781,33.584449768066406],[-108.08528137207031,33.427772521972656],[-108.08999633789062,33.33000183105469],[-108.15611267089844,33.24082946777344],[-108.13916015625,33.18693542480469],[-108.29778289794922,33.059173583984375],[-108.50556182861328,33.05860900878906],[-108.54293060302734,33.0]],[[-104.27242279052734,34.0],[-104.2719497680664,33.80332946777344],[-104.34639739990234,33.629730224609375],[-104.37555694580078,33.419166564941406],[-104.25444030761719,33.046112060546875],[-104.32364654541016,33.0]],[[-101.66388702392578,33.537498474121094],[-101.44556427001953,33.435279846191406],[-101.29027557373047,33.2208251953125],[-101.17666625976562,33.195281982421875],[-101.13444519042969,33.13139343261719],[-101.0,33.14312744140625]],[[-109.0,32.68701171875],[-109.13888549804688,32.77778625488281],[-109.22000122070312,32.94361877441406],[-109.37610626220703,32.98249816894531],[-109.50666046142578,32.869171142578125],[-109.65166473388672,32.84111022949219],[-109.91305541992188,33.0]],[[-98.51583099365234,33.0],[-98.3949966430664,32.972503662109375],[-98.4497299194336,32.90167236328125],[-98.37999725341797,32.823333740234375],[-98.21611022949219,32.860565185546875],[-98.14888000488281,32.76249694824219],[-98.25332641601562,32.728057861328125],[-98.07221984863281,32.64445495605469],[-98.02888488769531,32.68611145019531],[-98.0,32.633949279785156]],[[-96.0,32.850189208984375],[-95.63249969482422,32.72056579589844],[-95.49027252197266,32.618324279785156],[-95.0,32.527976989746094]],[[-90.36132049560547,33.0],[-90.41971588134766,32.98583984375],[-90.4000015258789,32.945556640625],[-90.45833587646484,32.8861083984375],[-90.44527435302734,32.83612060546875],[-90.58138275146484,32.744720458984375],[-90.53083038330078,32.71221923828125],[-90.54749298095703,32.690277099609375],[-90.7155532836914,32.67889404296875],[-90.73194122314453,32.566383361816406],[-90.79167175292969,32.573890686035156],[-90.852783203125,32.47167205810547],[-90.93167114257812,32.44110870361328],[-90.91471862792969,32.33665466308594]],[[-83.0,32.85560607910156],[-82.8255615234375,32.40222930908203],[-82.6399917602539,32.27555847167969],[-82.58055877685547,32.0]],[[-103.0,31.383758544921875],[-102.80332946777344,31.274993896484375],[-102.64055633544922,31.32916259765625],[-102.42888641357422,31.218048095703125],[-102.37833404541016,31.085556030273438],[-102.09259033203125,31.0]],[[-99.0,31.482261657714844],[-98.74082946777344,31.38970947265625],[-98.70417022705078,31.431930541992188],[-98.68054962158203,31.349441528320312],[-98.62194061279297,31.36944580078125],[-98.6241683959961,31.325271606445312],[-98.56194305419922,31.32916259765625],[-98.59471893310547,31.276657104492188],[-98.48749542236328,31.169998168945312],[-98.5052719116211,31.11749267578125],[-98.43500518798828,31.113052368164062],[-98.41454315185547,31.0]],[[-93.5755386352539,31.0],[-93.53278350830078,30.942779541015625],[-93.57361602783203,30.89361572265625],[-93.56388092041016,30.822509765625],[-93.73306274414062,30.54694366455078],[-93.69805145263672,30.45220947265625],[-93.7558364868164,30.341934204101562],[-93.71277618408203,30.2852783203125],[-93.6977767944336,30.145553588867188],[-93.79139709472656,30.0]],[[-108.21495056152344,29.0],[-108.26971435546875,29.042495727539062],[-108.3486099243164,29.22637939453125],[-108.34639739990234,29.346664428710938],[-108.44055938720703,29.394989013671875],[-108.58333587646484,29.317779541015625],[-108.56999969482422,29.184722900390625],[-108.70694732666016,29.079727172851562],[-108.69286346435547,29.0]],[[-96.0,29.638832092285156],[-95.9244384765625,29.65917205810547],[-95.81500244140625,29.58055877685547],[-95.77389526367188,29.614158630371094],[-95.6786117553711,29.581382751464844],[-95.5713882446289,29.485557556152344],[-95.60388946533203,29.303054809570312],[-95.56722259521484,29.223892211914062],[-95.62000274658203,29.1875],[-95.63611602783203,29.106658935546875],[-95.4603500366211,29.0]],[[-81.0,28.122848510742188],[-80.81083679199219,28.044998168945312],[-80.7491683959961,28.100006103515625],[-80.75554656982422,28.165267944335938],[-80.86361694335938,28.221664428710938],[-80.80999755859375,28.309722900390625],[-80.86860656738281,28.336380004882812],[-80.87611389160156,28.48694610595703],[-80.96110534667969,28.589439392089844]],[[-106.36278533935547,25.839447021484375],[-106.6383285522461,25.584449768066406],[-106.68221282958984,25.383331298828125],[-107.0,25.271804809570312]],[[-107.3853988647461,25.0],[-107.34278106689453,24.955551147460938],[-107.4111099243164,24.92333984375],[-107.4286117553711,24.808334350585938],[-107.72443389892578,24.774169921875],[-107.73139190673828,24.726394653320312],[-107.66222381591797,24.63971710205078],[-107.71639251708984,24.49333953857422]],[[-105.09721374511719,24.03582763671875],[-105.18693542480469,24.24444580078125],[-105.15194702148438,24.302780151367188],[-105.19221496582031,24.35943603515625],[-105.16110229492188,24.433326721191406],[-105.32750701904297,24.760009765625],[-105.31305694580078,24.818893432617188],[-105.3906478881836,25.0]],[[-99.80049133300781,24.0],[-99.81083679199219,24.13360595703125],[-99.74193572998047,24.163330078125],[-99.68639373779297,24.137222290039062],[-99.63916778564453,24.1763916015625],[-99.56000518798828,24.139999389648438],[-99.32195281982422,24.188323974609375],[-99.27471923828125,24.11444091796875],[-99.0,24.0631103515625]],[[-104.06277465820312,23.0],[-104.11805725097656,22.911941528320312],[-104.04499816894531,22.724166870117188],[-104.03721618652344,22.458335876464844],[-104.13444519042969,22.1583251953125],[-104.23805236816406,22.1119384765625],[-104.23971557617188,22.028060913085938],[-104.2995834350586,22.0]],[[-102.77639770507812,22.743621826171875],[-102.72528076171875,22.656944274902344],[-102.8013916015625,22.53472137451172],[-102.78666687011719,22.453895568847656],[-102.9263916015625,22.23443603515625],[-102.92138671875,22.169723510742188],[-102.85499572753906,22.131103515625],[-102.89077758789062,22.0]],[[-99.0,22.8565673828125],[-98.86805725097656,22.796112060546875],[-98.73777770996094,22.851669311523438],[-98.73249053955078,22.812774658203125],[-98.65637969970703,22.779449462890625],[-98.62749481201172,22.702789306640625],[-98.65833282470703,22.656944274902344],[-98.52832794189453,22.607505798339844],[-98.54999542236328,22.548606872558594],[-98.48917388916016,22.44416046142578]],[[-76.0,20.413421630859375],[-76.06639099121094,20.434158325195312],[-76.09194946289062,20.49333953857422],[-76.20361328125,20.476661682128906],[-76.5516586303711,20.599449157714844],[-76.62860870361328,20.558326721191406],[-76.7458267211914,20.583885192871094],[-76.77305603027344,20.54389190673828],[-76.8497314453125,20.54138946533203],[-76.8699951171875,20.597496032714844],[-77.0,20.61315155029297]],[[-70.9505615234375,19.081939697265625],[-70.6944351196289,19.086944580078125],[-70.6399917602539,19.153335571289062],[-70.70999908447266,19.29083251953125],[-70.68639373779297,19.47722625732422],[-70.74778747558594,19.45360565185547],[-70.82000732421875,19.517494201660156],[-71.0,19.550331115722656]],[[-96.0,18.186660766601562],[-95.98249816894531,18.256378173828125],[-95.95722961425781,18.218612670898438],[-95.94471740722656,18.25],[-95.90388488769531,18.234161376953125],[-95.80332946777344,18.370834350585938],[-95.75138854980469,18.314437866210938],[-95.760009765625,18.368331909179688],[-95.70972442626953,18.379989624023438],[-95.72472381591797,18.546669006347656],[-95.63944244384766,18.618324279785156],[-95.6388931274414,18.69805145263672]],[[-95.19679260253906,18.0],[-95.24276733398438,18.108612060546875],[-95.41722869873047,18.176666259765625],[-95.47110748291016,18.257766723632812],[-95.50861358642578,18.235549926757812],[-95.5855484008789,18.51305389404297],[-95.66361236572266,18.600547790527344]],[[-89.0,17.21759033203125],[-88.85888671875,17.239990234375],[-88.83583068847656,17.289718627929688],[-88.78445434570312,17.275833129882812],[-88.76722717285156,17.331100463867188],[-88.63555145263672,17.381668090820312],[-88.62000274658203,17.45972442626953],[-88.4508285522461,17.659996032714844],[-88.38306427001953,17.64276885986328],[-88.39000701904297,17.580833435058594],[-88.34471893310547,17.55194854736328],[-88.16944885253906,17.504173278808594]],[[-96.7340316772461,17.0],[-96.75444030761719,16.822784423828125],[-96.83805847167969,16.73638916015625],[-96.88499450683594,16.564170837402344],[-96.79194641113281,16.519447326660156],[-96.87388610839844,16.43555450439453],[-96.89361572265625,16.342498779296875],[-96.85389709472656,16.321380615234375],[-96.88778686523438,16.292770385742188],[-97.0,16.328323364257812]],[[-91.0,16.112960815429688],[-90.91389465332031,16.135269165039062],[-90.88250732421875,16.17388916015625],[-90.90888977050781,16.2047119140625],[-90.85389709472656,16.213333129882812],[-90.8638916015625,16.3216552734375],[-90.75944519042969,16.339996337890625],[-90.7611083984375,16.42583465576172],[-90.72277069091797,16.47083282470703],[-90.71944427490234,16.4163818359375],[-90.67638397216797,16.459991455078125],[-90.66304779052734,16.59416961669922]],[[-88.87556457519531,15.169998168945312],[-88.82194519042969,15.054718017578125],[-88.62805938720703,15.19305419921875],[-88.53777313232422,15.207778930664062],[-88.40750885009766,15.329719543457031],[-88.21749877929688,15.310829162597656],[-88.1602783203125,15.331398010253906],[-88.12611389160156,15.403327941894531],[-88.0,15.417701721191406]],[[-88.0,15.263893127441406],[-87.93722534179688,15.254997253417969],[-87.91471862792969,15.326942443847656],[-87.81832885742188,15.407508850097656],[-87.85833740234375,15.454994201660156],[-87.81138610839844,15.454444885253906],[-87.83473205566406,15.506660461425781],[-87.75971221923828,15.605827331542969],[-87.82888793945312,15.690269470214844],[-87.75723266601562,15.734725952148438],[-87.80000305175781,15.79278564453125],[-87.72721099853516,15.918060302734375]],[[-87.0,15.380836486816406],[-86.75110626220703,15.397499084472656],[-86.22721862792969,15.523887634277344],[-86.0,15.698127746582031]],[[-91.09500122070312,14.827224731445312],[-91.07194519042969,14.7086181640625],[-91.12693786621094,14.465553283691406],[-91.33695220947266,14.214996337890625],[-91.3358383178711,14.155838012695312],[-91.41805267333984,14.086944580078125],[-91.43054962158203,14.009719848632812]],[[-88.81944274902344,14.373619079589844],[-88.9405517578125,14.417228698730469],[-88.94000244140625,14.534996032714844],[-88.87944030761719,14.633323669433594],[-88.90472412109375,14.748611450195312],[-88.65416717529297,14.723342895507812],[-88.68054962158203,14.799453735351562],[-88.6433334350586,14.928619384765625],[-88.55693817138672,15.0]],[[-87.0,14.868743896484375],[-86.95111083984375,14.795562744140625],[-86.65917205810547,14.71917724609375],[-86.47611236572266,14.527503967285156],[-86.39583587646484,14.522499084472656],[-86.0,14.689033508300781]],[[-85.90916442871094,13.231658935546875],[-85.86833190917969,13.248886108398438],[-85.73444366455078,13.06304931640625],[-85.41638946533203,13.084716796875],[-85.3227767944336,13.153610229492188],[-85.17277526855469,13.143325805664062],[-85.09860229492188,13.181106567382812],[-85.03111267089844,13.14471435546875],[-85.0,13.177886962890625]],[[-85.0,12.077072143554688],[-84.93556213378906,12.025833129882812],[-84.88027954101562,12.124725341796875],[-84.74500274658203,12.149444580078125],[-84.6755599975586,12.071380615234375],[-84.53638458251953,12.058883666992188],[-84.24694061279297,12.180557250976562],[-84.0,12.087249755859375]],[[-85.51305389404297,10.945556640625],[-85.5597152709961,10.852508544921875],[-85.52527618408203,10.724433898925781],[-85.59110260009766,10.600273132324219],[-85.58167266845703,10.524436950683594],[-85.5300064086914,10.422782897949219],[-85.4830551147461,10.418617248535156],[-85.46527862548828,10.455833435058594],[-85.38167572021484,10.414726257324219],[-85.40999603271484,10.341941833496094],[-85.28499603271484,10.278053283691406]],[[-84.85610961914062,10.488059997558594],[-84.77944946289062,10.450279235839844],[-84.6755599975586,10.516670227050781],[-84.51917266845703,10.498893737792969],[-84.3772201538086,10.675559997558594],[-84.32611846923828,10.641380310058594],[-84.19248962402344,10.676658630371094],[-84.18971252441406,10.783340454101562]],[[-83.87049865722656,10.0],[-83.94277954101562,10.1361083984375],[-83.84805297851562,10.28277587890625],[-83.87388610839844,10.402229309082031],[-83.82749938964844,10.458885192871094],[-83.82972717285156,10.634727478027344],[-83.75944519042969,10.683326721191406],[-83.64055633544922,10.683891296386719],[-83.6322250366211,10.718338012695312]],[[-72.91221618652344,9.0],[-72.89443969726562,9.044998168945312],[-72.84028625488281,9.045562744140625],[-72.75416564941406,9.120269775390625],[-72.57555389404297,9.148605346679688],[-72.47444915771484,9.122772216796875],[-72.45471954345703,9.063339233398438],[-72.29582977294922,9.101669311523438],[-72.18722534179688,9.250274658203125],[-72.04388427734375,9.243331909179688],[-72.02360534667969,9.308341979980469],[-72.0,9.295326232910156]],[[-78.0,8.879837036132812],[-77.9697265625,8.828887939453125],[-77.98832702636719,8.742233276367188],[-77.88972473144531,8.512214660644531],[-77.80751037597656,8.456382751464844],[-77.70861053466797,8.2913818359375],[-77.68054962158203,8.185272216796875],[-77.71916961669922,8.19305419921875],[-77.7388916015625,8.126663208007812]],[[-73.1763916015625,8.041671752929688],[-73.34583282470703,8.26361083984375],[-73.2991714477539,8.313606262207031],[-73.22221374511719,8.596946716308594],[-73.08416748046875,8.661384582519531],[-73.05389404296875,8.714447021484375],[-73.0,8.670661926269531]],[[-67.40222930908203,8.956939697265625],[-67.46027374267578,8.911392211914062],[-67.4286117553711,8.669715881347656],[-67.5230484008789,8.561943054199219],[-67.51111602783203,8.424720764160156],[-67.45806121826172,8.354438781738281],[-67.39722442626953,8.343055725097656],[-67.42749786376953,8.302787780761719],[-67.40694427490234,8.200271606445312],[-67.4655532836914,8.126937866210938],[-67.44828033447266,8.0]],[[-76.34583282470703,7.0],[-76.4333267211914,7.067779541015625],[-76.4225082397461,7.2061004638671875],[-76.46611785888672,7.295555114746094],[-76.73638153076172,7.265556335449219],[-77.0,7.423225402832031]],[[-72.94305419921875,7.133880615234375],[-72.82221984863281,7.235557556152344],[-72.73306274414062,7.179718017578125],[-72.64221954345703,7.1924896240234375],[-72.57971954345703,7.282218933105469],[-72.50499725341797,7.303611755371094],[-72.44416046142578,7.220001220703125],[-72.24805450439453,7.1841583251953125],[-72.0655517578125,7.0616607666015625]],[[-70.0,7.0831451416015625],[-69.81361389160156,7.0344390869140625],[-69.48027801513672,7.0749969482421875],[-69.34610748291016,7.0311126708984375],[-69.18638610839844,7.0969390869140625],[-69.0,7.252593994140625]],[[-69.0,7.252593994140625],[-68.93638610839844,7.326667785644531],[-68.5633316040039,7.421119689941406],[-68.46222686767578,7.491950988769531],[-68.3469467163086,7.444725036621094],[-68.0,7.556526184082031]],[[-68.0,7.556526184082031],[-67.92805480957031,7.591392517089844],[-67.66027069091797,7.587776184082031],[-67.48888397216797,7.550270080566406],[-67.30500030517578,7.443061828613281],[-67.15165710449219,7.472785949707031],[-67.0,7.442314147949219]],[[-65.0,7.05291748046875],[-65.03416442871094,7.1616668701171875],[-65.2047119140625,7.2324981689453125],[-65.15861511230469,7.278343200683594],[-65.21110534667969,7.343330383300781],[-65.22305297851562,7.495002746582031],[-65.14027404785156,7.592491149902344],[-65.03666687011719,7.528892517089844],[-65.0,7.558647155761719]],[[-72.71981048583984,6.0],[-72.66222381591797,6.068328857421875],[-72.6388931274414,6.217498779296875],[-72.67916107177734,6.516395568847656],[-72.74999237060547,6.576667785644531],[-72.81971740722656,6.542228698730469],[-72.96611022949219,6.7205657958984375],[-73.0,6.8191680908203125]],[[-60.657562255859375,6.0],[-60.68000793457031,6.070281982421875],[-60.56916046142578,6.466117858886719],[-60.412498474121094,6.366386413574219],[-60.258331298828125,6.323341369628906],[-60.0,6.133331298828125]],[[-59.883087158203125,6.0],[-59.88999938964844,5.91778564453125],[-59.65611267089844,5.8005523681640625],[-59.63500213623047,5.72528076171875],[-59.560279846191406,5.8383331298828125],[-59.34972381591797,5.856109619140625],[-59.27360534667969,6.0]],[[-58.0,5.353889465332031],[-57.86334228515625,5.673332214355469],[-57.7952880859375,5.677223205566406],[-57.7611083984375,5.8272247314453125],[-57.71556091308594,5.7711181640625],[-57.66139221191406,5.8136138916015625],[-57.7037353515625,6.0]],[[-57.398887634277344,5.0],[-57.28498840332031,5.0200042724609375],[-57.32249450683594,5.0699920654296875],[-57.28749084472656,5.1722259521484375],[-57.2288818359375,5.1408233642578125],[-57.188323974609375,5.16888427734375],[-57.234161376953125,5.259727478027344],[-57.27888488769531,5.223602294921875],[-57.28721618652344,5.310829162597656],[-57.334991455078125,5.313606262207031],[-57.271942138671875,5.380561828613281],[-57.24888610839844,5.485557556152344]],[[-123.0,73.46793365478516],[-123.70360565185547,73.50972747802734],[-124.0,73.5757064819336]],[[-122.0,73.4061050415039],[-123.0,73.46793365478516]],[[-124.0,72.46289825439453],[-124.40027618408203,72.4625015258789],[-124.81222534179688,72.41056060791016],[-125.0,72.44881439208984]],[[-123.0,72.48448944091797],[-123.49832916259766,72.50333404541016],[-124.0,72.46289825439453]],[[-122.0,72.16691589355469],[-122.33417510986328,72.36888885498047],[-123.0,72.48448944091797]],[[-119.68250274658203,72.57500457763672],[-119.88278198242188,72.60027313232422],[-119.92778015136719,72.65193939208984],[-119.79611206054688,72.75499725341797],[-119.81666564941406,72.81138610839844],[-119.47333526611328,72.89361572265625],[-119.6419448852539,72.96527099609375],[-119.63423919677734,73.0]],[[-117.0,72.2495346069336],[-116.53388214111328,72.20777893066406],[-116.40778350830078,72.30777740478516],[-116.14749145507812,72.39083099365234],[-116.147216796875,72.4302749633789],[-116.0,72.44892120361328]],[[-116.0,72.44892120361328],[-115.66443634033203,72.50110626220703],[-115.41584014892578,72.41222381591797],[-115.28221893310547,72.45638275146484],[-115.0,72.45333099365234]],[[-115.0,71.16346740722656],[-116.0,71.09837341308594]],[[-114.0,71.2152099609375],[-114.61360931396484,71.22499084472656],[-115.0,71.16346740722656]],[[-113.0,71.4609603881836],[-113.26250457763672,71.43889617919922],[-113.4130630493164,71.33556365966797],[-113.7024917602539,71.24694061279297],[-113.8941650390625,71.28499603271484],[-114.0,71.2152099609375]],[[-112.0,71.57491302490234],[-112.35889434814453,71.4688949584961],[-112.68389129638672,71.49056243896484],[-112.91278076171875,71.43277740478516],[-113.0,71.4609603881836]],[[-111.0,71.49674224853516],[-111.7088851928711,71.61554718017578],[-112.0,71.57491302490234]],[[-110.39472198486328,71.92500305175781],[-110.52693939208984,71.83084106445312],[-110.48332977294922,71.71582794189453],[-110.8094482421875,71.67972564697266],[-110.85638427734375,71.64888763427734],[-110.80111694335938,71.60860443115234],[-110.82638549804688,71.5313949584961],[-111.0,71.49674224853516]],[[-151.96139526367188,69.0],[-151.88694763183594,69.06195068359375],[-151.96055603027344,69.08305358886719],[-151.93028259277344,69.10638427734375],[-151.443603515625,69.22221374511719],[-151.45193481445312,69.3294448852539],[-151.4102783203125,69.3691635131836],[-151.52667236328125,69.45360565185547]],[[-127.0,69.66230010986328],[-126.87306213378906,69.72943878173828],[-126.94223022460938,69.77749633789062],[-126.80361938476562,69.78750610351562],[-126.95472717285156,69.79972839355469],[-126.95306396484375,69.84249877929688],[-126.81167602539062,69.836669921875],[-127.0,69.87445068359375]],[[-123.0,69.15103149414062],[-123.3308334350586,69.16555786132812],[-123.6161117553711,69.2411117553711],[-123.6494369506836,69.30944061279297],[-123.7691650390625,69.29528045654297],[-123.87916564941406,69.36249542236328]],[[-152.62445068359375,68.30445098876953],[-152.54722595214844,68.3902816772461],[-152.54055786132812,68.45333099365234],[-152.39305114746094,68.52832794189453],[-152.3958282470703,68.63138580322266],[-152.27694702148438,68.71027374267578],[-152.32611083984375,68.73943328857422],[-152.3138885498047,68.76722717285156],[-152.0399932861328,68.79389953613281],[-152.0,68.85781860351562]],[[-144.19528198242188,69.0],[-144.30027770996094,68.95472717285156],[-144.3038787841797,68.89860534667969],[-144.6908416748047,68.77944946289062],[-145.0,68.5963363647461]],[[-143.0,68.95306396484375],[-142.4083251953125,68.9375],[-142.1659698486328,69.0]],[[-141.0,68.19290161132812],[-140.77471923828125,68.16777038574219],[-140.5388946533203,68.19332885742188],[-140.4230499267578,68.24055480957031],[-140.45916748046875,68.26693725585938],[-140.32666015625,68.28972625732422],[-140.1286163330078,68.2527847290039],[-140.0,68.18106079101562]],[[-139.9263916015625,68.86750793457031],[-139.80917358398438,68.80833435058594],[-139.0,68.875]],[[-135.1183319091797,68.30638885498047],[-135.49501037597656,68.43083953857422],[-135.5327911376953,68.4911117553711],[-135.70556640625,68.5666732788086],[-135.7375030517578,68.59972381591797],[-135.71417236328125,68.63304901123047],[-135.85610961914062,68.76749420166016],[-136.0,68.79754638671875]],[[-134.12832641601562,68.42472076416016],[-134.5083465576172,68.4574966430664],[-135.0,68.63410186767578]],[[-149.0144500732422,67.4625015258789],[-149.25111389160156,67.4191665649414],[-149.5113983154297,67.29361724853516],[-149.6236114501953,67.19694519042969],[-149.9058380126953,67.14443969726562],[-150.0,67.05781555175781]],[[-139.5821533203125,68.0],[-139.64666748046875,67.91111755371094],[-139.96527099609375,67.77944946289062],[-139.6750030517578,67.62860870361328],[-139.80416870117188,67.57666778564453]],[[-136.9404296875,68.0],[-136.86473083496094,67.97528076171875],[-136.88528442382812,67.8800048828125],[-136.8013916015625,67.74999237060547],[-136.6344451904297,67.6933364868164],[-136.60751342773438,67.64777374267578],[-136.7616729736328,67.6241683959961],[-136.69833374023438,67.5199966430664],[-137.0,67.39153289794922]],[[-123.220458984375,67.0],[-123.85000610351562,67.08721923828125],[-123.82167053222656,67.10360717773438],[-123.84722900390625,67.15971374511719],[-123.93499755859375,67.23805236816406],[-123.89805603027344,67.2638931274414],[-124.0,67.32543182373047]],[[-122.23916625976562,67.54471588134766],[-122.39417266845703,67.5774917602539],[-122.5666732788086,67.7027816772461],[-122.8094482421875,67.71749114990234],[-123.0,67.80416870117188]],[[-120.05024719238281,68.0],[-120.16526794433594,67.96556091308594],[-120.25527954101562,67.87722778320312],[-120.91529846191406,68.0]],[[-100.0,67.37316131591797],[-100.27056121826172,67.57111358642578],[-100.5986099243164,67.6752700805664],[-100.63054656982422,67.76444244384766],[-100.60083770751953,67.80223083496094]],[[-94.0,67.4524154663086],[-94.08555603027344,67.51277923583984],[-94.36028289794922,67.55388641357422],[-94.49694061279297,67.4352798461914],[-94.7391586303711,67.3711166381836],[-95.0,67.19195556640625]],[[-93.06074523925781,67.0],[-93.0413818359375,67.08499145507812],[-93.1441650390625,67.14527893066406],[-93.29972076416016,67.15750122070312],[-93.45722198486328,67.23527526855469],[-93.49027252197266,67.3022232055664],[-94.0,67.4524154663086]],[[-94.0,67.7293472290039],[-93.53333282470703,67.87083435058594],[-93.5022201538086,67.93611145019531],[-93.0,67.99234008789062]],[[-90.0,67.47278594970703],[-90.06639099121094,67.51944732666016],[-90.02944946289062,67.56610870361328],[-90.05250549316406,67.59888458251953],[-90.24889373779297,67.65860748291016],[-90.13166809082031,67.7491683959961],[-90.1844482421875,67.85389709472656],[-90.0,67.92803955078125]],[[-161.0852813720703,66.81889343261719],[-161.20388793945312,66.81723022460938],[-161.25498962402344,66.80194091796875],[-161.2208251953125,66.77555847167969],[-161.37777709960938,66.75027465820312],[-161.46360778808594,66.77416229248047],[-161.7566680908203,66.74472045898438],[-161.83750915527344,66.6913833618164]],[[-151.0,66.87251281738281],[-151.37998962402344,66.75056457519531],[-151.53167724609375,66.6352767944336],[-151.77166748046875,66.58194732666016],[-151.93472290039062,66.58916473388672]],[[-111.0,66.16624450683594],[-110.6574935913086,66.23527526855469],[-110.26667022705078,66.24723052978516],[-110.0947265625,66.31111907958984],[-110.1441650390625,66.34917449951172],[-110.0,66.4244613647461]],[[-110.0,66.4244613647461],[-109.87472534179688,66.45389556884766],[-109.64777374267578,66.37972259521484],[-109.40193939208984,66.37055206298828],[-109.22444152832031,66.42194366455078],[-109.11888122558594,66.51917266845703],[-109.0,66.5500717163086]],[[-109.0,66.5500717163086],[-108.88166809082031,66.62638092041016],[-108.89056396484375,66.70665740966797],[-108.67137908935547,66.82667541503906],[-108.54332733154297,66.83555603027344],[-108.60083770751953,66.85638427734375],[-108.53417205810547,66.88722229003906],[-108.23193359375,66.84889221191406]],[[-92.0,66.74319458007812],[-92.13139343261719,66.72832489013672],[-92.56722259521484,66.90834045410156],[-92.74639129638672,66.88972473144531],[-92.81584167480469,66.98194885253906],[-93.0,66.98403930664062]],[[-91.0,66.67891693115234],[-91.26667022705078,66.70194244384766],[-91.34722137451172,66.68860626220703],[-91.43277740478516,66.60721588134766],[-91.65360260009766,66.59638214111328],[-91.897216796875,66.69554901123047],[-91.945556640625,66.7508316040039],[-92.0,66.74319458007812]],[[-164.0,65.43816375732422],[-164.1572265625,65.42638397216797],[-164.19082641601562,65.3777847290039],[-164.3011016845703,65.37389373779297],[-164.6508331298828,65.21638488769531],[-165.0,65.17817687988281]],[[-162.8155517578125,65.41083526611328],[-162.3141632080078,65.3869400024414],[-162.0,65.31768035888672]],[[-162.0,65.31768035888672],[-161.91806030273438,65.19999694824219],[-161.73361206054688,65.20916748046875],[-161.39248657226562,65.13499450683594],[-161.04722595214844,65.1280517578125],[-161.0,65.09487915039062]],[[-154.0,65.53809356689453],[-154.60028076171875,65.42305755615234],[-154.75473022460938,65.2986068725586],[-154.74305725097656,65.24834442138672],[-154.79916381835938,65.2047119140625],[-155.0,65.16993713378906]],[[-153.0,65.70536041259766],[-153.1105499267578,65.64360809326172],[-153.649169921875,65.6116714477539],[-154.0,65.53809356689453]],[[-139.99583435058594,65.34888458251953],[-139.5308380126953,65.29222869873047],[-139.0,65.34732818603516]],[[-138.0,65.72083282470703],[-137.6336212158203,65.7588882446289],[-137.375,65.86056518554688],[-137.0,65.84974670410156]],[[-137.0,65.84974670410156],[-136.4989013671875,65.83555603027344],[-136.0,65.89360046386719]],[[-137.0,65.49388885498047],[-136.7247314453125,65.63944244384766],[-136.25721740722656,65.72943878173828],[-136.3633270263672,65.82806396484375],[-136.34999084472656,65.86750793457031]],[[-136.0,65.89360046386719],[-135.5436248779297,65.89027404785156],[-135.3463897705078,65.83500671386719],[-135.0,65.93600463867188]],[[-115.3691635131836,65.88583374023438],[-115.60083770751953,65.80332946777344],[-115.85472106933594,65.78388977050781],[-115.80416870117188,65.7249984741211],[-115.83500671386719,65.7027816772461],[-115.74000549316406,65.70804595947266],[-115.77778625488281,65.68138885498047],[-115.73860931396484,65.65721893310547],[-115.87611389160156,65.64665985107422],[-116.0,65.5834732055664]],[[-105.17971801757812,65.35889434814453],[-105.0977783203125,65.43750762939453],[-105.41527557373047,65.75639343261719],[-105.4094467163086,65.80471801757812],[-105.25360870361328,65.88194274902344],[-105.33684539794922,66.0]],[[-96.0,65.6202163696289],[-96.03166198730469,65.68917083740234],[-96.38555145263672,65.72582244873047],[-96.6352767944336,65.83055114746094],[-97.0,65.84379577636719]],[[-94.0,65.43791961669922],[-93.79444885253906,65.47110748291016],[-93.6208267211914,65.43416595458984],[-93.59444427490234,65.41222381591797],[-93.6177749633789,65.36945343017578],[-93.54833221435547,65.30194854736328],[-93.66666412353516,65.20249938964844],[-94.0,65.15556335449219]],[[-136.0,64.67205047607422],[-136.27110290527344,64.75250244140625],[-136.82305908203125,64.81971740722656],[-137.0,64.88569641113281]],[[-135.0641632080078,64.67388153076172],[-135.1597137451172,64.62999725341797],[-135.49583435058594,64.67499542236328],[-135.7897186279297,64.6177749633789],[-136.0,64.67205047607422]],[[-132.0,64.5256576538086],[-132.18276977539062,64.5552749633789],[-133.0,64.96807861328125]],[[-84.46361541748047,64.83416748046875],[-84.48082733154297,64.7138900756836],[-84.54805755615234,64.67638397216797],[-84.48055267333984,64.5763931274414],[-84.5233383178711,64.51583099365234],[-84.43054962158203,64.43778228759766],[-84.5566635131836,64.40332794189453],[-84.56888580322266,64.36444854736328],[-84.7058334350586,64.36249542236328],[-84.81472778320312,64.46334075927734],[-85.0,64.47895050048828]],[[-69.0,64.57674407958984],[-69.09721374511719,64.6016616821289],[-69.12361145019531,64.65637969970703],[-69.2602767944336,64.64861297607422],[-69.34917449951172,64.59833526611328],[-69.34610748291016,64.53833770751953],[-69.48416900634766,64.43277740478516],[-69.7316665649414,64.38611602783203],[-70.0,64.46588897705078]],[[-120.15165710449219,63.25416564941406],[-120.27167510986328,63.3861083984375],[-120.47222137451172,63.49555206298828],[-120.65360260009766,63.665008544921875],[-120.7491683959961,63.6925048828125],[-120.915283203125,63.88639831542969],[-121.0,63.91131591796875]],[[-117.0,63.11170959472656],[-116.86750793457031,63.11305236816406],[-116.87417602539062,63.14582824707031],[-116.72026824951172,63.20054626464844],[-116.68498992919922,63.24888610839844],[-116.53278350830078,63.27915954589844],[-116.5102767944336,63.24249267578125],[-116.56000518798828,63.20277404785156],[-116.5425033569336,63.17610168457031],[-116.29666900634766,63.05860900878906]],[[-106.78388977050781,63.61500549316406],[-106.50472259521484,63.763885498046875],[-106.18527221679688,63.598609924316406],[-106.0,63.639007568359375]],[[-122.0,62.61396026611328],[-122.18499755859375,62.661956787109375],[-122.45194244384766,62.63417053222656],[-122.70055389404297,62.68861389160156],[-122.91278076171875,62.66111755371094],[-123.0,62.69444274902344]],[[-121.0,62.616615295410156],[-121.22055053710938,62.66056823730469],[-121.4977798461914,62.65528869628906],[-121.67916107177734,62.537498474121094],[-121.79916381835938,62.51610565185547],[-121.91778564453125,62.54138946533203],[-122.0,62.61396026611328]],[[-120.0,62.679656982421875],[-120.14111328125,62.717498779296875],[-120.24055480957031,62.68695068359375],[-120.52388763427734,62.69944763183594],[-121.0,62.616615295410156]],[[-120.0,62.24742126464844],[-119.76611328125,62.318603515625],[-119.72222137451172,62.39556121826172],[-119.78195190429688,62.536109924316406],[-119.75527954101562,62.642494201660156],[-120.0,62.679656982421875]],[[-114.01777648925781,62.78889465332031],[-114.18138122558594,62.774444580078125],[-114.15472412109375,62.83583068847656],[-114.2750015258789,62.78334045410156],[-114.27722930908203,62.70973205566406],[-114.15306091308594,62.549720764160156],[-114.3072280883789,62.527503967285156],[-114.32250213623047,62.420005798339844]],[[-112.17083740234375,62.80389404296875],[-112.25721740722656,62.770843505859375],[-112.29889678955078,62.654998779296875],[-112.3872299194336,62.585838317871094],[-112.68555450439453,62.505836486816406],[-113.0,62.50336456298828]],[[-96.70665740966797,62.56945037841797],[-96.5774917602539,62.46778106689453],[-96.57054901123047,62.413612365722656],[-96.49889373779297,62.39277648925781],[-96.31221771240234,62.400001525878906],[-96.2491683959961,62.359161376953125],[-96.10610961914062,62.38916778564453],[-96.19110107421875,62.438331604003906],[-96.14610290527344,62.46472930908203],[-96.01028442382812,62.432228088378906]],[[-160.12832641601562,61.93888854980469],[-160.09999084472656,61.88861083984375],[-160.55751037597656,61.81500244140625],[-160.6313934326172,61.76527404785156],[-161.0,61.74977111816406]],[[-143.0,61.266387939453125],[-143.2677764892578,61.34748840332031],[-143.58750915527344,61.315826416015625],[-143.8255615234375,61.373321533203125],[-143.95361328125,61.35777282714844],[-144.0,61.40076446533203]],[[-142.0,61.07826232910156],[-142.4933319091797,61.11138916015625],[-143.0,61.266387939453125]],[[-108.0,61.94593811035156],[-108.20304870605469,61.9324951171875],[-108.49250030517578,61.78639221191406],[-108.95750427246094,61.81805419921875]],[[-107.21388244628906,61.76055908203125],[-107.20222473144531,61.8255615234375],[-107.35027313232422,61.91694641113281],[-107.61722564697266,61.88055419921875],[-107.76028442382812,61.93360900878906],[-108.0,61.94593811035156]],[[-99.0,61.09056091308594],[-98.83222961425781,61.116943359375],[-98.60860443115234,61.07167053222656],[-98.62250518798828,61.13972473144531],[-98.54972076416016,61.17999267578125],[-98.5536117553711,61.22111511230469],[-98.39000701904297,61.28666687011719],[-98.21499633789062,61.247772216796875],[-98.08499145507812,61.163055419921875]],[[-97.99082946777344,61.17832946777344],[-97.836669921875,61.22776794433594],[-97.50333404541016,61.16694641113281],[-97.47278594970703,61.12083435058594],[-97.23138427734375,61.068328857421875],[-97.11582946777344,61.10139465332031]],[[-96.0,61.08802795410156],[-95.0,61.0787353515625]],[[-76.0,61.34260559082031],[-76.6580581665039,61.27166748046875],[-77.0,61.12351989746094]],[[-75.0,61.2791748046875],[-75.45055389404297,61.245269775390625],[-75.75165557861328,61.17027282714844],[-75.79472351074219,61.25999450683594],[-76.0,61.24928283691406]],[[-74.0,61.41083526611328],[-75.0,61.2791748046875]],[[-112.0,60.637115478515625],[-112.17166137695312,60.58306121826172],[-112.25332641601562,60.61554718017578],[-112.26277923583984,60.694732666015625],[-112.10722351074219,60.83721923828125],[-112.32889556884766,60.815277099609375],[-112.44445037841797,60.9344482421875]],[[-111.0,60.429100036621094],[-111.22389221191406,60.480003356933594],[-111.4124984741211,60.41944122314453],[-111.64055633544922,60.53972625732422],[-111.77972412109375,60.663055419921875]],[[-110.60054779052734,60.74861145019531],[-110.48082733154297,60.59833526611328],[-110.4686050415039,60.510276794433594],[-110.7249984741211,60.433616638183594],[-110.92721557617188,60.49639129638672],[-111.0,60.429100036621094]],[[-72.0,60.394981384277344],[-71.85055541992188,60.29859924316406],[-71.64055633544922,60.258331298828125],[-71.52861785888672,60.17222595214844],[-71.25194549560547,60.133056640625],[-71.1199951171875,60.062225341796875]],[[-123.0,59.20729064941406],[-123.66832733154297,59.25999450683594],[-124.0,59.44055938720703]],[[-133.0,58.888427734375],[-133.1244354248047,58.90916442871094],[-133.1536102294922,58.86222839355469],[-133.76695251464844,58.519996643066406]],[[-126.2457046508789,58.0],[-126.77444458007812,58.442771911621094],[-126.78500366210938,58.509437561035156],[-126.8800048828125,58.531105041503906],[-126.91166687011719,58.59777069091797],[-127.0,58.63872528076172]],[[-120.0,58.38758087158203],[-120.23971557617188,58.351104736328125],[-120.35443878173828,58.384727478027344],[-120.42139434814453,58.440834045410156],[-120.4094467163086,58.53028106689453],[-120.45638275146484,58.58361053466797],[-120.40332794189453,58.6622314453125],[-120.2719497680664,58.72611999511719],[-120.0,58.74015808105469]],[[-119.0,58.32891845703125],[-119.32555389404297,58.27082824707031],[-119.47444915771484,58.30082702636719],[-119.54749298095703,58.406944274902344],[-120.0,58.38758087158203]],[[-120.0,58.74015808105469],[-119.5088882446289,58.78277587890625],[-119.37471771240234,58.741668701171875],[-119.28389739990234,58.76139831542969],[-119.11666870117188,58.692779541015625],[-119.0,58.702972412109375]],[[-119.0,58.702972412109375],[-118.9969482421875,58.743896484375],[-118.89944458007812,58.74639892578125],[-118.90388488769531,58.78889465332031],[-118.69361114501953,58.82916259765625],[-118.63277435302734,58.79722595214844],[-118.46027374267578,58.89472961425781],[-118.37055206298828,58.908050537109375],[-118.22637939453125,58.86222839355469],[-118.0,58.941192626953125]],[[-106.0,58.033782958984375],[-105.90472412109375,58.12916564941406],[-105.90278625488281,58.23054504394531],[-105.75250244140625,58.377784729003906],[-105.72528076171875,58.45221710205078],[-105.79389953613281,58.48999786376953],[-105.73082733154297,58.6702880859375],[-105.59027862548828,58.782501220703125]],[[-101.3791732788086,58.53888702392578],[-101.22027587890625,58.55388641357422],[-101.14250183105469,58.46527862548828],[-101.17832946777344,58.41388702392578],[-101.13943481445312,58.37944030761719],[-101.28083038330078,58.19999694824219],[-101.22250366210938,58.17832946777344],[-101.2719497680664,58.05555725097656],[-101.40319061279297,58.0]],[[-76.02667236328125,58.62805938720703],[-76.19139099121094,58.643890380859375],[-76.26611328125,58.60694122314453],[-76.24583435058594,58.562217712402344],[-76.43305206298828,58.534996032714844],[-76.95777893066406,58.54888153076172]],[[-72.7974853515625,58.0],[-72.0,58.25694274902344]],[[-72.0,58.25694274902344],[-71.82389831542969,58.312774658203125],[-71.32555389404297,58.276947021484375],[-71.0,58.41484832763672]],[[-71.0,58.41484832763672],[-70.66443634033203,58.490272521972656],[-70.4155502319336,58.653900146484375],[-70.38639068603516,58.723052978515625],[-70.25499725341797,58.7711181640625]],[[-65.0,58.58147430419922],[-65.41500091552734,58.64527893066406],[-65.80223083496094,58.84611511230469]],[[-64.0,58.73130798339844],[-64.11749267578125,58.717498779296875],[-64.19888305664062,58.64306640625],[-64.33361053466797,58.599449157714844],[-65.0,58.58147430419922]],[[-129.57472229003906,57.15888977050781],[-129.62167358398438,57.20555114746094],[-129.48277282714844,57.29222106933594],[-129.4147186279297,57.54999542236328],[-129.4422149658203,57.651947021484375],[-129.5469512939453,57.71055603027344],[-129.70472717285156,57.88444519042969],[-129.6508331298828,57.9586181640625]],[[-124.82083129882812,57.75334167480469],[-124.6333236694336,57.78306579589844],[-124.25194549560547,57.76695251464844],[-124.02777099609375,57.81388854980469],[-124.0,57.852508544921875]],[[-124.0,57.215423583984375],[-123.63472747802734,57.15611267089844],[-123.4111099243164,57.23027038574219],[-123.0,57.2586669921875]],[[-108.81277465820312,57.33555603027344],[-108.75361633300781,57.315826416015625],[-108.73360443115234,57.19305419921875],[-108.4111099243164,57.12971496582031],[-108.27973175048828,57.057220458984375],[-108.3600082397461,57.003326416015625],[-108.48917388916016,57.0]],[[-108.17527770996094,57.529441833496094],[-108.26473236083984,57.49860382080078],[-108.5727767944336,57.564720153808594],[-108.87306213378906,57.54332733154297],[-108.91416931152344,57.48389434814453],[-108.8397216796875,57.41777801513672],[-108.91500854492188,57.37998962402344]],[[-105.0,57.13087463378906],[-104.27361297607422,57.490272521972656],[-104.23555755615234,57.559165954589844],[-104.0,57.680694580078125]],[[-103.75122833251953,57.0],[-103.76777648925781,57.0513916015625],[-103.7297134399414,57.092498779296875],[-103.3519515991211,57.23500061035156],[-103.0897216796875,57.24028015136719],[-103.0,57.2933349609375]],[[-74.24943542480469,57.62916564941406],[-74.52056121826172,57.8477783203125],[-75.0,57.90449523925781]],[[-74.0,57.52996063232422],[-73.85194396972656,57.60222625732422],[-73.32694244384766,57.735565185546875],[-73.0,57.92814636230469]],[[-72.0,57.14117431640625],[-71.76749420166016,57.21110534667969],[-71.27943420410156,57.19248962402344],[-71.0,57.28385925292969]],[[-71.0,57.28385925292969],[-70.50777435302734,57.45055389404297],[-70.45610809326172,57.54444122314453],[-70.33499908447266,57.620277404785156],[-70.211669921875,57.608604431152344],[-70.11000061035156,57.545005798339844],[-70.0,57.55011749267578]],[[-126.6530532836914,56.28221130371094],[-126.7088851928711,56.264434814453125],[-126.65694427490234,56.22138977050781],[-126.1905517578125,56.16249084472656],[-126.0,56.03167724609375]],[[-125.89750671386719,56.0],[-125.8013916015625,56.06138610839844],[-125.6594467163086,56.07804870605469],[-125.28472137451172,56.02610778808594],[-125.18028259277344,56.131103515625],[-125.0,56.1529541015625]],[[-110.0,56.700286865234375],[-110.32416534423828,56.7005615234375],[-110.58028411865234,56.76194763183594],[-110.85472106933594,56.66389465332031],[-111.0,56.664215087890625]],[[-109.0,56.895721435546875],[-109.22444152832031,56.84889221191406],[-109.2763900756836,56.77610778808594],[-110.0,56.700286865234375]],[[-75.0,56.65809631347656],[-75.56000518798828,56.75138854980469],[-75.66832733154297,56.82167053222656],[-75.6333236694336,56.8427734375],[-75.75917053222656,56.88722229003906],[-76.0,56.87394714355469]],[[-75.0,56.20475769042969],[-75.42916107177734,56.17860412597656],[-75.97250366210938,56.21665954589844]],[[-74.0,56.816070556640625],[-73.62305450439453,56.75083923339844],[-73.45499420166016,56.79722595214844],[-73.0,56.8214111328125]],[[-73.0,56.8214111328125],[-72.13165283203125,57.0]],[[-71.0,56.46208953857422],[-71.1119384765625,56.50666046142578],[-71.11917114257812,56.596107482910156],[-71.22250366210938,56.619720458984375],[-71.17250061035156,56.66334533691406],[-71.28417205810547,56.7388916015625],[-71.26944732666016,56.77278137207031],[-71.3338851928711,56.78111267089844],[-71.2911148071289,56.80583190917969],[-71.30445098876953,56.84693908691406],[-71.49527740478516,56.94305419921875],[-71.4061050415039,57.0]],[[-66.39444732666016,56.57305145263672],[-66.20555114746094,56.60277557373047],[-66.19610595703125,56.64750671386719],[-66.27056121826172,56.71833801269531],[-66.47943878173828,56.79278564453125],[-66.5677719116211,56.92083740234375],[-66.7078628540039,57.0]],[[-63.994171142578125,56.83805847167969],[-63.87611389160156,56.75083923339844],[-63.0,56.65936279296875]],[[-63.0,56.02592468261719],[-62.81195068359375,56.15666198730469],[-62.0,56.13981628417969]],[[-121.0,55.40595245361328],[-121.10194396972656,55.429161071777344],[-121.1300048828125,55.52916717529297],[-121.20027160644531,55.537498474121094],[-121.16888427734375,55.63111114501953],[-121.1138916015625,55.64805603027344],[-121.14555358886719,55.65972900390625],[-121.13444519042969,55.7005615234375],[-121.20777893066406,55.72889709472656],[-121.24555969238281,55.82667541503906],[-121.22332763671875,55.867218017578125],[-121.2763900756836,55.90055847167969],[-121.20916748046875,56.0]],[[-118.5294418334961,55.0],[-118.38861846923828,55.01499938964844],[-118.2861099243164,55.09083557128906],[-118.3052749633789,55.13417053222656],[-118.2388916015625,55.179443359375],[-118.28499603271484,55.20527648925781],[-118.28917694091797,55.318603515625],[-118.23277282714844,55.35777282714844],[-118.21943664550781,55.454994201660156],[-118.15306091308594,55.494163513183594],[-118.20111083984375,55.54833221435547],[-118.0,55.57976531982422]],[[-118.0,55.57976531982422],[-117.74472045898438,55.560829162597656],[-117.70804595947266,55.571937561035156],[-117.72333526611328,55.607505798339844],[-117.63500213623047,55.618324279785156],[-117.6258316040039,55.6763916015625],[-117.68749237060547,55.681121826171875],[-117.50611114501953,55.858062744140625],[-117.52156829833984,56.0]],[[-98.0,55.73493957519531],[-97.94444274902344,55.72416687011719],[-97.18055725097656,56.0]],[[-93.97325134277344,55.0],[-93.62610626220703,55.133331298828125],[-93.58943939208984,55.220001220703125],[-93.48888397216797,55.29026794433594],[-93.0,55.327423095703125]],[[-94.0,55.35194396972656],[-93.74555969238281,55.481666564941406],[-93.68250274658203,55.58861541748047],[-93.5697250366211,55.66361999511719],[-93.38333892822266,55.741119384765625],[-93.26582336425781,55.91722106933594],[-93.26508331298828,56.0]],[[-71.16139221191406,55.53417205810547],[-71.27082824707031,55.528053283691406],[-71.36695098876953,55.43000030517578],[-71.5138931274414,55.43500518798828],[-71.41666412353516,55.673614501953125],[-71.13388061523438,55.85389709472656],[-71.06582641601562,56.0]],[[-66.51583099365234,55.25471496582031],[-66.74500274658203,55.44194793701172],[-66.929443359375,55.87388610839844],[-67.0,55.909820556640625]],[[-63.0,55.353759765625],[-62.63612365722656,55.43000030517578],[-62.155548095703125,55.42499542236328],[-62.0,55.384544372558594]],[[-62.0,55.384544372558594],[-61.80751037597656,55.391395568847656],[-61.39082336425781,55.23527526855469],[-61.32832336425781,55.247222900390625],[-61.228057861328125,55.188323974609375],[-61.179718017578125,55.06304931640625],[-61.0,55.048553466796875]],[[-122.0,54.56269073486328],[-122.06971740722656,54.638336181640625],[-122.4958267211914,54.7852783203125],[-122.77091979980469,55.0]],[[-95.75334167480469,54.31639099121094],[-95.6944351196289,54.36444091796875],[-95.65221405029297,54.370269775390625],[-95.67249298095703,54.34693908691406],[-95.63777923583984,54.32832336425781],[-95.58611297607422,54.38666534423828],[-95.47750091552734,54.405006408691406],[-95.45417022705078,54.49138641357422],[-95.30167388916016,54.46277618408203],[-95.15583801269531,54.51917266845703],[-95.0,54.48712921142578]],[[-87.06768798828125,54.0],[-87.13360595703125,54.13249206542969],[-87.11749267578125,54.37443542480469],[-87.22055053710938,54.50194549560547],[-87.29473114013672,54.73388671875],[-87.0,54.73944091796875]],[[-87.0,54.73944091796875],[-86.6433334350586,54.784454345703125],[-86.47388458251953,54.70527648925781],[-86.16722106933594,54.68499755859375],[-86.0,54.72383117675781]],[[-75.0,54.375396728515625],[-75.42833709716797,54.324432373046875],[-75.72888946533203,54.36248779296875],[-76.0,54.30302429199219]],[[-74.0,54.511253356933594],[-74.65250396728516,54.342498779296875],[-75.0,54.375396728515625]],[[-68.0,54.32012939453125],[-68.08860778808594,54.231109619140625],[-68.38805389404297,54.33110046386719],[-68.55750274658203,54.331939697265625],[-68.54749298095703,54.394447326660156],[-68.6177749633789,54.43193817138672],[-68.71916961669922,54.413063049316406],[-68.76722717285156,54.46472930908203],[-68.74082946777344,54.490272521972656],[-68.88417053222656,54.486671447753906]],[[-68.0,54.489524841308594],[-67.86639404296875,54.56000518798828],[-67.6977767944336,54.79444885253906],[-67.91972351074219,54.86860656738281],[-67.89111328125,54.913604736328125],[-67.92778015136719,54.95249938964844],[-68.0,54.92375183105469]],[[-63.0,54.469505310058594],[-62.50666046142578,54.41722869873047],[-62.229156494140625,54.59638214111328],[-62.0,54.601173400878906]],[[-63.0,54.10687255859375],[-62.25166320800781,54.37000274658203],[-62.0,54.401344299316406]],[[-61.0,54.61625671386719],[-60.8125,54.69111633300781],[-60.65583801269531,54.866119384765625],[-60.47888946533203,54.834442138671875],[-60.433326721191406,54.92805480957031],[-60.310882568359375,55.0]],[[-119.05360412597656,53.169158935546875],[-119.25472259521484,53.28721618652344],[-119.23388671875,53.40721893310547],[-119.28360748291016,53.53028106689453],[-119.42972564697266,53.69416809082031],[-119.37555694580078,53.77055358886719],[-119.21554565429688,53.82806396484375],[-119.13645935058594,54.0]],[[-103.0,53.74261474609375],[-102.93083190917969,53.758331298828125],[-102.93888854980469,53.713897705078125],[-102.84944152832031,53.68194580078125],[-102.80000305175781,53.705841064453125],[-102.76583862304688,53.63166046142578],[-102.5858383178711,53.554725646972656],[-102.16305541992188,53.64500427246094],[-102.10333251953125,53.61750030517578],[-102.0,53.641448974609375]],[[-97.0,53.56000518798828],[-97.06304931640625,53.60332489013672],[-97.3661117553711,53.599998474121094],[-97.57361602783203,53.66722106933594],[-97.6672134399414,53.73695373535156],[-97.65360260009766,53.78416442871094],[-97.760009765625,53.82472229003906],[-97.86555480957031,53.928619384765625],[-97.94444274902344,53.913330078125]],[[-96.3902816772461,53.53888702392578],[-96.56610870361328,53.603050231933594],[-96.45667266845703,53.64111328125],[-96.49832916259766,53.66278076171875],[-96.63916778564453,53.60832977294922],[-97.0,53.56000518798828]],[[-87.31945037841797,53.02806091308594],[-87.26917266845703,53.46778106689453],[-87.2227783203125,53.490562438964844],[-87.17361450195312,53.62861633300781],[-87.0,53.721954345703125]],[[-86.5563735961914,53.0],[-86.54528045654297,53.087493896484375],[-86.26667022705078,53.20054626464844],[-86.14471435546875,53.505271911621094],[-86.0625,53.559715270996094],[-86.0,53.553199768066406]],[[-86.8013916015625,53.24137878417969],[-86.71138763427734,53.253326416015625],[-86.6947250366211,53.393890380859375],[-86.60332489013672,53.44916534423828],[-86.27111053466797,53.57305145263672],[-86.05111694335938,53.561668395996094]],[[-86.0,53.553199768066406],[-85.85139465332031,53.581382751464844],[-85.80223083496094,53.68278503417969],[-85.6641616821289,53.75166320800781],[-85.43054962158203,53.74139404296875],[-85.25472259521484,53.80555725097656],[-85.05305480957031,53.763885498046875],[-85.0,53.79603576660156]],[[-85.81982421875,53.0],[-85.61222076416016,53.054168701171875],[-85.54305267333984,53.10972595214844],[-85.3469467163086,53.13861083984375],[-85.0,53.071441650390625]],[[-85.0,53.79603576660156],[-84.79194641113281,53.8397216796875],[-84.52527618408203,53.568885803222656],[-84.42638397216797,53.551658630371094],[-84.30695343017578,53.596107482910156],[-84.0,53.556114196777344]],[[-85.0,53.071441650390625],[-84.6852798461914,53.06611633300781],[-84.5905532836914,53.00639343261719],[-84.52971649169922,53.08221435546875],[-84.42638397216797,53.09083557128906],[-84.18824768066406,53.0]],[[-84.0,53.556114196777344],[-83.86027526855469,53.510276794433594],[-83.27056121826172,53.504173278808594],[-83.0,53.461219787597656]],[[-124.9425048828125,52.1502685546875],[-124.77749633789062,52.057220458984375],[-124.33222198486328,52.12666320800781],[-124.19833374023438,52.08721923828125],[-124.0,52.12474060058594]],[[-119.67638397216797,52.66778564453125],[-119.50000762939453,52.517784118652344],[-119.13444519042969,52.461387634277344],[-119.17666625976562,52.26611328125],[-119.33394622802734,52.0]],[[-95.0,52.59789276123047],[-95.14888000488281,52.635826110839844],[-95.4769515991211,52.57361602783203],[-96.0,52.59648895263672]],[[-93.0675048828125,52.53388214111328],[-93.28583526611328,52.591102600097656],[-93.2208251953125,52.606109619140625],[-93.13526916503906,52.71055603027344],[-93.24694061279297,52.69500732421875],[-93.24333953857422,52.77528381347656],[-93.39221954345703,52.779449462890625],[-93.46971893310547,52.83805847167969]],[[-92.50749969482422,52.323333740234375],[-92.35889434814453,52.32916259765625],[-92.33000946044922,52.371116638183594],[-92.15943908691406,52.424720764160156],[-92.17500305175781,52.528053283691406],[-92.10610961914062,52.657501220703125],[-92.15055847167969,52.68499755859375],[-92.13665771484375,52.73695373535156],[-92.0,52.74821472167969]],[[-89.0,52.878265380859375],[-88.77888488769531,52.86305236816406],[-88.73221588134766,52.80528259277344],[-88.56583404541016,52.8477783203125],[-88.57305145263672,52.78111267089844],[-88.19248962402344,52.85333251953125],[-88.0,52.949493408203125]],[[-84.0,52.92021179199219],[-83.77610778808594,52.85833740234375],[-83.29473114013672,52.96556091308594],[-83.0,52.93328857421875]],[[-83.89437866210938,52.0],[-83.75917053222656,52.07972717285156],[-83.50499725341797,52.11582946777344],[-83.47611236572266,52.24943542480469],[-83.36333465576172,52.339996337890625],[-83.0,52.375892639160156]],[[-83.0,52.375892639160156],[-82.88667297363281,52.412498474121094],[-82.67888641357422,52.592491149902344],[-82.42694854736328,52.64306640625],[-82.21333312988281,52.77528381347656],[-82.0,52.760986328125]],[[-77.0,52.29631042480469],[-77.03388977050781,52.3125],[-77.01499938964844,52.33360290527344],[-77.11860656738281,52.331939697265625],[-77.81167602539062,52.19499206542969],[-78.0,52.23667907714844]],[[-76.0,52.20024108886719],[-76.26917266845703,52.2672119140625],[-76.7852783203125,52.21388244628906],[-76.87861633300781,52.28887939453125],[-77.0,52.29631042480469]],[[-75.0,52.16520690917969],[-75.4144515991211,52.14332580566406],[-76.0,52.020233154296875]],[[-73.0,52.93394470214844],[-73.32971954345703,52.779998779296875],[-73.57250213623047,52.83555603027344],[-73.56082916259766,52.89527893066406],[-73.61666107177734,52.87750244140625],[-73.6433334350586,52.91917419433594],[-73.788330078125,52.93028259277344],[-73.75305938720703,52.959442138671875],[-73.7852783203125,52.98805236816406],[-73.74082946777344,53.0]],[[-72.23666381835938,52.517784118652344],[-72.53388214111328,52.48639678955078],[-73.0,52.176422119140625]],[[-71.18666076660156,52.87361145019531],[-71.32555389404297,52.80528259277344],[-71.38666534423828,52.72721862792969],[-71.52555084228516,52.72361755371094],[-72.0,52.517967224121094]],[[-68.7611083984375,52.67195129394531],[-68.61666107177734,52.56555938720703],[-68.66832733154297,52.49805450439453],[-68.54999542236328,52.29832458496094],[-68.62055206298828,52.182220458984375],[-68.49434661865234,52.0]],[[-63.0,52.600257873535156],[-62.897216796875,52.60083770751953],[-62.72056579589844,52.68194580078125],[-62.57917022705078,52.66667175292969],[-62.392494201660156,52.549171447753906],[-62.05499267578125,52.595558166503906],[-62.100830078125,52.63666534423828],[-62.0,52.61125946044922]],[[-63.0,52.393165588378906],[-62.713897705078125,52.35499572753906],[-62.209991455078125,52.14971923828125],[-62.13569641113281,52.0]],[[-124.56417083740234,51.787506103515625],[-124.48528289794922,51.796112060546875],[-124.4222183227539,51.730560302734375],[-124.3883285522461,51.601112365722656],[-124.4333267211914,51.451942443847656],[-124.50194549560547,51.39806365966797],[-124.75138854980469,51.356658935546875],[-124.84111022949219,51.26499938964844],[-125.0,51.18743896484375]],[[-119.33394622802734,52.0],[-119.3405532836914,51.916107177734375],[-119.29056549072266,51.820831298828125],[-119.42667388916016,51.67723083496094],[-119.63555145263672,51.67250061035156],[-119.6802749633789,51.633331298828125],[-119.66693878173828,51.599159240722656],[-119.75416564941406,51.56861114501953],[-119.866943359375,51.56806182861328],[-120.0,51.62657165527344]],[[-115.94667053222656,51.539161682128906],[-115.96611022949219,51.569725036621094],[-115.91278076171875,51.656951904296875],[-115.5683364868164,51.73194885253906],[-115.3933334350586,51.65528869628906],[-115.0,51.649505615234375]],[[-90.86778259277344,51.361106872558594],[-90.78694152832031,51.35333251953125],[-90.68639373779297,51.43889617919922],[-90.45055389404297,51.517784118652344],[-90.25166320800781,51.66999816894531],[-90.0,51.697113037109375]],[[-90.0,51.697113037109375],[-89.8558349609375,51.79167175292969],[-89.73665618896484,51.77027893066406],[-89.5713882446289,51.86750793457031],[-89.37999725341797,51.84416198730469],[-89.15666198730469,51.96333312988281],[-89.0,51.94195556640625]],[[-82.0,51.18013000488281],[-81.7791748046875,51.28916931152344],[-81.49361419677734,51.34443664550781],[-81.0,51.206634521484375]],[[-78.0,51.27757263183594],[-78.35778045654297,51.28082275390625],[-78.82722473144531,51.34832763671875]],[[-77.0,51.24540710449219],[-77.41361236572266,51.17999267578125],[-77.50777435302734,51.2066650390625],[-77.77667236328125,51.14305114746094],[-77.97833251953125,51.21527099609375],[-78.0,51.27757263183594]],[[-77.0,51.41278839111328],[-77.08277893066406,51.380836486816406],[-77.3872299194336,51.386390686035156],[-77.5058364868164,51.34388732910156],[-77.80055236816406,51.375831604003906],[-78.0,51.352378845214844]],[[-75.26222229003906,51.442771911621094],[-75.21611022949219,51.49889373779297],[-75.24749755859375,51.533058166503906],[-75.53722381591797,51.547218322753906],[-76.0,51.44976043701172]],[[-74.0,51.374908447265625],[-74.13804626464844,51.35693359375],[-74.30500030517578,51.41527557373047],[-74.2955551147461,51.48194122314453],[-74.42610931396484,51.45111846923828],[-74.52111053466797,51.49999237060547],[-74.82806396484375,51.405006408691406]],[[-73.53499603271484,51.92832946777344],[-73.04249572753906,51.80999755859375],[-73.09971618652344,51.71417236328125],[-73.1038818359375,51.609718322753906],[-73.19248962402344,51.551109313964844],[-73.3263931274414,51.36305236816406],[-73.3055648803711,51.286102294921875]],[[-70.52750396728516,51.741119384765625],[-70.8719482421875,51.39221954345703],[-70.77250671386719,51.35944366455078],[-70.6736068725586,51.11360168457031],[-70.69037628173828,51.0]],[[-62.0,51.79936218261719],[-61.896392822265625,51.733612060546875],[-61.8397216796875,51.63250732421875],[-61.84693908691406,51.550559997558594],[-61.76722717285156,51.47167205810547],[-61.768890380859375,51.35472106933594],[-61.663055419921875,51.3216552734375],[-61.70249938964844,51.23138427734375],[-61.52111053466797,51.08111572265625],[-61.57677459716797,51.0]],[[-121.0,50.75950622558594],[-121.12110900878906,50.788055419921875],[-121.27167510986328,50.73194885253906],[-121.32305145263672,50.61638641357422],[-121.28722381591797,50.51221466064453],[-121.31250762939453,50.442222595214844],[-121.40111541748047,50.37916564941406],[-121.41194915771484,50.274993896484375],[-121.5844497680664,50.23554992675781]],[[-120.0,50.6556396484375],[-120.5072250366211,50.70973205566406],[-120.74610137939453,50.781951904296875],[-121.0,50.75950622558594]],[[-111.0,50.92723083496094],[-110.89334106445312,50.937774658203125],[-110.79222106933594,50.863616943359375],[-110.54500579833984,50.84666442871094],[-110.42166900634766,50.899444580078125],[-110.42610931396484,50.951385498046875],[-110.25917053222656,50.899444580078125],[-110.0,50.96295166015625]],[[-106.0,50.86405944824219],[-105.64556121826172,50.736663818359375],[-105.31360626220703,50.55750274658203],[-105.0,50.61772155761719]],[[-105.0,50.61772155761719],[-104.81832885742188,50.64472961425781],[-104.63750457763672,50.77528381347656],[-104.52527618408203,50.80583190917969],[-104.35306549072266,50.76417541503906],[-104.0,50.774017333984375]],[[-104.0,50.774017333984375],[-103.86917114257812,50.796112060546875],[-103.69249725341797,50.746673583984375],[-103.50000762939453,50.604164123535156],[-103.21110534667969,50.523338317871094],[-103.0,50.580970764160156]],[[-103.0,50.580970764160156],[-102.83193969726562,50.63500213623047],[-102.4911117553711,50.52582550048828],[-102.33972930908203,50.536109924316406],[-102.24222564697266,50.497215270996094],[-102.0,50.543556213378906]],[[-90.65528106689453,50.29472351074219],[-90.62305450439453,50.25444030761719],[-90.31055450439453,50.297210693359375],[-90.20193481445312,50.37554931640625],[-90.14999389648438,50.52056121826172],[-90.0,50.608909606933594]],[[-87.96110534667969,50.765838623046875],[-87.70804595947266,50.79638671875],[-87.43555450439453,50.93083190917969],[-87.3455581665039,50.90972900390625],[-87.31250762939453,50.83332824707031],[-87.21499633789062,50.84666442871094]],[[-83.0,50.182952880859375],[-82.69527435302734,50.29194641113281],[-82.5441665649414,50.41889190673828],[-82.34278106689453,50.428611755371094],[-82.10777282714844,50.588890075683594],[-82.0,50.61058044433594]],[[-75.0,50.85130310058594],[-75.10749816894531,50.75639343261719],[-75.23500061035156,50.75639343261719],[-75.29277801513672,50.71611022949219],[-75.64444732666016,50.72833251953125],[-75.74027252197266,50.76861572265625],[-76.0,50.715057373046875]],[[-72.11111450195312,50.97944641113281],[-72.11054992675781,50.864166259765625],[-72.15666198730469,50.811676025390625],[-72.18583679199219,50.65556335449219],[-72.15165710449219,50.525001525878906],[-72.18611145019531,50.369163513183594],[-72.14961242675781,50.0]],[[-70.11990356445312,51.0],[-70.3055648803711,50.86334228515625],[-70.3041763305664,50.63139343261719],[-70.23277282714844,50.49555206298828],[-70.1300048828125,50.48778533935547],[-70.14833068847656,50.38249969482422],[-70.09083557128906,50.30332946777344],[-70.0,50.26519775390625]],[[-66.96037292480469,51.0],[-66.90943908691406,50.94139099121094],[-66.804443359375,50.918609619140625],[-66.76499938964844,50.861114501953125],[-66.83528137207031,50.75334167480469],[-66.70526885986328,50.67195129394531],[-66.5572280883789,50.50249481201172],[-66.68250274658203,50.2530517578125],[-66.63777923583984,50.18194580078125]],[[-61.57677459716797,51.0],[-61.64750671386719,50.88749694824219],[-61.71305847167969,50.88639831542969],[-61.61029052734375,50.73472595214844],[-61.65834045410156,50.65611267089844],[-61.68833923339844,50.439720153808594],[-61.64222717285156,50.31999206542969],[-61.586387634277344,50.315277099609375],[-61.635284423828125,50.27943420410156],[-61.55693817138672,50.23750305175781],[-61.576942443847656,50.18666076660156]],[[-120.56575775146484,49.0],[-120.60416412353516,49.13194274902344],[-120.5491714477539,49.20111083984375],[-120.56861114501953,49.35832977294922],[-120.53221893310547,49.43944549560547],[-120.36333465576172,49.44361114501953],[-120.16471862792969,49.375831604003906],[-120.07138061523438,49.33082580566406],[-120.0,49.21978759765625]],[[-112.0,49.10063171386719],[-111.73249053955078,49.10028076171875],[-111.62999725341797,49.06111145019531],[-111.241943359375,49.14778137207031],[-111.0,49.116485595703125]],[[-108.0,49.39763641357422],[-107.84111022949219,49.34748840332031],[-107.84527587890625,49.31166076660156],[-107.74000549316406,49.26499938964844],[-107.6661148071289,49.14971923828125],[-107.49083709716797,49.14833068847656],[-107.2863540649414,49.0]],[[-103.0,49.11846923828125],[-102.83305358886719,49.06611633300781],[-102.6130599975586,49.1138916015625],[-102.27527618408203,49.07444763183594],[-102.17471313476562,49.21055603027344],[-102.12693786621094,49.14527893066406],[-102.04499816894531,49.17555236816406],[-102.0,49.14387512207031]],[[-101.0,49.23387145996094],[-100.7199935913086,49.42638397216797],[-100.5744400024414,49.461387634277344],[-100.42082977294922,49.571388244628906],[-100.22471618652344,49.60832977294922],[-100.0,49.51221466064453]],[[-99.0,49.26554870605469],[-98.91583251953125,49.3408203125],[-98.85972595214844,49.34222412109375],[-98.60083770751953,49.14860534667969],[-98.58110809326172,49.06111145019531],[-98.39916229248047,49.038604736328125],[-98.33110809326172,49.08305358886719],[-98.22314453125,49.0]],[[-95.63611602783203,49.29554748535156],[-95.63138580322266,49.37249755859375],[-95.6958236694336,49.403053283691406],[-95.72138977050781,49.476112365722656],[-95.87306213378906,49.503334045410156],[-95.98805236816406,49.580284118652344],[-95.89860534667969,49.649169921875],[-95.88278198242188,49.83305358886719],[-96.0,49.98789978027344]],[[-84.96527099609375,49.439170837402344],[-84.82000732421875,49.48194122314453],[-84.72277069091797,49.6875],[-84.55554962158203,49.7550048828125],[-84.43608856201172,50.0]],[[-83.27428436279297,49.0],[-83.44083404541016,49.41693878173828],[-83.31778717041016,49.50916290283203],[-83.25499725341797,49.64222717285156],[-83.26416778564453,49.74444580078125],[-83.17111206054688,49.92778015136719],[-83.19682312011719,50.0]],[[-81.57941436767578,49.0],[-81.66165924072266,49.52666473388672],[-81.75694274902344,49.57416534423828],[-81.79444885253906,49.67472839355469],[-81.94972229003906,49.7197265625]],[[-70.64281463623047,50.0],[-70.53527069091797,49.920562744140625],[-70.58110809326172,49.93611145019531],[-70.61583709716797,49.885284423828125],[-70.7772216796875,49.97389221191406],[-70.87388610839844,49.96417236328125],[-71.0,49.67729187011719]],[[-119.46483612060547,49.0],[-119.41944122314453,48.78138732910156],[-119.48749542236328,48.659454345703125],[-119.5169448852539,48.505836486816406],[-119.49250030517578,48.432228088378906],[-119.73332977294922,48.25721740722656],[-119.74555969238281,48.21415710449219],[-119.68805694580078,48.138885498046875],[-119.75027465820312,48.09027099609375]],[[-110.0,48.67814636230469],[-109.9405517578125,48.59027862548828],[-109.6816635131836,48.54444122314453],[-109.38500213623047,48.587501525878906],[-109.179443359375,48.54528045654297],[-109.0,48.56371307373047]],[[-109.0,48.56371307373047],[-108.6500015258789,48.44416046142578],[-108.0,48.354400634765625]],[[-107.2863540649414,49.0],[-107.32889556884766,48.96110534667969],[-107.31888580322266,48.915008544921875],[-107.209716796875,48.71833801269531],[-107.27666473388672,48.646385192871094],[-107.24249267578125,48.63166046142578],[-107.27722930908203,48.601112365722656],[-107.26444244384766,48.52916717529297],[-107.16972351074219,48.49388885498047],[-107.07472229003906,48.393333435058594]],[[-107.0,48.39208221435547],[-106.81361389160156,48.35639190673828],[-106.56945037841797,48.17027282714844],[-106.24305725097656,48.10444641113281],[-106.3052749633789,48.06500244140625]],[[-81.87388610839844,48.02555847167969],[-81.8477783203125,48.05610656738281],[-81.91221618652344,48.16749572753906],[-81.79556274414062,48.36082458496094],[-81.82722473144531,48.422508239746094],[-81.74610137939453,48.59888458251953],[-81.61499786376953,48.63971710205078],[-81.5072250366211,48.588890075683594]],[[-65.80528259277344,48.85722351074219],[-65.82444763183594,48.83750915527344],[-65.74250030517578,48.72416687011719],[-65.77749633789062,48.68278503417969],[-65.66500091552734,48.432228088378906],[-65.74667358398438,48.39972686767578],[-65.71138763427734,48.242218017578125],[-65.84611511230469,48.14361572265625]],[[-55.91917419433594,48.42694854736328],[-55.791107177734375,48.39055633544922],[-55.73500061035156,48.32720947265625],[-55.68389892578125,48.3619384765625],[-55.6763916015625,48.42333221435547],[-55.529441833496094,48.482215881347656],[-55.473609924316406,48.58832550048828],[-55.27388000488281,48.606666564941406],[-55.02305603027344,48.8316650390625]],[[-116.0,47.65153503417969],[-116.15943908691406,47.661956787109375],[-116.24805450439453,47.56694793701172],[-116.49944305419922,47.546104431152344],[-116.60860443115234,47.48332977294922],[-116.78277587890625,47.459999084472656]],[[-113.06361389160156,47.2752685546875],[-113.02000427246094,47.36444091796875],[-113.2702865600586,47.54027557373047],[-113.40917205810547,47.87333679199219],[-113.54666900634766,48.0]],[[-96.20155334472656,48.0],[-96.21665954589844,47.90333557128906],[-96.35416412353516,47.89666748046875],[-96.4866714477539,47.78056335449219],[-96.57361602783203,47.7611083984375],[-96.79750061035156,47.77471923828125],[-97.0,47.90583801269531]],[[-92.0,47.47235870361328],[-92.14138793945312,47.43555450439453],[-92.14944458007812,47.47834014892578],[-92.25917053222656,47.494728088378906],[-92.39749908447266,47.402496337890625],[-92.6741714477539,47.34999084472656],[-92.81666564941406,47.19999694824219],[-92.81376647949219,47.0]],[[-75.0,47.580665588378906],[-75.03694152832031,47.557777404785156],[-75.18722534179688,47.59333038330078],[-75.35443878173828,47.487220764160156],[-75.47333526611328,47.28138732910156],[-75.73139190673828,47.11778259277344],[-75.70110321044922,47.013885498046875]],[[-73.8336181640625,48.0],[-73.86166381835938,47.953887939453125],[-73.82278442382812,47.91221618652344],[-73.46944427490234,47.864166259765625],[-73.26473236083984,47.738616943359375],[-73.05499267578125,47.844451904296875],[-73.0,47.818695068359375]],[[-73.0,47.818695068359375],[-72.90861511230469,47.741943359375],[-72.9486083984375,47.64500427246094],[-72.78334045410156,47.505271911621094],[-72.81195068359375,47.32666015625],[-72.91917419433594,47.11944580078125],[-72.92512512207031,47.0]],[[-116.0,46.24906921386719],[-116.10249328613281,46.30278015136719],[-116.21693420410156,46.47638702392578],[-116.28333282470703,46.507774353027344],[-116.6222152709961,46.53083038330078],[-116.79110717773438,46.45972442626953],[-117.0,46.443016052246094]],[[-115.0,46.11506652832031],[-115.26334381103516,46.04972839355469],[-115.51805877685547,46.09971618652344],[-115.57971954345703,46.14527893066406],[-115.93527221679688,46.14054870605469],[-116.0,46.24906921386719]],[[-114.11958312988281,46.0],[-114.149169921875,46.24665832519531],[-114.02027893066406,46.711395263671875],[-114.07110595703125,46.807220458984375],[-114.03889465332031,46.8477783203125],[-114.09165954589844,46.871673583984375]],[[-92.81376647949219,47.0],[-92.91500854492188,46.93556213378906],[-92.875,46.882781982421875],[-92.59166717529297,46.869171142578125],[-92.47638702392578,46.79750061035156],[-92.4972152709961,46.75944519042969],[-92.38971710205078,46.6522216796875],[-92.21971130371094,46.6602783203125],[-92.11277770996094,46.768341064453125]],[[-72.92512512207031,47.0],[-72.92083740234375,46.89250183105469],[-72.77583312988281,46.85139465332031],[-72.78138732910156,46.75138854980469],[-72.67610931396484,46.630836486816406],[-72.788330078125,46.488609313964844],[-72.52889251708984,46.3558349609375]],[[-67.0,46.48731231689453],[-66.82749938964844,46.566673278808594],[-66.63277435302734,46.59416961669922],[-66.43750762939453,46.453895568847656],[-66.0,46.58104705810547]],[[-120.46349334716797,45.0],[-120.50833892822266,45.08610534667969],[-120.44583892822266,45.13749694824219],[-120.52971649169922,45.23472595214844],[-120.51860809326172,45.35722351074219],[-120.4655532836914,45.47638702392578],[-120.39221954345703,45.479164123535156],[-120.3586196899414,45.52832794189453],[-120.42833709716797,45.62055969238281],[-120.64110565185547,45.74833679199219]],[[-103.0,45.63612365722656],[-102.7155532836914,45.6783447265625],[-102.39249420166016,45.613609313964844],[-102.21832275390625,45.75056457519531],[-102.0,45.73760986328125]],[[-102.0,45.73760986328125],[-101.70221710205078,45.665008544921875],[-101.37860870361328,45.70805358886719],[-101.29056549072266,45.67388916015625],[-101.24694061279297,45.73249816894531],[-101.09056091308594,45.75639343261719],[-101.05194091796875,45.66944885253906],[-101.0,45.65089416503906]],[[-91.08111572265625,45.89472961425781],[-91.09249877929688,45.81416320800781],[-91.22666931152344,45.73722839355469],[-91.19332885742188,45.596946716308594],[-91.33695220947266,45.351104736328125],[-91.15916442871094,45.28639221191406]],[[-90.38326263427734,46.0],[-90.55110931396484,45.87249755859375],[-90.70027923583984,45.87361145019531],[-90.804443359375,45.716400146484375],[-90.81222534179688,45.64167022705078],[-90.91221618652344,45.616943359375],[-91.0,45.53015899658203]],[[-77.80889892578125,45.432228088378906],[-77.62389373779297,45.383331298828125],[-77.35334014892578,45.23222351074219],[-77.19139099121094,45.24665832519531],[-77.05528259277344,45.16777038574219],[-77.0,45.181396484375]],[[-71.40361785888672,45.7691650390625],[-71.64472198486328,45.48749542236328],[-71.75056457519531,45.465003967285156],[-71.83473205566406,45.38666534423828],[-71.9022216796875,45.408607482910156],[-72.0,45.55388641357422]],[[-68.77972412109375,45.649169921875],[-68.6127700805664,45.64306640625],[-68.36333465576172,45.53472137451172],[-68.62776947021484,45.320831298828125],[-68.65221405029297,45.2388916015625],[-68.62305450439453,45.15333557128906],[-68.66805267333984,45.07527160644531],[-68.64583587646484,45.0]],[[-122.0,44.342315673828125],[-122.04472351074219,44.28582763671875],[-122.04472351074219,44.19749450683594],[-122.41333770751953,44.11082458496094],[-122.59139251708984,44.16278076171875],[-122.85250854492188,44.064727783203125],[-123.0,44.10211181640625]],[[-104.0,44.725738525390625],[-103.84750366210938,44.679443359375],[-103.76277923583984,44.71000671386719],[-103.65111541748047,44.656951904296875],[-103.45610809326172,44.67973327636719],[-103.43193817138672,44.64500427246094],[-103.25749969482422,44.649169921875],[-103.00166320800781,44.409996032714844]],[[-97.0,44.66583251953125],[-96.87944030761719,44.51000213623047],[-96.91639709472656,44.430274963378906],[-96.88166809082031,44.30387878417969],[-96.79167175292969,44.20582580566406],[-96.6258316040039,44.136383056640625],[-96.6141586303711,44.08721923828125],[-96.55777740478516,44.064727783203125],[-96.62528228759766,44.041107177734375],[-96.62906646728516,44.0]],[[-91.3536148071289,45.0],[-91.34667205810547,44.95361328125],[-91.51221466064453,44.874176025390625],[-91.5119400024414,44.80305480957031],[-91.822509765625,44.757781982421875],[-92.0,44.629150390625]],[[-84.76444244384766,44.92027282714844],[-84.78056335449219,44.768341064453125],[-84.74304962158203,44.660003662109375],[-84.0,44.6602783203125]],[[-113.80873107910156,44.0],[-113.37055206298828,43.852508544921875],[-113.26361846923828,43.58916473388672],[-113.14332580566406,43.533607482910156],[-113.0,43.55536651611328]],[[-84.37102508544922,44.0],[-84.31360626220703,43.93499755859375],[-84.33638763427734,43.84611511230469],[-84.40889739990234,43.776397705078125],[-84.40666961669922,43.67527770996094],[-84.2461166381836,43.60639953613281],[-84.01693725585938,43.396949768066406]],[[-83.0,43.48487091064453],[-83.05555725097656,43.54639434814453],[-83.18638610839844,43.58861541748047],[-83.6611099243164,43.32749938964844],[-83.81333923339844,43.32499694824219],[-83.97860717773438,43.38555145263672]],[[-75.47083282470703,43.478614807128906],[-75.4719467163086,43.38499450683594],[-75.37389373779297,43.3408203125],[-75.44611358642578,43.20416259765625],[-75.0,43.0263671875]],[[-75.0,43.57233428955078],[-75.2208251953125,43.445274353027344],[-75.31722259521484,43.522499084472656],[-75.40721893310547,43.7772216796875],[-75.4483413696289,43.77667236328125],[-75.50749969482422,43.901397705078125],[-75.64800262451172,44.0]],[[-71.66857147216797,44.0],[-71.63611602783203,43.67889404296875],[-71.65499114990234,43.61638641357422],[-71.72110748291016,43.593055725097656],[-71.6480484008789,43.49555206298828],[-71.62944793701172,43.373321533203125],[-71.45333099365234,43.141387939453125],[-71.46320343017578,43.0]],[[-122.3620834350586,43.0],[-122.46305084228516,42.885284423828125],[-122.5022201538086,42.73527526855469],[-122.7872314453125,42.6380615234375],[-122.87055969238281,42.449440002441406],[-123.0,42.470497131347656]],[[-117.0,42.33367919921875],[-117.20193481445312,42.455284118652344],[-117.15888977050781,42.54694366455078],[-117.2683334350586,42.7066650390625],[-117.57250213623047,42.80305480957031],[-117.67972564697266,42.883056640625],[-117.70061492919922,43.0]],[[-116.14047241210938,42.0],[-116.2861099243164,42.1038818359375],[-116.46222686767578,42.15472412109375],[-116.49666595458984,42.24055480957031],[-116.62972259521484,42.28138732910156],[-116.74304962158203,42.25498962402344],[-116.80694580078125,42.29804992675781],[-116.88166809082031,42.27471923828125],[-117.0,42.33367919921875]],[[-109.0,42.443336486816406],[-108.84333801269531,42.37305450439453],[-108.59305572509766,42.405006408691406],[-108.0,42.599952697753906]],[[-108.0,42.599952697753906],[-107.88221740722656,42.530555725097656],[-107.64722442626953,42.533058166503906],[-107.56694793701172,42.480003356933594],[-107.3869400024414,42.493614196777344],[-107.23193359375,42.458335876464844],[-107.0,42.52819061279297]],[[-104.0,42.659332275390625],[-103.74833679199219,42.43000030517578],[-103.0,42.45093536376953]],[[-102.99833679199219,42.45055389404297],[-102.59610748291016,42.47777557373047],[-102.0,42.73326110839844]],[[-102.0,42.73326110839844],[-101.38138580322266,42.86860656738281],[-101.16777038574219,42.790008544921875],[-101.0,42.788330078125]],[[-101.0,42.788330078125],[-100.60889434814453,42.796112060546875],[-100.42638397216797,42.916107177734375],[-100.0,42.780059814453125]],[[-100.0,42.780059814453125],[-99.52388763427734,42.714447021484375],[-99.0,42.89373779296875]],[[-99.0,42.89373779296875],[-98.87028503417969,42.834442138671875],[-98.32222747802734,42.76611328125],[-98.08583068847656,42.687225341796875],[-98.02667236328125,42.78388977050781]],[[-115.83653259277344,41.0],[-115.84722900390625,41.083892822265625],[-115.75027465820312,41.249725341796875],[-115.68805694580078,41.315826416015625],[-115.56945037841797,41.32749938964844],[-115.46833038330078,41.20860290527344],[-115.50934600830078,41.0]],[[-85.0,41.097503662109375],[-84.49443817138672,41.28639221191406],[-84.27361297607422,41.296661376953125],[-84.0,41.41187286376953]],[[-84.46305084228516,41.90361022949219],[-84.51360321044922,41.86639404296875],[-84.41277313232422,41.81056213378906],[-84.42667388916016,41.75639343261719],[-85.0,41.21083068847656]],[[-78.0,41.15339660644531],[-77.89334106445312,41.26805114746094],[-77.7008285522461,41.34388732910156],[-77.60388946533203,41.29804992675781],[-77.5491714477539,41.184722900390625],[-77.4080581665039,41.14027404785156],[-77.23527526855469,41.209991455078125],[-77.0,41.241729736328125]],[[-74.65250396728516,41.02861022949219],[-74.59444427490234,41.081390380859375],[-74.53388214111328,41.299163818359375],[-74.44666290283203,41.328887939453125],[-74.19667053222656,41.55500030517578],[-74.15083312988281,41.70417785644531],[-74.0,41.91041564941406]],[[-84.40528106689453,40.41472625732422],[-84.3536148071289,40.64973449707031],[-84.70027923583984,40.727508544921875],[-85.0,40.893402099609375]],[[-119.81478881835938,39.0],[-119.69611358642578,39.11639404296875],[-119.69805145263672,39.18666076660156],[-119.65082550048828,39.18388366699219],[-119.50055694580078,39.3074951171875],[-119.21055603027344,39.29304504394531],[-119.13526916503906,39.34193420410156]],[[-120.0,39.457969665527344],[-119.97111511230469,39.54332733154297],[-119.63805389404297,39.51360321044922],[-119.27584075927734,39.641380310058594],[-119.33194732666016,39.83055114746094],[-119.4336166381836,39.867218017578125]],[[-120.054443359375,38.81138610839844],[-120.4766616821289,38.76695251464844],[-120.79444885253906,38.771942138671875],[-120.9425048828125,38.82112121582031],[-121.0,38.770751953125]],[[-119.51860809326172,38.17250061035156],[-119.54027557373047,38.32110595703125],[-119.44527435302734,38.37554931640625],[-119.43277740478516,38.43750762939453],[-119.49056243896484,38.665008544921875],[-119.32694244384766,38.83528137207031],[-119.17832946777344,38.839996337890625],[-119.17071533203125,39.0]],[[-112.3569107055664,38.0],[-112.256103515625,38.19805908203125],[-112.16139221191406,38.26832580566406],[-112.25305938720703,38.576942443847656],[-112.0,38.79902648925781]],[[-107.3375015258789,38.45417022705078],[-107.52861785888672,38.465553283691406],[-107.80860900878906,38.62638854980469],[-107.83416748046875,38.78334045410156],[-108.0,38.77424621582031]],[[-101.0,38.86456298828125],[-100.58971405029297,38.746673583984375],[-100.26361846923828,38.746673583984375],[-100.0,38.79664611816406]],[[-99.99833679199219,38.79695129394531],[-99.59444427490234,38.78277587890625],[-99.24028778076172,38.70973205566406],[-99.0,38.746673583984375]],[[-99.0,38.746673583984375],[-98.90194702148438,38.798065185546875],[-98.45027923583984,38.79750061035156],[-98.19110107421875,38.708892822265625],[-98.15861511230469,38.66639709472656],[-98.10749816894531,38.692779541015625],[-98.0,38.65519714355469]],[[-80.3298110961914,38.0],[-80.35472869873047,37.97528076171875],[-80.32389068603516,37.90028381347656],[-80.40084075927734,37.77806091308594],[-80.50110626220703,37.725555419921875],[-80.5616683959961,37.75971984863281],[-80.67278289794922,37.727508544921875],[-80.78750610351562,37.60639953613281],[-80.81611633300781,37.6602783203125],[-80.88972473144531,37.65528869628906]],[[-121.0,36.10963439941406],[-121.14305114746094,36.21971130371094],[-121.18777465820312,36.34999084472656],[-121.4124984741211,36.45360565185547],[-121.55443572998047,36.599159240722656],[-121.69916534423828,36.65583801269531],[-121.7508316040039,36.73139953613281]],[[-95.0,36.504966735839844],[-95.04722595214844,36.49250030517578],[-95.04083251953125,36.445838928222656],[-95.100830078125,36.47278594970703],[-95.16387939453125,36.443336486816406],[-95.11917114257812,36.38970947265625],[-95.16806030273438,36.33526611328125],[-95.14860534667969,36.27583312988281],[-95.2911148071289,36.16777038574219],[-95.25695037841797,36.09832763671875],[-95.3147201538086,36.04472351074219],[-95.25194549560547,36.02528381347656],[-95.26546478271484,36.0]],[[-95.0,36.94476318359375],[-94.83193969726562,36.844451904296875],[-94.83250427246094,36.79945373535156],[-94.76388549804688,36.806671142578125],[-94.73444366455078,36.74555969238281],[-94.7791748046875,36.73583984375],[-94.74332427978516,36.706390380859375],[-94.78500366210938,36.69111633300781],[-94.77806091308594,36.651947021484375],[-94.87278747558594,36.61583709716797],[-94.84333801269531,36.556114196777344],[-94.90139770507812,36.572776794433594],[-95.0,36.504966735839844]],[[-118.47034454345703,36.0],[-118.41361236572266,35.738616943359375],[-118.49666595458984,35.60222625732422],[-118.82611083984375,35.42194366455078],[-118.91806030273438,35.44916534423828],[-119.0,35.40546417236328]],[[-112.0,34.7613525390625],[-111.84416198730469,34.58361053466797],[-111.74972534179688,34.400001525878906],[-111.66361236572266,34.332489013671875],[-111.71361541748047,34.0]],[[-108.852783203125,33.83416748046875],[-108.77639770507812,33.82194519042969],[-108.7361068725586,33.692230224609375],[-108.90834045410156,33.42528533935547],[-108.85888671875,33.23193359375],[-109.0,33.22038269042969]],[[-116.0,32.18377685546875],[-116.17304992675781,32.21888732910156],[-116.25944519042969,32.328887939453125],[-116.46027374267578,32.274993896484375],[-116.5697250366211,32.29832458496094],[-116.6494369506836,32.39972686767578],[-116.80305480957031,32.384727478027344],[-117.0,32.526649475097656]],[[-116.15194702148438,32.084442138671875],[-116.2733383178711,32.05860900878906],[-116.31055450439453,32.00138854980469],[-116.46916961669922,32.11778259277344],[-116.59305572509766,32.08305358886719],[-116.6672134399414,32.00944519042969],[-116.76806640625,32.02027893066406],[-116.79110717773438,32.10943603515625],[-116.87472534179688,32.095550537109375]],[[-89.0,32.89952087402344],[-89.10333251953125,32.83332824707031],[-89.27611541748047,32.82945251464844],[-90.0,32.499534606933594]],[[-115.21749877929688,30.510276794433594],[-115.25138854980469,30.465553283691406],[-115.38777923583984,30.498329162597656],[-115.51944732666016,30.428329467773438],[-115.6030502319336,30.433883666992188],[-115.70360565185547,30.517784118652344],[-115.81832885742188,30.51111602783203],[-115.8558349609375,30.434730529785156],[-115.92889404296875,30.447776794433594]],[[-110.5699691772461,31.0],[-110.70360565185547,30.8094482421875],[-110.66971588134766,30.674171447753906],[-110.7199935913086,30.223602294921875],[-110.6454086303711,30.0]],[[-91.78486633300781,31.0],[-91.82305908203125,30.858612060546875],[-91.73777770996094,30.687782287597656],[-91.75666046142578,30.486671447753906],[-91.53278350830078,30.196380615234375],[-91.47469329833984,30.0]],[[-89.73177337646484,31.0],[-89.84388732910156,30.67333221435547],[-89.79888916015625,30.56360626220703],[-89.67638397216797,30.462501525878906],[-89.5838851928711,30.20111083984375],[-89.52222442626953,30.186935424804688]],[[-82.35250091552734,30.827224731445312],[-82.70777130126953,30.579994201660156],[-82.71944427490234,30.51416778564453],[-82.64305877685547,30.409164428710938],[-82.69304656982422,30.341110229492188],[-82.84834289550781,30.344161987304688],[-83.0,30.427413940429688]],[[-110.6454086303711,30.0],[-110.55443572998047,29.60138702392578],[-110.72693634033203,29.514442443847656],[-110.85945129394531,29.295272827148438],[-110.85972595214844,29.19000244140625],[-110.92778015136719,29.08111572265625]],[[-107.45043182373047,29.0],[-107.3872299194336,29.191390991210938],[-107.4316635131836,29.360000610351562],[-107.3666763305664,29.51250457763672],[-107.4497299194336,29.811111450195312],[-107.56790924072266,30.0]],[[-106.9041748046875,27.844451904296875],[-106.62250518798828,27.816116333007812],[-106.42583465576172,27.89056396484375],[-106.25221252441406,27.82305908203125],[-106.19277954101562,27.880279541015625],[-106.0,27.921112060546875]],[[-106.42916107177734,26.43304443359375],[-106.3308334350586,26.305831909179688],[-106.19638061523438,26.360000610351562],[-106.24445343017578,26.50749969482422],[-106.22138977050781,26.701950073242188],[-106.28250885009766,26.763885498046875],[-106.3302230834961,27.0]],[[-108.0,25.898712158203125],[-108.1138916015625,25.916671752929688],[-108.37749481201172,25.700836181640625],[-108.4513931274414,25.577781677246094],[-108.43083953857422,25.51305389404297],[-108.47888946533203,25.47278594970703],[-108.42389678955078,25.42583465576172],[-108.42528533935547,25.370834350585938],[-108.4483413696289,25.300277709960938],[-108.50055694580078,25.288330078125]],[[-105.13804626464844,23.833053588867188],[-105.2941665649414,23.672218322753906],[-105.20277404785156,23.424163818359375],[-105.24388122558594,23.317214965820312],[-105.3036117553711,23.276947021484375],[-105.19888305664062,23.047775268554688],[-105.22592163085938,23.0]],[[-105.22592163085938,23.0],[-105.33028411865234,22.876953125],[-105.34972381591797,22.786117553710938],[-105.3152847290039,22.65416717529297],[-105.41527557373047,22.395828247070312],[-105.52750396728516,22.348052978515625],[-105.61666107177734,22.381378173828125]],[[-104.6111068725586,22.919448852539062],[-104.67194366455078,22.903610229492188],[-104.67444610595703,22.865280151367188],[-104.5999984741211,22.64527130126953],[-104.4927749633789,22.556663513183594],[-104.46111297607422,22.309432983398438],[-104.53943634033203,22.128890991210938],[-104.51422882080078,22.0]],[[-103.2227783203125,22.764724731445312],[-103.36444854736328,22.821395874023438],[-103.55138397216797,22.77362060546875],[-103.56861114501953,22.708343505859375],[-103.66472625732422,22.62499237060547],[-103.74332427978516,22.228607177734375],[-103.68054962158203,22.1119384765625]],[[-100.0,21.45903778076172],[-99.8477783203125,21.45972442626953],[-99.74694061279297,21.514442443847656],[-99.65082550048828,21.482505798339844],[-99.49500274658203,21.318328857421875],[-99.42333221435547,21.166671752929688],[-99.29027557373047,21.145828247070312]],[[-98.21397399902344,20.0],[-98.36638641357422,20.089447021484375],[-98.37250518798828,20.151657104492188],[-98.49889373779297,20.28778076171875],[-98.58832550048828,20.313323974609375],[-98.70972442626953,20.52666473388672],[-98.81832885742188,20.62610626220703],[-98.80055236816406,20.6763916015625],[-98.8416748046875,20.68860626220703]],[[-97.91082763671875,20.1824951171875],[-97.85472106933594,20.26416015625],[-97.79139709472656,20.238327026367188],[-97.69527435302734,20.304168701171875],[-97.3586196899414,20.268051147460938],[-97.25777435302734,20.335830688476562],[-97.17832946777344,20.47167205810547],[-97.0816650390625,20.431106567382812],[-97.0,20.48516082763672]],[[-98.0,20.741668701171875],[-97.81111145019531,20.949722290039062],[-97.56749725341797,20.912216186523438],[-97.5072250366211,20.958892822265625],[-97.47834014892578,20.92083740234375],[-97.29639434814453,20.966949462890625]],[[-96.86578369140625,18.0],[-96.5052719116211,18.069442749023438],[-96.24500274658203,18.01861572265625],[-96.13999938964844,18.054168701171875],[-96.11305236816406,18.137496948242188]],[[-90.24527740478516,18.27471923828125],[-90.71471405029297,18.2913818359375],[-90.79472351074219,18.123046875],[-90.90249633789062,18.17694091796875],[-90.931396484375,18.121109008789062],[-91.0,18.119171142578125]],[[-98.43054962158203,17.18499755859375],[-98.4161148071289,17.252212524414062],[-98.47306060791016,17.310272216796875],[-98.52111053466797,17.536109924316406],[-98.50167083740234,17.676658630371094],[-98.56555938720703,17.846939086914062],[-98.6780014038086,18.0]],[[-96.37332916259766,17.128890991210938],[-96.29666900634766,17.035003662109375],[-96.16583251953125,17.117782592773438],[-96.19499206542969,17.169158935546875],[-96.16444396972656,17.382766723632812],[-96.2611083984375,17.518882751464844],[-96.12832641601562,17.657493591308594],[-96.1138916015625,17.727508544921875],[-96.0,17.78778076171875]],[[-94.08944702148438,17.0655517578125],[-94.16526794433594,17.093338012695312],[-94.13194274902344,17.198883056640625],[-94.2147216796875,17.26361083984375],[-94.19776916503906,17.401382446289062],[-94.24834442138672,17.531394958496094],[-94.14805603027344,17.586387634277344],[-94.22221374511719,17.73638916015625],[-94.20277404785156,17.834442138671875],[-94.33167266845703,17.832778930664062]],[[-91.0,17.284439086914062],[-91.13194274902344,17.38916015625],[-91.13417053222656,17.77972412109375],[-91.42444610595703,17.764999389648438]],[[-90.18472290039062,17.275558471679688],[-90.45389556884766,17.173324584960938],[-90.51555633544922,17.27166748046875],[-90.6241683959961,17.310546875],[-90.77694702148438,17.2308349609375],[-91.0,17.284439086914062]],[[-96.37084197998047,16.21221923828125],[-96.47472381591797,16.348602294921875],[-96.31305694580078,16.64360809326172],[-96.13888549804688,16.67888641357422],[-96.0,16.625282287597656]],[[-89.19721984863281,16.45417022705078],[-89.33472442626953,16.368606567382812],[-89.4155502319336,16.401931762695312],[-89.56139373779297,16.371658325195312],[-89.67472076416016,16.439170837402344],[-89.75499725341797,16.43138885498047],[-89.93916320800781,16.27471923828125],[-90.0,16.17034912109375]],[[-91.55110931396484,15.465003967285156],[-91.5072250366211,15.440284729003906],[-91.54082489013672,15.371116638183594],[-91.77833557128906,15.477226257324219],[-91.91416931152344,15.720832824707031],[-91.91305541992188,15.810836791992188],[-92.0,15.850555419921875]],[[-91.55944061279297,14.925277709960938],[-91.6308364868164,14.902786254882812],[-91.49555206298828,14.885833740234375],[-91.45667266845703,14.811111450195312],[-91.63944244384766,14.592491149902344],[-91.78916931152344,14.202224731445312]],[[-87.0050048828125,14.344444274902344],[-87.10722351074219,14.469993591308594],[-87.2638931274414,14.483604431152344],[-87.31806182861328,14.536109924316406],[-87.32166290283203,14.663047790527344],[-87.24777221679688,14.751663208007812],[-87.24972534179688,14.899169921875],[-87.3661117553711,14.941940307617188],[-87.44611358642578,14.912216186523438],[-87.50093841552734,15.0]],[[-87.5938949584961,14.080276489257812],[-87.5502700805664,14.163055419921875],[-87.6958236694336,14.560005187988281],[-87.62638092041016,14.602500915527344],[-87.61861419677734,14.670829772949219],[-87.71805572509766,14.851119995117188],[-87.6866683959961,14.933059692382812],[-87.74004364013672,15.0]],[[-86.67638397216797,14.148880004882812],[-86.59139251708984,14.062774658203125],[-86.4705581665039,14.126663208007812],[-86.26361846923828,14.049728393554688],[-86.0,14.441749572753906]],[[-88.16221618652344,13.770278930664062],[-88.12026977539062,13.764175415039062],[-88.09750366210938,13.620826721191406],[-88.13694763183594,13.541389465332031],[-88.1875,13.529441833496094],[-88.14639282226562,13.431388854980469],[-88.08999633789062,13.406105041503906],[-88.09500122070312,13.328330993652344],[-88.2769546508789,13.309165954589844],[-88.32555389404297,13.270561218261719],[-88.39083099365234,13.303337097167969],[-88.41167449951172,13.261955261230469],[-88.3600082397461,13.225830078125]],[[-84.65999603271484,13.936386108398438],[-84.58167266845703,13.932785034179688],[-84.50916290283203,13.876113891601562],[-84.44805145263672,13.919174194335938],[-84.38195037841797,13.897506713867188],[-84.29000091552734,13.835830688476562],[-84.25000762939453,13.742782592773438],[-84.1663818359375,13.744720458984375],[-84.12693786621094,13.669715881347656],[-84.0,13.615028381347656]],[[-84.91305541992188,12.78472900390625],[-84.81500244140625,12.761398315429688],[-84.75917053222656,12.821395874023438],[-84.6866683959961,12.717491149902344],[-84.46472930908203,12.771942138671875],[-84.33361053466797,12.861114501953125],[-84.0,12.8643798828125]],[[-85.0,12.364448547363281],[-84.90638732910156,12.420829772949219],[-84.85777282714844,12.405555725097656],[-84.82167053222656,12.477500915527344],[-84.60193634033203,12.531944274902344],[-84.4686050415039,12.399452209472656],[-84.30110931396484,12.346946716308594],[-84.25000762939453,12.17999267578125]],[[-72.76956176757812,11.0],[-72.53028106689453,11.219161987304688],[-72.5313949584961,11.270561218261719],[-72.65360260009766,11.438056945800781],[-72.8719482421875,11.519447326660156],[-72.90333557128906,11.568611145019531]],[[-72.71471405029297,10.391670227050781],[-72.60388946533203,10.565559387207031],[-72.40917205810547,10.636940002441406],[-72.26555633544922,10.426948547363281],[-72.0,10.302284240722656]],[[-69.814453125,10.0],[-69.94194030761719,10.28277587890625],[-69.7316665649414,10.482215881347656],[-69.7027816772461,10.570838928222656],[-69.58722686767578,10.674995422363281],[-69.50833892822266,10.695823669433594]],[[-67.0,10.19244384765625],[-66.82028198242188,10.123886108398438],[-66.76083374023438,10.129440307617188],[-66.73444366455078,10.193893432617188],[-66.6641616821289,10.22528076171875],[-66.16444396972656,10.20916748046875],[-66.06611633300781,10.258064270019531],[-66.06944274902344,10.331108093261719],[-66.0,10.379661560058594]],[[-73.54256439208984,10.0],[-73.6419448852539,9.715827941894531],[-73.75361633300781,9.556114196777344],[-73.75305938720703,9.414726257324219],[-73.68498992919922,9.395835876464844],[-73.6675033569336,9.319175720214844],[-73.78611755371094,9.161666870117188]],[[-69.83889770507812,9.549995422363281],[-69.82278442382812,9.360008239746094],[-69.85333251953125,9.252212524414062],[-69.80000305175781,9.160003662109375],[-69.66361236572266,9.0736083984375],[-69.35639190673828,9.0]],[[-68.0,9.743057250976562],[-68.08583068847656,9.713890075683594],[-68.08221435546875,9.646385192871094],[-68.14749145507812,9.563056945800781],[-68.06944274902344,9.469993591308594],[-68.13972473144531,9.351951599121094],[-68.10777282714844,9.337226867675781],[-68.11305236816406,9.193603515625],[-68.0272216796875,9.169158935546875],[-68.0,9.059951782226562]],[[-67.81195068359375,9.912216186523438],[-67.60138702392578,9.686668395996094],[-67.62055206298828,9.515556335449219],[-67.52971649169922,9.251663208007812],[-67.54138946533203,9.17138671875],[-67.67737579345703,9.0]],[[-64.0,9.20233154296875],[-63.76806640625,9.375007629394531],[-63.390281677246094,9.410285949707031],[-63.2852783203125,9.494163513183594],[-63.20332336425781,9.496940612792969],[-63.11000061035156,9.592216491699219],[-63.0,9.591300964355469]],[[-61.8255615234375,9.042495727539062],[-61.559715270996094,9.126388549804688],[-61.464439392089844,9.2177734375],[-61.434165954589844,9.343620300292969],[-61.21722412109375,9.573890686035156]],[[-82.52582550048828,8.854721069335938],[-82.83500671386719,8.741668701171875],[-82.78445434570312,8.588050842285156],[-82.82916259765625,8.543052673339844],[-82.82777404785156,8.461387634277344],[-82.68639373779297,8.318336486816406]],[[-76.24467468261719,8.0],[-76.06721496582031,8.200546264648438],[-76.08027648925781,8.338050842285156],[-76.01554870605469,8.431114196777344],[-76.04638671875,8.673332214355469],[-76.0,8.731025695800781]],[[-75.40833282470703,8.0],[-75.2388916015625,8.374717712402344],[-75.06832885742188,8.460838317871094],[-75.10722351074219,8.575279235839844],[-75.08888244628906,8.716667175292969],[-75.0,8.879440307617188]],[[-72.60295867919922,8.0],[-72.59416961669922,8.11138916015625],[-72.54582977294922,8.145553588867188],[-72.52582550048828,8.239990234375],[-72.31555938720703,8.524726867675781],[-72.36222076416016,8.7791748046875],[-72.31221771240234,8.895828247070312],[-72.3215560913086,9.0]],[[-71.0,8.689552307128906],[-71.34778594970703,8.489173889160156],[-71.57222747802734,8.483604431152344],[-71.69611358642578,8.758331298828125],[-71.60193634033203,8.974166870117188]],[[-69.78306579589844,9.0],[-69.56388092041016,8.865005493164062],[-69.57250213623047,8.830001831054688],[-69.50861358642578,8.82305908203125],[-69.43416595458984,8.718055725097656],[-69.23500061035156,8.735000610351562],[-69.10943603515625,8.644996643066406],[-69.0,8.647605895996094]],[[-70.0,8.667503356933594],[-69.87973022460938,8.591667175292969],[-69.80027770996094,8.424720764160156],[-69.6994400024414,8.378883361816406],[-69.5230484008789,8.209442138671875],[-69.5102767944336,8.142501831054688],[-69.43250274658203,8.067779541015625]],[[-69.0,8.647605895996094],[-68.81138610839844,8.636390686035156],[-68.7088851928711,8.539436340332031],[-68.64221954345703,8.589164733886719],[-68.54749298095703,8.590827941894531],[-68.26582336425781,8.426109313964844],[-68.185546875,8.320838928222656],[-68.0,8.331108093261719]],[[-69.0,8.94305419921875],[-68.81889343261719,8.83721923828125],[-68.65499114990234,8.878341674804688],[-68.59722137451172,8.834732055664062],[-68.42028045654297,8.8477783203125],[-68.3438949584961,8.881393432617188],[-68.25527954101562,8.770843505859375],[-68.19332885742188,8.776107788085938]],[[-66.25497436523438,9.0],[-66.31694793701172,8.850555419921875],[-66.24805450439453,8.461952209472656],[-66.27584075927734,8.337776184082031],[-66.20033264160156,8.0]],[[-65.0,8.738754272460938],[-65.07611083984375,8.759170532226562],[-65.14805603027344,8.728614807128906],[-65.19776916503906,8.379173278808594],[-65.49187469482422,8.0]],[[-64.48583221435547,8.895004272460938],[-64.6419448852539,8.818328857421875],[-64.63304901123047,8.701667785644531],[-64.57971954345703,8.518882751464844],[-64.39667510986328,8.406944274902344],[-64.3358383178711,8.290267944335938],[-64.31305694580078,8.125823974609375],[-64.34027862548828,8.050003051757812]],[[-64.0,8.859329223632812],[-63.50611114501953,8.754730224609375],[-63.439720153808594,8.898605346679688],[-63.27967834472656,9.0]],[[-60.0,8.248611450195312],[-60.274993896484375,8.372505187988281],[-60.36139678955078,8.326393127441406],[-60.58167266845703,8.417228698730469],[-60.614158630371094,8.389442443847656],[-60.74501037597656,8.416114807128906],[-60.896392822265625,8.581108093261719]],[[-77.70000457763672,7.594718933105469],[-77.65193939208984,7.364448547363281],[-77.6016616821289,7.305000305175781],[-77.46721649169922,7.424446105957031],[-77.4272232055664,7.387779235839844],[-77.29056549072266,7.463890075683594],[-77.11138916015625,7.432777404785156]],[[-76.0,7.193328857421875],[-76.0755615234375,7.26971435546875],[-76.18415832519531,7.706947326660156],[-76.29166412353516,7.8405609130859375],[-76.29528045654297,7.928619384765625],[-76.24467468261719,8.0]],[[-75.90638732910156,7.171661376953125],[-75.97222900390625,7.277503967285156],[-75.89389038085938,7.480003356933594],[-75.89443969726562,7.7530670166015625],[-75.83833312988281,7.8336181640625],[-75.86195373535156,7.896392822265625],[-75.75170135498047,8.0]],[[-75.0,7.1892242431640625],[-74.92250061035156,7.288612365722656],[-74.92832946777344,7.485282897949219],[-74.77500915527344,7.667503356933594],[-74.81666564941406,7.7711181640625],[-74.81498718261719,8.0]],[[-72.0,7.249725341796875],[-71.86195373535156,7.2413787841796875],[-71.73638153076172,7.1844482421875],[-71.48082733154297,7.2158355712890625],[-71.3872299194336,7.1869354248046875],[-71.35916900634766,7.1374969482421875],[-71.21916198730469,7.10638427734375],[-71.0,7.1626739501953125]],[[-60.0,7.586906433105469],[-59.85945129394531,7.624168395996094],[-59.70973205566406,7.558891296386719],[-59.53166961669922,7.828338623046875],[-59.545555114746094,7.885284423828125],[-59.478614807128906,7.8930511474609375],[-59.512535095214844,8.0]],[[-72.0,6.150421142578125],[-71.6302719116211,6.2308349609375],[-71.59027862548828,6.19610595703125],[-71.45250701904297,6.2166595458984375],[-71.4625015258789,6.2438812255859375],[-71.35083770751953,6.2249908447265625],[-71.2208251953125,6.292228698730469],[-71.0,6.240875244140625]],[[-71.0,6.240875244140625],[-70.53972625732422,6.2324981689453125],[-70.38916778564453,6.299171447753906],[-70.1583251953125,6.299446105957031],[-70.04833984375,6.184722900390625],[-70.06138610839844,6.157501220703125],[-70.0,6.1483917236328125]],[[-61.3182373046875,6.0],[-61.2611083984375,6.10943603515625],[-61.10804748535156,6.1966705322265625],[-61.09638977050781,6.271675109863281],[-61.158050537109375,6.334449768066406],[-61.12666320800781,6.437507629394531],[-61.2047119140625,6.574440002441406],[-61.13804626464844,6.701942443847656]],[[-61.550514221191406,6.0],[-61.524436950683594,6.1672210693359375],[-61.56139373779297,6.2522125244140625],[-61.536949157714844,6.274452209472656],[-61.578880310058594,6.308616638183594],[-61.558326721191406,6.353889465332031],[-61.64472961425781,6.491661071777344],[-61.7086181640625,6.498054504394531],[-61.63722229003906,6.656379699707031],[-61.601112365722656,6.664436340332031],[-61.60778045654297,6.713600158691406]],[[-76.02444458007812,5.472785949707031],[-76.21638488769531,5.2933349609375],[-76.47472381591797,5.316947937011719],[-76.57917022705078,5.263618469238281],[-76.68250274658203,5.1663818359375],[-76.73695373535156,5.0]],[[-59.55974578857422,5.0],[-59.49694061279297,5.0433349609375],[-59.53083038330078,5.08917236328125],[-59.48749542236328,5.125274658203125],[-59.500282287597656,5.1597137451171875],[-59.33416748046875,5.320564270019531],[-59.217498779296875,5.345558166503906],[-59.19305419921875,5.420555114746094],[-59.0,5.358787536621094]],[[-53.782867431640625,5.0],[-53.806671142578125,5.0972137451171875],[-53.67695617675781,5.184722900390625],[-53.61554718017578,5.299995422363281],[-53.68000793457031,5.364173889160156],[-53.67167663574219,5.527778625488281],[-53.80751037597656,5.716102600097656],[-53.910552978515625,5.75750732421875]]]}}