{"type":"Feature","properties":{"class":"major"},"geometry":{"type":"MultiLineString","coordinates":[[[-67.45999908447266,6.19805908203125],[-67.43900299072266,6.247779846191406],[-67.33399963378906,6.2897186279296875],[-67.28700256347656,6.389442443847656],[-67.16000366210938,6.4630584716796875],[-67.125,6.707496643066406],[-67.04900360107422,6.8191680908203125],[-67.05599975585938,6.9355621337890625],[-67.12699890136719,7.0394439697265625],[-67.11399841308594,7.1347198486328125],[-66.98200225830078,7.209442138671875],[-66.91400146484375,7.1944427490234375],[-66.822998046875,7.27667236328125],[-66.61799621582031,7.327781677246094],[-66.4739990234375,7.581108093261719],[-66.34100341796875,7.667503356933594],[-66.24099731445312,7.643608093261719],[-66.10900115966797,7.70916748046875],[-65.91100311279297,7.708061218261719],[-65.74199676513672,7.870826721191406],[-65.552001953125,7.931388854980469],[-65.43599700927734,7.87249755859375],[-65.31700134277344,7.901390075683594],[-65.13200378417969,7.858329772949219],[-65.02799987792969,7.814720153808594],[-64.94200134277344,7.715278625488281],[-64.81999969482422,7.6805572509765625],[-64.66200256347656,7.7780609130859375],[-64.51899719238281,7.7813873291015625],[-64.48699951171875,7.818061828613281],[-64.58599853515625,7.86639404296875],[-64.58999633789062,7.938056945800781],[-64.48400115966797,8.031936645507812],[-64.38700103759766,8.001388549804688],[-64.30899810791016,8.089996337890625],[-64.2229995727539,8.096939086914062],[-64.13800048828125,8.003059387207031],[-63.996002197265625,7.966667175292969],[-63.811004638671875,8.15472412109375],[-63.48100280761719,8.169174194335938],[-63.165000915527344,8.331939697265625],[-62.9739990234375,8.330276489257812],[-62.90899658203125,8.270561218261719],[-62.77299499511719,8.41082763671875],[-62.662994384765625,8.403327941894531],[-62.553001403808594,8.521392822265625],[-62.40899658203125,8.531669616699219],[-62.303001403808594,8.615829467773438],[-62.25599670410156,8.59527587890625],[-62.00799560546875,8.879173278808594],[-62.05799865722656,8.870277404785156],[-62.09600067138672,8.961936950683594],[-62.07099914550781,9.055831909179688],[-62.134002685546875,9.0494384765625],[-62.154998779296875,9.093063354492188],[-62.220001220703125,9.056671142578125],[-62.277000427246094,9.123611450195312],[-62.33799743652344,9.131111145019531],[-62.33900451660156,9.35943603515625],[-62.41200256347656,9.405281066894531],[-62.457000732421875,9.520561218261719],[-62.37200164794922,9.745826721191406],[-62.319000244140625,9.705825805664062],[-62.332000732421875,9.64111328125],[-62.42900085449219,9.550277709960938],[-62.38800048828125,9.409721374511719],[-62.313995361328125,9.364723205566406],[-62.31500244140625,9.303329467773438],[-62.22700500488281,9.308609008789062],[-62.17500305175781,9.186668395996094],[-62.04499816894531,9.05999755859375],[-62.07099914550781,8.964996337890625],[-62.042999267578125,8.897216796875],[-61.98500061035156,8.895828247070312],[-62.10900115966797,8.71221923828125],[-61.858001708984375,8.625556945800781],[-61.64900207519531,8.624717712402344],[-61.66099548339844,8.588890075683594],[-61.80500030517578,8.594436645507812],[-61.89500427246094,8.526107788085938],[-62.03199768066406,8.536109924316406],[-62.06199645996094,8.586936950683594],[-62.250999450683594,8.58416748046875],[-62.50599670410156,8.495826721191406],[-62.89500427246094,8.257781982421875],[-63.154998779296875,8.310279846191406],[-63.46299743652344,8.143890380859375],[-63.805999755859375,8.103057861328125],[-63.87300109863281,7.983062744140625],[-63.95800018310547,7.931388854980469],[-64.11000061035156,7.95111083984375],[-64.27400207519531,8.053611755371094],[-64.29900360107422,7.9961090087890625],[-64.49199676513672,7.9772186279296875],[-64.45099639892578,7.8194427490234375],[-64.5270004272461,7.744720458984375],[-64.62699890136719,7.7436065673828125],[-64.84500122070312,7.640830993652344],[-64.94599914550781,7.6783294677734375],[-65.04299926757812,7.794441223144531],[-65.58399963378906,7.883056640625],[-65.70700073242188,7.854438781738281],[-65.91400146484375,7.666938781738281],[-66.14800262451172,7.67138671875],[-66.22899627685547,7.616111755371094],[-66.31900024414062,7.6399993896484375],[-66.48500061035156,7.4727783203125],[-66.54000091552734,7.3327789306640625],[-66.96099853515625,7.144172668457031],[-67.05899810791016,7.0422210693359375],[-67.00499725341797,6.90167236328125],[-67.0250015258789,6.7538909912109375],[-67.11499786376953,6.5930633544921875],[-67.11699676513672,6.461669921875],[-67.36599731445312,6.223609924316406],[-67.45999908447266,6.19805908203125]],[[-124.78900146484375,64.42469787597656],[-124.97100067138672,64.52140045166016],[-125.01599884033203,64.59719848632812],[-125.0250015258789,64.66919708251953],[-124.89900207519531,64.68389892578125],[-125.09500122070312,64.69719696044922],[-125.13600158691406,64.80030059814453],[-125.27999877929688,64.86309814453125],[-125.71199798583984,64.87329864501953],[-125.98899841308594,64.9269027709961],[-126.1719970703125,64.98750305175781],[-126.2239990234375,65.0781021118164],[-126.38800048828125,65.15280151367188],[-127.18800354003906,65.29560089111328],[-128.04400634765625,65.60330200195312],[-128.72000122070312,65.63189697265625],[-128.8300018310547,65.69029998779297],[-128.77999877929688,65.76139831542969],[-129.05599975585938,65.85140228271484],[-129.1699981689453,66.07109832763672],[-129.01800537109375,66.19280242919922],[-128.6840057373047,66.25779724121094],[-128.6649932861328,66.30500030517578],[-128.7969970703125,66.37470245361328],[-128.9600067138672,66.39920043945312],[-129.09500122070312,66.52359771728516],[-129.24200439453125,66.54920196533203],[-129.6479949951172,66.73670196533203],[-129.86300659179688,66.73690032958984],[-130.1439971923828,66.80970001220703],[-130.25799560546875,66.98889923095703],[-130.2779998779297,67.2217025756836],[-130.47799682617188,67.30439758300781],[-130.822998046875,67.35749816894531],[-130.92999267578125,67.47329711914062],[-131.54800415039062,67.44560241699219],[-132.81900024414062,67.19280242919922],[-133.03500366210938,67.22000122070312],[-133.45199584960938,67.34359741210938],[-133.56199645996094,67.4708023071289],[-133.74200439453125,67.4531021118164],[-133.9149932861328,67.55889892578125],[-134.2689971923828,67.65249633789062],[-134.3249969482422,67.75309753417969],[-134.25999450683594,67.76830291748047],[-134.23399353027344,67.8324966430664],[-134.29200744628906,67.87059783935547],[-134.41600036621094,67.84719848632812],[-134.35499572753906,67.8989028930664],[-134.5330047607422,68.05719757080078],[-134.44200134277344,68.11859893798828],[-134.4600067138672,68.21170043945312],[-134.39500427246094,68.25530242919922],[-134.4320068359375,68.2925033569336],[-134.27999877929688,68.32080078125],[-134.0989990234375,68.4135971069336],[-134.1739959716797,68.45359802246094],[-134.08799743652344,68.50060272216797],[-134.23199462890625,68.51000213623047],[-134.16099548339844,68.61859893798828],[-134.23300170898438,68.69329833984375],[-133.97999572753906,68.5156021118164],[-134.14300537109375,68.45439910888672],[-134.03700256347656,68.41000366210938],[-134.19500732421875,68.3478012084961],[-134.19400024414062,68.30580139160156],[-134.38099670410156,68.29029846191406],[-134.23599243164062,68.2343978881836],[-134.4040069580078,68.21499633789062],[-134.33900451660156,68.0927963256836],[-134.41799926757812,68.0271987915039],[-134.1840057373047,67.85420227050781],[-134.13699340820312,67.79669952392578],[-134.14199829101562,67.7228012084961],[-134.06500244140625,67.63749694824219],[-133.76400756835938,67.51470184326172],[-133.73399353027344,67.46499633789062],[-133.54299926757812,67.4811019897461],[-133.51400756835938,67.41999816894531],[-133.3820037841797,67.3488998413086],[-132.8509979248047,67.21389770507812],[-131.57200622558594,67.46109771728516],[-131.0070037841797,67.49859619140625],[-130.86099243164062,67.46749877929688],[-130.76499938964844,67.36579895019531],[-130.35400390625,67.31189727783203],[-130.2449951171875,67.2406005859375],[-130.21200561523438,67.01750183105469],[-130.0229949951172,66.82060241699219],[-129.49000549316406,66.7157974243164],[-129.2010040283203,66.56189727783203],[-129.05799865722656,66.5280990600586],[-128.9459991455078,66.41470336914062],[-128.63800048828125,66.35279846191406],[-128.63099670410156,66.2572021484375],[-128.86199951171875,66.20580291748047],[-129.04100036621094,66.12889862060547],[-129.0709991455078,66.0781021118164],[-129.00900268554688,65.98780059814453],[-129.01699829101562,65.9103012084961],[-128.68699645996094,65.73999786376953],[-128.7830047607422,65.68170166015625],[-128.58799743652344,65.6686019897461],[-128.48399353027344,65.61530303955078],[-128.0850067138672,65.62580108642578],[-127.67900085449219,65.5385971069336],[-127.58799743652344,65.4657974243164],[-127.34700012207031,65.38169860839844],[-126.60600280761719,65.24639892578125],[-126.23699951171875,65.12190246582031],[-125.97699737548828,64.93810272216797],[-125.13200378417969,64.87220001220703],[-125.05500030517578,64.72419738769531],[-124.86900329589844,64.68470001220703],[-124.88800048828125,64.51830291748047],[-124.78900146484375,64.42469787597656]],[[-71.29900360107422,46.74220275878906],[-71.68399810791016,46.63330078125],[-71.86499786376953,46.665802001953125],[-71.99500274658203,46.57360076904297],[-72.19599914550781,46.51640319824219],[-72.2750015258789,46.413604736328125],[-72.47899627685547,46.3616943359375],[-72.6709976196289,46.200599670410156],[-72.91000366210938,46.131103515625],[-72.90699768066406,46.076698303222656],[-73.14900207519531,46.05329895019531],[-73.21399688720703,45.895599365234375],[-73.43800354003906,45.721099853515625],[-73.45099639892578,45.61329650878906],[-73.52200317382812,45.539703369140625],[-73.51899719238281,45.42109680175781],[-73.72599792480469,45.41809844970703],[-74.00299835205078,45.23780059814453],[-74.33200073242188,45.17530059814453],[-74.46900177001953,45.0574951171875],[-74.68900299072266,44.99110412597656],[-74.8499984741211,44.99220275878906],[-75.28500366210938,44.85029602050781],[-75.77899932861328,44.48780059814453],[-75.81099700927734,44.50250244140625],[-75.43900299072266,44.775604248046875],[-75.01499938964844,44.99110412597656],[-74.58200073242188,45.06219482421875],[-74.47100067138672,45.16279602050781],[-74.16000366210938,45.31330108642578],[-73.96600341796875,45.347198486328125],[-74.01599884033203,45.44439697265625],[-74.31600189208984,45.49969482421875],[-74.38800048828125,45.56079864501953],[-74.63999938964844,45.62969970703125],[-74.9219970703125,45.63389587402344],[-75.08499908447266,45.56809997558594],[-75.23699951171875,45.57310485839844],[-75.83599853515625,45.36360168457031],[-75.91799926757812,45.37939453125],[-75.98899841308594,45.46690368652344],[-76.09300231933594,45.50439453125],[-76.36000061035156,45.45610046386719],[-76.6780014038086,45.57440185546875],[-76.71299743652344,45.70390319824219],[-76.8030014038086,45.763099670410156],[-76.78800201416016,45.83000183105469],[-76.82499694824219,45.86529541015625],[-76.91200256347656,45.87889862060547],[-76.90299987792969,45.789398193359375],[-77.052001953125,45.79170227050781],[-77.4469985961914,46.03669738769531],[-77.2969970703125,45.9866943359375],[-77.31500244140625,46.01530456542969],[-77.68599700927734,46.18609619140625],[-77.55899810791016,46.16560363769531],[-77.32099914550781,46.046905517578125],[-77.2490005493164,45.93609619140625],[-76.79900360107422,45.88079833984375],[-76.62999725341797,45.57609558105469],[-76.35299682617188,45.471099853515625],[-76.20899963378906,45.528099060058594],[-76.0770034790039,45.526100158691406],[-75.83100128173828,45.390594482421875],[-75.69400024414062,45.467201232910156],[-75.25399780273438,45.58830261230469],[-74.96099853515625,45.64720153808594],[-74.6500015258789,45.649200439453125],[-74.30899810791016,45.52360534667969],[-74.18099975585938,45.527801513671875],[-74.12799835205078,45.480804443359375],[-74.04199981689453,45.477500915527344],[-73.89800262451172,45.535003662109375],[-73.72699737548828,45.6947021484375],[-73.44000244140625,45.74749755859375],[-73.26399993896484,45.901702880859375],[-73.18599700927734,46.00920104980469],[-73.1709976196289,46.10499572753906],[-72.99299621582031,46.173095703125],[-72.99099731445312,46.20439910888672],[-72.62999725341797,46.285797119140625],[-72.44499969482422,46.408294677734375],[-72.26899719238281,46.45719909667969],[-72.21399688720703,46.5531005859375],[-72.02200317382812,46.601898193359375],[-71.8740005493164,46.69059753417969],[-71.7020034790039,46.669700622558594],[-71.29900360107422,46.74220275878906]],[[-157.91200256347656,64.85469818115234],[-157.94700622558594,64.78060150146484],[-158.26699829101562,64.64669799804688],[-158.35400390625,64.5353012084961],[-158.4409942626953,64.5188980102539],[-158.48399353027344,64.42970275878906],[-158.69900512695312,64.3364028930664],[-158.58099365234375,64.13670349121094],[-158.7729949951172,63.99420166015625],[-159.1479949951172,63.86640167236328],[-159.2169952392578,63.76219940185547],[-159.33999633789062,63.7366943359375],[-159.3820037841797,63.599700927734375],[-159.468994140625,63.49029541015625],[-159.36900329589844,63.39390563964844],[-159.5919952392578,63.34809875488281],[-159.69900512695312,63.25140380859375],[-159.7480010986328,63.0531005859375],[-160.03399658203125,62.92669677734375],[-160.04100036621094,62.78889465332031],[-160.11500549316406,62.658294677734375],[-160.1219940185547,62.71080017089844],[-160.1790008544922,62.68220520019531],[-160.13800048828125,62.64579772949219],[-160.1580047607422,62.5697021484375],[-160.1269989013672,62.50920104980469],[-159.95899963378906,62.41059875488281],[-159.94000244140625,62.25920104980469],[-159.70899963378906,62.19309997558594],[-159.76699829101562,62.095298767089844],[-160.0260009765625,62.046905517578125],[-160.01800537109375,61.977203369140625],[-160.07000732421875,61.94670104980469],[-160.93699645996094,61.92390441894531],[-161.26499938964844,61.86500549316406],[-161.33399963378906,61.81219482421875],[-161.2899932861328,61.73500061035156],[-161.41900634765625,61.64830017089844],[-161.96800231933594,61.55860137939453],[-161.96600341796875,61.68000030517578],[-162.05999755859375,61.77580261230469],[-162.21099853515625,61.89360046386719],[-162.4770050048828,61.905601501464844],[-162.49200439453125,61.94390106201172],[-162.43800354003906,61.99079895019531],[-162.4739990234375,62.00920104980469],[-162.63600158691406,61.97810363769531],[-162.68499755859375,61.905601501464844],[-162.8470001220703,61.94499969482422],[-162.99899291992188,61.87809753417969],[-163.21400451660156,61.93579864501953],[-163.26800537109375,62.01280212402344],[-163.343994140625,62.037498474121094],[-163.89199829101562,62.096405029296875],[-163.9980010986328,62.203094482421875],[-163.83900451660156,62.399200439453125],[-163.9239959716797,62.43830108642578],[-163.9669952392578,62.55110168457031],[-164.19500732421875,62.6925048828125],[-164.34100341796875,62.69329833984375],[-164.5070037841797,62.75389862060547],[-164.16799926757812,62.725799560546875],[-163.8679962158203,62.55079650878906],[-163.7969970703125,62.43109893798828],[-163.8730010986328,62.252197265625],[-163.94200134277344,62.22810363769531],[-163.9239959716797,62.159400939941406],[-163.76499938964844,62.096405029296875],[-163.24000549316406,62.031402587890625],[-163.2030029296875,61.96330261230469],[-163.08900451660156,61.913604736328125],[-162.83799743652344,61.969398498535156],[-162.71099853515625,61.92140197753906],[-162.6719970703125,61.97889709472656],[-162.49000549316406,62.020301818847656],[-162.42300415039062,62.006103515625],[-162.38499450683594,61.94139862060547],[-162.1739959716797,61.969398498535156],[-162.07899475097656,61.88639831542969],[-162.10899353027344,61.844398498535156],[-161.9340057373047,61.705596923828125],[-161.96200561523438,61.62689971923828],[-161.93499755859375,61.587799072265625],[-161.41700744628906,61.67890167236328],[-161.33599853515625,61.76499938964844],[-161.37100219726562,61.82029724121094],[-161.29200744628906,61.88279724121094],[-160.8470001220703,61.97309875488281],[-160.05499267578125,61.99530029296875],[-160.02099609375,62.0625],[-159.8000030517578,62.096405029296875],[-159.72799682617188,62.19779968261719],[-159.97900390625,62.25140380859375],[-159.9720001220703,62.349700927734375],[-160.2169952392578,62.535301208496094],[-160.1820068359375,62.593597412109375],[-160.218994140625,62.68330383300781],[-160.07000732421875,62.78919982910156],[-160.08799743652344,62.846405029296875],[-160.01800537109375,62.96580505371094],[-159.7689971923828,63.07499694824219],[-159.71200561523438,63.26829528808594],[-159.44500732421875,63.43809509277344],[-159.531005859375,63.531700134277344],[-159.39300537109375,63.64939880371094],[-159.36099243164062,63.74639892578125],[-159.21400451660156,63.80110168457031],[-159.1750030517578,63.88749694824219],[-159.04400634765625,63.90440368652344],[-158.94400024414062,63.98469543457031],[-158.7570037841797,64.03780364990234],[-158.72500610351562,64.10030364990234],[-158.7429962158203,64.16809844970703],[-158.6580047607422,64.21890258789062],[-158.72799682617188,64.2968978881836],[-158.71200561523438,64.36329650878906],[-158.49099731445312,64.4666976928711],[-158.30299377441406,64.6511001586914],[-158.0469970703125,64.74919891357422],[-157.91200256347656,64.85469818115234]],[[-121.26498761752627,61.82722482206173],[-121.96600341796875,62.05419921875],[-122.37200164794922,62.13610076904297],[-123.0469970703125,62.157501220703125],[-123.41600036621094,62.285301208496094],[-123.44100189208984,62.3218994140625],[-123.30799865722656,62.453094482421875],[-123.22899627685547,62.70280456542969],[-123.22000122070312,62.79280090332031],[-123.26399993896484,62.88359832763672],[-123.22799682617188,62.953094482421875],[-123.21099853515625,62.83140563964844],[-123.11699676513672,62.74470520019531],[-123.13400268554688,62.596099853515625],[-123.24099731445312,62.52360534667969],[-123.22899627685547,62.468597412109375],[-123.36699676513672,62.337799072265625],[-123.36399841308594,62.283294677734375],[-122.84100341796875,62.142799377441406],[-122.61299896240234,62.17720031738281],[-122.33999633789062,62.14579772949219],[-121.18900299072266,61.86419677734375]],[[-150.0,65.67798614501953],[-150.16387939453125,65.64611053466797],[-150.17860412597656,65.6127700805664],[-150.1219482421875,65.54694366455078],[-150.18276977539062,65.51082611083984],[-150.651123046875,65.49250030517578],[-151.0,65.3669662475586]],[[-140.0,64.3279800415039],[-140.5130615234375,64.3949966430664],[-140.5352783203125,64.42389678955078],[-140.443603515625,64.49222564697266],[-140.45166015625,64.53055572509766],[-140.5872344970703,64.5133285522461],[-140.61195373535156,64.56945037841797],[-140.72528076171875,64.55693817138672],[-140.70083618164062,64.62166595458984],[-140.8411102294922,64.61554718017578],[-140.89889526367188,64.68193817138672],[-141.0,64.68901824951172]],[[-139.5836181640625,63.18138122558594],[-139.42471313476562,63.299163818359375],[-139.71861267089844,63.46027374267578],[-139.75917053222656,63.548606872558594],[-139.77610778808594,63.66917419433594],[-139.7100067138672,63.71917724609375],[-139.7594451904297,63.82749938964844],[-139.70333862304688,63.97222900390625],[-139.6395721435547,64.0]],[[-136.0,62.06718444824219],[-136.38583374023438,62.1502685546875],[-136.33749389648438,62.234161376953125],[-136.3908233642578,62.26971435546875],[-136.33888244628906,62.30888366699219],[-136.62167358398438,62.407508850097656],[-136.73556518554688,62.465003967285156],[-136.8269500732422,62.56945037841797],[-137.0,62.63127136230469]],[[-120.00416564941406,61.35137939453125],[-120.23751068115234,61.452781677246094],[-120.4111099243164,61.449440002441406],[-120.67028045654297,61.55638885498047],[-120.7388916015625,61.621116638183594],[-120.68805694580078,61.66583251953125],[-120.67916107177734,61.78306579589844],[-120.88417053222656,61.83473205566406]],[[-130.0,60.67158508300781],[-129.9119415283203,60.61500549316406],[-129.93333435058594,60.595558166503906],[-129.76889038085938,60.56249237060547],[-129.74639892578125,60.49750518798828],[-129.54945373535156,60.414161682128906],[-129.46388244628906,60.33277893066406],[-129.15277099609375,60.26832580566406],[-129.0,60.16011047363281]],[[-123.78134155273438,60.0],[-123.81195068359375,60.04499816894531],[-123.72917175292969,60.15055847167969],[-123.34944915771484,60.313323974609375],[-123.49195098876953,60.478050231933594],[-123.5324935913086,60.70472717285156],[-123.46027374267578,60.74610900878906],[-123.34667205810547,60.73834228515625],[-123.31722259521484,60.7772216796875],[-123.57805633544922,60.84916687011719],[-123.50000762939453,60.9072265625],[-123.34305572509766,60.894439697265625],[-123.30834197998047,60.92500305175781],[-123.3438949584961,60.970001220703125],[-123.25444030761719,61.0]],[[-112.21722412109375,60.12110900878906],[-112.40666961669922,60.305267333984375],[-112.68000030517578,60.36000061035156],[-112.4544448852539,60.364715576171875],[-112.44306182861328,60.424720764160156],[-112.51610565185547,60.476951599121094],[-112.45833587646484,60.524436950683594],[-112.83332824707031,60.61333465576172],[-112.87028503417969,60.72917175292969],[-112.99610900878906,60.76055908203125],[-112.92527770996094,60.80889892578125],[-113.0,60.818878173828125]],[[-128.0,59.87455749511719],[-127.83416748046875,59.99333190917969],[-127.59027862548828,59.97027587890625],[-127.41638946533203,59.87638854980469],[-127.49138641357422,59.825286865234375],[-127.50556182861328,59.73973083496094],[-127.17250061035156,59.686676025390625],[-127.13694763183594,59.633331298828125]],[[-125.0,59.369285583496094],[-124.83583068847656,59.400550842285156],[-124.73638153076172,59.544715881347656],[-124.65055084228516,59.55388641357422],[-124.6661148071289,59.63860321044922],[-124.48250579833984,59.75416564941406],[-124.3166732788086,59.72862243652344],[-124.27556610107422,59.67472839355469],[-124.1824951171875,59.65027618408203],[-124.17860412597656,59.59583282470703],[-124.10333251953125,59.61277770996094],[-124.10722351074219,59.52721405029297],[-124.0,59.564720153808594]],[[-117.0,58.06468200683594],[-116.88528442382812,58.11639404296875],[-116.58138275146484,58.11054992675781],[-116.55554962158203,58.1502685546875],[-116.61693572998047,58.195831298828125],[-116.58527374267578,58.244720458984375],[-116.7008285522461,58.24916076660156],[-116.6852798461914,58.27861022949219],[-116.50167083740234,58.31610107421875],[-116.4927749633789,58.263336181640625],[-116.4397201538086,58.25721740722656],[-116.37749481201172,58.323883056640625],[-116.19305419921875,58.405555725097656],[-116.0,58.41155242919922]],[[-126.87249755859375,57.0],[-126.91194152832031,57.106109619140625],[-126.54528045654297,57.32499694824219],[-126.5666732788086,57.54138946533203],[-126.4816665649414,57.60832977294922],[-126.18888854980469,57.616119384765625],[-126.0,57.495643615722656]],[[-115.0,53.092254638671875],[-114.96110534667969,53.100555419921875],[-114.9727783203125,53.13777160644531],[-114.86222839355469,53.242218017578125],[-114.87638854980469,53.26860046386719],[-114.79583740234375,53.320831298828125],[-114.52083587646484,53.30804443359375],[-114.40555572509766,53.34416198730469],[-114.34471893310547,53.41722869873047],[-114.0,53.320587158203125]],[[-114.0,53.320587158203125],[-113.70638275146484,53.35026550292969],[-113.59722137451172,53.502784729003906],[-113.37999725341797,53.549720764160156],[-113.28583526611328,53.6683349609375],[-113.0,53.87590026855469]],[[-110.0,53.591331481933594],[-109.82667541503906,53.54778289794922],[-109.75750732421875,53.59166717529297],[-109.6388931274414,53.575828552246094],[-109.52916717529297,53.46056365966797],[-109.55277252197266,53.40972137451172],[-109.4427719116211,53.36499786376953],[-109.27056121826172,53.37638854980469],[-109.2227783203125,53.32304382324219],[-109.06443786621094,53.269989013671875],[-109.0,53.179443359375]],[[-118.5808334350586,52.0],[-118.58472442626953,51.88861083984375],[-118.6802749633789,51.7791748046875],[-118.66666412353516,51.673065185546875],[-118.48250579833984,51.474998474121094],[-118.45027923583984,51.388328552246094],[-118.23860168457031,51.23500061035156],[-118.18804931640625,51.067779541015625],[-118.21922302246094,51.0]],[[-112.0,47.03440856933594],[-111.48860931396484,47.38445281982422],[-111.50139617919922,47.41638946533203],[-111.38666534423828,47.43639373779297],[-111.30333709716797,47.398887634277344],[-111.27306365966797,47.43639373779297],[-111.29195404052734,47.51917266845703],[-111.02806091308594,47.59416961669922],[-111.0,47.65034484863281]],[[-119.9815673828125,47.0],[-119.91888427734375,46.828338623046875],[-119.94027709960938,46.72084045410156],[-119.88250732421875,46.64500427246094],[-119.6111068725586,46.660003662109375],[-119.51555633544922,46.73194885253906],[-119.45194244384766,46.720001220703125],[-119.2527847290039,46.51805877685547],[-119.2511215209961,46.28582763671875],[-119.04388427734375,46.2177734375]],[[-116.84388732910156,45.0],[-116.71138763427734,45.17027282714844],[-116.65027618408203,45.35639190673828],[-116.45333099365234,45.613067626953125],[-116.54610443115234,45.76222229003906],[-116.75777435302734,45.83111572265625],[-116.88426208496094,46.0]],[[-116.07830810546875,43.0],[-116.30973052978516,43.15361022949219],[-116.39806365966797,43.29388427734375],[-116.5602798461914,43.3236083984375],[-116.7488784790039,43.480003356933594],[-116.79499816894531,43.584999084472656],[-117.0,43.68934631347656]],[[-110.57721710205078,43.871673583984375],[-110.50556182861328,43.83750915527344],[-110.73695373535156,43.64805603027344],[-110.84361267089844,43.46778106689453],[-110.81361389160156,43.410560607910156],[-110.70499420166016,43.35804748535156],[-110.77778625488281,43.28944396972656],[-110.75472259521484,43.23527526855469],[-111.0,43.174102783203125]],[[-114.0,42.53327178955078],[-114.12443542480469,42.50804901123047],[-114.5808334350586,42.651397705078125],[-114.78167724609375,42.67333984375],[-114.836669921875,42.760833740234375],[-114.915283203125,42.79638671875],[-114.90083312988281,42.88722229003906],[-115.0,42.91999816894531]],[[-97.0,42.768280029296875],[-96.70194244384766,42.67222595214844],[-96.62000274658203,42.52611541748047],[-96.38944244384766,42.48999786376953],[-96.40889739990234,42.36637878417969],[-96.33055877685547,42.27888488769531],[-96.34471893310547,42.18611145019531],[-96.18499755859375,42.0]],[[-91.0,42.71147155761719],[-90.69222259521484,42.64360809326172],[-90.63054656982422,42.54944610595703],[-90.6413803100586,42.469993591308594],[-90.43639373779297,42.353057861328125],[-90.40416717529297,42.24861145019531],[-90.16915893554688,42.119171142578125],[-90.13999938964844,42.0]],[[-79.0,41.84828186035156],[-79.2558364868164,41.84028625488281],[-79.34528350830078,41.70611572265625],[-79.41472625732422,41.67584228515625],[-79.40972137451172,41.58222198486328],[-79.46222686767578,41.484718322753906],[-79.6530532836914,41.468894958496094],[-79.66999053955078,41.424171447753906],[-79.8175048828125,41.39916229248047],[-79.77749633789062,41.33221435546875],[-79.84916687011719,41.30943298339844],[-79.84584045410156,41.2691650390625],[-79.71305084228516,41.20277404785156],[-79.66083526611328,41.04804992675781],[-79.59899139404297,41.0]],[[-95.86053466796875,41.0],[-95.81889343261719,40.88139343261719],[-95.8719482421875,40.723052978515625],[-95.77389526367188,40.6572265625],[-95.76194763183594,40.536949157714844],[-95.69055938720703,40.51471710205078],[-95.6319351196289,40.3458251953125],[-95.65583038330078,40.313323974609375],[-95.4705581665039,40.236663818359375],[-95.47888946533203,40.19194030761719],[-95.40027618408203,40.10943603515625],[-95.42082977294922,40.038055419921875],[-95.3183364868164,40.0]],[[-108.0,39.453086853027344],[-108.22805786132812,39.27638244628906],[-108.31194305419922,39.11054992675781],[-108.41805267333984,39.057769775390625],[-108.57193756103516,39.059173583984375],[-108.899169921875,39.19749450683594],[-109.0,39.11863708496094]],[[-94.0,39.146209716796875],[-93.850830078125,39.20582580566406],[-93.51444244384766,39.21415710449219],[-93.48278045654297,39.28749084472656],[-93.37166595458984,39.22637939453125],[-93.33222198486328,39.25416564941406],[-93.34749603271484,39.29443359375],[-93.22694396972656,39.3316650390625],[-93.20832824707031,39.405006408691406],[-93.0,39.31590270996094]],[[-81.0,39.562171936035156],[-81.22193908691406,39.394447326660156],[-81.3630599975586,39.3458251953125],[-81.45610809326172,39.411949157714844],[-81.5566635131836,39.33610534667969],[-81.57166290283203,39.277496337890625],[-81.68250274658203,39.266937255859375],[-81.75694274902344,39.173614501953125],[-81.75222778320312,39.09666442871094],[-81.820556640625,39.07417297363281],[-81.7720947265625,39.0]],[[-78.0,39.606666564941406],[-77.84111022949219,39.606109619140625],[-77.83473205566406,39.573326110839844],[-77.8800048828125,39.557777404785156],[-77.85777282714844,39.51416778564453],[-77.822509765625,39.53278350830078],[-77.82749938964844,39.496665954589844],[-77.77000427246094,39.49750518798828],[-77.80555725097656,39.443885803222656],[-77.7391586303711,39.414451599121094],[-77.74138641357422,39.33082580566406],[-77.55333709716797,39.299163818359375],[-77.45777130126953,39.22776794433594],[-77.5088882446289,39.12944030761719],[-77.43389129638672,39.06889343261719],[-77.27249908447266,39.04444885253906],[-77.24147033691406,39.0]],[[-121.78831481933594,39.0],[-121.82389831542969,38.95361328125],[-121.79861450195312,38.88221740722656],[-121.7199935913086,38.8558349609375],[-121.6672134399414,38.76861572265625],[-121.58194732666016,38.774444580078125],[-121.6127700805664,38.68333435058594],[-121.49056243896484,38.594444274902344],[-121.53556060791016,38.503883361816406],[-121.49027252197266,38.470558166503906],[-121.5072250366211,38.37165832519531],[-121.5552749633789,38.32611083984375],[-121.49639129638672,38.25166320800781],[-121.56305694580078,38.17805480957031],[-121.67137908935547,38.15443420410156]],[[-109.12910461425781,39.0],[-109.21749877929688,38.97666931152344],[-109.22221374511719,38.898895263671875],[-109.32195281982422,38.74888610839844],[-109.4669418334961,38.68055725097656],[-109.57471466064453,38.544715881347656],[-109.62528228759766,38.579444885253906],[-109.6352767944336,38.485557556152344],[-109.7186050415039,38.442222595214844],[-109.72138977050781,38.353057861328125],[-109.81584167480469,38.2127685546875],[-110.0,38.092864990234375]],[[-90.6972885131836,39.0],[-90.60999298095703,38.88194274902344],[-90.43750762939453,38.96583557128906],[-90.12638854980469,38.838897705078125],[-90.20138549804688,38.71833801269531],[-90.19139099121094,38.627220153808594],[-90.3838882446289,38.30694580078125],[-90.3505630493164,38.209991455078125],[-90.06953430175781,38.0]],[[-85.1844482421875,38.69195556640625],[-85.27471923828125,38.74610900878906],[-85.4416732788086,38.72611999511719],[-85.4155502319336,38.54027557373047],[-85.60555267333984,38.447776794433594],[-85.67638397216797,38.2994384765625],[-85.82916259765625,38.278045654296875],[-85.90028381347656,38.1824951171875],[-85.92027282714844,38.040283203125],[-86.0,38.00086975097656]],[[-82.04751586914062,39.0],[-82.2177734375,38.77471923828125],[-82.1763916015625,38.60944366455078],[-82.27527618408203,38.58167266845703],[-82.32361602783203,38.44194793701172],[-82.57305145263672,38.40471649169922],[-82.70777130126953,38.545005798339844],[-82.83000183105469,38.581382751464844],[-82.88360595703125,38.74305725097656],[-83.0,38.71942138671875]],[[-97.87744140625,38.0],[-97.39945220947266,37.785552978515625],[-97.24472045898438,37.46027374267578],[-97.17666625976562,37.39082336425781],[-97.10221862792969,37.163330078125],[-97.12026977539062,37.11805725097656],[-97.0,37.04133605957031]],[[-89.95500183105469,37.95750427246094],[-89.52527618408203,37.678619384765625],[-89.52861785888672,37.558326721191406],[-89.4416732788086,37.41138458251953],[-89.52083587646484,37.26750183105469],[-89.46666717529297,37.24249267578125],[-89.38611602783203,37.049163818359375],[-89.2976303100586,37.0]],[[-88.0,37.7916259765625],[-88.04527282714844,37.81083679199219],[-88.06027221679688,37.74444580078125],[-88.1583251953125,37.649169921875],[-88.08221435546875,37.483604431152344],[-88.48332977294922,37.39082336425781],[-88.51139068603516,37.28193664550781],[-88.42444610595703,37.1502685546875],[-88.48833465576172,37.065826416015625],[-89.0,37.21983337402344]],[[-87.0,37.927337646484375],[-87.1199951171875,37.788330078125],[-87.16387939453125,37.8416748046875],[-87.40860748291016,37.94139099121094],[-87.56417083740234,37.91416931152344],[-87.60277557373047,37.97361755371094],[-87.58861541748047,37.874725341796875],[-87.6211166381836,37.8336181640625],[-87.67444610595703,37.831390380859375],[-87.68498992919922,37.904449462890625],[-87.81083679199219,37.875274658203125],[-87.90249633789062,37.92778015136719],[-87.93222045898438,37.90388488769531],[-87.90306091308594,37.81805419921875],[-88.0,37.7916259765625]],[[-112.0,36.07183837890625],[-112.21861267089844,36.11082458496094],[-112.35334014892578,36.25360107421875],[-112.44388580322266,36.206939697265625],[-112.51944732666016,36.27583312988281],[-112.45111846923828,36.364715576171875],[-112.53527069091797,36.404441833496094],[-113.0,36.23930358886719]],[[-111.4736099243164,36.929718017578125],[-111.5552749633789,36.84527587890625],[-111.6097183227539,36.84722900390625],[-111.83999633789062,36.52111053466797],[-111.82777404785156,36.46166229248047],[-111.86833190917969,36.408897399902344],[-111.84111022949219,36.39556121826172],[-111.88194274902344,36.37554931640625],[-111.79222106933594,36.20750427246094],[-111.8155517578125,36.1138916015625],[-111.92416381835938,36.054443359375],[-112.0,36.07183837890625]],[[-97.0,36.49877166748047],[-96.91471862792969,36.456947326660156],[-96.7538833618164,36.56444549560547],[-96.69499969482422,36.43694305419922],[-96.52861785888672,36.39806365966797],[-96.5391616821289,36.29888916015625],[-96.45806121826172,36.32861328125],[-96.3616714477539,36.250823974609375],[-96.25917053222656,36.228607177734375],[-96.25499725341797,36.15083312988281],[-96.0,36.13409423828125]],[[-89.17860412597656,36.66166687011719],[-89.24500274658203,36.567222595214844],[-89.37694549560547,36.624725341796875],[-89.47972869873047,36.44916534423828],[-89.50833892822266,36.45972442626953],[-89.49527740478516,36.54639434814453],[-89.5663833618164,36.557228088378906],[-89.52777862548828,36.375274658203125],[-89.62915802001953,36.31694030761719],[-89.5586166381836,36.26582336425781],[-89.69110870361328,36.24110412597656],[-89.60721588134766,36.133056640625],[-89.73102569580078,36.0]],[[-106.06132507324219,36.0],[-106.68000030517578,35.14111328125],[-106.66202545166016,35.0]],[[-95.0,35.433433532714844],[-94.85833740234375,35.35443878173828],[-94.71138763427734,35.348052978515625],[-94.65360260009766,35.27861022949219],[-94.5938949584961,35.33526611328125],[-94.50499725341797,35.299713134765625],[-94.5038833618164,35.361106872558594],[-94.4063949584961,35.443885803222656],[-94.31360626220703,35.36555480957031],[-94.24249267578125,35.356109619140625],[-94.12889099121094,35.37638854980469],[-94.1441650390625,35.441383361816406],[-94.0,35.46349334716797]],[[-90.3108901977539,35.0],[-90.27249908447266,34.910552978515625],[-90.46582794189453,34.8175048828125],[-90.4699935913086,34.73638916015625],[-90.56278228759766,34.72944641113281],[-90.60054779052734,34.627220153808594],[-90.57111358642578,34.572776794433594],[-90.5858383178711,34.422508239746094],[-90.77000427246094,34.37165832519531],[-90.77027130126953,34.27861022949219],[-90.82749938964844,34.282501220703125],[-90.86639404296875,34.201934814453125],[-90.96110534667969,34.149169921875],[-90.875,34.10139465332031],[-90.88417053222656,34.05000305175781],[-91.0,34.016204833984375]],[[-114.45722198486328,34.0],[-114.52249908447266,33.95027160644531],[-114.48389434814453,33.721954345703125],[-114.52249908447266,33.684173583984375],[-114.5263900756836,33.561668395996094],[-114.63666534423828,33.420005798339844],[-114.72832489013672,33.40361785888672],[-114.69916534423828,33.366668701171875],[-114.72750091552734,33.30194091796875],[-114.66777801513672,33.215545654296875],[-114.69611358642578,33.086944580078125],[-114.66083526611328,33.04194641113281],[-114.49715423583984,33.0]],[[-91.03866577148438,34.0],[-91.09194946289062,33.986663818359375],[-91.03083801269531,33.93943786621094],[-91.07221984863281,33.86805725097656],[-91.04638671875,33.80305480957031],[-91.23138427734375,33.68305969238281],[-91.14971923828125,33.62610626220703],[-91.1572265625,33.580833435058594],[-91.23388671875,33.55638885498047],[-91.1300048828125,33.476661682128906],[-91.12832641601562,33.38861846923828],[-91.18055725097656,33.31471252441406],[-91.10665893554688,33.26777648925781],[-91.09304809570312,33.174713134765625],[-91.15805053710938,33.120269775390625],[-91.16741943359375,33.0]],[[-91.0977783203125,32.0],[-91.3586196899414,31.824996948242188],[-91.42833709716797,31.580284118652344],[-91.52666473388672,31.508888244628906],[-91.49083709716797,31.404998779296875],[-91.52388763427734,31.296112060546875],[-91.65082550048828,31.262496948242188],[-91.6066665649414,31.1986083984375],[-91.62610626220703,31.127212524414062],[-91.57361602783203,31.0675048828125],[-91.6533432006836,31.0]],[[-91.65776824951172,30.992782592773438],[-91.64167022705078,30.931671142578125],[-91.52027130126953,30.8861083984375],[-91.52721405029297,30.8094482421875],[-91.58611297607422,30.752777099609375],[-91.36945343017578,30.750274658203125],[-91.24805450439453,30.566673278808594],[-91.28112030029297,30.505836486816406],[-91.19999694824219,30.50916290283203],[-91.19082641601562,30.429153442382812],[-91.24388122558594,30.35333251953125],[-91.14944458007812,30.325820922851562],[-91.22138977050781,30.294998168945312],[-91.11332702636719,30.26165771484375],[-91.14833068847656,30.194717407226562],[-91.01861572265625,30.1905517578125],[-91.0,30.123260498046875]],[[-103.0,29.149169921875],[-102.86250305175781,29.224166870117188],[-102.899169921875,29.258056640625],[-102.88250732421875,29.352493286132812],[-102.81944274902344,29.39666748046875],[-102.79695129394531,29.51805877685547],[-102.67028045654297,29.742782592773438],[-102.38500213623047,29.769729614257812],[-102.30583953857422,29.889450073242188],[-102.09750366210938,29.802780151367188],[-102.0,29.806671142578125]],[[-90.0,29.737396240234375],[-89.94667053222656,29.647499084472656],[-89.61444854736328,29.463340759277344],[-89.58777618408203,29.3922119140625],[-89.4063949584961,29.347488403320312],[-89.2780532836914,29.211105346679688],[-89.25638580322266,29.134170532226562],[-89.3564682006836,29.0]],[[-100.62848663330078,29.0],[-100.62389373779297,28.919998168945312],[-100.5294418334961,28.827499389648438],[-100.47888946533203,28.673614501953125],[-100.32500457763672,28.504722595214844],[-100.3566665649414,28.48082733154297],[-100.28250885009766,28.281387329101562],[-100.07138061523438,28.151107788085938],[-100.0,28.0074462890625]],[[-99.9947509765625,28.0],[-99.93194580078125,27.978607177734375],[-99.85777282714844,27.798065185546875],[-99.71166229248047,27.665000915527344],[-99.59082794189453,27.638893127441406],[-99.50499725341797,27.570274353027344],[-99.47249603271484,27.400543212890625],[-99.5183334350586,27.308334350585938],[-99.43778228759766,27.243606567382812],[-99.45555877685547,27.057769775390625]],[[-74.01118469238281,9.0],[-74.0433349609375,9.0513916015625],[-74.14778137207031,9.039169311523438],[-74.35027313232422,9.2308349609375],[-74.40889739990234,9.219161987304688],[-74.44666290283203,9.271385192871094],[-74.52861785888672,9.235275268554688],[-74.63805389404297,9.381675720214844],[-74.80555725097656,9.444160461425781],[-74.77471923828125,9.627220153808594],[-74.82749938964844,9.684989929199219],[-74.82000732421875,9.78167724609375],[-74.87445068359375,9.838058471679688],[-74.88027954101562,9.931396484375],[-74.80267333984375,10.0]],[[-74.5693130493164,6.0],[-74.60083770751953,6.1461029052734375],[-74.55889129638672,6.2494354248046875],[-74.38167572021484,6.412498474121094],[-74.39916229248047,6.594169616699219],[-74.11000061035156,6.7872314453125],[-74.0,6.9333343505859375]],[[-67.8038330078125,5.0],[-67.8497314453125,5.307777404785156],[-67.79194641113281,5.395286560058594],[-67.6463851928711,5.482505798339844],[-67.6130599975586,5.539161682128906],[-67.65193939208984,5.676383972167969],[-67.6222152709961,5.787506103515625],[-67.4137954711914,6.0]],[[-152.0,69.39351654052734],[-151.58277893066406,69.43500518798828],[-151.47860717773438,69.51416778564453],[-151.5094451904297,69.54528045654297],[-151.47833251953125,69.63500213623047],[-151.5947265625,69.814453125],[-151.53944396972656,69.83639526367188],[-151.5800018310547,69.85667419433594],[-151.5500030517578,69.90777587890625],[-151.63389587402344,69.93333435058594],[-151.63124084472656,70.0]],[[-137.4872283935547,67.0],[-137.50221252441406,67.08055114746094],[-137.63999938964844,67.06694030761719],[-137.51470947265625,67.17222595214844],[-137.6780548095703,67.17332458496094],[-137.66000366210938,67.21110534667969],[-137.82972717285156,67.3233413696289],[-137.76638793945312,67.36638641357422],[-137.79750061035156,67.38750457763672],[-137.75584411621094,67.4447250366211],[-138.0,67.46833038330078]],[[-144.0,66.82557678222656],[-144.08917236328125,66.77833557128906],[-144.1408233642578,66.77888488769531],[-144.147216796875,66.81361389160156],[-144.28749084472656,66.75777435302734],[-144.39027404785156,66.80332946777344],[-144.38888549804688,66.7611083984375],[-144.62722778320312,66.75334167480469],[-144.62973022460938,66.7155532836914],[-144.74305725097656,66.70110321044922],[-144.7322235107422,66.67694854736328],[-144.83055114746094,66.64221954345703],[-145.0,66.64571380615234]],[[-139.0,66.04808044433594],[-138.8138885498047,66.17166137695312],[-138.78611755371094,66.25444030761719],[-138.61917114257812,66.42444610595703],[-138.11917114257812,66.68416595458984],[-138.0,66.69310760498047]],[[-157.0,65.51293182373047],[-157.20277404785156,65.45833587646484],[-157.58250427246094,65.4991683959961],[-157.65611267089844,65.4544448852539],[-157.6925048828125,65.39611053466797],[-157.62472534179688,65.38361358642578],[-157.65167236328125,65.34917449951172],[-157.6202850341797,65.29582977294922],[-157.71360778808594,65.28833770751953],[-157.5900115966797,65.24500274658203],[-157.67417907714844,65.20500183105469],[-157.6416778564453,65.03999328613281],[-157.44776916503906,65.08805847167969],[-157.33999633789062,65.03166198730469],[-157.5734100341797,65.0]],[[-156.27975463867188,66.0],[-156.14527893066406,65.94888305664062],[-156.28916931152344,65.90333557128906],[-156.39109802246094,65.91667175292969],[-156.28277587890625,65.86860656738281],[-156.35693359375,65.85610961914062],[-156.3361053466797,65.83139038085938],[-156.38943481445312,65.77444458007812],[-156.4647216796875,65.78111267089844],[-156.54779052734375,65.71778106689453],[-156.40249633789062,65.6947250366211],[-156.5275115966797,65.6319351196289],[-156.30665588378906,65.61055755615234],[-156.42721557617188,65.58028411865234],[-156.3472137451172,65.57054901123047],[-156.33055114746094,65.51972198486328],[-156.40054321289062,65.49333953857422],[-156.33499145507812,65.45333099365234],[-156.65306091308594,65.45833587646484],[-156.62611389160156,65.5041732788086],[-156.71778869628906,65.4941635131836],[-156.81056213378906,65.5616683959961],[-157.0,65.54021453857422]],[[-140.0,65.49654388427734],[-139.66250610351562,65.5052719116211],[-139.7788848876953,65.63054656982422],[-139.67083740234375,65.74833679199219],[-139.63223266601562,65.94667053222656],[-139.1134490966797,66.0]],[[-149.0,64.56836700439453],[-149.14527893066406,64.59249114990234],[-149.1041717529297,64.63277435302734],[-149.1155548095703,64.78167724609375],[-149.1677703857422,64.80027770996094],[-149.10972595214844,64.86083984375],[-149.20639038085938,64.90861511230469],[-149.50167846679688,64.87028503417969],[-149.6041717529297,64.899169921875],[-149.66612243652344,64.8447265625],[-149.78334045410156,64.8497314453125],[-149.8816680908203,64.78195190429688],[-150.0,64.78492736816406]],[[-143.0,63.432655334472656],[-143.38970947265625,63.37860870361328],[-143.61000061035156,63.41777801513672],[-143.7550048828125,63.39305877685547],[-143.84388732910156,63.46666717529297],[-143.7788848876953,63.526939392089844],[-143.79222106933594,63.565834045410156],[-144.0,63.692169189453125]],[[-155.45706176757812,63.0],[-155.52139282226562,62.956390380859375],[-155.63890075683594,62.96360778808594],[-155.53140258789062,62.91221618652344],[-155.67250061035156,62.869171142578125],[-155.6505584716797,62.83305358886719],[-155.8050079345703,62.774444580078125],[-155.7886199951172,62.744171142578125],[-155.83473205566406,62.71861267089844],[-155.77806091308594,62.70445251464844],[-155.751953125,62.560279846191406],[-156.0,62.473899841308594]],[[-142.0,62.236663818359375],[-141.7691650390625,62.307220458984375],[-141.7483367919922,62.37361145019531],[-141.4261016845703,62.549720764160156],[-141.3683319091797,62.63694763183594],[-141.50027465820312,62.803619384765625],[-141.67445373535156,62.85638427734375],[-141.60194396972656,62.916107177734375],[-141.7861328125,63.0]],[[-105.0,62.44255828857422],[-104.61666107177734,62.428062438964844],[-104.4927749633789,62.47527313232422],[-104.6097183227539,62.568885803222656],[-104.814453125,62.57361602783203],[-104.6852798461914,62.62305450439453],[-104.77999877929688,62.694732666015625],[-104.72832489013672,62.736114501953125],[-104.85945129394531,62.8236083984375],[-104.7125015258789,62.93388366699219],[-104.84889221191406,62.94972229003906],[-104.85459899902344,63.0]],[[-160.0,61.561790466308594],[-160.350830078125,61.531105041503906],[-160.5963897705078,61.418052673339844],[-160.61778259277344,61.301666259765625],[-160.7566680908203,61.29388427734375],[-160.77528381347656,61.21693420410156],[-161.0,61.10472106933594]],[[-158.0,61.85514831542969],[-158.0655517578125,61.83778381347656],[-158.14527893066406,61.87916564941406],[-158.14111328125,61.81889343261719],[-158.2211151123047,61.79444885253906],[-158.22055053710938,61.749176025390625],[-158.34222412109375,61.60944366455078],[-158.77999877929688,61.539161682128906],[-159.0,61.599891662597656]],[[-131.00572204589844,58.0],[-131.11639404296875,57.91694641113281],[-131.348876953125,57.86027526855469],[-131.38388061523438,57.77610778808594],[-131.70083618164062,57.594444274902344],[-131.76583862304688,57.496665954589844],[-131.73916625976562,57.476951599121094],[-131.77362060546875,57.38361358642578],[-131.73916625976562,57.33860778808594],[-131.8433380126953,57.310546875],[-131.68194580078125,57.13139343261719],[-131.75723266601562,57.05999755859375],[-131.73109436035156,57.0]],[[-128.0,57.31636047363281],[-127.82499694824219,57.36637878417969],[-127.6258316040039,57.36444091796875],[-127.54305267333984,57.45221710205078],[-127.6786117553711,57.62083435058594],[-127.58722686767578,57.70195007324219],[-128.0,57.720458984375]],[[-111.4677963256836,57.0],[-111.62250518798828,57.16471862792969],[-111.66999053955078,57.318878173828125],[-111.6308364868164,57.43389129638672],[-111.51416778564453,57.531394958496094],[-111.36499786376953,57.74806213378906],[-111.3697280883789,57.85972595214844],[-111.42528533935547,57.93278503417969],[-111.35289764404297,58.0]],[[-96.0,57.13117980957031],[-95.99082946777344,57.21916198730469],[-95.90472412109375,57.302215576171875],[-95.68221282958984,57.369720458984375],[-95.73249053955078,57.41722869873047],[-95.33916473388672,57.515281677246094],[-95.34806060791016,57.565269470214844],[-95.45389556884766,57.58222198486328],[-95.42444610595703,57.69917297363281],[-95.4800033569336,57.749176025390625],[-95.3758316040039,57.82417297363281],[-95.29027557373047,57.822784423828125],[-95.0,57.95588684082031]],[[-128.0,56.787384033203125],[-127.6338882446289,56.60639953613281],[-127.5088882446289,56.441673278808594],[-127.36083221435547,56.33082580566406],[-127.46027374267578,56.2691650390625],[-127.7713851928711,56.28916931152344],[-127.98554992675781,56.21305847167969],[-127.94778442382812,56.116943359375],[-127.9697265625,56.05833435058594],[-127.9072265625,56.0]],[[-112.6319351196289,56.0],[-112.6319351196289,56.06916809082031],[-112.52527618408203,56.20027160644531],[-112.72388458251953,56.432777404785156],[-112.60111236572266,56.486106872558594],[-112.60277557373047,56.51721954345703],[-112.4333267211914,56.51610565185547],[-112.3872299194336,56.56749725341797],[-112.18110656738281,56.540000915527344],[-112.0,56.584632873535156]],[[-127.9072265625,56.0],[-127.86361694335938,55.90972900390625],[-127.95611572265625,55.765838623046875],[-127.67444610595703,55.720001220703125],[-127.76028442382812,55.63139343261719],[-127.59972381591797,55.43305206298828],[-127.6852798461914,55.34193420410156],[-127.68138885498047,55.223602294921875],[-127.82112121582031,55.09138488769531],[-128.0,55.08575439453125]],[[-112.7149429321289,55.0],[-112.74304962158203,55.04444885253906],[-112.86555480957031,55.083892822265625],[-112.80805969238281,55.231658935546875],[-112.6766586303711,55.305267333984375],[-112.77999877929688,55.51111602783203],[-112.75694274902344,55.55944061279297],[-112.78555297851562,55.60332489013672],[-112.73139190673828,55.68611145019531],[-112.59722137451172,55.7388916015625],[-112.6672134399414,55.9041748046875],[-112.62332916259766,55.94194030761719],[-112.6319351196289,56.0]],[[-69.0,55.26026916503906],[-68.87861633300781,55.2852783203125],[-68.50305938720703,55.50139617919922],[-68.4061050415039,55.531944274902344],[-68.33666229248047,55.51055145263672],[-68.15499877929688,55.60027313232422],[-68.19888305664062,55.70973205566406],[-68.42499542236328,55.82417297363281],[-68.53472137451172,55.940277099609375],[-68.68799591064453,56.0]],[[-128.33128356933594,55.0],[-128.38388061523438,54.956939697265625],[-128.3797149658203,54.88250732421875],[-128.256103515625,54.749725341796875],[-128.41082763671875,54.631935119628906],[-128.42832946777344,54.56945037841797],[-128.57501220703125,54.49138641357422],[-128.66444396972656,54.51305389404297],[-128.8497314453125,54.41527557373047],[-129.0,54.38768768310547]],[[-115.0,54.2606201171875],[-114.94277954101562,54.293609619140625],[-114.95693969726562,54.317779541015625],[-114.61583709716797,54.32666015625],[-114.5280532836914,54.375831604003906],[-114.53166961669922,54.431114196777344],[-114.33417510986328,54.513328552246094],[-114.33306121826172,54.676666259765625],[-114.2713851928711,54.81333923339844],[-114.20083618164062,54.866943359375],[-114.17665100097656,55.0]],[[-122.65741729736328,54.0],[-122.7508316040039,53.86000061035156],[-122.70526885986328,53.76499938964844],[-122.7219467163086,53.68055725097656],[-122.67610931396484,53.64111328125],[-122.71805572509766,53.55194854736328],[-122.63916778564453,53.396385192871094],[-122.80694580078125,53.373321533203125],[-122.8800048828125,53.30860900878906],[-122.69527435302734,53.133056640625],[-122.54528045654297,53.089996337890625],[-122.56945037841797,53.0625],[-122.51346588134766,53.0]],[[-120.0,53.19078063964844],[-120.42583465576172,53.455284118652344],[-120.53499603271484,53.481117248535156],[-120.5794448852539,53.543617248535156],[-120.63944244384766,53.530006408691406],[-120.69860076904297,53.60582733154297],[-120.89805603027344,53.676116943359375],[-120.9102783203125,53.72833251953125],[-121.0,53.74278259277344]],[[-118.0,53.143402099609375],[-117.9888916015625,53.1905517578125],[-117.88917541503906,53.21861267089844],[-117.83694458007812,53.32611083984375],[-117.4861068725586,53.450279235839844],[-117.17887878417969,53.640838623046875],[-117.16305541992188,53.763885498046875],[-117.19583129882812,53.80778503417969],[-117.06694030761719,53.939727783203125],[-117.0,53.93833923339844]],[[-106.7067642211914,52.0],[-106.7280502319336,52.05583190917969],[-106.58832550048828,52.200836181640625],[-106.4699935913086,52.274169921875],[-106.28556060791016,52.486106872558594],[-106.14555358886719,52.56861114501953],[-106.10221862792969,52.703338623046875],[-106.13194274902344,52.76527404785156],[-106.0,52.9107666015625]],[[-84.0,51.29310607910156],[-83.29195404052734,51.54332733154297],[-83.1441650390625,51.75138854980469],[-83.0,51.83451843261719]],[[-121.91079711914062,51.0],[-121.86444091796875,50.950836181640625],[-121.88027954101562,50.8236083984375],[-121.83778381347656,50.768341064453125],[-121.93055725097656,50.75611877441406],[-121.91778564453125,50.67445373535156],[-121.7044448852539,50.456947326660156],[-121.58333587646484,50.24028015136719],[-121.5171890258789,50.0]],[[-113.0,50.75718688964844],[-112.88333129882812,50.79444885253906],[-112.71778106689453,50.757232666015625],[-112.65360260009766,50.79389953613281],[-112.5199966430664,50.749176025390625],[-112.5572280883789,50.722503662109375],[-112.47167205810547,50.632232666015625],[-112.37084197998047,50.61444854736328],[-112.39055633544922,50.56945037841797],[-112.3338851928711,50.460838317871094],[-112.29305267333984,50.42333221435547],[-112.17805480957031,50.42499542236328],[-112.16305541992188,50.29388427734375],[-112.09805297851562,50.27082824707031],[-112.06721496582031,50.19721984863281],[-112.0,50.20709228515625]],[[-111.0,50.027923583984375],[-110.83555603027344,50.0755615234375],[-110.7397232055664,50.02972412109375],[-110.6413803100586,50.03472900390625],[-110.64167022705078,50.086395263671875],[-110.69249725341797,50.10749816894531],[-110.57721710205078,50.136383056640625],[-110.57305145263672,50.20527648925781],[-110.64722442626953,50.24249267578125],[-110.60694122314453,50.2772216796875],[-110.6352767944336,50.2994384765625],[-110.5758285522461,50.45111846923828],[-110.39417266845703,50.419166564941406],[-110.39360809326172,50.572227478027344],[-110.18777465820312,50.63250732421875],[-110.11749267578125,50.725555419921875],[-110.04888916015625,50.73249816894531],[-110.07499694824219,50.795562744140625],[-110.0,50.83839416503906]],[[-95.0,50.120635986328125],[-95.02999877929688,50.20277404785156],[-95.22471618652344,50.26750183105469],[-95.16915893554688,50.3125],[-95.21083068847656,50.35777282714844],[-95.36194610595703,50.37305450439453],[-95.54305267333984,50.32832336425781],[-95.5455551147461,50.26222229003906],[-95.6399917602539,50.177490234375],[-95.72443389892578,50.19194030761719],[-96.0,50.12632751464844]],[[-121.5171890258789,50.0],[-121.44861602783203,49.906951904296875],[-121.4513931274414,49.7872314453125],[-121.39110565185547,49.620277404785156],[-121.4366683959961,49.547218322753906],[-121.42833709716797,49.39417266845703],[-121.59110260009766,49.34916687011719],[-121.70804595947266,49.21388244628906],[-122.0,49.18742370605469]],[[-97.2183837890625,49.0],[-97.18360900878906,49.048614501953125],[-97.28888702392578,49.18611145019531],[-97.34639739990234,49.351104736328125],[-97.10943603515625,49.61083221435547],[-97.11082458496094,49.913055419921875],[-97.02371215820312,50.0]],[[-106.0,46.35418701171875],[-105.90638732910156,46.3619384765625],[-105.58055877685547,46.575828552246094],[-105.37528228759766,46.80751037597656],[-105.0,46.8680419921875]],[[-67.70555877685547,47.0],[-67.68277740478516,46.953338623046875],[-67.7136001586914,46.91944885253906],[-67.73500061035156,46.5966796875],[-67.58943939208984,46.504173278808594],[-67.62776947021484,46.43639373779297],[-67.51610565185547,46.28944396972656],[-67.57610321044922,46.1583251953125],[-67.55944061279297,46.05194091796875],[-67.44222259521484,46.0]],[[-110.48455047607422,45.0],[-110.69165802001953,45.040283203125],[-110.78694152832031,45.15306091308594],[-110.8861083984375,45.20361328125],[-110.60193634033203,45.45555877685547],[-110.53583526611328,45.64195251464844],[-110.46721649169922,45.71556091308594],[-110.3872299194336,45.73750305175781],[-110.24388122558594,45.70527648925781],[-110.19277954101562,45.76139831542969],[-110.0,45.82518005371094]],[[-67.0,45.90666198730469],[-66.92666625976562,45.88444519042969],[-66.83222961425781,45.977783203125],[-66.67278289794922,45.97749328613281],[-66.4816665649414,45.86305236816406],[-66.36583709716797,45.88417053222656],[-66.1602783203125,45.82417297363281],[-66.0322265625,45.564170837402344],[-66.22833251953125,45.38445281982422],[-66.19332885742188,45.33583068847656]],[[-123.0,44.03758239746094],[-123.09805297851562,44.08888244628906],[-123.15055847167969,44.272216796875],[-123.20999145507812,44.33721923828125],[-123.18722534179688,44.476661682128906],[-123.2288818359375,44.56806182861328],[-123.15861511230469,44.63751220703125],[-123.05000305175781,44.66889953613281],[-123.12750244140625,44.71722412109375],[-123.08193969726562,44.765838623046875],[-123.1199951171875,44.785552978515625],[-123.07167053222656,44.822509765625],[-123.16055297851562,44.85389709472656],[-123.00917053222656,44.97222900390625],[-123.04951477050781,45.0]],[[-123.0,41.82574462890625],[-123.03111267089844,41.793609619140625],[-123.26361846923828,41.867218017578125],[-123.3036117553711,41.78861999511719],[-123.37610626220703,41.773895263671875],[-123.51221466064453,41.57666778564453],[-123.48111724853516,41.35639190673828],[-123.66777801513672,41.188323974609375],[-123.83833312988281,41.28999328613281],[-123.93695068359375,41.48833465576172],[-124.0,41.525550842285156]],[[-106.33504486083984,41.0],[-106.44527435302734,41.171112060546875],[-106.57610321044922,41.27972412109375],[-106.68111419677734,41.30665588378906],[-106.71971893310547,41.426109313964844],[-106.93943786621094,41.58916473388672],[-106.88417053222656,41.711669921875],[-106.92916870117188,41.80500793457031],[-107.0,41.841064453125]],[[-97.0,41.41942596435547],[-96.88945007324219,41.459449768066406],[-96.53221893310547,41.42638397216797],[-96.3519515991211,41.28721618652344],[-96.29305267333984,41.046661376953125],[-96.20805358886719,41.00917053222656],[-96.0,41.06224060058594]],[[-87.58805084228516,39.0],[-87.53221893310547,38.94416809082031],[-87.55777740478516,38.86805725097656],[-87.5169448852539,38.78971862792969],[-87.53028106689453,38.7005615234375],[-87.61333465576172,38.65333557128906],[-87.6675033569336,38.554725646972656],[-87.64583587646484,38.49500274658203],[-87.7558364868164,38.45806121826172],[-87.85194396972656,38.28721618652344],[-87.94833374023438,38.294158935546875],[-87.9949951171875,38.21916198730469],[-87.93305969238281,38.149444580078125],[-88.0,38.109832763671875]],[[-87.0,36.21275329589844],[-87.22528076171875,36.32527160644531],[-87.30472564697266,36.47943878173828],[-87.38167572021484,36.52721405029297],[-87.4625015258789,36.44861602783203],[-87.65360260009766,36.39110565185547],[-87.74694061279297,36.48027801513672],[-87.83305358886719,36.483604431152344],[-87.89971923828125,36.5966796875]],[[-86.0,36.26615905761719],[-86.03305053710938,36.29832458496094],[-86.07972717285156,36.26611328125],[-86.07861328125,36.33332824707031],[-86.18861389160156,36.32749938964844],[-86.21749877929688,36.36333465576172],[-86.24889373779297,36.30082702636719],[-86.37305450439453,36.351654052734375],[-86.39888763427734,36.30860900878906],[-86.56305694580078,36.305267333984375],[-86.59333038330078,36.248046875],[-86.6686019897461,36.28082275390625],[-86.63805389404297,36.20111083984375],[-86.69249725341797,36.22833251953125],[-86.7119369506836,36.16249084472656],[-86.80917358398438,36.20027160644531],[-86.89750671386719,36.18804931640625],[-86.91944885253906,36.1361083984375],[-87.0,36.21275329589844]],[[-85.0,36.924957275390625],[-85.03694152832031,36.93583679199219],[-85.02888488769531,36.902496337890625],[-85.102783203125,36.86833190917969],[-85.33861541748047,36.8416748046875],[-85.36083221435547,36.77778625488281],[-85.43444061279297,36.73500061035156],[-85.51360321044922,36.75862121582031],[-85.49333953857422,36.70167541503906],[-85.5744400024414,36.70195007324219],[-85.4991683959961,36.65000915527344],[-85.51555633544922,36.551658630371094],[-85.5999984741211,36.488059997558594],[-85.59777069091797,36.44110870361328],[-85.68498992919922,36.393890380859375],[-85.6897201538086,36.351104736328125],[-85.8013916015625,36.31138610839844],[-85.80389404296875,36.26499938964844],[-85.86361694335938,36.293609619140625],[-85.88972473144531,36.255279541015625],[-85.929443359375,36.30194091796875],[-85.9344482421875,36.24833679199219],[-86.0,36.26615905761719]],[[-80.4070816040039,36.0],[-80.35916900634766,35.8941650390625],[-80.39806365966797,35.88250732421875],[-80.3888931274414,35.836669921875],[-80.4705581665039,35.831390380859375],[-80.45333099365234,35.74305725097656],[-80.32361602783203,35.71861267089844],[-80.05221557617188,35.376670837402344],[-80.08944702148438,35.25221252441406],[-80.0574951171875,35.111663818359375],[-80.0,35.084259033203125]],[[-100.0,34.580345153808594],[-99.87722778320312,34.56000518798828],[-99.63611602783203,34.37944030761719],[-99.5455551147461,34.41277313232422],[-99.40972137451172,34.375831604003906],[-99.35555267333984,34.46277618408203],[-99.19972229003906,34.33860778808594],[-99.17666625976562,34.214996337890625],[-99.0,34.206298828125]],[[-85.0,34.22749328613281],[-85.18777465820312,34.258331298828125],[-85.26056671142578,34.21388244628906],[-85.37361907958984,34.26277160644531],[-85.43778228759766,34.23500061035156],[-85.38416290283203,34.2066650390625],[-85.40416717529297,34.19000244140625],[-85.4427719116211,34.21693420410156],[-85.70833587646484,34.20332336425781],[-85.75276947021484,34.17304992675781],[-85.68444061279297,34.14250183105469],[-85.75723266601562,34.1300048828125],[-85.73665618896484,34.0958251953125],[-85.81832885742188,34.12721252441406],[-85.8558349609375,34.11250305175781],[-85.83277893066406,34.044158935546875],[-85.90943908691406,34.07167053222656],[-85.88406372070312,34.0]],[[-84.18305969238281,34.58415985107422],[-84.08082580566406,34.56194305419922],[-84.03805541992188,34.48139190673828],[-84.022216796875,34.41138458251953],[-84.10417175292969,34.359161376953125],[-84.209716796875,34.365264892578125],[-84.24834442138672,34.30860900878906],[-84.32195281982422,34.328887939453125],[-84.5572280883789,34.2369384765625],[-84.6208267211914,34.14610290527344],[-84.7236099243164,34.18055725097656],[-84.81639099121094,34.1300048828125],[-84.85194396972656,34.16278076171875],[-84.91749572753906,34.14666748046875],[-85.0,34.22749328613281]],[[-79.88848876953125,35.0],[-79.85945129394531,34.8880615234375],[-79.93194580078125,34.78277587890625],[-79.77305603027344,34.608604431152344],[-79.80361938476562,34.596107482910156],[-79.80860900878906,34.496665954589844],[-79.72333526611328,34.492774963378906],[-79.74027252197266,34.428611755371094],[-79.67804718017578,34.399452209472656],[-79.6494369506836,34.30110168457031],[-79.57527923583984,34.272491455078125],[-79.51067352294922,34.0]],[[-97.99945068359375,34.0],[-97.94610595703125,33.983612060546875],[-97.95555114746094,33.882781982421875],[-97.87306213378906,33.85888671875],[-97.6494369506836,33.98750305175781],[-97.59110260009766,33.96638488769531],[-97.57555389404297,33.897216796875],[-97.4705581665039,33.89582824707031],[-97.42806243896484,33.81971740722656],[-97.20111083984375,33.90110778808594],[-97.17500305175781,33.86444091796875],[-97.20166015625,33.79278564453125],[-97.13027954101562,33.7227783203125],[-97.05250549316406,33.81611633300781],[-97.07666015625,33.85444641113281],[-97.0,33.86854553222656]],[[-93.83218383789062,33.0],[-93.79306030273438,32.85389709472656],[-93.82695007324219,32.72222900390625],[-93.788330078125,32.71250915527344],[-93.76028442382812,32.558326721191406],[-93.67388153076172,32.40361785888672],[-93.47083282470703,32.23777770996094],[-93.44916534423828,32.15638732910156],[-93.47611236572266,32.12721252441406],[-93.3608627319336,32.0]],[[-86.43917083740234,32.804168701171875],[-86.20777893066406,32.556663513183594],[-86.30500030517578,32.482215881347656],[-86.30805206298828,32.41638946533203],[-86.34166717529297,32.426673889160156],[-86.31501007080078,32.3861083984375],[-86.38611602783203,32.427772521972656],[-86.52416229248047,32.345001220703125],[-86.63138580322266,32.406944274902344],[-86.69249725341797,32.36028289794922],[-86.73804473876953,32.39806365966797],[-86.7872314453125,32.38805389404297],[-86.81028747558594,32.3155517578125],[-86.83389282226562,32.42945098876953],[-86.92166137695312,32.362220764160156],[-87.0,32.393333435058594]],[[-93.0,31.7406005859375],[-92.89639282226562,31.626380920410156],[-92.72943878173828,31.530555725097656],[-92.68000030517578,31.409713745117188],[-92.46277618408203,31.342498779296875],[-92.2388916015625,31.131942749023438],[-92.20639038085938,31.126113891601562],[-92.125,31.225555419921875],[-92.0,31.232574462890625]],[[-87.47113800048828,32.0],[-87.37805938720703,31.919723510742188],[-87.5088882446289,31.908340454101562],[-87.51471710205078,31.840560913085938],[-87.4191665649414,31.7933349609375],[-87.56110382080078,31.67804718017578],[-87.5169448852539,31.54888153076172],[-87.60944366455078,31.51860809326172],[-87.56583404541016,31.467506408691406],[-87.58971405029297,31.41889190673828],[-87.69527435302734,31.408050537109375],[-87.72472381591797,31.34222412109375],[-87.76166534423828,31.360824584960938],[-87.76972961425781,31.296661376953125],[-87.81111145019531,31.318603515625],[-87.79167175292969,31.279159545898438],[-87.86083984375,31.240554809570312],[-87.87222290039062,31.159439086914062],[-87.93943786621094,31.153060913085938],[-87.96324157714844,31.0]],[[-105.23611450195312,28.0],[-105.3102798461914,28.153335571289062],[-105.2894515991211,28.268890380859375],[-105.41638946533203,28.364715576171875],[-105.43138885498047,28.468887329101562],[-105.39749908447266,28.530006408691406],[-105.4236068725586,28.548606872558594],[-105.3888931274414,28.60277557373047],[-105.46277618408203,28.636940002441406],[-105.48888397216797,28.791397094726562],[-105.44416046142578,28.8427734375],[-105.31139373779297,28.875839233398438],[-105.32833099365234,28.921112060546875],[-105.27315521240234,29.0]],[[-100.0,21.952972412109375],[-99.87583923339844,21.86138916015625],[-99.80751037597656,21.69721221923828],[-99.74444580078125,21.708885192871094],[-99.6480484008789,21.64415740966797],[-99.53278350830078,21.725006103515625],[-99.25777435302734,21.687225341796875],[-99.19749450683594,21.64556121826172],[-99.13999938964844,21.811676025390625],[-99.0,21.816665649414062]],[[-98.0,18.677108764648438],[-98.19444274902344,18.584999084472656],[-98.2713851928711,18.401931762695312],[-98.4013900756836,18.323043823242188],[-98.48360443115234,18.166107177734375],[-98.63416290283203,18.108047485351562],[-98.63611602783203,18.075271606445312],[-98.75723266601562,18.120269775390625],[-98.83000183105469,18.0352783203125],[-98.93696594238281,18.0]],[[-91.43694305419922,17.257492065429688],[-91.38805389404297,17.32666015625],[-91.42638397216797,17.386932373046875],[-91.4961166381836,17.404159545898438],[-91.50611114501953,17.48444366455078],[-91.43054962158203,17.48833465576172],[-91.51111602783203,17.583335876464844],[-91.35778045654297,17.591392517089844],[-91.40277862548828,17.642494201660156],[-91.37610626220703,17.702499389648438],[-91.45250701904297,17.700836181640625],[-91.42389678955078,17.764175415039062],[-91.51360321044922,17.802505493164062],[-91.55443572998047,17.747787475585938],[-91.56610870361328,17.8094482421875],[-91.61028289794922,17.827774047851562],[-91.6574935913086,17.77166748046875],[-91.62027740478516,17.73834228515625],[-91.70333099365234,17.72222900390625],[-91.77194213867188,17.765838623046875],[-91.82333374023438,17.889175415039062],[-91.945556640625,17.854721069335938],[-92.0,17.91864013671875]],[[-90.44666290283203,16.075836181640625],[-90.42749786376953,16.167495727539062],[-90.4594497680664,16.252777099609375],[-90.39110565185547,16.3408203125],[-90.42028045654297,16.359710693359375],[-90.3788833618164,16.365264892578125],[-90.39583587646484,16.415542602539062],[-90.48082733154297,16.426101684570312],[-90.54639434814453,16.48499298095703],[-90.63416290283203,16.48389434814453],[-90.63249969482422,16.583885192871094],[-90.66527557373047,16.58306121826172],[-90.6580581665039,16.64415740966797],[-90.71582794189453,16.726669311523438],[-90.80332946777344,16.805007934570312],[-90.92111206054688,16.829727172851562],[-90.95527648925781,16.899169921875],[-91.0,16.880096435546875]],[[-91.0,15.288063049316406],[-90.59972381591797,15.203887939453125],[-90.53527069091797,15.210556030273438],[-90.4786148071289,15.299446105957031],[-90.4911117553711,15.335563659667969],[-90.70694732666016,15.392494201660156],[-90.6061019897461,15.545555114746094],[-90.65583038330078,15.653327941894531],[-90.78971862792969,15.681388854980469],[-90.78028869628906,15.73834228515625],[-90.81639099121094,15.750564575195312],[-90.72943878173828,15.863616943359375],[-90.75944519042969,15.966384887695312],[-90.70047760009766,16.0]],[[-89.37500762939453,14.640830993652344],[-89.19166564941406,14.466667175292969],[-89.26361846923828,14.258888244628906],[-89.42166900634766,14.213333129882812],[-89.42777252197266,14.048049926757812],[-89.1663818359375,14.04583740234375],[-89.12083435058594,14.07861328125],[-89.01943969726562,14.0]],[[-85.0,14.721305847167969],[-84.82945251464844,14.830841064453125],[-84.7013931274414,14.675559997558594],[-84.53360748291016,14.658332824707031],[-84.48278045654297,14.617774963378906],[-84.36583709716797,14.708335876464844],[-84.26971435546875,14.667213439941406],[-84.24055480957031,14.7630615234375],[-84.18583679199219,14.713333129882812],[-84.100830078125,14.730010986328125],[-84.10749816894531,14.791397094726562],[-84.0,14.757431030273438]],[[-86.0,12.648811340332031],[-85.85389709472656,12.633888244628906],[-85.79556274414062,12.737503051757812],[-85.58805084228516,12.838333129882812],[-85.18888854980469,12.624168395996094],[-85.11221313476562,12.7822265625],[-85.0211181640625,12.75],[-85.0,12.7962646484375]],[[-75.81410217285156,7.0],[-75.63721466064453,7.1813812255859375],[-75.42916107177734,7.258064270019531],[-75.3247299194336,7.374443054199219],[-75.31000518798828,7.434730529785156],[-75.36527252197266,7.576942443847656],[-75.2066650390625,7.7977752685546875],[-75.1763916015625,7.890838623046875],[-75.19906616210938,8.0]],[[-71.0,7.344444274902344],[-70.89305114746094,7.285835266113281],[-70.63666534423828,7.285552978515625],[-70.34972381591797,7.461662292480469],[-70.2863998413086,7.599723815917969],[-70.18167114257812,7.593894958496094],[-70.0,7.7542266845703125]],[[-60.0,6.8023223876953125],[-59.885284423828125,6.8577728271484375],[-59.70361328125,6.804718017578125],[-59.6441650390625,6.8411102294921875],[-59.58971405029297,6.798614501953125],[-59.57917022705078,6.676948547363281],[-59.486106872558594,6.683326721191406],[-59.43389129638672,6.631111145019531],[-59.34332275390625,6.698890686035156],[-59.28221130371094,6.81195068359375],[-59.0,6.685539245605469]],[[-71.0,5.009521484375],[-70.94444274902344,5.1352691650390625],[-70.69361114501953,5.311668395996094],[-70.67249298095703,5.390830993652344],[-70.43473052978516,5.531669616699219],[-70.16139221191406,5.595283508300781],[-70.0,5.7624969482421875]],[[-62.514122009277344,5.0],[-62.51111602783203,5.1044464111328125],[-62.458885192871094,5.190826416015625],[-62.569725036621094,5.313896179199219],[-62.758331298828125,5.340278625488281],[-62.850830078125,5.387504577636719],[-62.90055847167969,5.467216491699219],[-62.91944885253906,5.79638671875],[-62.85740661621094,6.0]],[[-157.20388793945312,70.0],[-157.2513885498047,70.022216796875],[-157.1205596923828,70.07972717285156],[-157.14694213867188,70.10110473632812],[-157.03750610351562,70.11917114257812],[-157.0669403076172,70.19694519042969],[-157.16360473632812,70.23250579833984],[-157.1566619873047,70.26860809326172],[-157.08583068847656,70.25861358642578],[-157.18666076660156,70.29473114013672],[-157.0816650390625,70.31694793701172],[-157.31082153320312,70.3711166381836],[-157.2066650390625,70.41028594970703],[-157.3297119140625,70.41167449951172],[-157.3463897705078,70.45166778564453],[-157.27777099609375,70.4766616821289],[-157.37832641601562,70.47583770751953],[-157.42498779296875,70.5391616821289],[-157.55166625976562,70.5683364868164],[-157.45693969726562,70.62471771240234],[-157.3522186279297,70.6147232055664],[-157.3008270263672,70.66999053955078],[-157.0,70.68939971923828]],[[-158.0,69.56636810302734],[-157.91778564453125,69.53333282470703],[-157.5627899169922,69.54972076416016],[-157.4391632080078,69.60083770751953],[-157.43331909179688,69.65694427490234],[-157.21499633789062,69.75750732421875],[-157.16305541992188,69.87611389160156],[-157.23472595214844,69.93055725097656],[-157.20388793945312,70.0]],[[-148.8070831298828,69.0],[-148.82638549804688,69.03054809570312],[-148.75778198242188,69.08193969726562],[-148.85610961914062,69.1219482421875],[-148.77362060546875,69.2911148071289],[-148.7069549560547,69.32917022705078],[-148.73611450195312,69.35306549072266],[-148.6938934326172,69.39360809326172],[-148.55056762695312,69.4527816772461],[-148.7486114501953,69.74193572998047],[-148.77471923828125,69.87472534179688],[-148.67715454101562,70.0]],[[-128.41307067871094,69.0],[-128.35415649414062,69.08583068847656],[-128.44471740722656,69.12832641601562],[-128.26611328125,69.14639282226562],[-128.41722106933594,69.24472045898438],[-128.2308349609375,69.25749969482422],[-128.44082641601562,69.2972183227539],[-128.26443481445312,69.33333587646484],[-128.2624969482422,69.38500213623047],[-128.13722229003906,69.41277313232422],[-128.36387634277344,69.40833282470703],[-128.33888244628906,69.4608383178711],[-128.40859985351562,69.5250015258789],[-128.72555541992188,69.6544418334961],[-128.92027282714844,69.68389129638672]],[[-128.0,68.39278411865234],[-128.34249877929688,68.36556243896484],[-128.45359802246094,68.3949966430664],[-128.45860290527344,68.3375015258789],[-128.5005645751953,68.32527923583984],[-128.73695373535156,68.35916900634766],[-128.82888793945312,68.4236068725586],[-128.81777954101562,68.46944427490234],[-128.6697235107422,68.47444915771484],[-128.67333984375,68.5250015258789],[-128.41693115234375,68.60639190673828],[-128.473876953125,68.67777252197266],[-128.3411102294922,68.78944396972656],[-128.45748901367188,68.83889770507812],[-128.37388610839844,68.90861511230469],[-128.42694091796875,68.94805908203125],[-128.41307067871094,69.0]],[[-162.0,67.95698547363281],[-162.4944305419922,67.91416931152344],[-162.67333984375,67.85499572753906],[-162.71556091308594,67.77888488769531],[-162.9502716064453,67.5999984741211],[-162.92083740234375,67.51749420166016],[-163.0,67.46514129638672]],[[-158.0,67.06916809082031],[-158.17083740234375,67.07611083984375],[-158.20750427246094,67.11972045898438],[-158.3463897705078,67.09721374511719],[-158.40499877929688,67.13082885742188],[-158.33999633789062,67.13194274902344],[-158.38665771484375,67.16221618652344],[-158.61111450195312,67.20555114746094],[-159.0,67.15193176269531]],[[-124.58898162841797,67.0],[-124.62833404541016,67.07611083984375],[-124.39667510986328,67.1844482421875],[-124.32083892822266,67.26667022705078],[-124.13555908203125,67.29500579833984],[-124.2336196899414,67.33722686767578],[-124.21110534667969,67.37166595458984],[-124.27056121826172,67.40917205810547],[-124.23805236816406,67.50194549560547],[-124.29084014892578,67.5683364868164],[-124.22305297851562,67.64888763427734],[-124.36583709716797,67.65221405029297],[-124.7058334350586,67.81916809082031],[-124.80917358398438,67.94471740722656],[-124.77861022949219,67.97193908691406],[-124.87745666503906,68.0]],[[-116.0,67.22674560546875],[-115.66388702392578,67.21499633789062],[-115.5602798461914,67.25054931640625],[-115.72472381591797,67.34000396728516],[-115.72333526611328,67.41777801513672],[-115.58722686767578,67.52027130126953],[-115.59777069091797,67.5744400024414],[-115.5250015258789,67.59416961669922],[-115.49443817138672,67.69026947021484],[-115.10833740234375,67.80166625976562]],[[-134.0574951171875,65.0],[-134.29026794433594,65.07611083984375],[-134.302490234375,65.2066650390625],[-134.47637939453125,65.30973052978516],[-134.88417053222656,65.46166229248047],[-134.89833068847656,65.6116714477539],[-134.94223022460938,65.67916107177734],[-134.82278442382812,65.78861999511719],[-134.93333435058594,65.87417602539062],[-134.93666076660156,65.94471740722656]],[[-131.3602752685547,65.0],[-131.2030487060547,65.13749694824219],[-131.2383270263672,65.26778411865234],[-131.08360290527344,65.5038833618164],[-131.006103515625,65.53583526611328],[-131.07638549804688,65.59722137451172],[-131.0574951171875,65.65555572509766],[-131.16387939453125,65.69750213623047],[-131.0941619873047,65.7397232055664],[-131.1013946533203,65.87110900878906],[-131.3249969482422,65.88139343261719],[-131.74453735351562,66.0]],[[-103.0,65.5930404663086],[-102.20639038085938,65.60639190673828],[-102.0675048828125,65.68888092041016],[-102.1572265625,65.80000305175781],[-102.0,65.85980224609375]],[[-154.0,64.4108657836914],[-154.23193359375,64.49860382080078],[-154.2675018310547,64.52361297607422],[-154.24749755859375,64.54944610595703],[-154.35916137695312,64.5602798461914],[-154.3472137451172,64.58638763427734],[-154.40249633789062,64.60332489013672],[-154.4530487060547,64.57999420166016],[-154.4691619873047,64.61194610595703],[-154.4324951171875,64.64305877685547],[-154.58917236328125,64.64388275146484],[-154.19166564941406,64.83111572265625],[-154.31777954101562,64.86528015136719],[-154.27249145507812,64.89582824707031],[-154.29165649414062,64.92694091796875]],[[-133.0,64.43900299072266],[-133.36666870117188,64.51221466064453],[-133.6669464111328,64.75833129882812],[-133.68417358398438,64.84388732910156],[-133.7563934326172,64.92138671875],[-134.0,64.98200988769531]],[[-158.0,63.609352111816406],[-158.0749969482422,63.63860321044922],[-158.2294464111328,63.54749298095703],[-158.11888122558594,63.43805694580078],[-158.2927703857422,63.43138885498047],[-158.16526794433594,63.36637878417969],[-158.77639770507812,63.258331298828125],[-158.7566680908203,63.20166015625],[-158.85305786132812,63.2227783203125],[-158.91055297851562,63.18888854980469],[-158.87417602539062,63.15943908691406],[-158.9602813720703,63.15138244628906],[-158.91416931152344,63.073883056640625],[-158.78334045410156,63.02333068847656],[-158.79513549804688,63.0]],[[-157.0,63.626930236816406],[-157.02972412109375,63.598609924316406],[-157.2030487060547,63.611114501953125],[-157.19833374023438,63.585838317871094],[-157.3736114501953,63.599998474121094],[-157.39027404785156,63.64778137207031],[-157.4883270263672,63.63055419921875],[-157.46221923828125,63.6683349609375],[-157.6344451904297,63.68583679199219],[-157.75750732421875,63.66361999511719],[-157.71278381347656,63.623329162597656],[-157.82472229003906,63.583885192871094],[-158.0,63.609352111816406]],[[-156.5142822265625,63.0],[-156.44415283203125,63.10777282714844],[-156.70028686523438,63.16416931152344],[-156.72666931152344,63.22111511230469],[-156.69056701660156,63.24415588378906],[-156.70306396484375,63.29832458496094],[-156.58445739746094,63.398887634277344],[-156.59556579589844,63.441673278808594],[-156.34832763671875,63.60722351074219],[-156.3908233642578,63.73167419433594],[-156.6683349609375,63.818328857421875],[-156.84194946289062,63.76861572265625],[-156.91778564453125,63.70750427246094],[-156.87222290039062,63.67250061035156],[-157.0,63.626930236816406]],[[-159.2741241455078,63.0],[-159.51611328125,62.90861511230469],[-159.37054443359375,62.91917419433594],[-159.3191680908203,62.87638854980469],[-159.38888549804688,62.85194396972656],[-159.37527465820312,62.823333740234375],[-159.57028198242188,62.80778503417969],[-159.47665405273438,62.76972961425781],[-159.5691680908203,62.70445251464844],[-159.5580596923828,62.59777069091797],[-159.64694213867188,62.584449768066406],[-159.56668090820312,62.53527069091797],[-159.62001037597656,62.466941833496094],[-159.55027770996094,62.450279235839844],[-159.5308380126953,62.34471130371094],[-159.58277893066406,62.296661376953125],[-159.56639099121094,62.21638488769531],[-159.6441650390625,62.218048095703125],[-159.66778564453125,62.16139221191406],[-159.73583984375,62.14166259765625]],[[-153.33029174804688,62.0],[-153.30999755859375,62.07527160644531],[-153.4116668701172,62.17388916015625],[-153.3844451904297,62.28694152832031],[-153.4677734375,62.370269775390625],[-153.4913787841797,62.461952209472656],[-153.61306762695312,62.60027313232422],[-153.97833251953125,62.79472351074219],[-154.0,62.84521484375]],[[-140.5563201904297,62.0],[-140.33055114746094,62.190826416015625],[-140.41722106933594,62.25111389160156],[-140.34165954589844,62.391395568847656],[-140.0994415283203,62.46027374267578],[-140.00250244140625,62.614158630371094],[-140.06222534179688,62.78916931152344],[-140.2449951171875,62.90167236328125],[-140.24295043945312,63.0]],[[-99.0,62.24885559082031],[-98.81527709960938,62.28749084472656],[-98.63860321044922,62.225830078125],[-98.19805908203125,62.241943359375],[-98.15165710449219,62.304168701171875],[-98.24749755859375,62.383880615234375],[-98.22389221191406,62.46778106689453],[-98.34944915771484,62.560279846191406],[-98.33916473388672,62.618324279785156]],[[-164.0,61.8826904296875],[-164.0480499267578,61.90611267089844],[-164.23416137695312,61.77500915527344],[-164.3683319091797,61.79888916015625],[-164.60055541992188,61.71888732910156],[-164.6525115966797,61.746673583984375],[-164.56028747558594,61.768341064453125],[-164.7933349609375,61.75555419921875],[-164.90638732910156,61.68000793457031],[-164.76361083984375,61.628883361816406]],[[-145.0,61.80125427246094],[-144.4677734375,61.62583923339844],[-144.40415954589844,61.544166564941406],[-144.4905548095703,61.40528106689453],[-144.7586212158203,61.33915710449219],[-144.8413848876953,61.28082275390625],[-144.84750366210938,61.21611022949219],[-144.90916442871094,61.16166687011719],[-144.83944702148438,61.10777282714844],[-144.8023223876953,61.0]],[[-131.0,61.978302001953125],[-131.11138916015625,61.92138671875],[-131.0449981689453,61.850555419921875],[-131.05722045898438,61.81666564941406],[-131.21832275390625,61.74639892578125],[-131.4097137451172,61.719451904296875],[-132.0,61.82283020019531]],[[-137.0449676513672,61.0],[-137.0399932861328,60.88250732421875],[-137.0927734375,60.833892822265625],[-137.2213897705078,60.83528137207031],[-137.46554565429688,60.75306701660156],[-137.7372283935547,60.75250244140625],[-137.82861328125,60.572227478027344],[-137.77806091308594,60.51917266845703],[-137.7969512939453,60.43555450439453],[-137.95111083984375,60.33332824707031],[-137.95138549804688,60.241943359375],[-138.0,60.20582580566406]],[[-157.0,59.67138671875],[-157.11749267578125,59.64055633544922],[-157.06304931640625,59.583885192871094],[-157.0933380126953,59.54027557373047],[-157.6397247314453,59.27027893066406],[-157.6508331298828,59.21333312988281],[-157.7725067138672,59.09138488769531],[-157.74127197265625,59.0]],[[-129.0,56.85856628417969],[-128.78167724609375,56.86500549316406],[-128.6225128173828,56.784454345703125],[-128.59249877929688,56.67388916015625],[-128.3008270263672,56.544166564941406],[-128.45082092285156,56.356658935546875],[-128.6336212158203,56.390281677246094],[-128.7244415283203,56.21916198730469],[-129.0,56.16558837890625]],[[-88.99000549316406,55.0],[-88.97222900390625,55.07916259765625],[-88.81611633300781,55.15583801269531],[-88.45555877685547,55.16139221191406],[-88.4366683959961,55.30833435058594],[-88.02027893066406,55.525001525878906],[-88.0927734375,55.71417236328125],[-88.0,55.78364562988281]],[[-75.0,53.67015075683594],[-75.26721954345703,53.68000793457031],[-75.04083251953125,53.77861022949219],[-75.10166931152344,53.84638977050781],[-75.79249572753906,53.75],[-75.90695190429688,53.702789306640625],[-76.0,53.74845886230469]],[[-72.0333251953125,53.59722137451172],[-72.10499572753906,53.596107482910156],[-72.12554931640625,53.623329162597656],[-72.06388854980469,53.648345947265625],[-72.13972473144531,53.65834045410156],[-72.35111236572266,53.608604431152344],[-72.4205551147461,53.69639587402344],[-72.78639221191406,53.66778564453125],[-72.71166229248047,53.714447021484375],[-72.85333251953125,53.73222351074219],[-72.89805603027344,53.80999755859375],[-73.0,53.8262939453125]],[[-69.3648452758789,53.0],[-69.6050033569336,52.77610778808594],[-69.61194610595703,52.72889709472656],[-69.67749786376953,52.69111633300781],[-69.66832733154297,52.64862060546875],[-69.77749633789062,52.54528045654297],[-69.68250274658203,52.365264892578125],[-69.6847152709961,52.26361083984375],[-69.52721405029297,52.163604736328125],[-69.41861724853516,52.0]],[[-82.0,50.32659912109375],[-81.76028442382812,50.41722869873047],[-81.55249786376953,50.559165954589844],[-81.47750091552734,50.72166442871094],[-81.23666381835938,50.842498779296875],[-81.046142578125,51.0]],[[-115.79991149902344,50.0],[-115.7186050415039,49.8699951171875],[-115.75750732421875,49.78916931152344],[-115.73417663574219,49.71778869628906],[-115.56249237060547,49.51166534423828],[-115.43138885498047,49.438331604003906],[-115.34610748291016,49.29222106933594],[-115.28250885009766,49.27305603027344],[-115.22389221191406,49.18693542480469],[-115.25555419921875,49.12750244140625],[-115.17826843261719,49.0]],[[-77.13999938964844,49.0],[-77.17222595214844,49.02027893066406],[-77.14944458007812,49.070281982421875],[-77.19667053222656,49.07972717285156],[-77.13139343261719,49.157501220703125],[-77.16416931152344,49.32666015625],[-77.3647232055664,49.441383361816406],[-77.57305145263672,49.45221710205078],[-77.4527816772461,49.606109619140625],[-77.52750396728516,49.61333465576172],[-77.63666534423828,49.807220458984375]],[[-73.3244400024414,49.90611267089844],[-73.34111785888672,49.81971740722656],[-73.43193817138672,49.733062744140625],[-73.46443939208984,49.540550231933594],[-73.38195037841797,49.57111358642578],[-73.35584259033203,49.53028106689453],[-73.39916229248047,49.460838317871094],[-73.4013900756836,49.36054992675781],[-73.35611724853516,49.30999755859375],[-73.37000274658203,49.21138000488281],[-73.1744384765625,49.171112060546875],[-73.07943725585938,49.0]],[[-115.17826843261719,49.0],[-115.16610717773438,48.93695068359375],[-115.30167388916016,48.76527404785156],[-115.30973052978516,48.633331298828125],[-115.21665954589844,48.552223205566406],[-115.29582977294922,48.484169006347656],[-115.32555389404297,48.3538818359375],[-115.86305236816406,48.443885803222656],[-116.0,48.58635711669922]],[[-114.4387435913086,49.0],[-114.24166870117188,48.73638916015625],[-114.13916015625,48.66639709472656],[-114.09860229492188,48.50499725341797],[-114.01971435546875,48.41388702392578],[-114.17666625976562,48.35443878173828],[-114.23833465576172,48.19972229003906],[-114.21916198730469,48.160552978515625],[-114.11416625976562,48.16583251953125],[-114.10665893554688,48.0594482421875]],[[-82.7494125366211,48.0],[-82.57721710205078,48.09388732910156],[-82.51944732666016,48.20277404785156],[-82.44222259521484,48.239166259765625],[-82.45667266845703,48.339996337890625],[-82.40332794189453,48.57500457763672],[-82.3227767944336,48.62610626220703],[-82.23833465576172,48.61554718017578],[-82.11555480957031,48.7852783203125],[-82.2308349609375,48.85221862792969],[-82.1326904296875,49.0]],[[-100.0,47.67283630371094],[-99.8699951171875,47.799163818359375],[-99.69666290283203,47.81388854980469],[-99.71471405029297,47.87306213378906],[-99.61804962158203,47.908050537109375],[-99.46666717529297,47.8800048828125],[-99.39916229248047,47.9102783203125],[-99.26139068603516,47.8255615234375],[-99.0,47.8702392578125]],[[-99.0,47.8702392578125],[-98.95111083984375,47.87083435058594],[-98.83860778808594,47.75],[-98.75694274902344,47.79667663574219],[-98.62833404541016,47.79888916015625],[-98.3963851928711,47.79139709472656],[-98.2227783203125,47.73500061035156],[-98.11555480957031,47.670562744140625],[-98.11778259277344,47.587501525878906],[-98.0,47.51757049560547]],[[-122.0,46.51360321044922],[-122.24834442138672,46.477500915527344],[-122.51166534423828,46.577491760253906],[-122.57610321044922,46.525001525878906],[-122.86195373535156,46.443885803222656],[-122.91860961914062,46.40222930908203],[-122.90361022949219,46.09832763671875]],[[-98.70360565185547,47.0],[-98.68860626220703,46.893341064453125],[-98.56555938720703,46.85221862792969],[-98.58028411865234,46.78361511230469],[-98.54749298095703,46.738616943359375],[-98.59082794189453,46.68499755859375],[-98.53417205810547,46.56945037841797],[-98.4397201538086,46.530006408691406],[-98.42972564697266,46.473060607910156],[-98.239990234375,46.31721496582031],[-98.27222442626953,46.23777770996094],[-98.1138916015625,46.176666259765625],[-98.15834045410156,46.0]],[[-98.0,46.8941650390625],[-97.97416687011719,46.720001220703125],[-97.88583374023438,46.591392517089844],[-97.91860961914062,46.52527618408203],[-97.78889465332031,46.510826110839844],[-97.64083099365234,46.380279541015625],[-97.50305938720703,46.381103515625],[-97.49805450439453,46.514442443847656],[-97.24889373779297,46.53166961669922],[-97.0,46.63818359375]],[[-113.0,45.84510803222656],[-112.74639129638672,45.75750732421875],[-112.66971588134766,45.66999816894531],[-112.64167022705078,45.478050231933594],[-112.54694366455078,45.43193817138672],[-112.3375015258789,45.55750274658203],[-112.08528137207031,45.836944580078125],[-112.0,45.851654052734375]],[[-89.5566635131836,45.83860778808594],[-89.57250213623047,45.77027893066406],[-89.4255599975586,45.64750671386719],[-89.4897232055664,45.560279846191406],[-89.76499938964844,45.474998474121094],[-89.7125015258789,45.413063049316406],[-89.81195068359375,45.258056640625],[-89.80000305175781,45.209716796875],[-89.6480484008789,45.141387939453125],[-89.67943572998047,45.038055419921875],[-89.63721466064453,45.0]],[[-114.82083129882812,44.0],[-114.89472961425781,44.22833251953125],[-114.79945373535156,44.266937255859375],[-114.30249786376953,44.279998779296875],[-114.14888000488281,44.503883361816406],[-114.16055297851562,44.59416961669922],[-114.0,44.71736145019531]],[[-98.48278045654297,45.0],[-98.48917388916016,44.91139221191406],[-98.33167266845703,44.86473083496094],[-98.27527618408203,44.61333465576172],[-98.12916564941406,44.471107482910156],[-98.19499206542969,44.34361267089844],[-98.12527465820312,44.23222351074219],[-98.14500427246094,44.17054748535156],[-98.08583068847656,44.09027099609375],[-98.09909057617188,44.0]],[[-95.0,44.543296813964844],[-94.08082580566406,44.15888977050781],[-94.02278137207031,44.17694091796875],[-94.0,44.29173278808594]],[[-94.0,44.29173278808594],[-93.94888305664062,44.348602294921875],[-93.96499633789062,44.400550842285156],[-93.88917541503906,44.606109619140625],[-93.64777374267578,44.70222473144531],[-93.58861541748047,44.793060302734375],[-93.33222198486328,44.78916931152344],[-93.1583251953125,44.910552978515625]],[[-123.0,43.33674621582031],[-123.43083953857422,43.27861022949219],[-123.45166778564453,43.36888885498047],[-123.57027435302734,43.426109313964844],[-123.47722625732422,43.494728088378906],[-123.55750274658203,43.540000915527344],[-123.49222564697266,43.540550231933594],[-123.49971771240234,43.590003967285156],[-123.59806060791016,43.600547790527344],[-123.56388092041016,43.63917541503906],[-123.64527130126953,43.65083312988281],[-123.64749908447266,43.6864013671875],[-123.85777282714844,43.65027618408203],[-124.0,43.707305908203125]],[[-104.0,43.443809509277344],[-103.81889343261719,43.32194519042969],[-103.5869369506836,43.271942138671875],[-103.61722564697266,43.3013916015625],[-103.5938949584961,43.320556640625],[-103.43083953857422,43.30610656738281],[-103.3455581665039,43.415000915527344],[-103.2975082397461,43.401390075683594],[-103.0958251953125,43.487220764160156],[-103.0,43.612037658691406]],[[-89.94223022460938,43.85166931152344],[-89.78056335449219,43.60639953613281],[-89.4463882446289,43.50611114501953],[-89.57389068603516,43.401390075683594],[-89.71277618408203,43.359710693359375],[-89.75361633300781,43.2530517578125],[-90.0,43.20103454589844]],[[-111.0,42.16786193847656],[-111.05667114257812,42.21527099609375],[-111.14944458007812,42.149444580078125],[-111.14610290527344,42.19471740722656],[-111.29138946533203,42.27137756347656],[-111.32305145263672,42.406394958496094],[-111.40999603271484,42.53388214111328],[-111.50360870361328,42.62916564941406],[-111.63777923583984,42.66667175292969],[-111.78111267089844,42.564170837402344],[-111.76667022705078,42.48694610595703],[-111.71527862548828,42.46111297607422],[-111.69611358642578,42.321380615234375],[-111.7711181640625,42.209442138671875],[-111.89056396484375,42.14250183105469],[-111.9072265625,42.0]],[[-84.17027282714844,42.225555419921875],[-84.26860809326172,42.19499206542969],[-84.40555572509766,42.24137878417969],[-84.42945098876953,42.40528106689453],[-84.5552749633789,42.403892517089844],[-84.58832550048828,42.492774963378906],[-84.6513900756836,42.51360321044922],[-84.59777069091797,42.60944366455078],[-84.64749908447266,42.66639709472656],[-84.58277130126953,42.7469482421875],[-84.93583679199219,42.81138610839844],[-84.89860534667969,42.883331298828125],[-84.931396484375,42.908050537109375],[-84.91416931152344,42.97721862792969],[-85.0,42.98466491699219]],[[-93.90354919433594,42.0],[-93.83305358886719,41.82972717285156],[-93.70194244384766,41.74082946777344],[-93.60027313232422,41.577491760253906],[-93.41056060791016,41.494163513183594],[-93.21583557128906,41.46166229248047],[-93.07972717285156,41.403053283691406],[-93.07611083984375,41.37083435058594],[-93.0,41.37554168701172]],[[-116.0,40.73771667480469],[-116.1119384765625,40.71028137207031],[-116.20693969726562,40.592491149902344],[-116.34305572509766,40.58222198486328],[-116.4705581665039,40.60722351074219],[-116.50556182861328,40.7166748046875],[-116.86250305175781,40.66972351074219],[-117.0,40.77833557128906]],[[-104.80091857910156,40.0],[-104.836669921875,40.278045654296875],[-104.57721710205078,40.41777801513672],[-104.25638580322266,40.30360412597656],[-104.0,40.35276794433594]],[[-104.0,40.35276794433594],[-103.79083251953125,40.27388000488281],[-103.59166717529297,40.29693603515625],[-103.3072280883789,40.481666564941406],[-103.08555603027344,40.73194885253906],[-103.0,40.76744079589844]],[[-81.87158203125,41.0],[-81.84722900390625,40.94972229003906],[-81.77972412109375,40.964996337890625],[-81.61888885498047,40.90916442871094],[-81.52721405029297,40.836669921875],[-81.52777862548828,40.72222900390625],[-81.40833282470703,40.56861114501953],[-81.46971893310547,40.50360870361328],[-81.3883285522461,40.411949157714844],[-81.58138275146484,40.26361083984375],[-81.84750366210938,40.28887939453125],[-81.86639404296875,40.171661376953125],[-82.0,40.11212158203125]],[[-97.94766235351562,40.0],[-97.866943359375,39.9666748046875],[-97.72582244873047,39.618614196777344],[-97.64722442626953,39.583885192871094],[-97.4719467163086,39.605552673339844],[-97.2511215209961,39.54582977294922],[-97.19972229003906,39.411949157714844],[-97.0,39.25712585449219]],[[-95.0,38.52027130126953],[-94.8941650390625,38.47972869873047],[-94.83111572265625,38.49750518798828],[-94.85166931152344,38.45555877685547],[-94.78416442871094,38.385841369628906],[-94.83139038085938,38.36749267578125],[-94.77694702148438,38.35221862792969],[-94.68389129638672,38.225830078125],[-94.4477767944336,38.192779541015625],[-94.28556060791016,38.095550537109375],[-94.24777221679688,38.026947021484375],[-94.1583251953125,38.05888366699219],[-94.0,38.00108337402344]],[[-93.80955505371094,38.0],[-93.5955581665039,38.08583068847656],[-93.63277435302734,38.1744384765625],[-93.5586166381836,38.165557861328125],[-93.57166290283203,38.21943664550781],[-93.51972198486328,38.17860412597656],[-93.49694061279297,38.20805358886719],[-93.4063949584961,38.17805480957031],[-93.43111419677734,38.271942138671875],[-93.38167572021484,38.23527526855469],[-93.3055648803711,38.26666259765625],[-93.13861083984375,38.22528076171875],[-93.06944274902344,38.26582336425781],[-93.0,38.208984375]],[[-93.0,38.208984375],[-92.94361877441406,38.21971130371094],[-92.96249389648438,38.16139221191406],[-92.80500793457031,38.168609619140625],[-92.80332946777344,38.114715576171875],[-92.7236099243164,38.09971618652344],[-92.74278259277344,38.14666748046875],[-92.6413803100586,38.16583251953125],[-92.77166748046875,38.20916748046875],[-92.60999298095703,38.1905517578125],[-92.57500457763672,38.23805236816406],[-92.51444244384766,38.192779541015625],[-92.4080581665039,38.27583312988281],[-92.3313980102539,38.25111389160156],[-92.3052749633789,38.331939697265625],[-92.23722076416016,38.33860778808594],[-92.26582336425781,38.37721252441406],[-92.23916625976562,38.42139434814453],[-92.14999389648438,38.380836486816406],[-92.12944030761719,38.406944274902344],[-92.16749572753906,38.464439392089844],[-92.03166198730469,38.482505798339844],[-92.038330078125,38.56000518798828]],[[-81.02317810058594,38.0],[-81.0272216796875,38.04388427734375],[-81.18527221679688,38.16166687011719],[-81.24166870117188,38.130828857421875],[-81.3808364868164,38.212493896484375],[-81.5038833618164,38.204437255859375],[-81.5616683959961,38.321380615234375],[-81.82167053222656,38.400550842285156],[-81.83612060546875,38.503883361816406],[-82.0,38.597503662109375]],[[-87.0,37.33795166015625],[-87.05055236816406,37.377784729003906],[-87.11416625976562,37.33526611328125],[-87.11166381835938,37.47943878173828],[-87.36527252197266,37.536949157714844],[-87.38056182861328,37.581947326660156],[-87.49250030517578,37.61804962158203],[-87.49304962158203,37.66166687011719],[-87.41333770751953,37.6864013671875],[-87.38916778564453,37.751953125],[-87.27584075927734,37.78306579589844],[-87.3902816772461,37.82139587402344],[-87.42194366455078,37.90472412109375],[-87.50556182861328,37.915283203125]],[[-86.0,37.24028015136719],[-86.15499877929688,37.16694641113281],[-86.23055267333984,37.21083068847656],[-86.29778289794922,37.14778137207031],[-86.34944915771484,37.18305969238281],[-86.44750213623047,37.15110778808594],[-86.49500274658203,37.18888854980469],[-86.62833404541016,37.185272216796875],[-86.79972839355469,37.34165954589844],[-86.74027252197266,37.21527099609375],[-86.8477783203125,37.25054931640625],[-86.88833618164062,37.21527099609375],[-86.97805786132812,37.266387939453125],[-87.0,37.33795166015625]],[[-84.0,37.70234680175781],[-84.038330078125,37.757781982421875],[-84.10249328613281,37.760009765625],[-84.10028076171875,37.84306335449219],[-84.2961196899414,37.910003662109375],[-84.38333892822266,37.88417053222656],[-84.38611602783203,37.850555419921875],[-84.49222564697266,37.838897705078125],[-84.4769515991211,37.79278564453125],[-84.58943939208984,37.73472595214844],[-84.71749114990234,37.80694580078125],[-84.7105484008789,37.852783203125],[-84.81111145019531,37.89361572265625],[-84.83885192871094,38.0]],[[-83.0,37.136993408203125],[-83.07861328125,37.13444519042969],[-83.19805908203125,37.282501220703125],[-83.29889678955078,37.28138732910156],[-83.36139678955078,37.33221435546875],[-83.39139556884766,37.41028594970703],[-83.35334014892578,37.52027130126953],[-83.42278289794922,37.591392517089844],[-83.58333587646484,37.64500427246094],[-83.78138732910156,37.562782287597656],[-83.86416625976562,37.60694122314453],[-83.84138488769531,37.63917541503906],[-84.0,37.70234680175781]],[[-80.6963882446289,37.0],[-80.57971954345703,37.07916259765625],[-80.58777618408203,37.12638854980469],[-80.52527618408203,37.14054870605469],[-80.55472564697266,37.17388916015625],[-80.51888275146484,37.19915771484375],[-80.60027313232422,37.201934814453125],[-80.61804962158203,37.29859924316406],[-80.70055389404297,37.36277770996094],[-80.79417419433594,37.34361267089844],[-80.85528564453125,37.388885498046875],[-80.86611938476562,37.483055114746094],[-80.83139038085938,37.517494201660156],[-80.89582824707031,37.552772521972656],[-80.8941650390625,37.77667236328125],[-81.0,37.83416748046875]],[[-79.62706756591797,38.0],[-79.73777770996094,37.920562744140625],[-79.72472381591797,37.798065185546875],[-79.81666564941406,37.730560302734375],[-79.72056579589844,37.55249786376953],[-79.65917205810547,37.533058166503906],[-79.4433364868164,37.62556457519531],[-79.06611633300781,37.393890380859375],[-79.0,37.429481506347656]],[[-79.0,37.429481506347656],[-78.83612060546875,37.538612365722656],[-78.8155517578125,37.635284423828125],[-78.73278045654297,37.63250732421875],[-78.6227798461914,37.74278259277344],[-78.47583770751953,37.78277587890625],[-78.2411117553711,37.69500732421875],[-78.12916564941406,37.730560302734375],[-78.09416198730469,37.6683349609375],[-78.0,37.634918212890625]],[[-119.0,36.86866760253906],[-119.2683334350586,36.89277648925781],[-119.25749969482422,36.86555480957031],[-119.5038833618164,36.67805480957031],[-119.4483413696289,36.60277557373047],[-119.49944305419922,36.50360870361328],[-119.62389373779297,36.434165954589844],[-119.85972595214844,36.391395568847656],[-120.0,36.48902130126953]],[[-94.0,36.359283447265625],[-93.88278198242188,36.364173889160156],[-93.90028381347656,36.403892517089844],[-93.62972259521484,36.616943359375],[-93.56278228759766,36.58277130126953],[-93.54332733154297,36.61500549316406],[-93.52249908447266,36.57111358642578],[-93.50028228759766,36.627769470214844],[-93.4669418334961,36.594444274902344],[-93.4111099243164,36.620277404785156],[-93.38111114501953,36.570838928222656],[-93.35750579833984,36.6138916015625],[-93.26721954345703,36.61000061035156],[-93.1572265625,36.702789306640625],[-93.1522216796875,36.659454345703125],[-93.08277893066406,36.68556213378906],[-93.04249572753906,36.63694763183594],[-93.12055969238281,36.59416961669922],[-93.0,36.48345184326172]],[[-93.0,36.48345184326172],[-92.9808349609375,36.513328552246094],[-92.84611511230469,36.46833038330078],[-92.77305603027344,36.504173278808594],[-92.71887969970703,36.47028350830078],[-92.72693634033203,36.43054962158203],[-92.63054656982422,36.465553283691406],[-92.64749908447266,36.425559997558594],[-92.55944061279297,36.39916229248047],[-92.57694244384766,36.34748840332031],[-92.5374984741211,36.34443664550781],[-92.56555938720703,36.31971740722656],[-92.47583770751953,36.258056640625],[-92.46056365966797,36.18611145019531],[-92.30805206298828,36.226104736328125],[-92.31000518798828,36.173614501953125],[-92.06805419921875,36.05055236816406],[-92.09617614746094,36.0]],[[-105.5233383178711,35.97528076171875],[-105.66999053955078,35.71055603027344],[-105.62444305419922,35.504173278808594],[-105.46916961669922,35.418617248535156],[-105.34500885009766,35.27166748046875],[-105.14138793945312,35.24749755859375],[-105.06611633300781,35.17332458496094],[-105.0,35.18965148925781]],[[-92.0,35.93304443359375],[-91.86056518554688,35.8780517578125],[-91.868896484375,35.78584289550781],[-91.83500671386719,35.752227783203125],[-91.66889190673828,35.763885498046875],[-91.5183334350586,35.698333740234375],[-91.49889373779297,35.645843505859375],[-91.30583953857422,35.633056640625],[-91.30695343017578,35.54778289794922],[-91.37555694580078,35.49250030517578],[-91.33556365966797,35.46111297607422],[-91.4366683959961,35.3397216796875],[-91.39139556884766,35.209442138671875],[-91.45055389404297,35.17193603515625],[-91.43111419677734,35.10972595214844],[-91.48896026611328,35.0]],[[-104.66065216064453,35.0],[-104.59249114990234,34.81416320800781],[-104.52555084228516,34.79194641113281],[-104.37305450439453,34.62305450439453],[-104.38555145263672,34.55693817138672],[-104.2541732788086,34.519996643066406],[-104.17027282714844,34.404441833496094],[-104.1522216796875,34.35137939453125],[-104.19139099121094,34.25444030761719],[-104.30611419677734,34.12443542480469],[-104.27242279052734,34.0]],[[-91.48896026611328,35.0],[-91.44416046142578,34.80500793457031],[-91.32250213623047,34.67222595214844],[-91.28888702392578,34.539161682128906],[-91.05722045898438,34.34138488769531],[-91.08000183105469,34.14888000488281],[-91.18861389160156,34.078887939453125],[-91.16026306152344,34.0]],[[-90.0,34.723602294921875],[-90.1844482421875,34.755279541015625],[-90.23639678955078,34.71028137207031],[-90.22499084472656,34.53388214111328],[-90.31555938720703,34.51610565185547],[-90.2955551147461,34.42694854736328],[-90.38639068603516,34.426109313964844],[-90.39278411865234,34.35472106933594],[-90.2991714477539,34.37916564941406],[-90.3183364868164,34.30665588378906],[-90.23388671875,34.21888732910156],[-90.19667053222656,34.0]],[[-81.47272491455078,35.0],[-81.4494400024414,34.84028625488281],[-81.47834014892578,34.72833251953125],[-81.41472625732422,34.62083435058594],[-81.3902816772461,34.381385803222656],[-81.32750701904297,34.24888610839844],[-81.16694641113281,34.16082763671875],[-81.04864501953125,34.0]],[[-78.84965515136719,35.0],[-78.82916259765625,34.95805358886719],[-78.77084350585938,34.95916748046875],[-78.80917358398438,34.867218017578125],[-78.77888488769531,34.739166259765625],[-78.4483413696289,34.552223205566406],[-78.32500457763672,34.409996032714844],[-78.18611145019531,34.34416198730469],[-78.05860900878906,34.33638000488281],[-78.0,34.278045654296875]],[[-100.91082763671875,33.24638366699219],[-100.86860656738281,33.29527282714844],[-100.77444458007812,33.2127685546875],[-100.6388931274414,33.22499084472656],[-100.58028411865234,33.1361083984375],[-100.43054962158203,33.15472412109375],[-100.4044418334961,33.28193664550781],[-100.30889129638672,33.31721496582031],[-100.3072280883789,33.378326416015625],[-100.11277770996094,33.2066650390625],[-100.05000305175781,33.26055908203125],[-100.0,33.2471923828125]],[[-99.99916076660156,33.06361389160156],[-99.94917297363281,33.193328857421875],[-99.9969482421875,33.2691650390625],[-99.98611450195312,33.40361785888672],[-99.56360626220703,33.578880310058594],[-99.25360870361328,33.57860565185547],[-99.20944213867188,33.464439392089844],[-99.10444641113281,33.466941833496094],[-99.03999328613281,33.356658935546875],[-99.0,33.374908447265625]],[[-90.19667053222656,34.0],[-90.30638885498047,33.83222961425781],[-90.18499755859375,33.77610778808594],[-90.31278228759766,33.72166442871094],[-90.27417755126953,33.69111633300781],[-90.23500061035156,33.7247314453125],[-90.22111511230469,33.6541748046875],[-90.27445220947266,33.588050842285156],[-90.21665954589844,33.59972381591797],[-90.24445343017578,33.543052673339844],[-90.18499755859375,33.538047790527344],[-90.2608413696289,33.497779846191406],[-90.22138977050781,33.413612365722656],[-90.3308334350586,33.381675720214844],[-90.29195404052734,33.326934814453125],[-90.2511215209961,33.334442138671875],[-90.28333282470703,33.296661376953125],[-90.23277282714844,33.28778076171875],[-90.23193359375,33.190826416015625],[-90.31945037841797,33.16999816894531],[-90.2780532836914,33.11778259277344],[-90.43389129638672,33.10638427734375],[-90.36132049560547,33.0]],[[-88.5138168334961,34.0],[-88.5374984741211,33.88861083984375],[-88.48639678955078,33.79417419433594],[-88.48082733154297,33.51055145263672],[-88.4236068725586,33.480552673339844],[-88.38805389404297,33.33416748046875],[-88.30083465576172,33.29638671875],[-88.26971435546875,33.19749450683594],[-88.29277801513672,33.133880615234375],[-88.25221252441406,33.08221435546875],[-88.19667053222656,33.08277893066406],[-88.2286148071289,33.03639221191406],[-88.17167663574219,33.0]],[[-83.52445220947266,34.0],[-83.40111541748047,33.934722900390625],[-83.28833770751953,33.79417419433594],[-83.28083038330078,33.49805450439453],[-83.14666748046875,33.318878173828125],[-83.24472045898438,33.2611083984375],[-83.26917266845703,33.19416809082031],[-83.20361328125,33.141387939453125],[-83.19248962402344,33.029449462890625],[-83.12123107910156,33.0]],[[-98.0,32.633949279785156],[-97.82389831542969,32.582496643066406],[-97.79777526855469,32.55554962158203],[-97.820556640625,32.499717712402344],[-97.76248931884766,32.47943878173828],[-97.76222229003906,32.431663513183594],[-97.59610748291016,32.364173889160156],[-97.69666290283203,32.33055114746094],[-97.67583465576172,32.23443603515625],[-97.51444244384766,32.141937255859375],[-97.45555877685547,32.18110656738281],[-97.46666717529297,32.054168701171875],[-97.38896942138672,32.0]],[[-95.0,32.527976989746094],[-94.89222717285156,32.458885192871094],[-94.79055786132812,32.46666717529297],[-94.74082946777344,32.41722869873047],[-94.39167022705078,32.36082458496094],[-94.3052749633789,32.23582458496094],[-94.23944854736328,32.217498779296875],[-94.193603515625,32.054718017578125],[-94.06326293945312,32.0]],[[-103.87722778320312,31.909439086914062],[-103.85221862792969,31.878616333007812],[-103.80305480957031,31.90167236328125],[-103.76777648925781,31.782501220703125],[-103.66304779052734,31.750274658203125],[-103.51721954345703,31.62805938720703],[-103.44861602783203,31.450271606445312],[-103.24694061279297,31.435821533203125],[-103.18527221679688,31.377777099609375],[-103.0,31.383758544921875]],[[-100.0,31.734329223632812],[-99.89222717285156,31.740829467773438],[-99.79945373535156,31.682777404785156],[-99.82083129882812,31.65583038330078],[-99.77583312988281,31.605552673339844],[-99.6580581665039,31.566383361816406],[-99.62833404541016,31.49195098876953],[-99.53638458251953,31.50055694580078],[-99.47972869873047,31.438331604003906],[-99.40917205810547,31.473609924316406],[-99.29889678955078,31.42193603515625],[-99.2047119140625,31.47583770751953],[-99.0,31.482261657714844]],[[-101.99305725097656,31.0],[-101.85499572753906,30.927780151367188],[-101.73638153076172,30.665000915527344],[-101.62638092041016,30.632774353027344],[-101.62667083740234,30.55083465576172],[-101.7105484008789,30.425277709960938],[-101.63555145263672,30.356658935546875],[-101.70000457763672,30.346099853515625],[-101.72472381591797,30.285552978515625],[-101.58832550048828,30.20361328125],[-101.5491714477539,30.127777099609375],[-101.48583221435547,30.123886108398438],[-101.4866714477539,30.0]],[[-98.0,30.47895050048828],[-97.98306274414062,30.4033203125],[-97.89805603027344,30.448890686035156],[-97.9022216796875,30.336944580078125],[-97.76277923583984,30.355270385742188],[-97.75639343261719,30.286392211914062],[-97.70526885986328,30.249725341796875],[-97.6211166381836,30.263885498046875],[-97.6211166381836,30.218048095703125],[-97.4766616821289,30.2147216796875],[-97.41971588134766,30.185546875],[-97.42278289794922,30.147781372070312],[-97.37471771240234,30.193328857421875],[-97.30500030517578,30.099166870117188],[-97.33055877685547,30.080001831054688],[-97.25305938720703,30.066940307617188],[-97.2608413696289,30.031112670898438],[-97.09388732910156,30.036117553710938],[-97.06845092773438,30.0]],[[-96.75068664550781,31.0],[-96.56916046142578,30.704727172851562],[-96.56749725341797,30.631935119628906],[-96.34305572509766,30.530006408691406],[-96.26693725585938,30.438888549804688],[-96.27222442626953,30.371658325195312],[-96.16278076171875,30.384445190429688],[-96.07167053222656,30.307769775390625],[-96.08416748046875,30.23193359375],[-96.17916870117188,30.118606567382812],[-96.08219909667969,30.0]],[[-110.19964599609375,30.0],[-110.22528076171875,29.848342895507812],[-110.12083435058594,29.54222869873047],[-110.52027130126953,29.372772216796875],[-110.87527465820312,29.096389770507812]],[[-97.0,29.96820068359375],[-96.9052734375,29.975006103515625],[-96.87138366699219,29.896942138671875],[-96.76722717285156,29.8699951171875],[-96.6319351196289,29.722503662109375],[-96.50360870361328,29.730560302734375],[-96.50695037841797,29.686668395996094],[-96.40193939208984,29.61750030517578],[-96.43305206298828,29.596946716308594],[-96.37999725341797,29.54888153076172],[-96.3438949584961,29.395828247070312],[-96.08805847167969,29.297500610351562],[-96.0,29.021392822265625]],[[-107.0240478515625,27.0],[-107.02166748046875,27.087783813476562],[-107.1199951171875,27.185546875],[-107.13722229003906,27.26666259765625],[-107.50638580322266,27.386932373046875],[-107.74278259277344,27.533058166503906],[-107.89999389648438,27.208602905273438],[-107.85028076171875,27.101943969726562],[-107.86215209960938,27.0]],[[-104.0,25.263885498046875],[-104.08082580566406,25.25360107421875],[-104.27417755126953,25.131942749023438],[-104.51277923583984,25.132217407226562],[-104.62000274658203,25.308883666992188],[-104.69750213623047,25.312774658203125],[-104.89250183105469,25.457496643066406],[-104.93916320800781,25.584999084472656],[-105.0,25.57971954345703]],[[-103.0,25.6973876953125],[-103.22416687011719,25.743057250976562],[-103.49500274658203,25.53943634033203],[-103.72917175292969,25.44916534423828],[-103.72888946533203,25.26971435546875],[-104.0,25.263885498046875]],[[-100.0,25.035003662109375],[-99.9324951171875,25.038055419921875],[-99.87666320800781,25.153884887695312],[-99.80055236816406,25.156661987304688],[-99.62805938720703,25.278610229492188],[-99.52916717529297,25.489723205566406],[-99.4302749633789,25.52277374267578],[-99.36360931396484,25.50139617919922],[-99.32305145263672,25.536659240722656],[-99.2874984741211,25.685287475585938],[-99.21804809570312,25.71917724609375],[-99.23304748535156,25.781951904296875],[-99.17555236816406,25.801666259765625],[-99.18537902832031,26.0]],[[-104.32416534423828,24.0],[-104.2588882446289,23.881393432617188],[-104.29084014892578,23.791107177734375],[-104.24527740478516,23.7247314453125],[-104.33972930908203,23.633323669433594],[-104.47472381591797,23.21722412109375],[-104.74332427978516,23.16888427734375],[-105.0,23.030075073242188]],[[-102.79110717773438,19.9052734375],[-102.89138793945312,19.830841064453125],[-102.82945251464844,19.771942138671875],[-102.74500274658203,19.42498779296875],[-102.78277587890625,19.371932983398438],[-102.77639770507812,19.183609008789062],[-102.63721466064453,19.053054809570312],[-102.47437286376953,19.0]],[[-97.0,16.328323364257812],[-97.28528594970703,16.393600463867188],[-97.39806365966797,16.45667266845703],[-97.4558334350586,16.44416046142578],[-97.5411148071289,16.499168395996094],[-97.62610626220703,16.334442138671875],[-97.56305694580078,16.23443603515625],[-97.6191635131836,16.233612060546875],[-97.62194061279297,16.195281982421875],[-97.68694305419922,16.20721435546875],[-97.76806640625,16.0]],[[-92.0,16.88592529296875],[-91.81944274902344,16.828338623046875],[-91.806396484375,16.871109008789062],[-91.75777435302734,16.873886108398438],[-91.67194366455078,16.819717407226562],[-91.58110809326172,16.721664428710938],[-91.5788803100586,16.581947326660156],[-91.5313949584961,16.523887634277344],[-91.41832733154297,16.484718322753906],[-91.2894515991211,16.24249267578125],[-91.20083618164062,16.20721435546875],[-91.13278198242188,16.123611450195312],[-91.0,16.112960815429688]],[[-90.04916381835938,16.0],[-90.05610656738281,16.090835571289062],[-90.09333801269531,16.10943603515625],[-90.01583862304688,16.140548706054688],[-90.04499816894531,16.145004272460938],[-90.03805541992188,16.221939086914062],[-90.10527038574219,16.24444580078125],[-90.054443359375,16.262496948242188],[-90.05722045898438,16.542503356933594],[-90.31749725341797,16.562782287597656],[-90.35944366455078,16.60443878173828],[-90.4655532836914,16.55083465576172],[-90.44805145263672,16.496665954589844],[-90.4769515991211,16.527503967285156],[-90.54778289794922,16.48389434814453]],[[-84.96028137207031,15.0],[-84.83555603027344,15.124435424804688],[-84.64472198486328,15.160552978515625],[-84.43305206298828,15.457221984863281],[-84.3183364868164,15.520835876464844],[-84.3338851928711,15.647224426269531],[-84.36638641357422,15.644996643066406],[-84.24583435058594,15.80694580078125]],[[-86.9788818359375,14.631660461425781],[-86.899169921875,14.546394348144531],[-86.81416320800781,14.525825500488281],[-86.82167053222656,14.449729919433594],[-86.7488784790039,14.417228698730469],[-86.72611236572266,14.229721069335938],[-86.68389129638672,14.205551147460938],[-86.33722686767578,14.331398010253906],[-86.2336196899414,14.453330993652344],[-86.17193603515625,14.617500305175781]],[[-86.0,14.689033508300781],[-85.88055419921875,14.761672973632812],[-85.80528259277344,14.74444580078125],[-85.78805541992188,14.712509155273438],[-85.86750793457031,14.651115417480469],[-85.97833251953125,14.451118469238281],[-85.83528137207031,14.371116638183594],[-85.6319351196289,14.328056335449219],[-85.41194915771484,14.503334045410156],[-85.33306121826172,14.666664123535156],[-85.19721984863281,14.769729614257812],[-85.15805053710938,14.761947631835938],[-85.0816650390625,14.961105346679688],[-85.0,14.982498168945312]],[[-84.89653015136719,14.0],[-84.9344482421875,13.95111083984375],[-84.82583618164062,13.797500610351562],[-84.85722351074219,13.724433898925781],[-84.7388916015625,13.403327941894531],[-84.67472076416016,13.411384582519531],[-84.57222747802734,13.321662902832031],[-84.48499298095703,13.302787780761719],[-84.27056121826172,13.338050842285156],[-84.26139068603516,13.459449768066406],[-84.211669921875,13.488609313964844],[-84.0,13.447776794433594]],[[-64.4375991821289,6.0],[-64.47306060791016,6.277503967285156],[-64.63277435302734,6.376396179199219],[-64.78138732910156,6.339729309082031],[-64.7691650390625,6.498329162597656],[-64.82638549804688,6.577217102050781],[-64.77639770507812,6.638603210449219],[-64.83000183105469,6.7611083984375],[-64.81361389160156,6.8650054931640625],[-64.92510986328125,7.0]],[[-63.812774658203125,6.0],[-63.77333068847656,6.2052764892578125],[-63.595558166503906,6.371391296386719],[-63.60944366455078,6.416664123535156],[-63.52861785888672,6.501670837402344],[-63.478050231933594,6.705833435058594],[-63.3013916015625,6.8597259521484375],[-63.18055725097656,6.8658294677734375],[-63.133056640625,6.7969512939453125],[-63.0,6.8336181640625]],[[-64.24908447265625,5.0],[-64.22528076171875,5.084991455078125],[-64.15306091308594,5.1199951171875],[-64.14027404785156,5.2177734375],[-64.26944732666016,5.409446716308594],[-64.2955551147461,5.589164733886719],[-64.41666412353516,5.654991149902344],[-64.38195037841797,5.7833404541015625],[-64.45055389404297,5.87750244140625],[-64.4375991821289,6.0]],[[-63.416343688964844,5.0],[-63.576942443847656,5.1619415283203125],[-63.40917205810547,5.2358245849609375],[-63.393890380859375,5.292228698730469],[-63.47638702392578,5.329719543457031],[-63.53221893310547,5.450279235839844],[-63.706390380859375,5.553337097167969],[-63.71611022949219,5.615547180175781],[-63.87750244140625,5.658882141113281],[-63.91972351074219,5.705833435058594],[-63.812774658203125,6.0]],[[-60.15443420410156,5.8083343505859375],[-60.033050537109375,5.694999694824219],[-60.0211181640625,5.572227478027344],[-60.064727783203125,5.527503967285156],[-60.23304748535156,5.596946716308594],[-60.28498840332031,5.7155609130859375],[-60.420555114746094,5.738334655761719],[-60.479164123535156,5.708885192871094],[-60.58277130126953,5.768890380859375],[-60.573890686035156,5.83721923828125],[-60.657562255859375,6.0]],[[-119.63423919677734,73.0],[-119.49138641357422,73.02471923828125],[-119.45972442626953,73.06694030761719],[-119.62444305419922,73.13388061523438],[-119.54193878173828,73.211669921875],[-119.7038803100586,73.29805755615234],[-119.61138153076172,73.40166473388672],[-120.0,73.48995208740234]],[[-121.0,72.12875366210938],[-121.39722442626953,72.177490234375],[-121.53360748291016,72.30139923095703],[-121.51778411865234,72.37639617919922],[-121.58722686767578,72.43750762939453],[-121.83694458007812,72.51944732666016],[-121.83999633789062,72.55583953857422],[-121.60250091552734,72.68054962158203],[-121.6786117553711,72.82583618164062],[-121.5844497680664,72.86027526855469],[-121.56444549560547,72.92416381835938],[-121.67137908935547,72.97361755371094],[-121.65540313720703,73.0]],[[-116.21804809570312,71.77583312988281],[-116.01055908203125,71.83805847167969],[-116.09443664550781,71.92056274414062],[-116.28389739990234,71.97361755371094],[-116.58222198486328,71.96305847167969],[-116.9022216796875,71.87777709960938],[-117.0,71.89785766601562]],[[-142.0,69.07536315917969],[-141.91111755371094,69.10861206054688],[-141.8411102294922,69.23193359375],[-141.6961212158203,69.29138946533203],[-141.6888885498047,69.3344497680664],[-141.50416564941406,69.44306182861328],[-141.89389038085938,69.58722686767578],[-141.90306091308594,69.62805938720703],[-141.78805541992188,69.78666687011719]],[[-126.0,69.03094482421875],[-126.23250579833984,69.03944396972656],[-126.3691635131836,69.16082763671875],[-126.72777557373047,69.26416778564453],[-126.81723022460938,69.38500213623047],[-126.92666625976562,69.39583587646484],[-126.90638732910156,69.44249725341797],[-126.94917297363281,69.48944854736328],[-126.84611511230469,69.51860809326172],[-127.0,69.52262115478516]],[[-145.0,68.5963363647461],[-145.1663818359375,68.48278045654297],[-145.13722229003906,68.42389678955078],[-145.36248779296875,68.35388946533203],[-145.3572235107422,68.28333282470703],[-145.46998596191406,68.21665954589844],[-145.45944213867188,68.17332458496094],[-145.5497283935547,68.17860412597656],[-145.55723571777344,68.13722229003906],[-145.968505859375,68.0]],[[-124.0,68.61914825439453],[-124.11666870117188,68.63777923583984],[-124.06277465820312,68.69361114501953],[-124.10527038574219,68.71887969970703],[-124.46582794189453,68.77471923828125],[-124.53388214111328,68.7491683959961],[-124.55472564697266,68.69499969482422],[-124.66472625732422,68.6786117553711],[-124.79499816894531,68.6802749633789],[-125.0,68.74931335449219]],[[-123.28472137451172,68.0],[-123.39417266845703,68.05888366699219],[-123.33417510986328,68.08055114746094],[-123.41861724853516,68.07388305664062],[-123.48999786376953,68.15138244628906],[-123.37000274658203,68.16860961914062],[-123.52388763427734,68.29666900634766],[-123.68389129638672,68.35611724853516],[-123.6047134399414,68.36833953857422],[-123.71749114990234,68.4961166381836],[-123.77305603027344,68.49805450439453],[-123.74361419677734,68.53166961669922],[-123.88082885742188,68.59166717529297],[-123.86195373535156,68.61055755615234],[-124.0,68.61914825439453]],[[-122.0,68.32711029052734],[-122.24333953857422,68.40193939208984],[-122.39556121826172,68.5022201538086],[-122.39110565185547,68.54138946533203],[-122.2813949584961,68.5808334350586],[-122.25332641601562,68.68193817138672],[-122.42945098876953,68.76194763183594],[-122.50028228759766,68.84306335449219],[-122.63721466064453,68.85472106933594],[-122.66222381591797,68.90388488769531],[-122.74250030517578,68.93028259277344],[-122.66324615478516,69.0]],[[-92.73212432861328,68.0],[-92.59777069091797,68.10333251953125],[-92.25917053222656,68.179443359375],[-92.0977783203125,68.28694915771484],[-92.29528045654297,68.43889617919922],[-93.0,68.41388702392578]],[[-89.93464660644531,68.0],[-89.758056640625,68.05416870117188],[-89.5133285522461,68.04167175292969],[-89.3772201538086,68.15055847167969],[-90.0,68.33666229248047]],[[-146.0,67.97764587402344],[-146.07138061523438,67.86473083496094],[-146.15499877929688,67.81277465820312],[-146.16305541992188,67.75777435302734],[-146.05638122558594,67.67194366455078],[-146.18777465820312,67.54610443115234],[-146.2869415283203,67.48694610595703],[-146.5625,67.45638275146484],[-146.68222045898438,67.42082977294922],[-146.743896484375,67.3519515991211],[-147.0,67.30045318603516]],[[-104.51058197021484,67.0],[-104.5969467163086,67.06500244140625],[-104.27722930908203,67.26944732666016],[-104.2286148071289,67.36055755615234],[-104.13722229003906,67.42194366455078],[-104.20721435546875,67.5058364868164],[-104.14610290527344,67.68000030517578],[-104.24333953857422,67.75276947021484],[-104.00895690917969,68.0]],[[-97.86283874511719,67.0],[-97.68138885498047,67.08528137207031],[-97.7105484008789,67.14305114746094],[-97.65637969970703,67.21971130371094],[-97.3727798461914,67.2986068725586],[-97.24360656738281,67.41028594970703],[-97.15805053710938,67.43138885498047],[-97.4494400024414,67.55472564697266],[-97.23193359375,67.62360382080078]],[[-146.272216796875,66.0],[-146.11721801757812,66.07305908203125],[-146.0497283935547,66.27056121826172],[-146.6144561767578,66.28028106689453],[-146.8816680908203,66.21083068847656],[-147.0,66.22398376464844]],[[-105.0,66.33089447021484],[-104.81167602539062,66.3902816772461],[-104.68778228759766,66.47583770751953],[-104.53278350830078,66.73722076416016],[-104.66222381591797,66.81388854980469],[-104.5374984741211,66.91944885253906],[-104.4225082397461,66.93527221679688],[-104.51058197021484,67.0]],[[-147.0,65.41814422607422],[-147.65333557128906,65.38056182861328],[-147.8461151123047,65.40999603271484],[-147.63722229003906,65.4927749633789],[-147.69056701660156,65.56249237060547],[-147.67111206054688,65.6191635131836],[-147.4361114501953,65.72917175292969],[-147.12611389160156,65.77333068847656],[-147.0,65.73160552978516]],[[-139.0,65.34732818603516],[-138.80860900878906,65.37223052978516],[-138.72056579589844,65.30333709716797],[-138.6094512939453,65.38416290283203],[-138.30555725097656,65.37166595458984],[-138.18777465820312,65.42888641357422],[-138.2050018310547,65.54778289794922],[-138.0880584716797,65.68138885498047],[-138.0,65.72083282470703]],[[-133.0333251953125,65.0],[-133.09999084472656,65.0594482421875],[-133.07638549804688,65.11111450195312],[-133.2816619873047,65.20054626464844],[-133.37527465820312,65.28389739990234],[-133.364990234375,65.37528228759766],[-133.44027709960938,65.60916900634766],[-133.40443420410156,65.6866683959961],[-133.2977752685547,65.72638702392578],[-133.25527954101562,65.79167175292969],[-133.3222198486328,65.868896484375],[-133.13555908203125,65.88945007324219],[-133.12110900878906,65.97471618652344],[-133.6158447265625,65.91444396972656],[-134.0,65.96957397460938]],[[-151.0,64.040283203125],[-150.69972229003906,64.09693908691406],[-150.55751037597656,64.35222625732422],[-150.3988800048828,64.4094467163086],[-150.31582641601562,64.4880599975586],[-150.2191619873047,64.48360443115234],[-150.27638244628906,64.50666046142578],[-150.1558380126953,64.54361724853516],[-150.20860290527344,64.58943939208984],[-150.13861083984375,64.59221649169922],[-150.0719451904297,64.63582611083984],[-150.0880584716797,64.66472625732422],[-150.0,64.68102264404297]],[[-121.0,64.08290100097656],[-121.20083618164062,64.04583740234375],[-121.37194061279297,64.08944702148438],[-121.43917083740234,64.17111206054688],[-121.70027923583984,64.2941665649414],[-121.72693634033203,64.34139251708984],[-121.6624984741211,64.37305450439453],[-121.68082427978516,64.42166900634766],[-121.92916870117188,64.52832794189453],[-121.88888549804688,64.56999969482422],[-121.5905532836914,64.59444427490234]],[[-105.57054901123047,64.00582885742188],[-105.49805450439453,64.06222534179688],[-105.51610565185547,64.09611511230469],[-105.3005599975586,64.14166259765625],[-105.30194854736328,64.23165893554688],[-105.4686050415039,64.29444122314453],[-105.61028289794922,64.45305633544922],[-105.788330078125,64.50804901123047],[-105.83555603027344,64.6147232055664],[-105.92500305175781,64.65528106689453],[-105.98445129394531,64.74527740478516],[-105.82139587402344,64.87388610839844],[-105.53417205810547,64.90666198730469],[-105.49832916259766,64.94639587402344],[-105.25360870361328,64.86111450195312],[-105.0,64.87588500976562]],[[-94.75161743164062,65.0],[-94.85360717773438,64.95443725585938],[-94.84666442871094,64.87472534179688],[-94.93055725097656,64.82722473144531],[-94.78944396972656,64.7361068725586],[-94.75862121582031,64.64415740966797],[-94.29833221435547,64.56221771240234],[-94.0,64.36287689208984]],[[-90.5165023803711,65.0],[-90.32416534423828,64.85000610351562],[-90.25389862060547,64.83944702148438],[-90.15333557128906,64.63611602783203],[-90.09056091308594,64.59221649169922],[-90.32555389404297,64.5683364868164],[-90.48888397216797,64.5027847290039],[-90.53221893310547,64.45389556884766],[-90.49889373779297,64.30333709716797],[-90.40084075927734,64.24333953857422],[-90.35027313232422,64.13916015625],[-90.11778259277344,64.12416076660156]],[[-155.84693908691406,63.294158935546875],[-155.7822265625,63.30638122558594],[-155.84584045410156,63.41222381591797],[-155.741943359375,63.58861541748047],[-155.0,63.84355163574219]],[[-148.48944091796875,63.14805603027344],[-148.19776916503906,63.182220458984375],[-148.06056213378906,63.30943298339844],[-148.8058319091797,63.45722198486328],[-148.84388732910156,63.58306121826172],[-148.79750061035156,63.62445068359375],[-148.8316650390625,63.65667724609375],[-148.7808380126953,63.69444274902344],[-148.87445068359375,63.71221923828125],[-149.0,63.90765380859375]],[[-126.0,63.425270080566406],[-125.836669921875,63.523887634277344],[-125.41222381591797,63.64666748046875],[-125.56139373779297,63.78861999511719],[-125.54528045654297,63.92250061035156],[-125.14138793945312,63.93916320800781],[-125.0,63.98497009277344]],[[-106.0,63.639007568359375],[-105.86027526855469,63.67250061035156],[-105.5824966430664,63.553611755371094],[-105.2783432006836,63.60694122314453],[-105.19389343261719,63.58861541748047],[-105.11305236816406,63.613609313964844],[-105.10221862792969,63.648895263671875],[-105.15750122070312,63.67417907714844],[-105.0,63.77349853515625]],[[-139.86241149902344,62.0],[-139.89833068847656,62.043609619140625],[-139.8397216796875,62.086395263671875],[-139.94972229003906,62.1300048828125],[-139.78028869628906,62.21638488769531],[-139.83721923828125,62.24110412597656],[-139.39915466308594,62.3458251953125],[-139.4963836669922,62.46222686767578],[-139.4641571044922,62.54193878173828],[-139.78805541992188,62.557777404785156],[-139.8736114501953,62.61194610595703],[-140.0,62.616668701171875]],[[-157.69773864746094,61.0],[-157.67916870117188,61.049163818359375],[-157.5497283935547,61.10499572753906],[-157.41082763671875,61.089996337890625],[-157.1830596923828,61.19389343261719],[-157.13694763183594,61.242767333984375],[-157.1844482421875,61.32527160644531],[-157.1138916015625,61.3125],[-157.03639221191406,61.35693359375],[-157.07444763183594,61.38666534423828],[-157.02833557128906,61.43750762939453],[-157.0897216796875,61.46721649169922],[-157.0,61.49431610107422]],[[-139.0449981689453,61.41138458251953],[-139.28778076171875,61.49944305419922],[-139.30416870117188,61.55333709716797],[-139.3827667236328,61.59638214111328],[-139.37860107421875,61.65972900390625],[-139.47804260253906,61.7327880859375],[-139.54251098632812,61.88111877441406],[-139.6888885498047,61.86555480957031],[-139.8713836669922,61.91888427734375],[-139.86241149902344,62.0]],[[-106.20916748046875,61.19110107421875],[-106.31250762939453,61.369163513183594],[-106.16166687011719,61.38195037841797],[-106.14610290527344,61.51500701904297],[-106.08805847167969,61.59638214111328],[-106.39583587646484,61.62750244140625],[-106.74778747558594,61.55083465576172],[-107.0,61.638580322265625]],[[-73.3661117553711,61.74028015136719],[-73.3036117553711,61.66612243652344],[-73.33861541748047,61.61583709716797],[-73.3213882446289,61.55554962158203],[-73.20249938964844,61.46916961669922],[-73.40250396728516,61.453330993652344],[-73.5300064086914,61.489723205566406],[-73.54778289794922,61.44916534423828],[-73.82167053222656,61.45667266845703],[-74.0,61.41083526611328]],[[-116.94642639160156,60.0],[-116.72083282470703,60.1058349609375],[-116.5041732788086,60.30583190917969],[-116.35723114013672,60.3619384765625],[-116.30001068115234,60.48499298095703],[-116.0,60.63706970214844]],[[-76.31555938720703,60.86555480957031],[-76.4094467163086,60.82945251464844],[-76.36444854736328,60.76750183105469],[-76.40166473388672,60.6763916015625],[-76.10610961914062,60.534996032714844],[-76.23751068115234,60.49083709716797],[-76.51667022705078,60.51500701904297],[-76.48332977294922,60.49443817138672],[-76.5152816772461,60.43500518798828],[-76.63944244384766,60.38805389404297],[-76.66443634033203,60.31971740722656],[-76.85472106933594,60.25971984863281],[-76.73804473876953,60.177490234375],[-76.7588882446289,60.15916442871094]],[[-73.0,60.89561462402344],[-72.8941650390625,60.876953125],[-72.71166229248047,60.93611145019531],[-72.4927749633789,60.90777587890625],[-72.45667266845703,60.82472229003906],[-72.4911117553711,60.77667236328125],[-72.46305084228516,60.69639587402344],[-72.4866714477539,60.65861511230469],[-72.35388946533203,60.551109313964844],[-72.0,60.394981384277344]],[[-129.792724609375,59.0],[-129.7005615234375,59.089996337890625],[-129.37249755859375,59.09971618652344],[-129.19944763183594,59.193603515625],[-129.03250122070312,59.22776794433594],[-129.00527954101562,59.395286560058594],[-129.193603515625,59.514442443847656],[-129.21749877929688,59.61000061035156],[-129.18722534179688,59.645843505859375],[-129.0,59.672149658203125]],[[-127.3402328491211,59.0],[-127.61750030517578,59.20249938964844],[-127.56945037841797,59.25166320800781],[-127.66582489013672,59.359161376953125],[-127.66500091552734,59.44916534423828],[-127.57860565185547,59.56110382080078],[-127.13278198242188,59.63111114501953]],[[-117.83976745605469,59.0],[-117.71471405029297,59.05332946777344],[-117.6641616821289,59.14833068847656],[-117.3949966430664,59.24665832519531],[-117.16166687011719,59.48528289794922],[-117.15415954589844,59.62278747558594],[-117.0,59.77262878417969]],[[-73.0,59.19960021972656],[-72.63777923583984,59.23750305175781],[-72.69750213623047,59.261383056640625],[-72.74500274658203,59.37194061279297],[-72.70972442626953,59.45111846923828],[-72.743896484375,59.59333038330078],[-72.7044448852539,59.66084289550781],[-72.57555389404297,59.73805236816406],[-72.58805084228516,59.78666687011719],[-72.46582794189453,59.926116943359375],[-72.0,59.964385986328125]],[[-132.0,58.40540313720703],[-132.1538848876953,58.49750518798828],[-132.16110229492188,58.689453125],[-132.09027099609375,58.78111267089844],[-132.48471069335938,58.78388977050781],[-132.7308349609375,58.73388671875],[-132.866943359375,58.825836181640625],[-132.9361114501953,58.81611633300781],[-133.0,58.888427734375]],[[-123.34371185302734,58.0],[-123.4594497680664,58.116668701171875],[-123.5425033569336,58.132781982421875],[-123.58527374267578,58.225830078125],[-123.6675033569336,58.28639221191406],[-123.61832427978516,58.37721252441406],[-123.78555297851562,58.551658630371094],[-123.72888946533203,58.61638641357422],[-123.51667022705078,58.68305969238281],[-123.50916290283203,58.79499816894531],[-123.40332794189453,58.841949462890625],[-123.0,58.75811767578125]],[[-122.0,58.35804748535156],[-122.1280517578125,58.53417205810547],[-122.4544448852539,58.56999969482422],[-122.53833770751953,58.65055847167969],[-122.6786117553711,58.6875],[-122.65416717529297,58.74444580078125],[-122.55306243896484,58.78138732910156],[-122.51111602783203,58.86000061035156],[-122.54639434814453,58.915283203125],[-122.45804595947266,59.0]],[[-118.0,58.027374267578125],[-118.05000305175781,58.0755615234375],[-118.0513916015625,58.25054931640625],[-118.22000122070312,58.30305480957031],[-118.32305145263672,58.404441833496094],[-118.34778594970703,58.55500030517578],[-118.31055450439453,58.58916473388672],[-118.3888931274414,58.665283203125],[-118.36556243896484,58.72833251953125],[-118.41861724853516,58.741119384765625],[-118.37194061279297,58.801116943359375],[-118.42583465576172,58.85472106933594],[-118.2750015258789,58.86833190917969]],[[-123.0,57.2586669921875],[-122.78138732910156,57.228057861328125],[-122.58306121826172,57.25138854980469],[-122.25777435302734,57.42528533935547],[-122.09388732910156,57.46582794189453],[-122.14666748046875,57.55889129638672],[-122.11138916015625,57.60027313232422],[-122.20443725585938,57.71806335449219],[-122.17304992675781,57.803619384765625],[-122.0,57.88909912109375]],[[-119.56360626220703,57.79083251953125],[-119.58943939208984,57.71028137207031],[-119.65917205810547,57.7197265625],[-119.74639129638672,57.624168395996094],[-119.80332946777344,57.627769470214844],[-119.72554779052734,57.53777313232422],[-119.85250854492188,57.435829162597656],[-119.80389404296875,57.33833312988281],[-119.52111053466797,57.30555725097656],[-119.18527221679688,57.36499786376953],[-119.0,57.51586151123047]],[[-119.0,57.51586151123047],[-118.77389526367188,57.702789306640625],[-118.78056335449219,57.768341064453125],[-118.63944244384766,57.899444580078125],[-118.4130630493164,57.95222473144531],[-118.0,57.876190185546875]],[[-115.0,57.092254638671875],[-115.24723052978516,57.27833557128906],[-115.22416687011719,57.30804443359375],[-115.35555267333984,57.43889617919922],[-115.5058364868164,57.51805877685547],[-115.3919448852539,57.58861541748047],[-115.43277740478516,57.631935119628906],[-115.37639617919922,57.790283203125],[-115.4191665649414,57.86305236816406],[-115.34223175048828,57.91667175292969],[-115.37841033935547,58.0]],[[-67.0,57.01835632324219],[-67.15611267089844,57.065277099609375],[-67.22999572753906,57.13665771484375],[-67.24861145019531,57.2208251953125],[-67.40555572509766,57.402496337890625],[-67.40528106689453,57.497215270996094],[-67.36194610595703,57.55693817138672],[-67.44110870361328,57.7066650390625],[-67.58499908447266,57.85833740234375],[-67.71666717529297,57.92277526855469]],[[-65.23941040039062,57.0],[-65.37361907958984,57.10194396972656],[-65.2511215209961,57.25389099121094],[-65.3213882446289,57.34972381591797],[-65.27861022949219,57.392494201660156],[-65.31139373779297,57.431663513183594],[-65.29389190673828,57.48389434814453],[-65.5300064086914,57.591102600097656],[-65.4800033569336,57.70695495605469],[-65.57555389404297,57.7327880859375],[-65.62610626220703,57.795562744140625],[-65.60999298095703,57.84028625488281],[-65.5133285522461,57.875274658203125],[-65.57152557373047,58.0]],[[-114.0,56.176727294921875],[-113.81777954101562,56.255828857421875],[-113.82167053222656,56.30833435058594],[-113.72693634033203,56.372779846191406],[-113.73221588134766,56.43750762939453],[-113.60138702392578,56.57166290283203],[-113.65917205810547,56.62610626220703],[-113.57389068603516,56.71417236328125],[-113.6852798461914,56.85499572753906],[-113.91583251953125,56.839447021484375],[-114.0,56.87214660644531]],[[-92.28833770751953,56.0],[-92.43111419677734,56.057220458984375],[-92.4911117553711,56.14778137207031],[-92.72333526611328,56.22944641113281],[-92.8558349609375,56.343048095703125],[-92.65637969970703,56.57361602783203],[-92.63472747802734,56.640838623046875],[-92.70166778564453,56.725830078125],[-92.64527130126953,56.86000061035156],[-92.58472442626953,56.91583251953125],[-92.4675064086914,56.93695068359375]],[[-67.18482971191406,56.0],[-67.2733383178711,56.04638671875],[-67.25833129882812,56.10638427734375],[-67.39888763427734,56.19444274902344],[-67.38361358642578,56.22833251953125],[-67.51860809326172,56.50556182861328],[-67.39749908447266,56.64167022705078],[-67.50695037841797,56.779998779296875],[-67.4063949584961,56.88972473144531],[-67.2369384765625,56.95306396484375],[-67.22215270996094,57.0]],[[-100.0,55.50847625732422],[-99.91250610351562,55.59583282470703],[-99.86000061035156,55.561668395996094],[-99.74278259277344,55.582496643066406],[-99.62389373779297,55.504722595214844],[-99.24834442138672,55.530555725097656],[-99.10166931152344,55.46833038330078],[-99.04916381835938,55.51416778564453],[-99.03416442871094,55.65528869628906],[-99.0,55.66612243652344]],[[-93.0,55.327423095703125],[-92.7230453491211,55.36054992675781],[-92.4847183227539,55.33027648925781],[-92.37166595458984,55.385276794433594],[-92.34917449951172,55.451942443847656],[-92.19389343261719,55.48444366455078],[-92.16610717773438,55.82194519042969],[-92.0958251953125,55.867218017578125],[-92.28833770751953,56.0]],[[-91.86605834960938,55.0],[-91.85111999511719,55.059173583984375],[-91.7125015258789,55.1602783203125],[-91.69110870361328,55.231658935546875],[-91.51721954345703,55.28749084472656],[-91.45667266845703,55.48444366455078],[-91.39000701904297,55.56499481201172],[-91.56139373779297,55.6622314453125],[-91.74555969238281,55.65528869628906],[-91.61888885498047,55.773895263671875],[-91.63721466064453,55.814727783203125],[-92.0,55.855926513671875]],[[-66.0,55.05902099609375],[-65.6130599975586,55.1058349609375],[-65.61333465576172,55.222503662109375],[-65.34444427490234,55.274993896484375],[-65.23527526855469,55.420005798339844],[-65.0927734375,55.46277618408203],[-65.06694030761719,55.71583557128906],[-65.09416198730469,55.7630615234375],[-65.0,55.83222961425781]],[[-119.0,54.069305419921875],[-118.89472961425781,54.07666015625],[-118.55889129638672,54.229156494140625],[-118.47527313232422,54.369720458984375],[-118.30306243896484,54.50444793701172],[-118.32305145263672,54.552772521972656],[-118.54582977294922,54.66999816894531],[-118.50916290283203,54.690277099609375],[-118.54666900634766,54.7066650390625],[-118.47916412353516,54.73388671875],[-118.6030502319336,54.83000183105469],[-118.6111068725586,54.9102783203125],[-118.5294418334961,55.0]],[[-83.91639709472656,54.272491455078125],[-83.67638397216797,54.272491455078125],[-83.48194122314453,54.37694549560547],[-83.41083526611328,54.48778533935547],[-83.4322280883789,54.60722351074219],[-83.4786148071289,54.67417907714844],[-83.5727767944336,54.7147216796875],[-83.56555938720703,54.760284423828125],[-83.44194793701172,54.84666442871094],[-83.3438949584961,54.83612060546875],[-83.18472290039062,54.893341064453125],[-83.23971557617188,54.94694519042969],[-83.22305297851562,54.975830078125],[-83.06045532226562,55.0]],[[-74.0,53.113861083984375],[-74.22833251953125,53.06639099121094],[-74.2780532836914,53.093048095703125],[-74.27611541748047,53.13555908203125],[-74.63750457763672,53.24943542480469],[-74.61971282958984,53.310272216796875],[-74.72777557373047,53.353057861328125],[-74.67444610595703,53.419715881347656],[-74.73082733154297,53.461387634277344],[-74.70915985107422,53.496116638183594],[-74.86000061035156,53.486671447753906],[-74.76248931884766,53.54778289794922],[-74.8316650390625,53.56305694580078],[-74.64888763427734,53.659454345703125]],[[-114.0,52.0574951171875],[-113.89666748046875,52.23777770996094],[-113.73194122314453,52.3408203125],[-113.64693450927734,52.27888488769531],[-113.41693878173828,52.22694396972656],[-113.2683334350586,52.24861145019531],[-113.25250244140625,52.29554748535156],[-113.09138488769531,52.304168701171875],[-113.0,52.0848388671875]],[[-114.0,52.95591735839844],[-113.92611694335938,52.92388916015625],[-113.89999389648438,52.79722595214844],[-113.67388153076172,52.64360809326172],[-113.5875015258789,52.651397705078125],[-113.50556182861328,52.74778747558594],[-113.26721954345703,52.72666931152344],[-113.29972076416016,52.83222961425781],[-113.20443725585938,52.82499694824219],[-113.17832946777344,52.95166015625],[-113.0,52.938873291015625]],[[-113.0,52.938873291015625],[-112.80917358398438,52.90361022949219],[-112.72582244873047,52.77861022949219],[-112.40416717529297,52.67445373535156],[-112.39611053466797,52.60889434814453],[-112.29027557373047,52.50305938720703],[-112.0,52.459190368652344]],[[-112.0,52.459190368652344],[-111.62166595458984,52.31416320800781],[-111.3550033569336,52.41138458251953],[-111.2508316040039,52.47472381591797],[-111.31694793701172,52.608055114746094],[-111.29222869873047,52.648895263671875],[-111.14582824707031,52.74806213378906],[-111.12721252441406,52.82806396484375],[-111.0,52.879364013671875]],[[-71.0,52.51520538330078],[-71.06889343261719,52.531944274902344],[-71.20555114746094,52.463340759277344],[-71.56082916259766,52.37998962402344],[-71.62166595458984,52.40833282470703],[-71.59166717529297,52.44194793701172],[-71.6191635131836,52.512779235839844],[-71.77194213867188,52.46916961669922],[-71.89944458007812,52.51416778564453],[-72.0,52.467506408691406]],[[-62.0,52.61125946044922],[-61.75944519042969,52.58971405029297],[-61.6925048828125,52.532493591308594],[-61.59333038330078,52.523338317871094],[-61.545555114746094,52.48389434814453],[-61.56610870361328,52.45471954345703],[-61.497779846191406,52.435279846191406],[-61.54528045654297,52.39777374267578],[-61.536659240722656,52.34222412109375],[-61.443336486816406,52.320556640625],[-61.381103515625,52.247222900390625],[-61.1744384765625,52.14471435546875],[-61.0,52.13330078125]],[[-113.0,51.82469177246094],[-112.87167358398438,51.61804962158203],[-112.86721801757812,51.50666046142578],[-112.66971588134766,51.445838928222656],[-112.0,51.089385986328125]],[[-95.0,51.305084228515625],[-95.03971862792969,51.34693908691406],[-95.13055419921875,51.348052978515625],[-95.32166290283203,51.302490234375],[-95.56583404541016,51.45722198486328],[-95.67916107177734,51.462501525878906],[-95.77250671386719,51.38916778564453],[-95.93388366699219,51.447227478027344],[-95.87666320800781,51.517494201660156],[-95.89944458007812,51.54389190673828],[-96.0,51.54564666748047]],[[-72.0,51.584739685058594],[-72.27750396728516,51.518882751464844],[-72.3727798461914,51.3155517578125],[-73.0,51.01985168457031]],[[-118.35584259033203,50.82861328125],[-118.40471649169922,50.80084228515625],[-118.34806060791016,50.69500732421875],[-118.40222930908203,50.556114196777344],[-118.6288833618164,50.263885498046875],[-118.73860931396484,50.25],[-118.81805419921875,50.2933349609375],[-118.73804473876953,50.59833526611328],[-118.83944702148438,50.604164123535156],[-119.0,50.532615661621094]],[[-111.9168701171875,51.0],[-111.9022216796875,50.96916198730469],[-111.9486083984375,50.92083740234375],[-111.85166931152344,50.91082763671875],[-111.78944396972656,50.839996337890625],[-111.6111068725586,50.84584045410156],[-111.53694915771484,50.7691650390625],[-111.37250518798828,50.773895263671875],[-111.2602767944336,50.87666320800781],[-111.15638732910156,50.8427734375],[-111.1058349609375,50.898895263671875],[-111.0,50.92723083496094]],[[-84.43608856201172,50.0],[-84.28221893310547,50.15916442871094],[-84.28389739990234,50.320831298828125],[-84.34944915771484,50.41083526611328],[-84.48499298095703,50.48778533935547],[-84.50249481201172,50.544715881347656],[-84.4286117553711,50.75971984863281],[-84.59000396728516,50.85472106933594],[-84.60840606689453,51.0]],[[-114.0,49.57927703857422],[-113.74749755859375,49.55554962158203],[-113.69304656982422,49.59333038330078],[-113.70526885986328,49.626678466796875],[-113.60111236572266,49.64167022705078],[-113.61971282958984,49.67805480957031],[-113.38056182861328,49.72666931152344],[-113.23777770996094,49.84666442871094],[-113.19389343261719,49.784454345703125],[-113.0,49.73298645019531]],[[-113.0,49.73298645019531],[-112.9697265625,49.72111511230469],[-112.9808349609375,49.66999816894531],[-112.89443969726562,49.61500549316406],[-112.82083129882812,49.634735107421875],[-112.86944580078125,49.71833801269531],[-112.75334167480469,49.8447265625],[-112.47943878173828,49.877227783203125],[-112.17971801757812,49.80805969238281],[-112.18388366699219,49.916107177734375],[-112.12472534179688,49.95472717285156],[-112.0,49.883026123046875]],[[-109.0,49.48773956298828],[-108.73028564453125,49.490562438964844],[-108.70471954345703,49.43389129638672],[-108.4513931274414,49.328887939453125],[-108.24222564697266,49.33360290527344],[-108.20304870605469,49.37443542480469],[-108.23222351074219,49.40111541748047],[-108.149169921875,49.436668395996094],[-108.12472534179688,49.39305877685547],[-108.0,49.39763641357422]],[[-104.0,49.76055908203125],[-103.58638763427734,49.452781677246094],[-103.58638763427734,49.36054992675781],[-103.2813949584961,49.19776916503906],[-103.0,49.11846923828125]],[[-78.12356567382812,49.0],[-78.06639099121094,49.035003662109375],[-78.11054992675781,49.06889343261719],[-78.04833984375,49.10221862792969],[-78.04777526855469,49.16471862792969],[-78.12944030761719,49.29222106933594],[-78.21832275390625,49.34916687011719],[-78.20889282226562,49.40721893310547],[-78.49443817138672,49.563880920410156],[-78.47750091552734,49.593055725097656],[-78.56221771240234,49.713897705078125],[-78.5683364868164,49.785552978515625],[-78.65166473388672,49.87278747558594],[-78.8941650390625,50.0]],[[-75.37027740478516,49.47167205810547],[-75.41638946533203,49.51667022705078],[-75.54305267333984,49.523338317871094],[-75.56360626220703,49.566673278808594],[-75.73860931396484,49.468055725097656],[-75.97027587890625,49.46971893310547],[-75.82305908203125,49.60027313232422],[-75.97471618652344,49.58916473388672],[-75.89334106445312,49.66361999511719],[-76.0,49.70744323730469]],[[-57.64277648925781,49.60277557373047],[-57.41333770751953,49.68360900878906],[-57.32499694824219,49.596946716308594],[-57.19389343261719,49.627220153808594],[-57.071380615234375,49.501670837402344],[-57.10888671875,49.37805938720703],[-57.20222473144531,49.356658935546875],[-57.44666290283203,49.17694091796875]],[[-101.94981384277344,49.0],[-101.69249725341797,48.651397705078125],[-101.54528045654297,48.519447326660156],[-101.58306121826172,48.442222595214844],[-101.52083587646484,48.42389678955078],[-101.35388946533203,48.22499084472656],[-101.23860168457031,48.21527099609375],[-101.0,48.08052062988281]],[[-101.0,48.08052062988281],[-100.9052734375,48.057220458984375],[-100.73417663574219,48.12165832519531],[-100.7119369506836,48.16526794433594],[-100.5344467163086,48.20527648925781],[-100.39305877685547,48.408058166503906],[-100.47527313232422,48.53583526611328],[-100.68193817138672,48.57860565185547],[-100.78334045410156,48.66389465332031],[-100.94082641601562,48.8699951171875],[-100.956787109375,49.0]],[[-81.56896209716797,48.0],[-81.53499603271484,48.06639099121094],[-81.53221893310547,48.28082275390625],[-81.44693756103516,48.421119689941406],[-81.35916900634766,48.482505798339844],[-81.39278411865234,48.52472686767578],[-81.48860931396484,48.536109924316406],[-81.5344467163086,48.679168701171875],[-81.47306060791016,48.84083557128906],[-81.56082916259766,48.90777587890625],[-81.57941436767578,49.0]],[[-103.46588897705078,47.0],[-103.53583526611328,47.10166931152344],[-103.5330581665039,47.163330078125],[-103.59944915771484,47.22528076171875],[-103.58861541748047,47.526390075683594],[-103.40972137451172,47.540000915527344],[-103.36417388916016,47.61638641357422],[-103.05082702636719,47.59583282470703],[-103.0,47.65083312988281]],[[-103.90460205078125,46.0],[-103.93916320800781,46.04249572753906],[-103.89166259765625,46.12443542480469],[-103.83000183105469,46.14833068847656],[-103.91111755371094,46.406944274902344],[-103.8558349609375,46.493614196777344],[-103.67888641357422,46.65472412109375],[-103.48444366455078,46.61804962158203],[-103.42833709716797,46.64862060546875],[-103.52666473388672,46.730560302734375],[-103.5677719116211,46.722503662109375],[-103.5763931274414,46.78306579589844],[-103.51305389404297,46.868896484375],[-103.51500701904297,46.958892822265625],[-103.46588897705078,47.0]],[[-74.54561614990234,47.0],[-74.70999908447266,46.79667663574219],[-74.66582489013672,46.760009765625],[-74.90750122070312,46.46111297607422],[-74.7249984741211,46.269989013671875],[-74.70555877685547,46.21110534667969],[-74.73555755615234,46.18028259277344],[-74.66083526611328,46.10888671875],[-74.67833709716797,46.065277099609375],[-74.6288833618164,46.04388427734375],[-74.63990020751953,46.0]],[[-95.63790130615234,46.0],[-95.81333923339844,45.896942138671875],[-95.77084350585938,45.81944274902344],[-95.78694152832031,45.714447021484375],[-95.70055389404297,45.588890075683594],[-95.73500061035156,45.509437561035156],[-95.62805938720703,45.326385498046875],[-95.69165802001953,45.25221252441406],[-95.70471954345703,45.1663818359375],[-95.8125,45.14332580566406],[-95.79972839355469,45.01611328125],[-95.7662353515625,45.0]],[[-92.4609146118164,46.0],[-92.69666290283203,45.913330078125],[-92.790283203125,45.77223205566406],[-92.88833618164062,45.70306396484375],[-92.89582824707031,45.58415985107422],[-92.75666046142578,45.55693817138672],[-92.65917205810547,45.425559997558594],[-92.76028442382812,45.28971862792969],[-92.74945068359375,45.1119384765625],[-92.80416870117188,45.06721496582031],[-92.77389526367188,45.0]],[[-88.0,45.78871154785156],[-87.80027770996094,45.684173583984375],[-87.8255615234375,45.65528869628906],[-87.78750610351562,45.5966796875],[-87.83000183105469,45.57166290283203],[-87.80361938476562,45.50139617919922],[-87.87028503417969,45.442222595214844],[-87.88082885742188,45.36637878417969],[-87.67610931396484,45.38666534423828],[-87.65055084228516,45.35194396972656],[-87.73500061035156,45.187225341796875],[-87.59667205810547,45.10417175292969]],[[-121.35823822021484,44.0],[-121.2961196899414,44.08305358886719],[-121.3041763305664,44.19610595703125],[-121.21527099609375,44.299713134765625],[-121.30472564697266,44.46971893310547],[-121.27278900146484,44.62834167480469],[-121.21638488769531,44.74250793457031],[-121.05027770996094,44.87834167480469],[-121.07638549804688,44.945556640625],[-121.04594421386719,45.0]],[[-119.0,44.415626525878906],[-119.56194305419922,44.49443817138672],[-119.62776947021484,44.549720764160156],[-119.62833404541016,44.75944519042969],[-119.80528259277344,44.8447265625],[-120.0,44.79339599609375]],[[-105.0,44.213134765625],[-104.92304992675781,44.32804870605469],[-104.74694061279297,44.39167022705078],[-104.66999053955078,44.63111114501953],[-104.52916717529297,44.711669921875],[-104.44445037841797,44.8316650390625],[-104.36194610595703,44.86222839355469],[-104.33000946044922,44.95166015625],[-104.0,44.725738525390625]],[[-71.0,44.40654754638672],[-70.77194213867188,44.423057556152344],[-70.76611328125,44.490562438964844],[-70.62555694580078,44.492774963378906],[-70.5233383178711,44.554161071777344],[-70.28333282470703,44.48999786376953],[-70.22666931152344,44.529441833496094],[-70.13804626464844,44.409446716308594],[-70.17471313476562,44.34111022949219],[-70.18861389160156,44.079437255859375],[-70.13804626464844,44.021942138671875],[-70.02993774414062,44.0]],[[-69.86660766601562,45.0],[-69.84445190429688,44.91944885253906],[-69.883056640625,44.77806091308594],[-69.78306579589844,44.727508544921875],[-69.66304779052734,44.77278137207031],[-69.57222747802734,44.64277648925781],[-69.77250671386719,44.32276916503906],[-69.74304962158203,44.1986083984375],[-69.76806640625,44.07777404785156]],[[-117.70061492919922,43.0],[-117.68749237060547,43.11944580078125],[-117.61750030517578,43.20111083984375],[-117.49555206298828,43.217498779296875],[-117.45499420166016,43.320556640625],[-117.31694793701172,43.334442138671875],[-117.31722259521484,43.603050231933594],[-117.22944641113281,43.64778137207031],[-117.24305725097656,43.67750549316406],[-117.12249755859375,43.790283203125],[-117.024169921875,43.80610656738281]],[[-85.08055114746094,44.0],[-85.42888641357422,43.85499572753906],[-85.42638397216797,43.804718017578125],[-85.49443817138672,43.78167724609375],[-85.4574966430664,43.64778137207031],[-85.62999725341797,43.520835876464844],[-85.68555450439453,43.420555114746094],[-85.80860900878906,43.42028045654297],[-86.0,43.33680725097656]],[[-80.26461029052734,44.0],[-80.34917449951172,43.73472595214844],[-80.4688949584961,43.68083190917969],[-80.4527816772461,43.649444580078125],[-80.51305389404297,43.555274963378906],[-80.40055084228516,43.45972442626953],[-80.42694854736328,43.418617248535156],[-80.33028411865234,43.37638854980469],[-80.36055755615234,43.176666259765625],[-80.25389862060547,43.122222900390625],[-80.0,43.10498046875]],[[-123.0,42.470497131347656],[-123.12138366699219,42.420555114746094],[-123.42945098876953,42.436119079589844],[-123.49138641357422,42.45861053466797],[-123.49889373779297,42.54332733154297],[-123.5794448852539,42.57361602783203],[-123.5888900756836,42.6622314453125],[-123.70499420166016,42.659454345703125],[-123.75444030761719,42.71250915527344],[-123.85806274414062,42.72694396972656],[-124.0,42.660797119140625]],[[-92.5898208618164,43.0],[-92.53194427490234,42.95249938964844],[-92.51416778564453,42.78666687011719],[-92.43250274658203,42.68333435058594],[-92.49443817138672,42.61444854736328],[-92.48221588134766,42.56249237060547],[-92.31888580322266,42.490562438964844],[-92.18360900878906,42.33610534667969],[-92.03971862792969,42.28082275390625],[-92.06222534179688,42.20582580566406],[-92.0,42.17010498046875]],[[-81.0,42.99407958984375],[-81.37972259521484,42.975555419921875],[-81.43444061279297,42.921112060546875],[-81.39777374267578,42.87638854980469],[-81.42472076416016,42.78778076171875],[-81.64527130126953,42.70445251464844],[-81.68721771240234,42.65333557128906],[-81.73500061035156,42.66972351074219],[-82.0,42.56232452392578]],[[-100.0,41.81260681152344],[-99.79055786132812,41.77027893066406],[-99.6611099243164,41.67417907714844],[-99.30306243896484,41.62361145019531],[-99.22499084472656,41.545555114746094],[-99.22805786132812,41.495277404785156],[-99.0,41.29902648925781]],[[-99.0,41.29902648925781],[-98.81500244140625,41.103607177734375],[-98.63805389404297,41.06500244140625],[-98.56000518798828,41.08000183105469],[-98.36833953857422,41.28166198730469],[-98.18472290039062,41.269439697265625],[-98.0,41.34202575683594]],[[-91.69588470458984,42.0],[-91.40694427490234,41.856109619140625],[-91.39611053466797,41.81500244140625],[-91.15415954589844,41.668609619140625],[-91.11555480957031,41.550270080566406],[-91.2861099243164,41.42749786376953],[-91.34806060791016,41.29832458496094],[-91.19389343261719,41.20582580566406],[-91.10972595214844,41.100830078125],[-91.0333251953125,41.161102294921875]],[[-83.92361450195312,40.614723205566406],[-83.83833312988281,40.55693817138672],[-83.78778076171875,40.6683349609375],[-83.73777770996094,40.68194580078125],[-83.43250274658203,40.60694122314453],[-83.38750457763672,40.55889129638672],[-83.20388793945312,40.540000915527344],[-83.07774353027344,40.0]],[[-78.0,40.11528015136719],[-77.93083190917969,40.1441650390625],[-77.90472412109375,40.278045654296875],[-77.80111694335938,40.37694549560547],[-77.82305908203125,40.398887634277344],[-77.58055877685547,40.58916473388672],[-77.43305206298828,40.61500549316406],[-77.3691635131836,40.546669006347656],[-77.30500030517578,40.53777313232422],[-77.16694641113281,40.571388244628906],[-77.11888122558594,40.475563049316406],[-77.0,40.44477081298828]],[[-117.44342803955078,39.0],[-117.27388763427734,39.24583435058594],[-117.21611022949219,39.477500915527344],[-117.13583374023438,39.546669006347656],[-117.17250061035156,39.695831298828125],[-117.08055114746094,39.80528259277344],[-117.06971740722656,39.87889099121094],[-117.17021179199219,40.0]],[[-112.01693725585938,39.37083435058594],[-112.02861022949219,39.49083709716797],[-112.14361572265625,39.583885192871094],[-112.53694915771484,39.389442443847656],[-112.6208267211914,39.299713134765625],[-112.81805419921875,39.26165771484375],[-112.93194580078125,39.11639404296875],[-113.0,39.124664306640625]],[[-88.3609848022461,40.0],[-88.39417266845703,39.89472961425781],[-88.3697280883789,39.8013916015625],[-88.41832733154297,39.72862243652344],[-88.36360931396484,39.65083312988281],[-88.38805389404297,39.59888458251953],[-88.45833587646484,39.559715270996094],[-88.57555389404297,39.575828552246094],[-88.61333465576172,39.53221893310547],[-88.70526885986328,39.53777313232422],[-88.7219467163086,39.44805145263672],[-88.77250671386719,39.44249725341797],[-88.8497314453125,39.350830078125],[-88.81861877441406,39.32415771484375],[-88.83389282226562,39.24749755859375],[-89.0,39.116424560546875]],[[-98.0,38.65519714355469],[-97.97000122070312,38.61083221435547],[-97.85749816894531,38.59416961669922],[-97.83084106445312,38.542503356933594],[-97.69249725341797,38.52861785888672],[-97.57361602783203,38.65611267089844],[-97.56555938720703,38.852508544921875],[-97.35138702392578,38.910003662109375],[-97.16999816894531,38.90000915527344],[-97.0,38.96659851074219]],[[-89.09516906738281,39.0],[-89.13444519042969,38.896392822265625],[-89.35916900634766,38.618324279785156],[-89.3536148071289,38.57805633544922],[-89.39945220947266,38.579994201660156],[-89.38750457763672,38.52832794189453],[-89.42305755615234,38.496665954589844],[-89.7791748046875,38.418617248535156],[-89.80471801757812,38.34972381591797],[-89.91749572753906,38.30915832519531],[-89.90361022949219,38.16583251953125],[-89.97416687011719,38.06416320800781],[-89.9666748046875,38.0]],[[-79.0,38.0220947265625],[-78.88166809082031,38.081939697265625],[-78.81306457519531,38.29859924316406],[-78.62610626220703,38.39277648925781],[-78.62471771240234,38.52916717529297],[-78.58527374267578,38.543052673339844],[-78.52721405029297,38.68278503417969],[-78.18138122558594,38.9666748046875],[-78.06655883789062,39.0]],[[-95.5562973022461,38.0],[-95.43750762939453,37.920562744140625],[-95.47472381591797,37.74501037597656],[-95.42194366455078,37.708343505859375],[-95.4130630493164,37.637779235839844],[-95.16360473632812,37.489173889160156],[-95.12026977539062,37.20555114746094],[-95.0675048828125,37.16194152832031],[-95.08139038085938,37.04804992675781],[-95.03260803222656,37.0]],[[-90.63404083251953,37.0],[-90.46222686767578,36.89166259765625],[-90.3022232055664,36.638893127441406],[-90.35889434814453,36.535560607910156],[-90.4830551147461,36.474998474121094],[-90.49889373779297,36.42028045654297],[-90.71443939208984,36.34222412109375],[-90.73417663574219,36.28639221191406],[-90.8155517578125,36.29527282714844],[-90.86944580078125,36.242218017578125],[-90.96278381347656,36.25749206542969],[-91.0,36.20051574707031]],[[-92.95309448242188,34.0],[-92.87055969238281,33.79417419433594],[-92.90472412109375,33.73944091796875],[-92.77333068847656,33.50749969482422],[-92.53028106689453,33.320831298828125],[-92.4558334350586,33.3216552734375],[-92.44361114501953,33.276947021484375],[-92.35472869873047,33.299163818359375],[-92.17332458496094,33.2127685546875],[-92.17416381835938,33.17860412597656],[-92.11138916015625,33.15583801269531],[-92.13333129882812,33.09222412109375],[-92.07611083984375,33.0]],[[-92.07611083984375,33.0],[-92.06500244140625,32.749176025390625],[-92.1502685546875,32.675567626953125],[-92.09832763671875,32.592491149902344],[-92.14250183105469,32.577491760253906],[-92.12611389160156,32.461952209472656],[-92.16416931152344,32.424720764160156],[-92.12666320800781,32.416114807128906],[-92.10472106933594,32.2994384765625],[-92.16583251953125,32.283599853515625],[-92.11277770996094,32.15861511230469],[-92.03138732910156,32.086944580078125],[-92.04527282714844,32.059173583984375],[-92.0,32.04273986816406]],[[-91.96969604492188,32.0],[-91.93417358398438,31.928329467773438],[-91.85749816894531,31.922775268554688],[-91.79750061035156,31.866119384765625],[-91.82417297363281,31.770843505859375],[-91.78306579589844,31.74639892578125],[-91.82667541503906,31.58055877685547],[-91.78500366210938,31.528892517089844],[-91.80278015136719,31.48139190673828],[-91.72611236572266,31.449432373046875],[-91.79667663574219,31.447227478027344],[-91.86000061035156,31.50556182861328],[-91.85610961914062,31.424720764160156],[-91.7872314453125,31.394989013671875],[-91.8719482421875,31.357223510742188],[-91.83694458007812,31.271377563476562]],[[-91.0,29.934524536132812],[-90.9425048828125,29.841384887695312],[-90.58361053466797,29.724441528320312],[-90.4786148071289,29.60138702392578],[-90.33194732666016,29.54833221435547],[-90.20832824707031,29.271102905273438],[-90.22776794433594,29.1663818359375],[-90.16944885253906,29.113327026367188]],[[-99.78631591796875,29.0],[-99.75694274902344,28.882217407226562],[-99.8094482421875,28.7933349609375],[-99.73332977294922,28.54222869873047],[-99.67472076416016,28.500282287597656],[-99.56249237060547,28.500831604003906],[-99.47333526611328,28.41693878173828],[-99.23304748535156,28.42583465576172],[-99.0,28.141586303710938]],[[-99.0,28.141586303710938],[-98.77610778808594,28.100555419921875],[-98.55138397216797,28.302215576171875],[-98.40666961669922,28.331390380859375],[-98.22721862792969,28.439712524414062],[-98.10638427734375,28.435821533203125],[-98.07749938964844,28.299713134765625],[-98.0,28.255279541015625]],[[-106.0,24.550193786621094],[-106.13444519042969,24.52721405029297],[-106.19027709960938,24.592491149902344],[-106.33361053466797,24.65416717529297],[-106.39278411865234,24.63111114501953],[-106.51555633544922,24.71112060546875],[-106.71166229248047,24.658607482910156],[-106.80332946777344,24.52721405029297],[-106.89027404785156,24.528892517089844],[-107.0,24.43829345703125]],[[-95.96499633789062,17.0191650390625],[-95.83444213867188,17.0130615234375],[-95.80751037597656,17.114166259765625],[-95.7105484008789,17.181106567382812],[-95.71971893310547,17.2177734375],[-95.5824966430664,17.396102905273438],[-95.30249786376953,17.50499725341797],[-95.2491683959961,17.621665954589844],[-95.12222290039062,17.745285034179688],[-95.15554809570312,17.819717407226562]],[[-86.0,15.183624267578125],[-85.80583190917969,15.138885498046875],[-85.74694061279297,15.202499389648438],[-85.74639129638672,15.441108703613281],[-85.66388702392578,15.544441223144531],[-85.5119400024414,15.535560607910156],[-85.34278106689453,15.772506713867188],[-85.19416809082031,15.868606567382812],[-85.0,15.8543701171875]],[[-73.26582336425781,10.904998779296875],[-73.1138916015625,10.889450073242188],[-73.09944152832031,10.836944580078125],[-73.02305603027344,10.802780151367188],[-73.01167297363281,10.689445495605469],[-73.23332977294922,10.386665344238281],[-73.27666473388672,10.252777099609375],[-73.54256439208984,10.0]],[[-72.95527648925781,9.428886413574219],[-72.97944641113281,9.323341369628906],[-72.92083740234375,9.298332214355469],[-72.75499725341797,9.389442443847656],[-72.62776947021484,9.409446716308594],[-72.52388763427734,9.373893737792969],[-72.46138763427734,9.435829162597656],[-72.36028289794922,9.402503967285156],[-72.26693725585938,9.450279235839844],[-72.19139099121094,9.604164123535156],[-72.04777526855469,9.602775573730469],[-72.05667114257812,9.687492370605469],[-72.01167297363281,9.669441223144531]],[[-66.3340072631836,10.0],[-66.1663818359375,9.873886108398438],[-66.18527221679688,9.771392822265625],[-66.40471649169922,9.507774353027344],[-66.41832733154297,9.432777404785156],[-66.59221649169922,9.27471923828125],[-66.70333099365234,9.246658325195312],[-66.70915985107422,9.153335571289062],[-66.8699951171875,9.082778930664062],[-66.91441345214844,9.0]],[[-60.0,7.280693054199219],[-59.918609619140625,7.403327941894531],[-59.834442138671875,7.356117248535156],[-59.73194885253906,7.379722595214844],[-59.56249237060547,7.329719543457031],[-59.587501525878906,7.413337707519531],[-59.548057556152344,7.518058776855469],[-59.33055114746094,7.578056335449219],[-59.31111145019531,7.636390686035156],[-59.25,7.663612365722656],[-59.26611328125,7.78277587890625],[-59.228057861328125,7.8497314453125],[-59.259490966796875,8.0]],[[-75.60027313232422,6.0316619873046875],[-75.6383285522461,6.1425018310546875],[-75.5869369506836,6.1941680908203125],[-75.54999542236328,6.337501525878906],[-75.37194061279297,6.421394348144531],[-75.1572265625,6.591941833496094],[-75.11500549316406,6.776947021484375],[-75.18832397460938,6.8350067138671875],[-75.185546875,6.8947296142578125],[-75.07695007324219,7.0]],[[-58.49500274658203,5.0],[-58.521949768066406,5.0755615234375],[-58.633056640625,5.1288909912109375],[-58.633888244628906,5.1974945068359375],[-58.53972625732422,5.315010070800781],[-58.55083465576172,5.408332824707031],[-58.45111846923828,5.399726867675781],[-58.372779846191406,5.445274353027344],[-58.35333251953125,5.790557861328125],[-58.279632568359375,6.0]]]}}