{"type":"FeatureCollection","features":[{"type":"Feature","properties":{},"geometry":{"type":"Polygon","coordinates":[[[-180.0,68.9937744140625],[-178.8732147216797,68.76374816894531],[-178.4609375,68.58258056640625],[-178.80189514160156,68.72880554199219],[-178.71755981445312,68.54413604736328],[-178.37344360351562,68.41300201416016],[-177.300048828125,68.23458099365234],[-177.11253356933594,68.17163848876953],[-177.22918701171875,68.19413757324219],[-177.16502380371094,68.07038879394531],[-177.01182556152344,68.14622497558594],[-176.75921630859375,67.98999786376953],[-176.9066619873047,67.94122314453125],[-176.1624755859375,67.8941650390625],[-176.5283966064453,67.99958038330078],[-175.25674438476562,67.65877532958984],[-174.73922729492188,67.29914093017578],[-174.91082763671875,67.08333587646484],[-174.69921875,66.72750091552734],[-174.9774932861328,66.68663787841797],[-174.9092559814453,66.5875015258789],[-174.4392547607422,66.52913665771484],[-174.40341186523438,66.29374694824219],[-174.2167205810547,66.46788787841797],[-173.97500610351562,66.45955657958984],[-174.0675506591797,66.24910736083984],[-173.9450225830078,66.14458465576172],[-173.83253479003906,66.47827911376953],[-174.2250518798828,66.57122039794922],[-173.9225616455078,66.67749786376953],[-174.005859375,66.9808578491211],[-174.62588500976562,67.05169677734375],[-173.6300506591797,67.11708068847656],[-171.66668701171875,66.944580078125],[-171.10174560546875,66.55791473388672],[-170.106689453125,66.17955780029297],[-169.6739959716797,66.13652801513672],[-169.72010803222656,66.0036392211914],[-170.4125213623047,65.95249938964844],[-170.56922912597656,65.85253143310547],[-170.5650634765625,65.6128921508789],[-171.44345092773438,65.83208465576172],[-170.98910522460938,65.59249877929688],[-171.050048828125,65.46708679199219],[-172.07347106933594,65.47872161865234],[-171.70094299316406,65.51416778564453],[-172.27174377441406,65.55205535888672],[-172.4484100341797,65.70872497558594],[-173.00921630859375,65.70166778564453],[-172.53009033203125,65.62041473388672],[-172.27841186523438,65.41542053222656],[-172.0858612060547,65.48666381835938],[-172.2526092529297,65.22166442871094],[-172.1193389892578,65.04914093017578],[-173.21092224121094,64.75749969482422],[-172.9095916748047,64.82766723632812],[-172.75083923339844,64.76752471923828],[-173.07913208007812,64.64997100830078],[-172.83592224121094,64.65750122070312],[-172.97764587402344,64.57080841064453],[-172.4284210205078,64.54374694824219],[-172.23583984375,64.40249633789062],[-172.97508239746094,64.49205780029297],[-173.0401153564453,64.43794250488281],[-172.81088256835938,64.43580627441406],[-172.8408660888672,64.29413604736328],[-173.1500244140625,64.23958587646484],[-173.3657989501953,64.28994750976562],[-173.142578125,64.43916320800781],[-173.3249969482422,64.61125183105469],[-173.2709503173828,64.44499969482422],[-173.6533966064453,64.32122039794922],[-174.98585510253906,64.79080963134766],[-175.43508911132812,64.76372528076172],[-175.32916259765625,64.83499908447266],[-175.89927673339844,65.0],[-175.73922729492188,65.14169311523438],[-176.03256225585938,65.39580535888672],[-175.91502380371094,65.33457946777344],[-175.91082763671875,65.41666412353516],[-177.0016632080078,65.60124969482422],[-177.425048828125,65.4679183959961],[-178.44515991210938,65.46708679199219],[-178.4259796142578,65.72330474853516],[-178.630859375,65.74996948242188],[-178.9259490966797,66.038330078125],[-178.75180053710938,65.9796142578125],[-178.5008544921875,66.11746978759766],[-178.45103454589844,66.36166381835938],[-178.88844299316406,66.15125274658203],[-179.11085510253906,66.24666595458984],[-179.0617218017578,66.36708068847656],[-179.1617431640625,66.26374816894531],[-179.38174438476562,66.32125091552734],[-179.22592163085938,66.16169738769531],[-179.67835998535156,66.16791534423828],[-179.79591369628906,65.93000030517578],[-179.6508026123047,65.75419616699219],[-179.2742156982422,65.63330841064453],[-179.27590942382812,65.52664184570312],[-179.67247009277344,65.13417053222656],[-180.0,64.99555969238281],[-180.0,68.9937744140625]]]}},{"type":"Feature","properties":{},"geometry":{"type":"Polygon","coordinates":[[[180.0,64.99555969238281],[178.85069274902344,64.65833282470703],[177.70335388183594,64.688720703125],[177.40414428710938,64.81497192382812],[177.52157592773438,64.92622375488281],[177.27330017089844,64.9171142578125],[177.34243774414062,64.80830383300781],[177.07327270507812,64.75289154052734],[176.0582733154297,64.93785858154297],[175.72836303710938,64.7496109008789],[175.14256286621094,64.72244262695312],[175.69992065429688,64.73294067382812],[176.21385192871094,64.8702163696289],[176.43911743164062,64.68330383300781],[176.0716094970703,64.44708251953125],[176.4816436767578,64.66791534423828],[176.75828552246094,64.53375244140625],[177.08657836914062,64.70791625976562],[177.50828552246094,64.74127960205078],[177.49755859375,64.39666748046875],[178.2483673095703,64.16705322265625],[178.11749267578125,64.22666931152344],[178.33078002929688,64.32585906982422],[178.23402404785156,64.43333435058594],[178.649169921875,64.02497100830078],[178.52833557128906,64.06121826171875],[178.20907592773438,63.94660949707031],[178.69671630859375,63.927886962890625],[178.65493774414062,64.01288604736328],[178.75741577148438,63.815834045410156],[178.7974395751953,63.605804443359375],[178.5091094970703,63.58000183105469],[178.89410400390625,63.41413879394531],[178.80160522460938,63.596221923828125],[179.0558319091797,63.281639099121094],[178.83572387695312,63.34910583496094],[179.44752502441406,63.1199951171875],[179.27577209472656,62.95747375488281],[179.62255859375,62.727447509765625],[179.41407775878906,62.49830627441406],[179.13742065429688,62.455833435058594],[179.14833068847656,62.28538513183594],[178.07821655273438,62.531219482421875],[177.11497497558594,62.54621887207031],[175.2616424560547,62.122894287109375],[175.21160888671875,62.01039123535156],[174.77000427246094,61.894554138183594],[174.84913635253906,61.93414306640625],[174.62997436523438,61.976226806640625],[174.7624969482422,61.89250183105469],[174.58497619628906,61.82041931152344],[174.0500030517578,61.84288787841797],[174.1358642578125,61.775001525878906],[173.836669921875,61.6453857421875],[173.5316619873047,61.750389099121094],[173.5092010498047,61.55500030517578],[173.30917358398438,61.544166564941406],[173.271728515625,61.43205261230469],[172.73243713378906,61.40330505371094],[172.93666076660156,61.267059326171875],[172.2457275390625,61.13417053222656],[172.4725341796875,61.07414245605469],[172.41993713378906,61.01122283935547],[172.0308380126953,61.08830261230469],[172.2157440185547,60.972503662109375],[172.0700225830078,60.835418701171875],[171.70750427246094,60.834999084472656],[171.3933563232422,60.6129150390625],[170.5491180419922,60.426666259765625],[170.665771484375,60.375],[170.494140625,60.355804443359375],[170.69580078125,60.312469482421875],[170.51913452148438,60.252471923828125],[170.30996704101562,59.92707824707031],[169.87246704101562,60.216644287109375],[170.03582763671875,60.22413635253906],[169.25332641601562,60.612884521484375],[167.7949676513672,60.53791809082031],[167.22006225585938,60.334556579589844],[167.01168823242188,60.41291809082031],[167.07583618164062,60.30250549316406],[166.8708038330078,60.287498474121094],[166.9757843017578,60.27333068847656],[166.2783966064453,59.811195373535156],[166.08572387695312,59.80580139160156],[166.31077575683594,60.19169616699219],[166.25755310058594,60.39253234863281],[166.3874969482422,60.40833282470703],[166.27499389648438,60.47206115722656],[165.05322265625,60.10627746582031],[165.22413635253906,59.994972229003906],[164.83663940429688,59.782859802246094],[164.48663330078125,60.10124969482422],[164.13746643066406,59.934165954589844],[164.19996643066406,59.85791778564453],[164.05914306640625,59.899139404296875],[164.2100067138672,59.991249084472656],[163.6373291015625,59.99861145019531],[163.81907653808594,59.981666564941406],[163.4624481201172,59.85913848876953],[163.4141082763672,59.61833190917969],[163.1208038330078,59.48413848876953],[163.34413146972656,59.36083221435547],[163.07078552246094,59.239166259765625],[163.24082946777344,59.059967041015625],[163.03660583496094,59.18372344970703],[162.90231323242188,59.110862731933594],[163.03921508789062,58.96830749511719],[162.1991729736328,58.60247039794922],[161.8907470703125,57.977447509765625],[161.9849395751953,58.03541564941406],[162.1074676513672,57.835777282714844],[162.47747802734375,57.77410888671875],[162.36331176757812,57.66874694824219],[162.52420043945312,57.75164031982422],[162.54574584960938,57.9324951171875],[162.6916046142578,57.95124816894531],[163.31922912597656,57.727500915527344],[163.0941162109375,57.483306884765625],[162.6758575439453,57.33660888671875],[162.78582763671875,57.35417175292969],[162.84922790527344,57.037445068359375],[162.77749633789062,56.765838623046875],[163.2274932861328,56.744140625],[163.36080932617188,56.187469482421875],[163.0433349609375,56.007080078125],[162.4907989501953,56.212501525878906],[162.5728302001953,56.251861572265625],[162.0874786376953,56.09416198730469],[161.74746704101562,55.3699951171875],[162.1440887451172,54.74833679199219],[161.69671630859375,54.49455261230469],[160.84503173828125,54.55458068847656],[159.98414611816406,54.154144287109375],[159.80081176757812,53.663330078125],[159.90333557128906,53.567054748535156],[159.9207763671875,53.66497039794922],[159.9657440185547,53.49247741699219],[159.77745056152344,53.504112243652344],[159.9808349609375,53.319976806640625],[159.9508056640625,53.20832824707031],[160.03750610351562,53.26164245605469],[160.04913330078125,53.089942932128906],[159.74749755859375,53.19744873046875],[159.8183135986328,53.26958465576172],[158.699951171875,52.88200378417969],[158.5850067138672,53.057029724121094],[158.4172821044922,52.99855041503906],[158.42660522460938,52.89280700683594],[158.64244079589844,52.896636962890625],[158.47402954101562,52.77241516113281],[158.5441131591797,52.62580871582031],[158.38417053222656,52.651641845703125],[158.52072143554688,52.53083801269531],[158.3975067138672,52.40583801269531],[158.55575561523438,52.41822052001953],[158.54241943359375,52.28916931152344],[157.90414428710938,51.63078308105469],[156.67335510253906,50.862060546875],[156.75247192382812,51.08003234863281],[156.52755737304688,51.31414031982422],[156.5149688720703,52.01875305175781],[156.37493896484375,52.443695068359375],[156.4790802001953,52.51499938964844],[156.32664489746094,52.51271057128906],[156.1508026123047,52.82997131347656],[155.56253051757812,55.17583465576172],[155.65415954589844,55.962501525878906],[155.9891357421875,56.678306579589844],[156.904052734375,57.28333282470703],[157.00413513183594,57.485809326171875],[156.77420043945312,57.72166442871094],[156.850830078125,57.79750061035156],[157.44500732421875,57.78791809082031],[157.6883544921875,58.01124572753906],[158.3199462890625,57.97705078125],[159.71743774414062,58.845855712890625],[159.76242065429688,59.03916931152344],[160.38746643066406,59.38163757324219],[160.4907989501953,59.553306579589844],[160.8883056640625,59.62122344970703],[161.9091033935547,60.20166778564453],[161.94155883789062,60.417945861816406],[162.92324829101562,60.758750915527344],[163.78907775878906,60.82249450683594],[163.70077514648438,60.85746765136719],[163.80914306640625,60.92747497558594],[163.4825897216797,61.004974365234375],[164.0274658203125,61.342498779296875],[163.74911499023438,61.45585632324219],[163.8707733154297,61.651611328125],[164.06585693359375,61.68580627441406],[164.14907836914062,62.27080535888672],[164.5316619873047,62.44036102294922],[165.19949340820312,62.38191223144531],[165.10580444335938,62.44163513183594],[165.30857849121094,62.46900177001953],[164.6099395751953,62.681251525878906],[163.26158142089844,62.517913818359375],[163.16419982910156,62.41914367675781],[163.37246704101562,62.33494567871094],[163.08738708496094,62.22080993652344],[163.19253540039062,62.05830383300781],[162.9691925048828,61.802528381347656],[163.32913208007812,61.66078186035156],[163.02163696289062,61.51371765136719],[162.8300018310547,61.716217041015625],[162.6208038330078,61.66416931152344],[162.77005004882812,61.59294128417969],[162.38833618164062,61.66203308105469],[160.9141082763672,60.896636962890625],[160.8040771484375,60.714141845703125],[160.431640625,60.745391845703125],[160.21336364746094,60.57875061035156],[160.17422485351562,60.822471618652344],[160.44081115722656,61.03330993652344],[159.7916717529297,60.92705535888672],[160.00582885742188,61.10247039794922],[159.94253540039062,61.23997497558594],[159.7725067138672,61.238304138183594],[160.02085876464844,61.29083251953125],[159.88250732421875,61.31910705566406],[160.27911376953125,61.55000305175781],[160.39663696289062,61.955413818359375],[159.57833862304688,61.64872741699219],[159.57742309570312,61.824195861816406],[159.46836853027344,61.762054443359375],[159.38668823242188,61.87872314453125],[159.0133056640625,61.92291259765625],[158.0800018310547,61.732086181640625],[157.49996948242188,61.78791809082031],[156.68157958984375,61.522056579589844],[156.65586853027344,61.2008056640625],[155.93746948242188,60.94163513183594],[155.91000366210938,60.70708465576172],[154.79241943359375,60.28663635253906],[154.48666381835938,59.92791748046875],[154.5675048828125,60.09913635253906],[154.40415954589844,60.06913757324219],[154.40916442871094,59.836669921875],[154.2308349609375,59.87330627441406],[154.37750244140625,59.57411193847656],[154.23167419433594,59.664581298828125],[154.12913513183594,59.45243835449219],[154.40158081054688,59.53456115722656],[154.5015869140625,59.41705322265625],[154.4199981689453,59.54791259765625],[154.97994995117188,59.492919921875],[155.22413635253906,59.34580993652344],[155.1883544921875,59.17121887207031],[154.4683837890625,59.215415954589844],[154.04666137695312,59.04286193847656],[153.69081115722656,59.1754150390625],[153.77352905273438,59.238525390625],[153.46817016601562,59.22589111328125],[152.89833068847656,58.90458679199219],[152.35821533203125,59.05952453613281],[152.0666046142578,58.887054443359375],[151.34161376953125,58.83460998535156],[151.1033935546875,59.10621643066406],[152.32078552246094,59.224945068359375],[151.73330688476562,59.299530029296875],[151.4066619873047,59.60455322265625],[150.91172790527344,59.56455993652344],[150.93588256835938,59.45410919189453],[150.75332641601562,59.431251525878906],[150.4875030517578,59.491668701171875],[150.76666259765625,59.562889099121094],[149.4333953857422,59.758750915527344],[149.0457763671875,59.66661071777344],[149.22996520996094,59.460418701171875],[148.93496704101562,59.451194763183594],[148.88169860839844,59.54872131347656],[148.72250366210938,59.456695556640625],[148.74996948242188,59.357940673828125],[149.00244140625,59.36497497558594],[148.93167114257812,59.23039245605469],[148.42666625976562,59.250389099121094],[148.264892578125,59.40705871582031],[147.54493713378906,59.232887268066406],[146.5050048828125,59.462890625],[146.3040771484375,59.38749694824219],[146.3507843017578,59.20330810546875],[146.04666137695312,59.13871765136719],[145.8241729736328,59.24250030517578],[145.9691162109375,59.40416717529297],[143.16156005859375,59.34539031982422],[143.24661254882812,59.403717041015625],[142.0774688720703,59.03166198730469],[141.5441131591797,58.60414123535156],[140.78074645996094,58.3074951171875],[140.51416015625,57.85247039794922],[138.9391326904297,57.14247131347656],[138.88421630859375,57.01580810546875],[138.60743713378906,56.950836181640625],[138.57666015625,56.78291320800781],[138.4324951171875,56.84080505371094],[138.11253356933594,56.579139709472656],[138.2274932861328,56.420806884765625],[138.06161499023438,56.444557189941406],[137.40245056152344,55.94744873046875],[135.2274169921875,54.90997314453125],[135.25575256347656,54.719940185546875],[135.74325561523438,54.56538391113281],[136.83250427246094,54.64666748046875],[136.74249267578125,54.413360595703125],[136.8141326904297,54.13414001464844],[136.6758270263672,53.92250061035156],[136.78334045410156,53.7645263671875],[137.19580078125,53.84913635253906],[137.30247497558594,54.035804748535156],[137.08250427246094,54.12831115722656],[137.20578002929688,54.22080993652344],[137.73583984375,54.32080078125],[137.29574584960938,54.0516357421875],[137.86241149902344,53.966644287109375],[137.5041046142578,53.658355712890625],[137.20919799804688,53.587501525878906],[137.3133087158203,53.534584045410156],[137.9483642578125,53.57952880859375],[138.5800323486328,53.995391845703125],[138.5841064453125,53.806640625],[138.23086547851562,53.47914123535156],[138.4583282470703,53.52288818359375],[138.76416015625,53.98497009277344],[138.65249633789062,54.28997039794922],[139.3032989501953,54.17955780029297],[139.7415771484375,54.300384521484375],[140.33253479003906,53.95750427246094],[140.27413940429688,53.84666442871094],[140.56582641601562,53.63916778564453],[141.1324462890625,53.4508056640625],[140.9024658203125,53.43000030517578],[141.42413330078125,53.29499816894531],[141.339111328125,53.22663879394531],[141.44918823242188,53.1624755859375],[141.20333862304688,52.997894287109375],[140.63082885742188,53.14582824707031],[141.24082946777344,52.86663818359375],[141.16416931152344,52.790000915527344],[141.26910400390625,52.59080505371094],[141.11582946777344,52.404144287109375],[141.54583740234375,52.15083312988281],[141.34243774414062,52.09913635253906],[141.38916015625,51.91497039794922],[140.73077392578125,51.46586608886719],[140.89413452148438,51.425804138183594],[140.67413330078125,51.32249450683594],[140.6558837890625,50.96160888671875],[140.43743896484375,50.717498779296875],[140.5074462890625,50.16413879394531],[140.6925048828125,50.08997344970703],[140.4020233154297,49.889137268066406],[140.55294799804688,49.5625],[140.31625366210938,49.268333435058594],[140.35543823242188,49.10163879394531],[140.24539184570312,49.06663513183594],[140.3353271484375,49.04167175292969],[140.19949340820312,49.01080322265625],[140.3913116455078,48.97332763671875],[140.19871520996094,48.758277893066406],[140.17457580566406,48.4425048828125],[139.26541137695312,47.801666259765625],[138.98953247070312,47.31663513183594],[138.5595245361328,47.02833557128906],[138.1058349609375,46.23619079589844],[136.61582946777344,45.05291748046875],[136.449951171875,44.77203369140625],[136.32330322265625,44.799583435058594],[136.18246459960938,44.52210998535156],[135.87828063964844,44.40956115722656],[135.45208740234375,43.94664001464844],[135.53036499023438,43.89582824707031],[135.43411254882812,43.76039123535156],[135.168701171875,43.74749755859375],[135.13580322265625,43.50208282470703],[133.92247009277344,42.867889404296875],[133.0433349609375,42.67291259765625],[132.99746704101562,42.83622741699219],[132.85333251953125,42.734588623046875],[132.74996948242188,42.911224365234375],[132.57249450683594,42.83705139160156],[132.4100341796875,42.94702911376953],[132.32244873046875,42.84124755859375],[132.33253479003906,43.306251525878906],[131.95578002929688,43.05694580078125],[131.84124755859375,43.080718994140625],[132.0655059814453,43.32416534423828],[131.75999450683594,43.33782958984375],[131.77455139160156,43.17572021484375],[131.37791442871094,42.94244384765625],[131.47128295898438,42.879112243652344],[131.25872802734375,42.77325439453125],[131.22085571289062,42.5528564453125],[131.11410522460938,42.67033386230469],[130.9184112548828,42.59202575683594],[130.67335510253906,42.6754150390625],[130.87046813964844,42.529144287109375],[130.68540954589844,42.4207763671875],[130.77874755859375,42.44664001464844],[130.69961547851562,42.29743957519531],[130.39505004882812,42.33375549316406],[129.75958251953125,41.76496887207031],[129.64791870117188,41.56077575683594],[129.80792236328125,41.383331298828125],[129.7157745361328,40.83369445800781],[129.2191162109375,40.7020263671875],[129.08082580566406,40.47789001464844],[128.63494873046875,40.31455993652344],[128.6307830810547,40.179527282714844],[128.32919311523438,40.02955627441406],[127.99166870117188,40.05955505371094],[127.88580322265625,39.88871765136719],[127.5070571899414,39.736663818359375],[127.57208251953125,39.30583190917969],[127.52996826171875,39.40374755859375],[127.38666534423828,39.38539123535156],[127.47792053222656,39.35247039794922],[127.37875366210938,39.213279724121094],[127.75414276123047,39.1312255859375],[128.3608856201172,38.68794250488281],[128.61392211914062,38.145782470703125],[129.43124389648438,37.05994415283203],[129.37286376953125,36.046661376953125],[129.58377075195312,36.01580810546875],[129.44544982910156,35.491668701171875],[129.35455322265625,35.54750061035156],[129.36288452148438,35.358360290527344],[129.09083557128906,35.0504150390625],[128.58917236328125,35.21122741699219],[128.63619995117188,35.06913757324219],[128.45660400390625,35.10539245605469],[128.4078826904297,34.994972229003906],[128.47622680664062,34.88999938964844],[128.42413330078125,34.76124572753906],[128.3324737548828,34.955413818359375],[128.04833984375,34.93292236328125],[128.05746459960938,35.08622741699219],[127.87496948242188,34.944557189941406],[127.60169219970703,34.95869445800781],[127.63919067382812,34.8270263671875],[127.7745590209961,34.86083221435547],[127.80330657958984,34.587890625],[127.65916442871094,34.75872039794922],[127.64411163330078,34.627105712890625],[127.5520248413086,34.660003662109375],[127.51580810546875,34.88874816894531],[127.3562240600586,34.83830261230469],[127.50961303710938,34.592498779296875],[127.33413696289062,34.588722229003906],[127.43958282470703,34.54913330078125],[127.33999633789062,34.444580078125],[127.11372375488281,34.54663848876953],[127.34461212158203,34.71083068847656],[127.24246978759766,34.77705383300781],[126.9570541381836,34.63080596923828],[126.88410949707031,34.422889709472656],[126.76663970947266,34.62122344970703],[126.52497100830078,34.29289245605469],[126.45369720458984,34.48246765136719],[126.54291534423828,34.58580780029297],[126.27958679199219,34.59583282470703],[126.29419708251953,34.76289367675781],[126.37002563476562,34.60455322265625],[126.4828872680664,34.60833740234375],[126.38916778564453,34.71619415283203],[126.62210845947266,34.62664031982422],[126.36205291748047,34.744140625],[126.68289184570312,34.818328857421875],[126.56536102294922,34.83244323730469],[126.55175018310547,34.986968994140625],[126.51538848876953,34.78330993652344],[126.36746978759766,34.77874755859375],[126.44125366210938,34.973304748535156],[126.30500030517578,34.92707824707031],[126.38880920410156,35.03497314453125],[126.23955535888672,35.1116943359375],[126.4762191772461,35.08583068847656],[126.32624816894531,35.22747039794922],[126.39583587646484,35.370391845703125],[126.4887466430664,35.32666778564453],[126.40460968017578,35.40913391113281],[126.680419921875,35.537498474121094],[126.4570541381836,35.6383056640625],[126.78119659423828,35.757476806640625],[126.6836929321289,35.84333801269531],[126.83374786376953,35.910003662109375],[126.61286163330078,35.94330596923828],[126.86660766601562,36.057945251464844],[126.8937759399414,36.141639709472656],[126.72586059570312,35.99871826171875],[126.49327850341797,36.133697509765625],[126.58955383300781,36.176666259765625],[126.51122283935547,36.674163818359375],[126.28958129882812,36.716644287109375],[126.41913604736328,36.39955139160156],[126.2703857421875,36.72833251953125],[126.10952758789062,36.77330780029297],[126.29994201660156,36.97955322265625],[126.2653579711914,36.804168701171875],[126.35169219970703,36.7921142578125],[126.35749816894531,37.012054443359375],[126.46661376953125,36.84455871582031],[126.50917053222656,36.966217041015625],[126.5679702758789,36.88746643066406],[126.49663543701172,37.060333251953125],[126.78411102294922,36.97538757324219],[126.85791778564453,36.784942626953125],[126.98535919189453,36.964141845703125],[126.74372100830078,37.03827667236328],[126.79499816894531,37.18536376953125],[126.64949798583984,37.15325164794922],[126.86038970947266,37.268280029296875],[126.58953094482422,37.4449462890625],[126.66119384765625,37.577415466308594],[126.52033233642578,37.765777587890625],[126.90291595458984,37.54408264160156],[126.6761703491211,37.68241882324219],[126.72744750976562,37.85194396972656],[126.57330322265625,37.77203369140625],[126.39488983154297,37.924468994140625],[126.12744140625,37.74363708496094],[125.62747192382812,38.04124450683594],[125.73625183105469,37.93333435058594],[125.62619018554688,37.92747497558594],[125.6179428100586,37.764137268066406],[125.344970703125,37.67707824707031],[125.51505279541016,37.895416259765625],[125.3000259399414,37.80122375488281],[125.2375259399414,37.94952392578125],[124.97624969482422,37.93083190917969],[125.26000213623047,38.085418701171875],[124.65203094482422,38.128334045410156],[124.8816909790039,38.229583740234375],[124.96083068847656,38.592918395996094],[125.43583679199219,38.71705627441406],[125.60372161865234,38.649139404296875],[125.44747161865234,38.77207946777344],[125.27916717529297,38.696250915527344],[125.126220703125,38.87666320800781],[125.49455261230469,39.40913391113281],[125.33538818359375,39.45744323730469],[125.55919647216797,39.66539001464844],[125.28500366210938,39.527915954589844],[124.75333404541016,39.7762451171875],[124.64005279541016,39.58705139160156],[124.57324981689453,39.82878112792969],[124.31291961669922,39.904144287109375],[124.35869598388672,39.992027282714844],[124.2242202758789,39.78955078125],[124.25414276123047,39.931251525878906],[123.994140625,39.813720703125],[123.62580871582031,39.93541717529297],[123.55330657958984,39.757057189941406],[123.28414154052734,39.82708740234375],[123.27410888671875,39.694610595703125],[122.5758056640625,39.462921142578125],[122.52580261230469,39.542022705078125],[122.5058364868164,39.419586181640625],[122.06702423095703,39.19413757324219],[122.16622161865234,39.151611328125],[122.0625,39.05958557128906],[121.82913970947266,39.04205322265625],[121.89666748046875,38.96125030517578],[121.70327758789062,39.05535888671875],[121.58372497558594,38.939971923828125],[121.69658660888672,38.86122131347656],[121.13919067382812,38.72453308105469],[121.09919738769531,38.9278564453125],[121.65833282470703,39.08125305175781],[121.5929183959961,39.26997375488281],[121.94288635253906,39.40333557128906],[121.24871826171875,39.38499450683594],[121.54955291748047,39.540000915527344],[121.47494506835938,39.80455780029297],[121.89653015136719,39.999168395996094],[122.27791595458984,40.464996337890625],[122.13788604736328,40.61250305175781],[122.23615264892578,40.697425842285156],[121.85208129882812,40.82414245605469],[121.88410949707031,41.04872131347656],[121.74913787841797,40.84039306640625],[121.34085845947266,40.94952392578125],[120.97330474853516,40.830360412597656],[120.92788696289062,40.72917175292969],[121.02705383300781,40.71333312988281],[120.5291976928711,40.41291809082031],[120.44750213623047,40.1937255859375],[119.39411163330078,39.79371643066406],[119.23369598388672,39.5816650390625],[119.29877471923828,39.39582824707031],[119.00499725341797,39.19708251953125],[118.33580780029297,39.00538635253906],[118.04164123535156,39.207054138183594],[117.71788787841797,39.1058349609375],[117.7820816040039,38.98747253417969],[117.5453872680664,38.632476806640625],[117.69119262695312,38.389137268066406],[118.03577423095703,38.132057189941406],[118.5466079711914,38.066253662109375],[118.8399429321289,38.213722229003906],[118.81541442871094,37.97747039794922],[118.94164276123047,38.061248779296875],[118.95872497558594,37.78913879394531],[119.08538818359375,37.72663879394531],[118.90372467041016,37.355804443359375],[119.18502807617188,37.142059326171875],[119.73741912841797,37.139556884765625],[119.90535736083984,37.2691650390625],[119.83838653564453,37.37205505371094],[120.29875183105469,37.58997344970703],[120.22247314453125,37.687889099121094],[120.74166870117188,37.8328857421875],[121.28910827636719,37.54291534423828],[121.42913818359375,37.59955596923828],[121.5558090209961,37.427947998046875],[121.9758071899414,37.42791748046875],[122.12163543701172,37.563720703125],[122.17080688476562,37.42877960205078],[122.69955444335938,37.407470703125],[122.38957977294922,37.02747344970703],[122.57247161865234,37.04374694824219],[122.51667022705078,36.89703369140625],[122.18083190917969,36.84539031982422],[122.27544403076172,36.89580535888672],[122.14707946777344,36.93994140625],[122.22327423095703,37.0386962890625],[122.0433578491211,36.892913818359375],[121.96916961669922,37.02458190917969],[121.6258316040039,36.82621765136719],[121.6449203491211,36.735389709472656],[121.45077514648438,36.862884521484375],[121.37750244140625,36.70288848876953],[120.77749633789062,36.62791442871094],[120.97872161865234,36.538330078125],[120.88333129882812,36.37458801269531],[120.70625305175781,36.4425048828125],[120.71419525146484,36.13377380371094],[120.3366928100586,36.04291534423828],[120.3241958618164,36.27375030517578],[120.12666320800781,36.20375061035156],[120.17710876464844,35.9808349609375],[120.29788970947266,35.969970703125],[119.91577911376953,35.75952911376953],[119.87247467041016,35.6129150390625],[119.62908172607422,35.612060546875],[119.37039184570312,35.105804443359375],[119.2011947631836,35.0050048828125],[119.18413543701172,34.69041442871094],[119.45410919189453,34.740386962890625],[119.788330078125,34.42369079589844],[120.28461456298828,34.303306579589844],[120.59371948242188,33.36747741699219],[120.93708038330078,32.86836242675781],[120.85041809082031,32.61663818359375],[121.35494232177734,32.40455627441406],[121.42708587646484,32.114166259765625],[121.72494506835938,32.03125],[121.91044616699219,31.73663330078125],[121.30327606201172,31.88372039794922],[120.94330596923828,31.812911987304688],[120.76583099365234,32.10292053222656],[120.0558853149414,31.967056274414062],[120.73919677734375,31.987106323242188],[120.7949447631836,31.796218872070312],[121.6824722290039,31.316253662109375],[121.91205596923828,30.938331604003906],[121.02742004394531,30.57952880859375],[120.91336059570312,30.373748779296875],[120.4000015258789,30.388694763183594],[120.13794708251953,30.195777893066406],[120.6091079711914,30.360389709472656],[120.63044738769531,30.134140014648438],[120.74833679199219,30.082077026367188],[120.67121887207031,30.13330078125],[121.26405334472656,30.327911376953125],[121.71414184570312,29.94872283935547],[122.13788604736328,29.892501831054688],[121.42710876464844,29.4749755859375],[121.53035736083984,29.471633911132812],[121.49082946777344,29.380416870117188],[121.72164154052734,29.543746948242188],[121.80000305175781,29.476219177246094],[121.74121856689453,29.556671142578125],[121.92416381835938,29.646224975585938],[121.97419738769531,29.222885131835938],[121.79914093017578,29.201278686523438],[121.80000305175781,29.376220703125],[121.75917053222656,29.19122314453125],[121.65619659423828,29.178306579589844],[121.67080688476562,29.326248168945312],[121.64330291748047,29.186248779296875],[121.58916473388672,29.290390014648438],[121.41874694824219,29.163330078125],[121.64830780029297,29.108718872070312],[121.5254135131836,29.00330352783203],[121.66163635253906,29.056243896484375],[121.7320556640625,28.941665649414062],[121.51205444335938,28.941665649414062],[121.6762466430664,28.85833740234375],[121.66077423095703,28.71788787841797],[121.34603118896484,28.705581665039062],[121.5070571899414,28.660804748535156],[121.62544250488281,28.26580810546875],[121.46414184570312,28.336196899414062],[121.33830261230469,28.142913818359375],[121.1716079711914,28.394577026367188],[121.02788543701172,28.29247283935547],[121.12791442871094,28.2449951171875],[120.95830535888672,27.97955322265625],[120.5828857421875,28.10333251953125],[120.85871887207031,27.884994506835938],[120.63524627685547,27.748641967773438],[120.6745834350586,27.637527465820312],[120.56208038330078,27.580810546875],[120.6878890991211,27.474998474121094],[120.54374694824219,27.40252685546875],[120.51958465576172,27.194969177246094],[120.3498306274414,27.24530029296875],[120.39208221435547,27.0899658203125],[120.25499725341797,27.12041473388672],[120.23041534423828,26.917495727539062],[120.0386962890625,26.896636962890625],[120.13541412353516,26.798309326171875],[120.12080383300781,26.63622283935547],[119.83419036865234,26.52124786376953],[120.07791900634766,26.803329467773438],[119.8683090209961,26.648719787597656],[119.84913635253906,26.859527587890625],[119.7441635131836,26.733718872070312],[119.64910888671875,26.893112182617188],[119.72753143310547,26.704605102539062],[119.54291534423828,26.813308715820312],[119.54458618164062,26.62830352783203],[119.7833023071289,26.58544158935547],[119.83125305175781,26.449966430664062],[119.64663696289062,26.5062255859375],[119.58000183105469,26.423721313476562],[119.71499633789062,26.31121826171875],[119.81502532958984,26.424560546875],[119.95874786376953,26.375831604003906],[119.59333038330078,26.242080688476562],[119.67369079589844,26.235000610351562],[119.5120849609375,26.074996948242188],[119.7195816040039,26.005859375],[119.5679702758789,25.87999725341797],[119.59869384765625,25.693328857421875],[119.4437255859375,25.701637268066406],[119.65458679199219,25.3558349609375],[119.58830261230469,25.46038818359375],[119.48580932617188,25.366226196289062],[119.32917022705078,25.61455535888672],[119.0879135131836,25.422439575195312],[119.37288665771484,25.2691650390625],[119.2816390991211,25.171218872070312],[119.12833404541016,25.26538848876953],[119.16124725341797,25.130775451660156],[119.05830383300781,25.117050170898438],[119.08291625976562,25.264137268066406],[118.97624969482422,25.231643676757812],[119.06999969482422,25.287025451660156],[118.86961364746094,25.247467041015625],[118.98119354248047,25.19916534423828],[118.8511962890625,25.089141845703125],[119.01791381835938,25.053306579589844],[118.89702606201172,24.938278198242188],[118.9858627319336,24.8812255859375],[118.69833374023438,24.849525451660156],[118.6441421508789,24.992889404296875],[118.67288970947266,24.872467041015625],[118.56291961669922,24.908279418945312],[118.77872467041016,24.772499084472656],[118.65088653564453,24.555419921875],[118.56669616699219,24.511245727539062],[118.43744659423828,24.725448608398438],[118.2375259399414,24.539527893066406],[118.18916320800781,24.684608459472656],[118.04663848876953,24.618743896484375],[118.03580474853516,24.445419311523438],[117.77991485595703,24.506248474121094],[118.13455963134766,24.264968872070312],[117.93755340576172,24.219528198242188],[117.76830291748047,23.91124725341797],[117.68907928466797,24.053695678710938],[117.58502960205078,23.71539306640625],[117.57128143310547,23.90496826171875],[117.35247039794922,23.94872283935547],[117.49124908447266,23.827499389648438],[117.2745590209961,23.77916717529297],[117.24411010742188,23.60455322265625],[117.19083404541016,23.6837158203125],[117.0766372680664,23.542083740234375],[116.91997528076172,23.65955352783203],[116.8625259399414,23.41461181640625],[116.70455932617188,23.498306274414062],[116.75577545166016,23.34288787841797],[116.4574203491211,23.44872283935547],[116.74036407470703,23.25],[116.6391372680664,23.162887573242188],[116.48371887207031,23.259971618652344],[116.57670593261719,23.193222045898438],[116.49580383300781,22.939559936523438],[116.29291534423828,22.987472534179688],[116.0941390991211,22.822891235351562],[116.04080963134766,22.931243896484375],[116.07080841064453,22.85124969482422],[115.81580352783203,22.744583129882812],[115.59664154052734,22.880386352539062],[115.57250213623047,22.65875244140625],[115.22916412353516,22.782028198242188],[115.31414031982422,22.902862548828125],[114.97830963134766,22.688751220703125],[114.86666870117188,22.77124786376953],[114.96788787841797,22.679168701171875],[114.8816909790039,22.5445556640625],[114.74205780029297,22.587493896484375],[114.77996826171875,22.837081909179688],[114.51875305175781,22.709976196289062],[114.59285736083984,22.653335571289062],[114.49121856689453,22.563308715820312],[114.60747528076172,22.497886657714844],[114.49749755859375,22.45208740234375],[114.39497375488281,22.615447998046875],[114.20874786376953,22.537498474121094],[114.33535766601562,22.506637573242188],[114.19080352783203,22.380416870117188],[114.400390625,22.436660766601562],[114.2520523071289,22.355804443359375],[114.29753112792969,22.26044464111328],[113.92028045654297,22.369857788085938],[114.08203125,22.520004272460938],[113.88233184814453,22.466995239257812],[113.5453872680664,23.0816650390625],[113.36833190917969,23.111251831054688],[113.51116943359375,23.0],[113.50658416748047,22.8895263671875],[113.3844985961914,22.903274536132812],[113.6153335571289,22.759078979492188],[113.48033142089844,22.79322052001953],[113.60453033447266,22.658248901367188],[113.5028076171875,22.689910888671875],[113.622802734375,22.3740234375],[113.5473861694336,22.188636779785156],[113.2833023071289,22.368637084960938],[113.2653579711914,22.054916381835938],[113.11408233642578,22.072021484375],[113.10372161865234,22.416610717773438],[112.92169189453125,22.514556884765625],[113.08535766601562,22.205780029296875],[112.9124984741211,21.85205078125],[112.84083557128906,21.990447998046875],[112.55249786376953,21.75457763671875],[112.36499786376953,21.9962158203125],[112.3433609008789,21.7078857421875],[112.1941909790039,21.84039306640625],[111.99663543701172,21.833724975585938],[111.86164093017578,21.666221618652344],[111.6750259399414,21.796218872070312],[111.78375244140625,21.61663818359375],[111.6383056640625,21.513717651367188],[111.43997192382812,21.59869384765625],[111.25164031982422,21.412918090820312],[111.28997039794922,21.497085571289062],[111.02913665771484,21.535415649414062],[111.07416534423828,21.4637451171875],[110.44667053222656,21.18785858154297],[110.3816909790039,21.407882690429688],[110.41455841064453,21.18414306640625],[110.15374755859375,20.996665954589844],[110.16958618164062,20.84333038330078],[110.37374877929688,20.822494506835938],[110.30371856689453,20.668365478515625],[110.53536224365234,20.47669219970703],[110.28497314453125,20.241226196289062],[109.9262466430664,20.229171752929688],[109.8628921508789,20.404998779296875],[109.98661041259766,20.346221923828125],[110.01622009277344,20.449966430664062],[109.82705688476562,20.51416778564453],[109.7429428100586,20.666641235351562],[109.84794616699219,20.713333129882812],[109.66542053222656,20.93585968017578],[109.76203155517578,21.354141235351562],[109.93914031982422,21.351219177246094],[109.96541595458984,21.48333740234375],[109.80997467041016,21.462051391601562],[109.75166320800781,21.593719482421875],[109.77619171142578,21.484161376953125],[109.67839050292969,21.50128173828125],[109.60913848876953,21.758697509765625],[109.47708129882812,21.668365478515625],[109.54747009277344,21.504531860351562],[109.16080474853516,21.405410766601562],[109.0421142578125,21.452529907226562],[109.15247344970703,21.61872100830078],[108.9114990234375,21.617027282714844],[108.84905242919922,21.796112060546875],[108.86521911621094,21.628250122070312],[108.74485778808594,21.603668212890625],[108.5540542602539,21.920333862304688],[108.45783233642578,21.870697021484375],[108.57447052001953,21.6923828125],[108.47738647460938,21.56285858154297],[108.3399429321289,21.716140747070312],[108.22244262695312,21.501998901367188],[108.24075317382812,21.64697265625],[107.94425201416016,21.434585571289062],[107.78089141845703,21.52375030517578],[107.61335754394531,21.2945556640625],[107.40291595458984,21.32585906982422],[107.34913635253906,20.999557495117188],[106.87919616699219,20.99958038330078],[106.87999725341797,20.890411376953125],[106.78988647460938,21.029556274414062],[106.60527801513672,21.036605834960938],[106.76786041259766,20.940826416015625],[106.6883316040039,20.868743896484375],[106.8128890991211,20.673309326171875],[106.55249786376953,20.759552001953125],[106.70957946777344,20.66747283935547],[106.5195541381836,20.54083251953125],[106.57289123535156,20.283309936523438],[105.9270248413086,19.884170532226562],[105.64119720458984,18.90069580078125],[105.89116668701172,18.395782470703125],[105.94658660888672,18.472000122070312],[106.32919311523438,18.078689575195312],[106.44125366210938,18.120025634765625],[106.46369171142578,17.706581115722656],[107.11963653564453,17.08416748046875],[107.13191986083984,16.854080200195312],[107.69155883789062,16.519500732421875],[107.8239974975586,16.290390014648438],[108.038330078125,16.33538818359375],[108.2249755859375,16.019607543945312],[108.32666778564453,16.14288330078125],[108.26538848876953,16.02080535888672],[108.60292053222656,15.479164123535156],[108.94205474853516,15.244972229003906],[108.86458587646484,15.145805358886719],[109.2995834350586,13.895004272460938],[109.23369598388672,13.574974060058594],[109.33538818359375,13.464141845703125],[109.22125244140625,13.394142150878906],[109.46710968017578,12.647499084472656],[109.4383316040039,12.56121826171875],[109.33374786376953,12.660804748535156],[109.35333251953125,12.797889709472656],[109.19619750976562,12.629974365234375],[109.34789276123047,12.399948120117188],[109.1437759399414,12.439163208007812],[109.28622436523438,11.875831604003906],[109.21080780029297,11.982086181640625],[109.13375091552734,11.913330078125],[109.2387466430664,11.726638793945312],[109.13417053222656,11.560386657714844],[109.01288604736328,11.629997253417969],[109.0191421508789,11.355415344238281],[107.25917053222656,10.375389099121094],[107.08589172363281,10.317916870117188],[107.15460968017578,10.430809020996094],[107.0066909790039,10.528724670410156],[106.87744140625,10.371170043945312],[106.74571990966797,10.572830200195312],[106.77911376953125,10.277000427246094],[106.43533325195312,10.310752868652344],[106.77825164794922,10.081192016601562],[106.67324829101562,10.112861633300781],[106.60749816894531,9.977890014648438],[106.35619354248047,10.192474365234375],[106.70207977294922,9.890861511230469],[106.61663818359375,9.812919616699219],[106.17910766601562,10.1754150390625],[106.57455444335938,9.738357543945312],[106.50250244140625,9.553749084472656],[106.38749694824219,9.528724670410156],[105.836669921875,9.993721008300781],[106.18708038330078,9.567474365234375],[106.1987533569336,9.375030517578125],[105.52497100830078,9.119613647460938],[105.28083038330078,8.752914428710938],[104.8633041381836,8.692054748535156],[104.87371826171875,9.745803833007812],[105.10708618164062,9.889137268066406],[105.08782958984375,10.004859924316406],[104.74833679199219,10.227058410644531],[104.60497283935547,10.141220092773438],[104.524169921875,10.421279907226562],[104.44583129882812,10.3629150390625],[103.86416625976562,10.7078857421875],[103.81580352783203,10.536247253417969],[103.61416625976562,10.500419616699219],[103.49461364746094,10.623306274414062],[103.67874908447266,10.743331909179688],[103.7078857421875,11.067497253417969],[103.55830383300781,11.165420532226562],[103.42749786376953,10.891250610351562],[103.12750244140625,10.867057800292969],[103.0512466430664,11.220809936523438],[103.13461303710938,11.462471008300781],[102.96208190917969,11.531639099121094],[103.00538635253906,11.64666748046875],[102.95502471923828,11.560417175292969],[102.6441650390625,12.17791748046875],[102.55538940429688,12.224136352539062],[102.5875015258789,12.041252136230469],[102.29252624511719,12.187889099121094],[102.36164093017578,12.374580383300781],[102.21916961669922,12.432891845703125],[102.25497436523438,12.305389404296875],[102.10997009277344,12.536247253417969],[102.04582977294922,12.469581604003906],[101.96416473388672,12.610420227050781],[101.95333099365234,12.514579772949219],[101.78919219970703,12.708724975585938],[101.42247009277344,12.581222534179688],[100.8558349609375,12.646224975585938],[100.98833465576172,13.500419616699219],[100.59333038330078,13.608749389648438],[100.56246948242188,13.504585266113281],[100.27666473388672,13.533775329589844],[99.95114135742188,13.309165954589844],[100.1128921508789,13.052474975585938],[99.96802520751953,12.730613708496094],[100.0245590209961,12.1875],[99.4903335571289,11.160003662109375],[99.52294158935547,10.893997192382812],[99.2437515258789,10.534889221191406],[99.28964233398438,10.364059448242188],[99.15047454833984,10.344108581542969],[99.251220703125,10.23077392578125],[99.14791870117188,9.742500305175781],[99.31539154052734,9.390830993652344],[99.22455596923828,9.254997253417969],[99.37496948242188,9.182914733886719],[99.68499755859375,9.336250305175781],[99.84622192382812,9.29083251953125],[99.96453094482422,8.599945068359375],[100.09333038330078,8.410385131835938],[100.17791748046875,8.372474670410156],[100.13417053222656,8.516220092773438],[100.22125244140625,8.436637878417969],[100.57347869873047,7.2027130126953125],[100.4449691772461,7.2495574951171875],[100.42583465576172,7.1603851318359375],[100.5791015625,7.1920928955078125],[101.00924682617188,6.851165771484375],[101.35758209228516,6.8627777099609375],[101.2983627319336,6.943580627441406],[101.568359375,6.8386383056640625],[101.833251953125,6.4394683837890625],[102.3499755859375,6.164497375488281],[102.49708557128906,5.869163513183594],[103.15125274658203,5.339996337890625],[103.47792053222656,4.533332824707031],[103.44041442871094,3.9691696166992188],[103.3237533569336,3.8050003051757812],[103.39541625976562,3.499969482421875],[103.47958374023438,3.5149993896484375],[103.4578857421875,2.8249969482421875],[103.8270263671875,2.59246826171875],[104.27658081054688,1.367889404296875],[104.09249877929688,1.3720855712890625],[104.12124633789062,1.5391387939453125],[103.94080352783203,1.6628875732421875],[104.0008316040039,1.4404144287109375],[103.51496887207031,1.424530029296875],[103.51166534423828,1.269500732421875],[103.34494018554688,1.5603866577148438],[102.69000244140625,1.8687210083007812],[102.57333374023438,2.0678863525390625],[102.15744018554688,2.22125244140625],[101.85247039794922,2.411224365234375],[101.77413940429688,2.6020584106445312],[101.29125213623047,2.8466644287109375],[101.30208587646484,3.263336181640625],[100.81208038330078,3.7941665649414062],[100.90750122070312,3.8670578002929688],[100.72708129882812,3.8724746704101562],[100.72083282470703,4.012054443359375],[100.90875244140625,3.9624710083007812],[100.55794525146484,4.314971923828125],[100.6421127319336,4.8016357421875],[100.37458038330078,5.031608581542969],[100.33450317382812,5.660835266113281],[100.4203872680664,5.64666748046875],[100.11530303955078,6.554107666015625],[99.69702911376953,6.85333251953125],[99.74541473388672,7.141609191894531],[99.5254135131836,7.250831604003906],[99.6062240600586,7.374168395996094],[99.5141372680664,7.303749084472656],[99.5133056640625,7.431251525878906],[99.40166473388672,7.303749084472656],[99.2703857421875,7.667503356933594],[99.1524429321289,7.7928924560546875],[99.04458618164062,7.69830322265625],[99.10541534423828,7.961669921875],[99.02996826171875,7.888725280761719],[98.9250259399414,8.057083129882812],[98.7687759399414,8.019111633300781],[98.67082977294922,8.390388488769531],[98.4637222290039,8.375],[98.4366683959961,8.132858276367188],[98.28544616699219,8.203330993652344],[98.20957946777344,8.561637878417969],[98.39375305175781,8.941665649414062],[98.31866455078125,9.197555541992188],[98.45880889892578,9.559944152832031],[98.47166442871094,9.47711181640625],[98.57714080810547,9.56005859375],[98.46710968017578,9.606719970703125],[98.51947021484375,9.853248596191406],[98.76266479492188,10.3258056640625],[98.55255889892578,9.973724365234375],[98.45558166503906,10.686691284179688],[98.55349731445312,10.663780212402344],[98.57930755615234,10.874168395996094],[98.78663635253906,10.986663818359375],[98.65291595458984,11.129974365234375],[98.76538848876953,11.272499084472656],[98.6987533569336,11.411636352539062],[98.79383087158203,11.422691345214844],[98.73703002929688,11.665000915527344],[98.88541412353516,11.699996948242188],[98.80913543701172,11.853752136230469],[98.70502471923828,11.723777770996094],[98.60455322265625,11.791641235351562],[98.67996978759766,11.888725280761719],[98.54203033447266,11.8824462890625],[98.75952911376953,11.984138488769531],[98.5245590209961,12.259170532226562],[98.6657485961914,12.315414428710938],[98.53955841064453,12.3558349609375],[98.60494232177734,12.486221313476562],[98.76875305175781,12.469108581542969],[98.61961364746094,12.553306579589844],[98.7062759399414,12.669113159179688],[98.5828857421875,13.254974365234375],[98.23208618164062,13.7249755859375],[98.22411346435547,13.972915649414062],[98.18038940429688,13.546638488769531],[98.12619018554688,13.552497863769531],[98.09455871582031,14.199920654296875],[97.78791809082031,14.870803833007812],[97.73124694824219,15.858360290527344],[97.55872344970703,16.07666778564453],[97.6211929321289,16.497467041015625],[97.74208068847656,16.562530517578125],[97.61746978759766,16.647857666015625],[97.62163543701172,16.519577026367188],[97.35377502441406,16.50494384765625],[97.35292053222656,16.715835571289062],[96.87388610839844,17.509361267089844],[96.89291381835938,16.819168090820312],[96.87247467041016,16.9962158203125],[96.67127990722656,16.59166717529297],[96.45077514648438,16.489578247070312],[96.25791931152344,16.606643676757812],[96.30838775634766,16.837921142578125],[96.11746978759766,16.800384521484375],[96.32372283935547,16.42083740234375],[96.12161254882812,16.3187255859375],[96.00247192382812,16.394577026367188],[96.02794647216797,16.254165649414062],[95.77161407470703,16.131248474121094],[95.71749877929688,16.247055053710938],[95.69122314453125,15.992500305175781],[95.4558334350586,15.73455810546875],[95.27791595458984,15.723304748535156],[95.30777740478516,15.923248291015625],[95.1137466430664,15.80413818359375],[95.12774658203125,16.12010955810547],[94.95580291748047,15.741249084472656],[94.8445816040039,15.899169921875],[94.73371887207031,15.795806884765625],[94.81155395507812,15.982917785644531],[94.6883316040039,15.840415954589844],[94.55122375488281,15.945831298828125],[94.63674926757812,16.09410858154297],[94.3941650390625,15.829582214355469],[94.382080078125,16.0],[94.62271881103516,16.256271362304688],[94.24250030517578,15.952857971191406],[94.25458526611328,16.534942626953125],[94.47041320800781,16.949142456054688],[94.44039154052734,17.183364868164062],[94.60211181640625,17.3074951171875],[94.59794616699219,17.553306579589844],[94.45291900634766,18.182472229003906],[94.32291412353516,18.24744415283203],[94.39871978759766,18.348304748535156],[94.13955688476562,18.7391357421875],[94.27207946777344,18.735809326171875],[94.16500091552734,18.8929443359375],[94.03461456298828,18.844139099121094],[94.08621978759766,19.364166259765625],[93.99585723876953,19.145416259765625],[93.90452575683594,19.199996948242188],[93.9366683959961,18.843719482421875],[93.66791534423828,19.016639709472656],[93.51416778564453,19.433746337890625],[93.81580352783203,19.22624969482422],[94.02285766601562,19.37164306640625],[93.94583129882812,19.540420532226562],[93.7195816040039,19.619140625],[93.82122039794922,19.639137268066406],[93.70625305175781,19.697471618652344],[93.78416442871094,19.802032470703125],[93.59539031982422,19.7091064453125],[93.75544738769531,19.91497039794922],[93.46746826171875,19.934555053710938],[93.30583190917969,20.19622039794922],[93.27246856689453,20.036224365234375],[93.10458374023438,20.06749725341797],[93.1324691772461,20.226219177246094],[92.99580383300781,20.137893676757812],[93.08002471923828,20.58538818359375],[92.89958190917969,20.112503051757812],[92.76119232177734,20.198333740234375],[92.8578872680664,20.294944763183594],[92.77124786376953,20.288330078125],[92.74874877929688,20.604171752929688],[92.555419921875,20.846664428710938],[92.73371887207031,20.555831909179688],[92.73330688476562,20.263694763183594],[92.38038635253906,20.70330810546875],[92.35208129882812,20.990806579589844],[92.35166931152344,20.725387573242188],[92.0528335571289,21.174087524414062],[91.95124816894531,21.44916534423828],[92.04953002929688,21.518997192382812],[92.02580261230469,21.6744384765625],[91.89291381835938,21.52916717529297],[91.97869110107422,21.79083251953125],[91.89038848876953,21.77166748046875],[91.83866882324219,22.263221740722656],[91.44741821289062,22.76361083984375],[91.10330963134766,22.75616455078125],[90.97666931152344,22.570388793945312],[90.68663787841797,22.762893676757812],[90.86541748046875,22.487472534179688],[90.83125305175781,22.15411376953125],[90.62371826171875,22.0],[90.67121887207031,22.479171752929688],[90.5333023071289,22.60541534423828],[90.60710906982422,22.296661376953125],[90.44083404541016,22.078750610351562],[90.39624786376953,22.173309326171875],[90.19416809082031,21.80291748046875],[90.08457946777344,21.844970703125],[90.1441650390625,21.969528198242188],[90.0195541381836,21.893333435058594],[90.2125015258789,22.12458038330078],[90.02166748046875,21.989532470703125],[90.08708190917969,22.161666870117188],[90.02249908447266,22.196250915527344],[89.93533325195312,21.932357788085938],[89.9024429321289,22.390472412109375],[89.87619018554688,21.896499633789062],[89.77827453613281,21.82524871826172],[89.5707778930664,21.943557739257812],[89.5770034790039,22.07666778564453],[89.50536346435547,21.906494140625],[89.42205810546875,21.97149658203125],[89.45872497558594,21.760665893554688],[89.35869598388672,21.744857788085938],[89.36447143554688,21.945472717285156],[89.21910858154297,21.747772216796875],[89.01830291748047,21.976058959960938],[89.02664184570312,21.5986328125],[88.85997009277344,21.777053833007812],[88.84913635253906,21.616195678710938],[88.71619415283203,21.684165954589844],[88.7786636352539,22.014915466308594],[88.63905334472656,22.076194763183594],[88.55496978759766,21.81536102294922],[88.4578857421875,21.89580535888672],[88.4520263671875,21.613304138183594],[88.27497100830078,21.733718872070312],[88.24663543701172,21.56121826171875],[88.20866394042969,22.14910888671875],[88.0195541381836,22.222915649414062],[88.1903305053711,22.104110717773438],[87.80416870117188,21.69622039794922],[87.09246826171875,21.53705596923828],[86.912109375,21.338333129882812],[86.82707977294922,21.136642456054688],[86.97455596923828,20.819969177246094],[86.86705780029297,20.776779174804688],[87.069580078125,20.720809936523438],[86.73163604736328,20.53460693359375],[86.78791809082031,20.376632690429688],[86.67377471923828,20.294143676757812],[86.79877471923828,20.346664428710938],[86.37163543701172,19.95208740234375],[85.54000091552734,19.69622039794922],[85.0383071899414,19.39208221435547],[84.12919616699219,18.309555053710938],[83.5566635131836,18.0262451171875],[83.2149429321289,17.59039306640625],[82.30622100830078,17.038330078125],[82.30327606201172,16.558746337890625],[81.70996856689453,16.305419921875],[81.26750183105469,16.292892456054688],[80.94080352783203,15.711196899414062],[80.67749786376953,15.889556884765625],[80.26372528076172,15.671669006347656],[80.04792022705078,15.074142456054688],[80.19628143310547,14.577468872070312],[80.126220703125,14.065834045410156],[80.34622192382812,13.283309936523438],[80.15625,12.462448120117188],[79.75875091552734,11.671607971191406],[79.88044738769531,10.308303833007812],[79.29413604736328,10.260391235351562],[78.900390625,9.486663818359375],[78.95919036865234,9.340415954589844],[79.18958282470703,9.280776977539062],[78.26583099365234,9.017913818359375],[78.07044219970703,8.374137878417969],[77.5374984741211,8.073722839355469],[77.0124740600586,8.350387573242188],[76.54705810546875,8.898277282714844],[76.66625213623047,8.994171142578125],[76.5387191772461,8.93414306640625],[76.34619140625,9.394111633300781],[76.27041625976562,10.032501220703125],[75.86955261230469,11.124114990234375],[75.54291534423828,11.710777282714844],[75.20124816894531,12.004112243652344],[74.82538604736328,12.838333129882812],[74.72205352783203,13.638336181640625],[74.42710876464844,14.277496337890625],[74.51708221435547,14.24163818359375],[74.28372192382812,14.712501525878906],[73.91291809082031,15.083274841308594],[73.78958129882812,15.652442932128906],[73.4570541381836,16.053306579589844],[73.36708068847656,16.379165649414062],[73.46875,16.413299560546875],[73.3683090209961,16.395416259765625],[73.31708526611328,16.51080322265625],[73.4437484741211,16.499160766601562],[73.3187484741211,16.59832763671875],[73.40125274658203,16.58916473388672],[73.3254165649414,17.040000915527344],[73.19122314453125,17.29663848876953],[73.29955291748047,17.291641235351562],[72.93291473388672,18.21746826171875],[73.10166931152344,18.14208221435547],[73.08621978759766,18.319168090820312],[72.92121887207031,18.347503662109375],[72.90705871582031,18.539947509765625],[73.0062484741211,18.46666717529297],[72.85708618164062,18.694168090820312],[72.93916320800781,18.825393676757812],[73.01625061035156,18.714996337890625],[72.90875244140625,18.897445678710938],[73.06705474853516,19.02080535888672],[72.98580932617188,19.189529418945312],[72.80622100830078,18.893333435058594],[72.78624725341797,19.304969787597656],[72.912109375,19.288330078125],[72.74455261230469,19.459945678710938],[72.88877868652344,19.524139404296875],[72.73039245605469,19.52916717529297],[72.65544128417969,19.83330535888672],[72.93038940429688,20.759994506835938],[72.73371887207031,20.998275756835938],[72.84872436523438,21.032470703125],[72.70703125,21.087493896484375],[72.7886962890625,21.18000030517578],[72.63833618164062,21.081222534179688],[72.63786315917969,21.20661163330078],[72.74202728271484,21.197494506835938],[72.59786224365234,21.298309326171875],[72.92788696289062,21.67578125],[72.53997039794922,21.660385131835938],[72.74958038330078,21.973281860351562],[72.50788879394531,21.975799560546875],[72.58583068847656,22.204559326171875],[72.76080322265625,22.173751831054688],[72.91080474853516,22.266220092773438],[72.52664184570312,22.304550170898438],[72.4308090209961,22.20452880859375],[72.32669067382812,22.3087158203125],[72.1820297241211,22.022499084472656],[72.24705505371094,21.924163818359375],[72.16288757324219,21.959136962890625],[72.3062515258789,21.626663208007812],[72.11127471923828,21.199111938476562],[70.82247161865234,20.690414428710938],[70.15577697753906,21.054550170898438],[68.93538665771484,22.30669403076172],[69.0683364868164,22.478721618652344],[69.22747039794922,22.2562255859375],[69.51000213623047,22.425384521484375],[69.6675033569336,22.32294464111328],[69.72836303710938,22.47455596923828],[69.80833435058594,22.39788818359375],[70.17416381835938,22.542022705078125],[70.44789123535156,22.970001220703125],[70.2191390991211,23.055419921875],[70.22413635253906,22.95288848876953],[69.88497161865234,22.912857055664062],[69.71083068847656,22.737884521484375],[69.19750213623047,22.835357666015625],[68.63158416748047,23.168670654296875],[68.71778106689453,23.125778198242188],[68.57947540283203,23.227447509765625],[68.67947387695312,23.3016357421875],[68.4253921508789,23.509170532226562],[68.8016128540039,23.88458251953125],[68.51408386230469,23.745437622070312],[68.4267807006836,23.819358825683594],[68.3895263671875,23.600860595703125],[68.26580810546875,23.5562744140625],[68.17292022705078,23.624969482421875],[68.34952545166016,23.731689453125],[68.24077606201172,23.673721313476562],[68.2070541381836,23.834197998046875],[68.34661102294922,23.96624755859375],[68.17082977294922,23.844558715820312],[68.0386962890625,23.906890869140625],[68.01583099365234,23.769607543945312],[67.86536407470703,23.874969482421875],[67.9111099243164,23.976531982421875],[67.82583618164062,23.812057495117188],[67.69166564941406,23.891250610351562],[67.7249755859375,23.795364379882812],[67.48078155517578,23.912887573242188],[67.2804183959961,24.29913330078125],[67.4171142578125,24.319168090820312],[67.19125366210938,24.56830596923828],[67.33374786376953,24.634109497070312],[67.15791320800781,24.63080596923828],[67.2945556640625,24.774948120117188],[66.65744018554688,24.832054138183594],[66.75294494628906,25.178306579589844],[66.4566421508789,25.617889404296875],[66.0812759399414,25.45416259765625],[66.34077453613281,25.54705810546875],[66.52333068847656,25.402915954589844],[64.7699966430664,25.35124969482422],[64.58247375488281,25.154556274414062],[64.5550308227539,25.270355224609375],[64.09083557128906,25.336219787597656],[64.22041320800781,25.441696166992188],[64.11499786376953,25.49372100830078],[63.927886962890625,25.413330078125],[64.05997467041016,25.322921752929688],[63.59916687011719,25.367050170898438],[63.44792175292969,25.3125],[63.499969482421875,25.202911376953125],[62.54083251953125,25.26708221435547],[62.38664245605469,25.09625244140625],[62.13749694824219,25.213722229003906],[62.09663391113281,25.0946044921875],[61.756561279296875,25.007049560546875],[61.78369140625,25.158309936523438],[61.57988739013672,25.23955535888672],[61.4207763671875,25.060386657714844],[60.613304138183594,25.28455352783203],[60.537498474121094,25.447921752929688],[60.40544128417969,25.374969482421875],[60.46833801269531,25.287078857421875],[60.31169128417969,25.403717041015625],[59.88749694824219,25.342056274414062],[59.358360290527344,25.516189575195312],[59.089141845703125,25.40289306640625],[58.56330871582031,25.638748168945312],[58.12828063964844,25.551254272460938],[57.94749450683594,25.699554443359375],[57.76246643066406,25.633750915527344],[57.74163818359375,25.743743896484375],[57.314971923828125,25.782859802246094],[56.97203063964844,27.020004272460938],[56.68000030517578,27.199554443359375],[55.640838623046875,26.979583740234375],[55.49749755859375,26.766281127929688],[55.254974365234375,26.783721923828125],[54.7957763671875,26.49541473388672],[54.290802001953125,26.734580993652344],[53.72914123535156,26.700393676757812],[53.46330261230469,26.977890014648438],[52.69580078125,27.28955078125],[52.43583679199219,27.644554138183594],[52.035804748535156,27.84210968017578],[51.40167236328125,27.92205810546875],[51.02955627441406,28.81163787841797],[50.80955505371094,28.923309326171875],[50.922889709472656,29.06830596923828],[50.66789245605469,29.123336791992188],[50.653717041015625,29.459136962890625],[50.14955139160156,29.93244171142578],[50.09541320800781,30.178329467773438],[49.554168701171875,30.000442504882812],[49.50080871582031,30.138717651367188],[49.244171142578125,30.13622283935547],[49.23663330078125,30.25872039794922],[48.945457458496094,30.376815795898438],[49.21497344970703,30.340415954589844],[49.28038787841797,30.44080352783203],[48.900054931640625,30.503692626953125],[49.05458068847656,30.428306579589844],[48.78791809082031,30.3199462890625],[48.947113037109375,30.187416076660156],[48.88330078125,30.009498596191406],[48.66082763671875,30.054473876953125],[48.658355712890625,29.94794464111328],[48.45750427246094,29.99627685546875],[48.575416564941406,29.931671142578125],[48.469970703125,29.91461181640625],[47.98072052001953,30.001998901367188],[48.187889099121094,29.54663848876953],[47.97077941894531,29.5745849609375],[47.70288848876953,29.374114990234375],[48.10038757324219,29.352500915527344],[48.62202453613281,28.08655548095703],[48.88294219970703,27.829940795898438],[48.84706115722656,27.601638793945312],[49.25166320800781,27.52375030517578],[49.30914306640625,27.418716430664062],[49.12791442871094,27.409133911132812],[49.27125549316406,27.385025024414062],[49.37413787841797,27.117919921875],[49.580810546875,27.176193237304688],[49.68080139160156,26.967910766601562],[50.164581298828125,26.636642456054688],[49.9903564453125,26.754974365234375],[50.05127716064453,26.469970703125],[50.20249938964844,26.513717651367188],[50.224609375,26.354171752929688],[50.15953063964844,26.040000915527344],[50.03330993652344,26.200393676757812],[50.003028869628906,25.987442016601562],[50.49214172363281,25.40660858154297],[50.77082824707031,24.71369171142578],[50.86958312988281,24.799942016601562],[50.75799560546875,25.503280639648438],[50.84886169433594,25.468307495117188],[50.846778869628906,25.65369415283203],[50.883445739746094,25.478721618652344],[50.972999572753906,25.603248596191406],[50.89305114746094,25.709915161132812],[50.99139404296875,25.983245849609375],[51.25413513183594,26.160385131835938],[51.57775115966797,25.914108276367188],[51.475250244140625,25.50994873046875],[51.62944030761719,25.020050048828125],[51.37103271484375,24.596176147460938],[51.22044372558594,24.643333435058594],[51.30250549316406,24.507110595703125],[51.40083312988281,24.626327514648438],[51.50538635253906,24.572555541992188],[51.298362731933594,24.293746948242188],[51.59333801269531,24.252975463867188],[51.60169219970703,24.38050079345703],[51.6358642578125,24.202972412109375],[51.78205871582031,24.26422119140625],[51.799163818359375,24.010528564453125],[52.11083221435547,23.90655517578125],[52.5941162109375,24.19544219970703],[53.60746765136719,24.038719177246094],[54.093360900878906,24.120361328125],[54.21205139160156,24.194168090820312],[54.09710693359375,24.23577880859375],[54.144134521484375,24.322921752929688],[54.27375030517578,24.3016357421875],[54.24163818359375,24.212860107421875],[54.456634521484375,24.28125],[54.37371826171875,24.520004272460938],[54.549163818359375,24.424583435058594],[54.7091064453125,24.810386657714844],[55.07080078125,25.012916564941406],[55.55583190917969,25.582054138183594],[55.96205139160156,25.768310546875],[56.20741271972656,26.25128173828125],[56.22161102294922,26.193771362304688],[56.36332702636719,26.192398071289062],[56.374114990234375,26.386306762695312],[56.49205780029297,26.130027770996094],[56.326995849609375,26.15496826171875],[56.47874450683594,26.079971313476562],[56.26628112792969,25.630775451660156],[56.36797332763672,25.524078369140625],[56.41108703613281,24.862442016601562],[56.62361145019531,24.481582641601562],[57.181640625,23.932083129882812],[58.75331115722656,23.52202606201172],[59.51166534423828,22.541244506835938],[59.79705810546875,22.534194946289062],[59.807891845703125,22.220001220703125],[59.34706115722656,21.429168701171875],[58.80705261230469,20.99163818359375],[58.519554138183594,20.40997314453125],[58.20747375488281,20.388717651367188],[58.19499969482422,20.609580993652344],[57.84527587890625,20.238327026367188],[57.675384521484375,19.710830688476562],[57.84119415283203,18.999191284179688],[56.798309326171875,18.7462158203125],[56.35169219970703,17.918716430664062],[55.42832946777344,17.817886352539062],[55.22544860839844,17.525833129882812],[55.26124572753906,17.235809326171875],[55.01997375488281,17.001220703125],[54.05000305175781,16.989578247070312],[52.48333740234375,16.439559936523438],[52.15374755859375,16.0],[52.19580078125,15.607887268066406],[51.36830139160156,15.230392456054688],[49.342445373535156,14.637886047363281],[49.07414245605469,14.502059936523438],[48.69830322265625,14.04205322265625],[47.978363037109375,14.047080993652344],[47.390838623046875,13.648750305175781],[46.694976806640625,13.426254272460938],[45.65833282470703,13.347000122070312],[45.384971618652344,13.056167602539062],[45.133331298828125,12.978752136230469],[45.039947509765625,12.751220703125],[45.0,12.851249694824219],[44.877471923828125,12.72369384765625],[44.589195251464844,12.813720703125],[44.42163848876953,12.667915344238281],[43.96247100830078,12.593612670898438],[43.5999755859375,12.748695373535156],[43.463279724121094,12.67449951171875],[43.49372100830078,12.824974060058594],[43.242889404296875,13.256607055664062],[43.286224365234375,13.688278198242188],[42.972084045410156,14.488334655761719],[42.947052001953125,14.922470092773438],[42.84330749511719,15.157890319824219],[42.59869384765625,15.23077392578125],[42.69667053222656,15.366226196289062],[42.810394287109375,15.278335571289062],[42.686248779296875,15.701667785644531],[42.83622741699219,16.06163787841797],[42.70375061035156,16.739166259765625],[42.36919403076172,17.183746337890625],[42.367942810058594,17.018280029296875],[42.30955505371094,17.451637268066406],[41.637054443359375,18.001663208007812],[40.79541778564453,19.729110717773438],[40.11163330078125,20.268775939941406],[39.73583221435547,20.385360717773438],[39.19789123535156,21.084976196289062],[39.142913818359375,21.769134521484375],[39.0841064453125,21.707916259765625],[38.927032470703125,22.024993896484375],[39.05122375488281,22.063331604003906],[39.14208221435547,22.404937744140625],[39.06999969482422,22.339553833007812],[39.03125,22.76166534423828],[38.81291198730469,22.980804443359375],[38.455413818359375,23.781661987304688],[37.94163513183594,24.21038818359375],[37.86497497558594,24.148719787597656],[37.42791748046875,24.370803833007812],[37.152862548828125,24.82830810546875],[37.26875305175781,24.865806579589844],[37.23955535888672,25.188308715820312],[36.938720703125,25.643310546875],[36.71455383300781,25.740829467773438],[36.707916259765625,26.028335571289062],[36.497894287109375,26.11750030517578],[35.221221923828125,28.04669189453125],[34.575416564941406,28.088302612304688],[34.80372619628906,28.522445678710938],[35.00196838378906,29.52666473388672],[34.74047088623047,29.303253173828125],[34.411224365234375,28.320777893066406],[34.438751220703125,27.9949951171875],[34.24580383300781,27.722915649414062],[33.237083435058594,28.55327606201172],[33.17622375488281,28.995803833007812],[32.71458435058594,29.448333740234375],[32.57136535644531,30.19983673095703],[32.30491638183594,30.566970825195312],[32.36628723144531,31.2235107421875],[32.567474365234375,31.063720703125],[32.923309326171875,31.14788818359375],[32.667022705078125,31.049110412597656],[33.008331298828125,31.047889709472656],[33.12330627441406,31.192916870117188],[33.14166259765625,31.042892456054688],[33.865806579589844,31.160385131835938],[34.237030029296875,31.338302612304688],[34.7144775390625,31.955856323242188],[34.952056884765625,32.82411193847656],[35.0653076171875,32.85839080810547],[35.46617126464844,33.89488983154297],[35.645477294921875,34.004058837890625],[35.656280517578125,34.281585693359375],[35.98877716064453,34.53733825683594],[35.86383056640625,34.90986633300781],[35.913612365722656,35.41749572753906],[35.71360778808594,35.586669921875],[35.98124694824219,36.008331298828125],[35.78205871582031,36.31913757324219],[36.188385009765625,36.59625244140625],[36.15369415283203,36.837310791015625],[35.99580383300781,36.91291809082031],[35.63078308105469,36.73786163330078],[35.732086181640625,36.69502258300781],[35.62831115722656,36.585418701171875],[35.35497283935547,36.53291320800781],[34.63999938964844,36.797088623046875],[33.961639404296875,36.22039031982422],[33.86077880859375,36.3128662109375],[33.7008056640625,36.133750915527344],[32.79247283935547,36.0262451171875],[32.37330627441406,36.16203308105469],[32.031639099121094,36.531219482421875],[31.17083740234375,36.85041809082031],[30.63671875,36.85624694824219],[30.40496826171875,36.1995849609375],[30.186721801757812,36.30711364746094],[29.68494415283203,36.131248474121094],[29.10247039794922,36.387054443359375],[29.12371826171875,36.5433349609375],[29.009521484375,36.54411315917969],[29.090858459472656,36.67955780029297],[28.929969787597656,36.75538635253906],[28.84583282470703,36.58955383300781],[28.461669921875,36.87957763671875],[28.399169921875,36.7862548828125],[28.259109497070312,36.84625244140625],[28.3028564453125,36.72997283935547],[28.026641845703125,36.561248779296875],[27.956192016601562,36.60160827636719],[28.094558715820312,36.64747619628906],[27.96369171142578,36.684165954589844],[28.11750030517578,36.80455780029297],[27.404937744140625,36.66288757324219],[27.639999389648438,36.811248779296875],[28.009422302246094,36.81420135498047],[28.02166748046875,36.92625427246094],[28.335418701171875,37.054168701171875],[27.264137268066406,36.9637451171875],[27.254135131835938,37.1312255859375],[27.47083282470703,37.082916259765625],[27.647079467773438,37.244140625],[27.456634521484375,37.25286102294922],[27.417495727539062,37.41705322265625],[27.19330596923828,37.35369873046875],[27.220382690429688,37.58747100830078],[27.004608154296875,37.657501220703125],[27.245391845703125,37.73750305175781],[27.256248474121094,37.975830078125],[26.867469787597656,38.03205871582031],[26.760772705078125,38.22125244140625],[26.589942932128906,38.10374450683594],[26.231613159179688,38.26538848876953],[26.51458740234375,38.42828369140625],[26.392059326171875,38.44499969482422],[26.41827392578125,38.679527282714844],[26.62535858154297,38.529998779296875],[26.676605224609375,38.311248779296875],[26.70661163330078,38.432891845703125],[26.805831909179688,38.35541534423828],[27.173690795898438,38.44580078125],[26.949966430664062,38.436279296875],[26.722076416015625,38.64997100830078],[27.066253662109375,38.87831115722656],[26.801666259765625,38.951194763183594],[26.8812255859375,39.09166717529297],[26.607940673828125,39.27330780029297],[26.947921752929688,39.564971923828125],[26.072494506835938,39.470359802246094],[26.183639526367188,40.00236511230469],[26.747390747070312,40.40455627441406],[27.284133911132812,40.4737548828125],[27.44499969482422,40.3187255859375],[27.755775451660156,40.306251525878906],[27.876220703125,40.375],[27.6837158203125,40.47332763671875],[27.749114990234375,40.527915954589844],[28.031661987304688,40.48124694824219],[27.95330810546875,40.35038757324219],[28.984970092773438,40.35621643066406],[29.14875030517578,40.43414306640625],[28.777053833007812,40.519134521484375],[28.9749755859375,40.640411376953125],[29.935836791992188,40.71788787841797],[29.252471923828125,40.80127716064453],[29.005386352539062,41.01580810546875],[29.161636352539062,41.221221923828125],[31.210800170898438,41.09955596923828],[31.39166259765625,41.316253662109375],[32.235809326171875,41.68702697753906],[33.341644287109375,42.02619934082031],[34.717529296875,41.94291687011719],[35.0133056640625,42.09869384765625],[35.216217041015625,42.02000427246094],[35.09539031982422,41.92163848876953],[35.28502655029297,41.71624755859375],[35.575836181640625,41.622894287109375],[36.043251037597656,41.697052001953125],[36.126220703125,41.466644287109375],[36.40913391113281,41.244529724121094],[36.814971923828125,41.34955596923828],[37.531639099121094,41.02122497558594],[37.68499755859375,41.14038848876953],[37.88580322265625,40.98291778564453],[38.37744140625,40.90875244140625],[39.437530517578125,41.11041259765625],[40.17083740234375,40.92124938964844],[41.40492248535156,41.37699890136719],[41.77949523925781,41.84246826171875],[41.43583679199219,42.737083435058594],[41.14830780029297,42.79624938964844],[40.85749816894531,43.07208251953125],[40.29750061035156,43.169586181640625],[40.246612548828125,43.313720703125],[39.92253112792969,43.41705322265625],[38.78666687011719,44.282081604003906],[38.21080780029297,44.413726806640625],[37.80244445800781,44.7320556640625],[37.739112854003906,44.64622497558594],[37.456634521484375,44.70208740234375],[37.254974365234375,44.97955322265625],[36.60035705566406,45.19328308105469],[36.99205780029297,45.28663635253906],[36.800804138183594,45.299583435058594],[36.77000427246094,45.409584045410156],[36.62831115722656,45.304527282714844],[36.795806884765625,45.44038391113281],[37.14836120605469,45.34791564941406],[37.07746887207031,45.23872375488281],[37.31544494628906,45.28997039794922],[37.15083312988281,45.34710693359375],[37.532501220703125,45.37957763671875],[37.61460876464844,45.663307189941406],[37.83538818359375,45.755828857421875],[37.96247100830078,46.02455139160156],[38.114166259765625,46.055419921875],[38.10499572753906,45.94872283935547],[38.27494812011719,46.258750915527344],[38.24993896484375,46.152915954589844],[38.59002685546875,46.037078857421875],[38.1383056640625,46.376190185546875],[37.90496826171875,46.40956115722656],[37.69622039794922,46.70249938964844],[38.59327697753906,46.66205596923828],[38.39707946777344,46.72080993652344],[38.44744873046875,46.849578857421875],[39.290863037109375,47.02122497558594],[39.26246643066406,47.2620849609375],[38.089942932128906,47.025390625],[38.06074523925781,47.11708068847656],[37.57249450683594,47.10038757324219],[37.306640625,46.864532470703125],[37.239166259765625,46.95039367675781],[36.94749450683594,46.83955383300781],[36.768310546875,46.62957763671875],[36.80958557128906,46.72917175292969],[36.621665954589844,46.77874755859375],[36.12330627441406,46.48875427246094],[36.290802001953125,46.634552001953125],[35.92083740234375,46.655418395996094],[34.990806579589844,46.077056884765625],[35.3570556640625,46.35746765136719],[35.18580627441406,46.527862548828125],[35.19999694824219,46.372894287109375],[34.63163757324219,46.17041778564453],[34.46543884277344,45.915000915527344],[34.65208435058594,45.94081115722656],[34.51994323730469,45.78538513183594],[34.79205322265625,45.8941650390625],[34.5687255859375,45.72413635253906],[34.74664306640625,45.824554443359375],[34.660003662109375,45.67622375488281],[34.87913513183594,45.74622344970703],[34.80000305175781,45.647918701171875],[35.02874755859375,45.63499450683594],[35.10955810546875,45.48663330078125],[34.973304748535156,45.36122131347656],[35.463722229003906,45.282501220703125],[34.897499084472656,45.85621643066406],[34.823692321777344,45.81330871582031],[34.81455993652344,46.02916717529297],[34.67036437988281,46.09916687011719],[34.815032958984375,46.14622497558594],[35.46502685546875,45.30122375488281],[35.845001220703125,45.47125244140625],[35.981666564941406,45.36705780029297],[36.347503662109375,45.48127746582031],[36.64625549316406,45.37413787841797],[36.42375183105469,45.285804748535156],[36.376609802246094,45.055419921875],[35.83494567871094,44.99542236328125],[35.485809326171875,45.112884521484375],[35.085052490234375,44.78955078125],[34.60746765136719,44.76872253417969],[33.97660827636719,44.38789367675781],[33.382080078125,44.57916259765625],[33.592918395996094,44.610809326171875],[33.5120849609375,44.628334045410156],[33.601226806640625,45.003334045410156],[32.989166259765625,45.32035827636719],[33.20330810546875,45.442054748535156],[32.985748291015625,45.32372283935547],[32.48039245605469,45.386695861816406],[33.17333221435547,45.802947998046875],[33.68663787841797,45.8328857421875],[33.76625061035156,45.92750549316406],[33.617027282714844,45.942474365234375],[33.597442626953125,46.153717041015625],[33.51080322265625,46.025390625],[33.201637268066406,46.104522705078125],[33.214996337890625,46.20708465576172],[32.540000915527344,46.062889099121094],[31.787498474121094,46.267112731933594],[32.066612243652344,46.382110595703125],[31.740829467773438,46.487884521484375],[31.736663818359375,46.402915954589844],[31.509140014648438,46.579559326171875],[32.32167053222656,46.46539306640625],[32.29161071777344,46.57624816894531],[31.985809326171875,46.652915954589844],[31.98908233642578,46.889556884765625],[31.800003051757812,46.61041259765625],[31.427108764648438,46.62750244140625],[31.584945678710938,46.840362548828125],[31.503982543945312,46.73583984375],[31.42658233642578,46.80792236328125],[31.409942626953125,46.618751525878906],[30.759170532226562,46.549560546875],[30.752883911132812,46.37666320800781],[30.479995727539062,46.07788848876953],[30.323333740234375,46.373695373535156],[30.14080810546875,46.382080078125],[30.477081298828125,46.07330322265625],[30.135833740234375,45.82122039794922],[29.976638793945312,45.85033416748047],[29.742416381835938,45.602027893066406],[29.63116455078125,45.82411193847656],[29.59283447265625,45.56327819824219],[29.71369171142578,45.57910919189453],[29.607444763183594,45.476165771484375],[29.799583435058594,45.44996643066406],[29.7562255859375,45.23493957519531],[29.632049560546875,45.21742248535156],[29.714553833007812,45.16497039794922],[29.608688354492188,44.850830078125],[28.9949951171875,44.682861328125],[29.14788818359375,44.82167053222656],[29.043746948242188,44.85417175292969],[29.09705352783203,44.98747253417969],[28.863327026367188,44.95375061035156],[28.940414428710938,44.75663757324219],[28.715415954589844,44.72833251953125],[28.994613647460938,44.68080139160156],[28.762054443359375,44.619140625],[28.762466430664062,44.45538330078125],[28.932052612304688,44.6141357421875],[28.62708282470703,44.2933349609375],[28.58361053466797,43.48405456542969],[28.470687866210938,43.36122131347656],[28.098251342773438,43.375335693359375],[27.910354614257812,43.19244384765625],[27.90044403076172,42.7008056640625],[27.725799560546875,42.704559326171875],[27.650863647460938,42.55122375488281],[27.512496948242188,42.5528564453125],[27.46247100830078,42.44041442871094],[27.721694946289062,42.40875244140625],[28.21075439453125,41.52203369140625],[29.10955810546875,41.23413848876953],[28.981643676757812,40.998695373535156],[28.225723266601562,41.076194763183594],[27.51580810546875,40.976226806640625],[27.292526245117188,40.69541931152344],[26.689910888671875,40.45288848876953],[26.182388305664062,40.039527893066406],[26.208633422851562,40.31666564941406],[26.80821990966797,40.645416259765625],[26.136642456054688,40.58880615234375],[26.055023193359375,40.830413818359375],[25.136611938476562,41.012001037597656],[24.783309936523438,40.848724365234375],[24.399169921875,40.933746337890625],[24.076637268066406,40.71708679199219],[23.85247039794922,40.79541778564453],[23.692916870117188,40.670806884765625],[23.917892456054688,40.53582763671875],[23.820419311523438,40.50663757324219],[23.87164306640625,40.40791320800781],[24.012496948242188,40.451194763183594],[24.402915954589844,40.15583801269531],[23.734970092773438,40.35541534423828],[23.765777587890625,40.199554443359375],[23.995391845703125,40.10997009277344],[23.949142456054688,39.938751220703125],[23.653305053710938,40.224609375],[23.319137573242188,40.19872283935547],[22.88744354248047,40.37455749511719],[22.81536102294922,40.503334045410156],[22.976219177246094,40.540000915527344],[22.928306579589844,40.6370849609375],[22.585418701171875,40.46666717529297],[22.59375,40.01496887207031],[23.350418090820312,39.18580627441406],[23.058364868164062,39.090415954589844],[23.219581604003906,39.182472229003906],[22.935806274414062,39.35874938964844],[22.82122039794922,39.21160888671875],[23.057052612304688,39.015838623046875],[22.527023315429688,38.85749816894531],[23.314163208007812,38.642913818359375],[23.331634521484375,38.49958801269531],[23.552444458007812,38.509552001953125],[24.081253051757812,38.1624755859375],[23.982887268066406,38.103302001953125],[24.03083038330078,37.647056579589844],[23.519973754882812,38.04371643066406],[22.99372100830078,37.877471923828125],[23.179527282714844,37.80500030517578],[23.1624755859375,37.615447998046875],[23.332473754882812,37.53289031982422],[23.402496337890625,37.63624572753906],[23.51580810546875,37.430419921875],[23.170806884765625,37.284584045410156],[23.065383911132812,37.352500915527344],[23.12249755859375,37.45124816894531],[22.71788787841797,37.56083679199219],[23.19830322265625,36.43455505371094],[22.634994506835938,36.805389404296875],[22.476219177246094,36.614166259765625],[22.482467651367188,36.38786315917969],[22.125831604003906,37.02458190917969],[21.932083129882812,36.98413848876953],[21.87744140625,36.719581604003906],[21.703689575195312,36.81414031982422],[21.565414428710938,37.149139404296875],[21.654586791992188,37.43000030517578],[21.104522705078125,37.850830078125],[21.36872100830078,38.21746826171875],[21.5999755859375,38.14453125],[21.955780029296875,38.32786560058594],[22.895828247070312,37.933746337890625],[22.97624969482422,37.97747039794922],[22.850753784179688,38.031219482421875],[23.225387573242188,38.15496826171875],[22.781639099121094,38.232086181640625],[22.656639099121094,38.38542175292969],[22.559112548828125,38.27952575683594],[22.40166473388672,38.44872283935547],[22.376632690429688,38.33125305175781],[21.934188842773438,38.405418395996094],[21.509193420410156,38.2945556640625],[21.355804443359375,38.44041442871094],[21.25244140625,38.30207824707031],[21.099105834960938,38.33453369140625],[21.09705352783203,38.5316162109375],[20.728744506835938,38.814971923828125],[20.781959533691406,38.93994140625],[21.174942016601562,38.867889404296875],[21.117752075195312,39.039031982421875],[20.794891357421875,39.061279296875],[20.830360412597656,38.959999084472656],[20.725799560546875,38.950416564941406],[20.474884033203125,39.277862548828125],[20.2861328125,39.327392578125],[20.18572235107422,39.625335693359375],[19.982086181640625,39.68914031982422],[20.0169677734375,39.85822296142578],[19.862503051757812,40.036224365234375],[19.288719177246094,40.41999816894531],[19.482025146484375,40.34747314453125],[19.37786102294922,40.534942626953125],[19.456222534179688,40.56330871582031],[19.308746337890625,40.65666198730469],[19.41791534423828,40.93414306640625],[19.44080352783203,40.87211608886719],[19.525421142578125,40.912498474121094],[19.430389404296875,41.01411437988281],[19.518722534179688,41.26747131347656],[19.391189575195312,41.412445068359375],[19.51458740234375,41.49577331542969],[19.444107055664062,41.588722229003906],[19.61455535888672,41.60577392578125],[19.594970703125,41.81205749511719],[19.169166564941406,41.93541717529297],[18.8883056640625,42.27375030517578],[18.547889709472656,42.41416931152344],[18.762496948242188,42.490386962890625],[18.509994506835938,42.45538330078125],[18.5274658203125,42.392059326171875],[17.887496948242188,42.787078857421875],[17.008277893066406,43.00538635253906],[17.742080688476562,42.83416748046875],[16.88666534423828,43.39958190917969],[16.434112548828125,43.544586181640625],[15.951667785644531,43.50457763671875],[15.885833740234375,43.740386962890625],[15.142860412597656,44.19410705566406],[15.276641845703125,44.33372497558594],[15.627082824707031,44.138275146484375],[14.986663818359375,44.57372283935547],[14.846221923828125,45.11328125],[14.559112548828125,45.29624938964844],[14.329139709472656,45.35536193847656],[14.171249389648438,44.98002624511719],[14.0457763671875,45.04286193847656],[13.904998779296875,44.767059326171875],[13.62188720703125,45.06080627441406],[13.722724914550781,45.132476806640625],[13.591110229492188,45.1383056640625],[13.490333557128906,45.485862731933594],[13.804412841796875,45.615028381347656],[13.544029235839844,45.7945556640625],[13.3873291015625,45.67460632324219],[13.125778198242188,45.770416259765625],[13.093246459960938,45.63377380371094],[12.431640625,45.424560546875],[12.585334777832031,45.543304443359375],[12.466636657714844,45.563751220703125],[12.142890930175781,45.38664245605469],[12.213691711425781,45.19999694824219],[12.31036376953125,45.22997283935547],[12.292083740234375,45.07994079589844],[12.507026672363281,44.98744201660156],[12.454109191894531,44.81622314453125],[12.292526245117188,44.84039306640625],[12.246192932128906,44.72999572753906],[12.395774841308594,44.205413818359375],[13.626693725585938,43.55207824707031],[13.966278076171875,42.725830078125],[14.788276672363281,42.045387268066406],[15.474578857421875,41.90411376953125],[15.344139099121094,41.862030029296875],[16.153335571289062,41.909584045410156],[16.191253662109375,41.77330780029297],[15.894584655761719,41.61163330078125],[15.96160888671875,41.46038818359375],[18.021636962890625,40.64372253417969],[18.516220092773438,40.135833740234375],[18.347503662109375,39.79035949707031],[18.04705810546875,39.93000030517578],[17.858306884765625,40.283721923828125],[17.505828857421875,40.292945861816406],[17.12244415283203,40.51872253417969],[16.894912719726562,40.430389404296875],[16.488723754882812,39.75917053222656],[17.160415649414062,39.40247344970703],[17.11041259765625,39.10577392578125],[17.208724975585938,39.02747344970703],[17.09832763671875,38.89375305175781],[16.604995727539062,38.812889099121094],[16.570419311523438,38.425804138183594],[16.166641235351562,38.137939453125],[16.064971923828125,37.92378234863281],[15.634529113769531,38.01747131347656],[15.635414123535156,38.231666564941406],[15.912918090820312,38.478302001953125],[15.837890625,38.64910888671875],[16.22119140625,38.853302001953125],[15.676666259765625,40.030418395996094],[15.268280029296875,40.02458190917969],[14.905364990234375,40.24580383300781],[14.997024536132812,40.39500427246094],[14.792442321777344,40.66374969482422],[14.322471618652344,40.569557189941406],[14.456222534179688,40.744972229003906],[14.044998168945312,40.78874969482422],[13.725830078125,41.242889404296875],[13.043304443359375,41.22541809082031],[11.834136962890625,42.02955627441406],[11.624969482421875,42.30207824707031],[11.093330383300781,42.39458465576172],[11.195442199707031,42.50830078125],[11.082473754882812,42.63202667236328],[10.728691101074219,42.804107666015625],[10.762443542480469,42.91786193847656],[10.493888854980469,42.93414306640625],[10.53369140625,43.25169372558594],[10.179969787597656,43.96119689941406],[8.747528076171875,44.42710876464844],[8.083358764648438,43.89872741699219],[7.187416076660156,43.68794250488281],[7.137359619140625,43.54791259765625],[6.579139709472656,43.276222229003906],[6.697914123535156,43.27000427246094],[6.6449432373046875,43.170387268066406],[6.158332824707031,43.02955627441406],[5.335746765136719,43.215362548828125],[5.312469482421875,43.36210632324219],[5.049163818359375,43.327056884765625],[4.858306884765625,43.45625305175781],[4.859169006347656,43.33622741699219],[4.660835266113281,43.34791564941406],[4.611663818359375,43.45794677734375],[4.620002746582031,43.35871887207031],[4.085029602050781,43.561248779296875],[3.0395584106445312,43.10247039794922],[3.049530029296875,42.87164306640625],[2.9511642456054688,42.833282470703125],[3.0478897094726562,42.86833190917969],[3.1636962890625,42.360748291015625],[3.3203353881835938,42.3199462890625],[3.1028594970703125,42.21080780029297],[3.20330810546875,41.89118957519531],[2.110809326171875,41.287078857421875],[0.9799423217773438,41.03456115722656],[0.702056884765625,40.806640625],[0.8733596801757812,40.697052001953125],[0.5966415405273438,40.61955261230469],[-0.34130859375,39.428558349609375],[-0.2421417236328125,39.130828857421875],[0.235443115234375,38.73833465576172],[-0.5045852661132812,38.3341064453125],[-0.8587493896484375,37.722503662109375],[-0.717498779296875,37.6070556640625],[-1.4516677856445312,37.49211120605469],[-1.7962799072265625,37.22917175292969],[-2.1258316040039062,36.73041534423828],[-2.3708648681640625,36.84039306640625],[-2.6999969482421875,36.68208312988281],[-4.415000915527344,36.718719482421875],[-4.638336181640625,36.507057189941406],[-5.175079345703125,36.415443420410156],[-5.34588623046875,36.10874938964844],[-5.425079345703125,36.17710876464844],[-5.6084136962890625,36.00041198730469],[-6.0388031005859375,36.18333435058594],[-6.524192810058594,36.97874450683594],[-6.921669006347656,37.177886962890625],[-6.866691589355469,37.29291534423828],[-6.982917785644531,37.26750183105469],[-6.951667785644531,37.17127990722656],[-7.4200592041015625,37.23619079589844],[-8.030059814453125,37.03375244140625],[-7.9491424560546875,36.98039245605469],[-8.5191650390625,37.15208435058594],[-8.995445251464844,37.022499084472656],[-8.756278991699219,37.72914123535156],[-8.888748168945312,37.95747375488281],[-8.785415649414062,38.315834045410156],[-8.914581298828125,38.49327850341797],[-8.630447387695312,38.40833282470703],[-8.725830078125,38.57202911376953],[-8.785858154296875,38.46788787841797],[-8.897499084472656,38.5203857421875],[-9.225440979003906,38.41169738769531],[-9.283775329589844,38.671661376953125],[-9.053329467773438,38.60205078125],[-8.959999084472656,38.69038391113281],[-9.054580688476562,38.69081115722656],[-8.923774719238281,38.764137268066406],[-8.945808410644531,38.99705505371094],[-9.122528076171875,38.71038818359375],[-9.431694030761719,38.68791198730469],[-9.500389099121094,38.78330993652344],[-9.339668273925781,39.2308349609375],[-9.408721923828125,39.36663818359375],[-9.182968139648438,39.406639099121094],[-8.792915344238281,40.11830139160156],[-8.908775329589844,40.18916320800781],[-8.625442504882812,41.14411163330078],[-8.790443420410156,41.41497039794922],[-8.90130615234375,42.11244201660156],[-8.59967041015625,42.344970703125],[-8.873863220214844,42.25250244140625],[-8.642166137695312,42.43580627441406],[-8.945472717285156,42.464141845703125],[-8.82177734375,42.45286560058594],[-8.738334655761719,42.66285705566406],[-8.841720581054688,42.68708801269531],[-9.042526245117188,42.51878356933594],[-8.867141723632812,42.82830810546875],[-9.0875244140625,42.737884521484375],[-9.123390197753906,42.911224365234375],[-9.281303405761719,42.88916778564453],[-9.17669677734375,43.1937255859375],[-8.843391418457031,43.344581604003906],[-8.205863952636719,43.32289123535156],[-8.176307678222656,43.41914367675781],[-8.317886352539062,43.44580078125],[-8.162139892578125,43.5],[-8.342498779296875,43.45708465576172],[-8.326690673828125,43.563751220703125],[-7.688385009765625,43.792083740234375],[-7.598304748535156,43.65791320800781],[-7.469139099121094,43.726226806640625],[-7.049224853515625,43.48124694824219],[-6.9450531005859375,43.5745849609375],[-6.079170227050781,43.537078857421875],[-5.851692199707031,43.659584045410156],[-5.693336486816406,43.544586181640625],[-4.475860595703125,43.37957763671875],[-3.8133621215820312,43.496246337890625],[-3.80755615234375,43.39625549316406],[-3.5908889770507812,43.514610290527344],[-3.4304962158203125,43.46333312988281],[-3.5220794677734375,43.426666259765625],[-3.467529296875,43.379554748535156],[-3.008392333984375,43.31544494628906],[-2.7517242431640625,43.45872497558594],[-2.1308059692382812,43.275390625],[-1.6050567626953125,43.43035888671875],[-1.4462814331054688,43.64741516113281],[-1.2587814331054688,44.543304443359375],[-1.1916656494140625,44.66294860839844],[-1.0163345336914062,44.65419006347656],[-1.1675796508789062,44.77207946777344],[-1.2612533569335938,44.62913513183594],[-1.0958633422851562,45.55958557128906],[-0.65252685546875,45.04872131347656],[-0.50714111328125,45.00830078125],[-0.7958602905273438,45.47206115722656],[-1.2379684448242188,45.692527770996094],[-0.9996414184570312,45.97247314453125],[-1.242919921875,46.162498474121094],[-1.1013031005859375,46.31666564941406],[-1.812530517578125,46.492889404296875],[-2.1445541381835938,46.820831298828125],[-1.9979476928710938,47.05250549316406],[-2.251251220703125,47.133331298828125],[-2.171722412109375,47.267913818359375],[-2.5450820922851562,47.28955078125],[-2.4329147338867188,47.413330078125],[-2.4996414184570312,47.4949951171875],[-2.3899993896484375,47.506248474121094],[-2.8167800903320312,47.487083435058594],[-2.9171142578125,47.556640625],[-2.7021102905273438,47.63499450683594],[-2.9767532348632812,47.66205596923828],[-2.9296112060546875,47.55583190917969],[-3.035888671875,47.63786315917969],[-3.1316680908203125,47.4737548828125],[-3.1342239379882812,47.748748779296875],[-3.21502685546875,47.642913818359375],[-3.3621368408203125,47.689971923828125],[-3.2816390991210938,47.781280517578125],[-3.4525527954101562,47.69541931152344],[-3.9475021362304688,47.90289306640625],[-4.3766632080078125,47.79621887207031],[-4.437530517578125,47.97039031982422],[-4.740028381347656,48.040916442871094],[-4.2791900634765625,48.15757751464844],[-4.5570831298828125,48.16969299316406],[-4.63336181640625,48.283416748046875],[-4.157554626464844,48.25010681152344],[-4.456718444824219,48.329254150390625],[-4.301246643066406,48.42802429199219],[-4.7746429443359375,48.33135986328125],[-4.780113220214844,48.50677490234375],[-4.008781433105469,48.72966766357422],[-3.8566970825195312,48.621246337890625],[-3.82086181640625,48.71788787841797],[-3.5983352661132812,48.6695556640625],[-3.5150833129882812,48.83625030517578],[-3.0766677856445312,48.883750915527344],[-3.1350555419921875,48.7503662109375],[-3.0150833129882812,48.82208251953125],[-2.6866912841796875,48.496192932128906],[-2.3191375732421875,48.69038391113281],[-1.9750289916992188,48.536224365234375],[-2.0329971313476562,48.65080261230469],[-1.93505859375,48.702911376953125],[-1.3574981689453125,48.633750915527344],[-1.5704421997070312,48.744171142578125],[-1.547943115234375,49.219970703125],[-1.811279296875,49.37413787841797],[-1.9400253295898438,49.72785949707031],[-1.2658615112304688,49.69877624511719],[-1.3104476928710938,49.55000305175781],[-1.1158065795898438,49.32621765136719],[-0.24747467041015625,49.267059326171875],[0.48616790771484375,49.480804443359375],[0.0654449462890625,49.51666259765625],[0.205780029296875,49.71458435058594],[1.6657791137695312,50.18330383300781],[1.5391082763671875,50.277496337890625],[1.5832748413085938,50.87291717529297],[3.50653076171875,51.408721923828125],[4.25030517578125,51.352142333984375],[3.4306411743164062,51.53327941894531],[3.834808349609375,51.607025146484375],[4.2284698486328125,51.432945251464844],[4.2340850830078125,51.53907775878906],[3.9840011596679688,51.589942932128906],[4.645751953125,51.713279724121094],[4.05657958984375,51.83619689941406],[4.007530212402344,51.963279724121094],[4.134613037109375,51.96302795410156],[4.61077880859375,52.47413635253906],[4.733329772949219,52.96705627441406],[5.036582946777344,52.94038391113281],[5.127471923828125,52.758331298828125],[5.290802001953125,52.74163818359375],[5.020721435546875,52.62994384765625],[5.039085388183594,52.46577453613281],[5.14080810546875,52.461639404296875],[4.930809020996094,52.38417053222656],[5.2532806396484375,52.310333251953125],[5.119110107421875,52.38163757324219],[5.844139099121094,52.584136962890625],[5.5875244140625,52.66163635253906],[5.712501525878906,52.841644287109375],[5.357414245605469,52.88078308105469],[5.334114074707031,53.075836181640625],[5.878334045410156,53.39625549316406],[6.2965850830078125,53.33625030517578],[6.182472229003906,53.40330505371094],[6.8133087158203125,53.46455383300781],[7.0954132080078125,53.25727844238281],[7.335136413574219,53.31950378417969],[7.428443908691406,53.22252655029297],[7.3385009765625,53.321998596191406],[7.009696960449219,53.34797668457031],[7.093025207519531,53.585723876953125],[7.956718444824219,53.71830749511719],[8.205001831054688,53.40289306640625],[8.312416076660156,53.45830535888672],[8.273361206054688,53.612060546875],[8.552474975585938,53.54083251953125],[8.505691528320312,53.36907958984375],[8.574142456054688,53.540802001953125],[8.480804443359375,53.69664001464844],[8.6683349609375,53.89458465576172],[9.262802124023438,53.84101867675781],[9.540802001953125,53.614166259765625],[9.8258056640625,53.531639099121094],[9.191635131835938,53.92041778564453],[8.907501220703125,53.93580627441406],[8.835807800292969,54.03074645996094],[9.015724182128906,54.09080505371094],[8.807502746582031,54.17997741699219],[8.960807800292969,54.317413330078125],[8.574111938476562,54.301612854003906],[9.014030456542969,54.48663330078125],[8.52911376953125,54.62664031982422],[8.707473754882812,54.68743896484375],[8.61077880859375,54.88166809082031],[8.339973449707031,54.88035583496094],[8.275749206542969,54.752471923828125],[8.399948120117188,55.053749084472656],[8.375778198242188,54.89580535888672],[8.642417907714844,54.89580535888672],[8.677413940429688,55.33247375488281],[8.306671142578125,55.59039306640625],[8.313278198242188,55.465415954589844],[8.072441101074219,55.559112548828125],[8.179107666015625,55.77333068847656],[8.117416381835938,56.538307189941406],[8.213279724121094,56.710357666015625],[8.299942016601562,56.55122375488281],[8.559112548828125,56.567474365234375],[8.261665344238281,56.77708435058594],[8.596611022949219,57.121192932128906],[9.400001525878906,57.16119384765625],[9.938247680664062,57.58622741699219],[10.657470703125,57.73750305175781],[10.422500610351562,57.58830261230469],[10.545806884765625,57.22917175292969],[10.230720520019531,56.986778259277344],[10.335777282714844,56.70747375488281],[10.12408447265625,56.71160888671875],[10.347442626953125,56.69416809082031],[10.252975463867188,56.5721435546875],[10.960777282714844,56.44166564941406],[10.713279724121094,56.142059326171875],[10.379196166992188,56.1683349609375],[10.454940795898438,56.294586181640625],[10.244171142578125,56.18663787841797],[10.197471618652344,55.83905029296875],[9.859107971191406,55.852500915527344],[10.052444458007812,55.82405090332031],[10.030830383300781,55.69569396972656],[9.55914306640625,55.70747375488281],[9.860748291015625,55.62327575683594],[9.495780944824219,55.49247741699219],[9.695831298828125,55.461639404296875],[9.565780639648438,55.25],[9.71746826171875,55.24827575683594],[9.424163818359375,55.02830505371094],[9.785720825195312,54.91410827636719],[9.74658203125,54.83866882324219],[9.621612548828125,54.93536376953125],[9.4207763671875,54.8282470703125],[9.959030151367188,54.78239440917969],[10.029136657714844,54.55250549316406],[9.844024658203125,54.466644287109375],[10.163307189941406,54.47705078125],[10.143280029296875,54.32038879394531],[10.324943542480469,54.438751220703125],[10.705001831054688,54.30708312988281],[11.132415771484375,54.39080810546875],[11.094169616699219,54.19830322265625],[10.755805969238281,54.05583190917969],[10.888221740722656,53.95953369140625],[11.180000305175781,54.01788330078125],[11.46160888671875,53.900390625],[11.6766357421875,54.155418395996094],[12.084915161132812,54.18372344970703],[12.150749206542969,54.09416198730469],[12.09246826171875,54.181671142578125],[12.518363952636719,54.48371887207031],[12.964111328125,54.436614990234375],[12.434921264648438,54.378692626953125],[12.419944763183594,54.247894287109375],[13.021636962890625,54.43955993652344],[13.459915161132812,54.08952331542969],[13.722442626953125,54.16497039794922],[13.915802001953125,53.92413330078125],[13.819084167480469,53.84246826171875],[14.591171264648438,53.60169219970703],[14.540725708007812,53.70500183105469],[14.731636047363281,54.026222229003906],[16.143310546875,54.251220703125],[16.52991485595703,54.542083740234375],[17.948333740234375,54.83208465576172],[18.328330993652344,54.83622741699219],[18.78919219970703,54.65330505371094],[18.422500610351562,54.78666687011719],[18.567474365234375,54.4508056640625],[18.796585083007812,54.343719482421875],[19.5015869140625,54.40369415283203],[19.87830352783203,54.64036560058594],[19.594886779785156,54.424530029296875],[19.227500915527344,54.336578369140625],[19.373336791992188,54.220359802246094],[20.412498474121094,54.67747497558594],[19.998275756835938,54.72785949707031],[19.889892578125,54.63783264160156],[19.93572235107422,54.91658020019531],[20.406639099121094,54.944580078125],[21.102127075195312,55.513824462890625],[21.064620971679688,55.34507751464844],[20.5142822265625,54.95503234863281],[21.247467041015625,54.95074462890625],[21.177444458007812,55.19410705566406],[21.297439575195312,55.29994201660156],[21.0833740234375,55.682579040527344],[20.980743408203125,56.52247619628906],[21.05577850341797,56.83583068847656],[21.397476196289062,57.032440185546875],[21.41583251953125,57.290802001953125],[21.697494506835938,57.566612243652344],[22.609939575195312,57.76042175292969],[22.610809326171875,57.60664367675781],[23.127471923828125,57.365806579589844],[23.258583068847656,57.08992004394531],[23.636550903320312,56.9619140625],[23.959915161132812,56.995277404785156],[24.39385986328125,57.2401123046875],[24.332809448242188,57.83992004394531],[24.585830688476562,58.322418212890625],[24.314971923828125,58.38038635253906],[24.12158203125,58.23124694824219],[23.73583221435547,58.3499755859375],[23.494171142578125,58.688331604003906],[23.775833129882812,58.75080871582031],[23.444198608398438,58.76499938964844],[23.53083038330078,58.811668395996094],[23.427444458007812,58.93414306640625],[23.674110412597656,58.96830749511719],[23.400772094726562,59.02497100830078],[23.53083038330078,59.07080078125],[23.503250122070312,59.23041534423828],[24.091690063476562,59.27455139160156],[24.03253173828125,59.390838623046875],[24.241607666015625,59.343719482421875],[24.177444458007812,59.39833068847656],[24.35991668701172,59.47453308105469],[24.794967651367188,59.444557189941406],[24.800025939941406,59.57372283935547],[25.43663787841797,59.48955535888672],[25.557525634765625,59.54249572753906],[25.499114990234375,59.64830780029297],[25.676605224609375,59.56458282470703],[25.696556091308594,59.67619323730469],[25.81494140625,59.56458282470703],[25.9649658203125,59.63789367675781],[26.948219299316406,59.43791198730469],[27.914947509765625,59.402862548828125],[28.062393188476562,59.463279724121094],[28.098220825195312,59.79042053222656],[28.366500854492188,59.66033172607422],[28.478164672851562,59.83119201660156],[28.974716186523438,59.81366729736328],[29.125,59.9879150390625],[30.166641235351562,59.852081298828125],[30.346580505371094,59.950416564941406],[29.971664428710938,60.008750915527344],[29.873306274414062,60.16205596923828],[29.041610717773438,60.177886962890625],[28.623275756835938,60.352806091308594],[28.442359924316406,60.548248291015625],[28.717361450195312,60.439109802246094],[28.64905548095703,60.65741729736328],[28.79571533203125,60.67491149902344],[28.658187866210938,60.742828369140625],[28.238136291503906,60.512054443359375],[26.463272094726562,60.50291442871094],[26.404190063476562,60.42250061035156],[26.540000915527344,60.342918395996094],[25.943275451660156,60.497894287109375],[26.119171142578125,60.32666778564453],[25.941604614257812,60.26875305175781],[25.999191284179688,60.374969482421875],[25.839942932128906,60.413726806640625],[25.899993896484375,60.246246337890625],[25.67083740234375,60.276641845703125],[25.67163848876953,60.384613037109375],[25.083358764648438,60.15538787841797],[24.563308715820312,60.174583435058594],[24.647499084472656,60.10997009277344],[24.393218994140625,59.96624755859375],[24.484161376953125,60.07416534423828],[23.424942016601562,59.9637451171875],[23.544967651367188,60.097862243652344],[23.218276977539062,59.840415954589844],[22.893356323242188,59.808692932128906],[23.207473754882812,59.91166687011719],[23.095779418945312,59.95416259765625],[23.230804443359375,60.03497314453125],[23.037498474121094,59.98833465576172],[23.02996826171875,59.910362243652344],[22.80744171142578,60.01747131347656],[23.05327606201172,60.045440673828125],[22.867446899414062,60.16413879394531],[23.09241485595703,60.3699951171875],[22.519973754882812,60.212890625],[22.635772705078125,60.28497314453125],[22.452499389648438,60.26747131347656],[22.649948120117188,60.40452575683594],[22.294998168945312,60.38377380371094],[21.905029296875,60.55455780029297],[21.760025024414062,60.47455596923828],[21.849945068359375,60.64038848876953],[21.58660888671875,60.49122619628906],[21.425804138183594,60.603363037109375],[21.340835571289062,60.71580505371094],[21.464187622070312,60.747467041015625],[21.305801391601562,60.87413787841797],[21.444076538085938,60.885833740234375],[21.2091064453125,60.910804748535156],[21.319107055664062,60.9066162109375],[21.29663848876953,61.007080078125],[21.447418212890625,60.91416931152344],[21.299163818359375,61.08830261230469],[21.498306274414062,61.07621765136719],[21.440719604492188,61.193328857421875],[21.6141357421875,61.229942321777344],[21.449050903320312,61.43000030517578],[21.599220275878906,61.44580078125],[21.4508056640625,61.50999450683594],[21.634170532226562,61.5133056640625],[21.470748901367188,61.58917236328125],[21.797470092773438,61.49163818359375],[21.28241729736328,61.992523193359375],[21.440826416015625,62.21830749511719],[21.112503051757812,62.48833465576172],[21.23413848876953,62.60166931152344],[21.079193115234375,62.6141357421875],[21.12413787841797,62.79997253417969],[21.407501220703125,62.87831115722656],[21.473251342773438,63.06121826171875],[21.690826416015625,63.05583190917969],[21.510772705078125,63.17497253417969],[21.584976196289062,63.288726806640625],[21.991607666015625,63.26042175292969],[22.006576538085938,63.15458679199219],[22.370750427246094,63.28582763671875],[22.205856323242188,63.45500183105469],[22.410720825195312,63.437469482421875],[22.324142456054688,63.57496643066406],[22.44499969482422,63.473724365234375],[22.42572021484375,63.600807189941406],[22.61822509765625,63.7237548828125],[22.9390869140625,63.71083068847656],[22.6707763671875,63.812469482421875],[22.905776977539062,63.836639404296875],[22.834915161132812,63.90460968017578],[23.014938354492188,63.77958679199219],[23.07988739013672,63.916221618652344],[23.432525634765625,63.94163513183594],[23.397445678710938,64.0816650390625],[23.622467041015625,64.0433578491211],[23.689163208007812,64.21833038330078],[24.302528381347656,64.44830322265625],[24.247421264648438,64.5316390991211],[24.574111938476562,64.73413848876953],[24.545692443847656,64.82083129882812],[25.095001220703125,64.92036437988281],[25.394943237304688,64.83625030517578],[25.2008056640625,65.00666809082031],[25.509170532226562,65.02161407470703],[25.2274169921875,65.12747192382812],[25.40911102294922,65.19413757324219],[25.24402618408203,65.31830596923828],[25.475753784179688,65.31416320800781],[25.259078979492188,65.36919403076172],[25.3641357421875,65.46080780029297],[25.0516357421875,65.6445541381836],[24.65741729736328,65.6399154663086],[24.591690063476562,65.84363555908203],[23.818275451660156,65.7520523071289],[23.473281860351562,65.84455871582031],[23.394912719726562,65.74871826171875],[23.05999755859375,65.882080078125],[23.234085083007812,65.77249908447266],[23.095001220703125,65.69625091552734],[22.639938354492188,65.9070816040039],[22.671554565429688,65.75041961669922],[22.305747985839844,65.84750366210938],[22.369140625,65.67166900634766],[22.232444763183594,65.65580749511719],[22.396583557128906,65.53461456298828],[22.028335571289062,65.59208679199219],[22.185836791992188,65.54830932617188],[21.832504272460938,65.52330780029297],[22.035804748535156,65.46830749511719],[21.921585083007812,65.39710998535156],[21.544967651367188,65.42958068847656],[21.683273315429688,65.3370590209961],[21.447471618652344,65.38666534423828],[21.74664306640625,65.19125366210938],[21.3399658203125,65.36705780029297],[21.232498168945312,65.33335876464844],[21.594139099121094,65.13994598388672],[21.162498474121094,64.81578063964844],[21.001083374023438,64.8441390991211],[21.304107666015625,64.75491333007812],[21.10247039794922,64.68580627441406],[21.619110107421875,64.44327545166016],[20.97577667236328,64.163330078125],[20.674110412597656,63.79583740234375],[20.54338836669922,63.73455810546875],[20.499916076660156,63.83619689941406],[20.4000244140625,63.67124938964844],[20.316604614257812,63.78369140625],[20.31744384765625,63.65833282470703],[20.288330078125,63.750389099121094],[20.021560668945312,63.672088623046875],[19.66497039794922,63.430389404296875],[19.453277587890625,63.57286071777344],[19.51586151123047,63.407470703125],[19.334915161132812,63.49708557128906],[19.031585693359375,63.186248779296875],[18.719940185546875,63.285362243652344],[18.889137268066406,63.205810546875],[18.68494415283203,63.251220703125],[18.729110717773438,63.1624755859375],[18.519081115722656,63.1566162109375],[18.474105834960938,63.024139404296875],[18.20410919189453,63.0133056640625],[18.562393188476562,62.9625244140625],[18.12164306640625,62.76875305175781],[17.684165954589844,63.004974365234375],[17.99250030517578,62.66667175292969],[17.849105834960938,62.673309326171875],[17.854141235351562,62.49085998535156],[17.664077758789062,62.47247314453125],[17.74163818359375,62.3870849609375],[17.463272094726562,62.537078857421875],[17.327392578125,62.47166442871094],[17.3824462890625,62.304168701171875],[17.66583251953125,62.230804443359375],[17.50408172607422,62.22747039794922],[17.325775146484375,61.92832946777344],[17.487525939941406,61.62083435058594],[17.118247985839844,61.72705078125],[17.25580596923828,61.65666198730469],[17.097442626953125,61.622528076171875],[17.24407958984375,61.60417175292969],[17.039077758789062,61.576637268066406],[17.22247314453125,61.553306579589844],[17.044143676757812,61.54827880859375],[17.260833740234375,61.306640625],[17.135833740234375,61.31500244140625],[17.274169921875,61.28080749511719],[17.0841064453125,61.31500244140625],[17.215858459472656,61.249168395996094],[17.13916778564453,61.00169372558594],[17.249053955078125,61.005828857421875],[17.14080810546875,60.945831298828125],[17.335861206054688,60.88417053222656],[17.244171142578125,60.80999755859375],[17.35913848876953,60.75413513183594],[17.17572021484375,60.68244934082031],[17.6165771484375,60.646278381347656],[17.734970092773438,60.49958801269531],[17.98999786376953,60.60455322265625],[18.229171752929688,60.337501525878906],[18.610809326171875,60.25331115722656],[18.310745239257812,60.31663513183594],[18.587448120117188,60.062469482421875],[18.838302612304688,60.110389709472656],[18.90411376953125,59.931640625],[19.0875244140625,59.87750244140625],[18.87335968017578,59.93458557128906],[18.94244384765625,59.845001220703125],[18.715835571289062,59.74919128417969],[19.090835571289062,59.74830627441406],[18.267440795898438,59.464141845703125],[18.33161163330078,59.381195068359375],[18.084083557128906,59.423309326171875],[18.084915161132812,59.318748474121094],[18.35333251953125,59.36372375488281],[18.463302612304688,59.31707763671875],[18.478363037109375,59.42291259765625],[18.66747283935547,59.315032958984375],[18.43169403076172,59.30705261230469],[18.620803833007812,59.24833679199219],[18.498245239257812,59.21369934082031],[18.305831909179688,59.33252716064453],[18.367523193359375,59.26416778564453],[18.255775451660156,59.2691650390625],[18.474082946777344,59.165802001953125],[17.992469787597656,59.015838623046875],[17.923248291015625,58.80377960205078],[17.732498168945312,58.92832946777344],[17.784133911132812,59.09666442871094],[17.693252563476562,59.05207824707031],[17.653305053710938,59.18452453613281],[17.630828857421875,58.883331298828125],[17.45410919189453,58.888336181640625],[17.506698608398438,58.78205871582031],[17.08330535888672,58.77044677734375],[17.034080505371094,58.69667053222656],[17.17071533203125,58.689109802246094],[16.93494415283203,58.61041259765625],[16.187416076660156,58.64166259765625],[16.773277282714844,58.604522705078125],[16.949081420898438,58.477500915527344],[16.415771484375,58.47747039794922],[16.82416534423828,58.307472229003906],[16.699142456054688,58.26496887207031],[16.829139709472656,58.128334045410156],[16.694107055664062,58.14833068847656],[16.815826416015625,58.0574951171875],[16.64910888671875,58.01080322265625],[16.814132690429688,57.99664306640625],[16.7957763671875,57.86578369140625],[16.470809936523438,57.89244079589844],[16.719139099121094,57.730865478515625],[16.410751342773438,57.882476806640625],[16.74169158935547,57.67205810546875],[16.589111328125,57.69416809082031],[16.667495727539062,57.556640625],[16.514114379882812,57.56414031982422],[16.729141235351562,57.44413757324219],[16.457473754882812,57.26666259765625],[16.584136962890625,57.04833221435547],[16.45074462890625,57.04499816894531],[16.535781860351562,57.00250244140625],[16.445777893066406,57.014190673828125],[16.3941650390625,56.78582763671875],[16.482444763183594,56.77080535888672],[16.36083221435547,56.763336181640625],[15.848335266113281,56.07372283935547],[15.593276977539062,56.21208190917969],[15.349998474121094,56.11955261230469],[14.688278198242188,56.16705322265625],[14.755828857421875,56.009971618652344],[14.541664123535156,56.06121826171875],[14.225776672363281,55.859161376953125],[14.209114074707031,55.700775146484375],[14.36419677734375,55.55247497558594],[14.196640014648438,55.382080078125],[12.8125,55.378334045410156],[12.974197387695312,55.43916320800781],[12.897529602050781,55.564971923828125],[13.069137573242188,55.674163818359375],[12.445808410644531,56.30413818359375],[12.794113159179688,56.21497344970703],[12.619171142578125,56.42163848876953],[12.88336181640625,56.43702697753906],[12.940750122070312,56.583282470703125],[12.352470397949219,56.93086242675781],[12.212501525878906,57.224998474121094],[12.094139099121094,57.234161376953125],[12.109085083007812,57.434165954589844],[11.909141540527344,57.39166259765625],[11.967391967773438,57.494972229003906],[11.83416748046875,57.65913391113281],[11.957473754882812,57.70747375488281],[11.702468872070312,57.70494079589844],[11.854080200195312,57.80000305175781],[11.674140930175781,57.84832763671875],[11.910667419433594,58.34166717529297],[11.701530456542969,58.341278076171875],[11.489059448242188,58.21002960205078],[11.704803466796875,58.30622100830078],[11.845664978027344,58.230804443359375],[11.568305969238281,57.927886962890625],[11.489059448242188,58.029144287109375],[11.705642700195312,58.102500915527344],[11.443115234375,58.060394287109375],[11.4056396484375,58.205810546875],[11.705696105957031,58.436668395996094],[11.575752258300781,58.478302001953125],[11.436470031738281,58.267913818359375],[11.455665588378906,58.393310546875],[11.357414245605469,58.350807189941406],[11.463218688964844,58.45957946777344],[11.210693359375,58.350807189941406],[11.362388610839844,58.49000549316406],[11.227386474609375,58.514137268066406],[11.319084167480469,58.5816650390625],[11.094169616699219,58.98339080810547],[11.264083862304688,59.09663391113281],[11.183250427246094,59.19783020019531],[10.820777893066406,59.17163848876953],[10.7957763671875,59.32160949707031],[10.587417602539062,59.421661376953125],[10.689140319824219,59.525001525878906],[10.584136962890625,59.760833740234375],[10.659942626953125,59.87122344970703],[10.735748291015625,59.76747131347656],[10.753334045410156,59.908721923828125],[10.474136352539062,59.834999084472656],[10.609085083007812,59.5625],[10.234169006347656,59.56828308105469],[10.499168395996094,59.43333435058594],[10.422447204589844,59.06336212158203],[10.399917602539062,59.27958679199219],[10.307502746582031,59.05497741699219],[10.229942321777344,59.12788391113281],[9.960029602050781,58.962890625],[9.518302917480469,59.13458251953125],[9.750862121582031,58.98663330078125],[9.299224853515625,58.88666534423828],[9.440834045410156,58.80413818359375],[9.060752868652344,58.72999572753906],[9.22991943359375,58.73872375488281],[8.216690063476562,58.10874938964844],[8.042495727539062,58.129974365234375],[8.031585693359375,58.23455810546875],[7.94830322265625,58.07372283935547],[7.048332214355469,57.98039245605469],[7.1341094970703125,58.07830810546875],[6.9832763671875,58.022857666015625],[7.056663513183594,58.120391845703125],[6.840705871582031,58.09767150878906],[7.0474700927734375,58.138275146484375],[6.876609802246094,58.19708251953125],[6.79669189453125,58.05458068847656],[6.554107666015625,58.11582946777344],[6.9382781982421875,58.294586181640625],[6.414947509765625,58.26702880859375],[5.662528991699219,58.550804138183594],[5.489082336425781,58.75080871582031],[5.572418212890625,58.961639404296875],[5.684135437011719,58.92832946777344],[5.574165344238281,59.032470703125],[5.769081115722656,58.99580383300781],[5.743278503417969,58.85292053222656],[5.871665954589844,58.96961212158203],[6.285804748535156,58.83917236328125],[6.1174468994140625,58.93663787841797],[6.6474151611328125,59.05247497558594],[6.268280029296875,59.00872039794922],[6.0677337646484375,58.9202880859375],[5.8891143798828125,59.084136962890625],[6.5625,59.31913757324219],[6.0224456787109375,59.342498779296875],[6.597419738769531,59.559165954589844],[6.273307800292969,59.51538848876953],[6.318275451660156,59.638694763183594],[5.9766693115234375,59.352081298828125],[5.912445068359375,59.44749450683594],[6.099906921386719,59.47584533691406],[5.849998474121094,59.54039001464844],[5.66741943359375,59.390838623046875],[5.8891143798828125,59.349998474121094],[5.648277282714844,59.258750915527344],[5.6291961669921875,59.50080871582031],[5.4657745361328125,59.455833435058594],[5.612419128417969,59.44499969482422],[5.557502746582031,59.272499084472656],[5.475028991699219,59.39372253417969],[5.399085998535156,59.299110412597656],[5.381584167480469,59.420440673828125],[5.353279113769531,59.267112731933594],[5.2241973876953125,59.525779724121094],[5.5233306884765625,59.73291778564453],[5.4599456787109375,59.482025146484375],[5.5933074951171875,59.683746337890625],[5.809974670410156,59.604522705078125],[5.9299468994140625,59.76960754394531],[6.094940185546875,59.73622131347656],[6.357414245605469,59.852500915527344],[6.0283355712890625,59.75208282470703],[5.98828125,59.85621643066406],[5.883331298828125,59.76702880859375],[5.672386169433594,59.844970703125],[6.3157806396484375,60.129112243652344],[6.082496643066406,60.193328857421875],[6.354942321777344,60.37291717529297],[6.670829772949219,60.40997314453125],[6.544914245605469,60.07208251953125],[6.684135437011719,60.38664245605469],[7.140777587890625,60.49749755859375],[6.912445068359375,60.49583435058594],[7.0248870849609375,60.58708190917969],[6.1500244140625,60.373779296875],[6.197418212890625,60.28080749511719],[6.017524719238281,60.269134521484375],[5.897529602050781,60.0133056640625],[5.7050018310546875,60.05036163330078],[5.546638488769531,59.88627624511719],[5.375831604003906,59.98997497558594],[5.755775451660156,60.059967041015625],[5.765777587890625,60.1875],[5.572418212890625,60.15666198730469],[5.74749755859375,60.23997497558594],[5.6171722412109375,60.25825500488281],[5.765830993652344,60.390838623046875],[5.441612243652344,60.132110595703125],[5.200775146484375,60.28582763671875],[5.334114074707031,60.34333801269531],[5.169197082519531,60.374168395996094],[5.349082946777344,60.380027770996094],[5.294975280761719,60.5262451171875],[5.735832214355469,60.45752716064453],[5.799079895019531,60.73413848876953],[5.276641845703125,60.54042053222656],[5.112388610839844,60.65833282470703],[5.2674407958984375,60.619171142578125],[5.179191589355469,60.723304748535156],[4.947471618652344,60.80833435058594],[5.4549102783203125,60.63739013671875],[5.267524719238281,60.7691650390625],[5.589164733886719,60.871665954589844],[5.086585998535156,60.832054138183594],[5.005836486816406,60.96417236328125],[5.121696472167969,60.87541198730469],[5.1941680908203125,60.968360900878906],[5.022499084472656,61.03416442871094],[5.481636047363281,60.98622131347656],[5.986640930175781,61.12791442871094],[6.40997314453125,61.0062255859375],[6.646614074707031,61.175445556640625],[7.010749816894531,61.06830596923828],[6.870719909667969,60.920806884765625],[7.0533599853515625,60.98625183105469],[7.123359680175781,60.862060546875],[7.1941680908203125,60.9375],[7.042388916015625,61.10497283935547],[7.476585388183594,61.09955596923828],[7.37408447265625,61.14833068847656],[7.712471008300781,61.23419189453125],[7.3108367919921875,61.298309326171875],[7.586669921875,61.49372100830078],[7.287445068359375,61.399169921875],[7.32830810546875,61.15705871582031],[6.945808410644531,61.113304138183594],[7.166557312011719,61.267913818359375],[6.996612548828125,61.157859802246094],[6.5999755859375,61.20622253417969],[6.657440185546875,61.28416442871094],[6.5041351318359375,61.275779724121094],[6.47833251953125,61.11457824707031],[6.0682220458984375,61.21788787841797],[5.231666564941406,61.10455322265625],[5.089141845703125,61.19996643066406],[5.3125,61.18663787841797],[4.980751037597656,61.28416442871094],[5.674110412597656,61.36833190917969],[5.0815582275390625,61.321197509765625],[5.034141540527344,61.393333435058594],[5.164085388183594,61.43077850341797],[4.9791107177734375,61.42161560058594],[5.2399139404296875,61.48371887207031],[5.855888366699219,61.455780029296875],[5.17822265625,61.513694763183594],[5.388336181640625,61.607025146484375],[4.997444152832031,61.58000183105469],[5.41241455078125,61.64247131347656],[4.992530822753906,61.62831115722656],[4.9899139404296875,61.73875427246094],[5.168357849121094,61.702911376953125],[5.2975006103515625,61.77247619628906],[5.105751037597656,61.78330993652344],[5.385780334472656,61.847442626953125],[5.1916656494140625,61.882110595703125],[5.709968566894531,61.88542175292969],[5.64666748046875,61.81291198730469],[5.983222961425781,61.85044860839844],[5.923248291015625,61.7379150390625],[6.023307800292969,61.84539031982422],[6.1883087158203125,61.76622009277344],[6.083305358886719,61.84788513183594],[6.845832824707031,61.87083435058594],[5.1783599853515625,61.8953857421875],[5.160804748535156,61.98249816894531],[5.424140930175781,62.02000427246094],[5.099052429199219,62.19330596923828],[5.330802917480469,62.16583251953125],[5.4583587646484375,62.00457763671875],[5.6223907470703125,62.06669616699219],[5.404052734375,62.12831115722656],[5.488250732421875,62.20124816894531],[5.7266082763671875,62.088722229003906],[5.672386169433594,62.17500305175781],[5.915802001953125,62.19000244140625],[5.848335266113281,62.006248474121094],[5.978279113769531,62.14372253417969],[6.313331604003906,62.05955505371094],[5.930778503417969,62.22247314453125],[6.118309020996094,62.18955993652344],[5.9825286865234375,62.26997375488281],[6.348304748535156,62.37455749511719],[6.551582336425781,62.104522705078125],[6.654083251953125,62.19413757324219],[6.410888671875,62.386695861816406],[6.5932769775390625,62.33372497558594],[6.547416687011719,62.41160583496094],[6.728302001953125,62.45208740234375],[7.010833740234375,62.28330993652344],[6.869163513183594,62.086639404296875],[7.198280334472656,62.0987548828125],[6.962440490722656,62.11582946777344],[7.039192199707031,62.276641845703125],[7.42913818359375,62.252471923828125],[6.9899749755859375,62.31208801269531],[6.809944152832031,62.482025146484375],[6.253334045410156,62.455413818359375],[6.722526550292969,62.49250030517578],[6.259025573730469,62.584999084472656],[7.0799407958984375,62.65460968017578],[7.141609191894531,62.52288818359375],[7.1699981689453125,62.631248474121094],[7.558280944824219,62.49708557128906],[7.784080505371094,62.576637268066406],[7.5533294677734375,62.553749084472656],[7.3999176025390625,62.632057189941406],[8.147476196289062,62.69499969482422],[8.065025329589844,62.775421142578125],[7.3457489013671875,62.69499969482422],[7.669914245605469,62.79369354248047],[6.981666564941406,62.7237548828125],[6.996696472167969,62.813751220703125],[7.242469787597656,62.809967041015625],[6.997474670410156,62.83497619628906],[6.983306884765625,62.95622253417969],[7.289970397949219,63.01622009277344],[7.471611022949219,62.9012451171875],[8.036613464355469,62.96708679199219],[8.531639099121094,62.66874694824219],[7.981719970703125,63.03874969482422],[7.882469177246094,62.98997497558594],[8.1116943359375,63.107887268066406],[8.334083557128906,62.96497344970703],[8.300025939941406,62.860389709472656],[8.699111938476562,62.81666564941406],[8.422470092773438,62.947471618652344],[8.655746459960938,62.98833465576172],[8.369941711425781,62.968719482421875],[8.492469787597656,63.02080535888672],[8.155723571777344,63.11244201660156],[8.982498168945312,63.20500183105469],[8.594970703125,63.19291687011719],[8.514945983886719,63.382057189941406],[8.834999084472656,63.34539031982422],[8.650802612304688,63.40753173828125],[9.020004272460938,63.4637451171875],[9.179191589355469,63.37493896484375],[9.100028991699219,63.28788757324219],[9.499191284179688,63.39585876464844],[9.239974975585938,63.36869812011719],[9.505828857421875,63.484161376953125],[9.147529602050781,63.48833465576172],[9.731613159179688,63.64788818359375],[9.979057312011719,63.4425048828125],[9.826637268066406,63.312889099121094],[10.2598876953125,63.3245849609375],[10.057441711425781,63.380828857421875],[10.188278198242188,63.45121765136719],[10.960861206054688,63.44749450683594],[10.754112243652344,63.504974365234375],[10.908248901367188,63.61372375488281],[10.629081726074219,63.548309326171875],[11.492332458496094,63.78169250488281],[11.070556640625,63.85980224609375],[11.492500305175781,64.00833129882812],[11.235809326171875,64.03169250488281],[11.385002136230469,64.1128921508789],[10.590805053710938,63.80580139160156],[11.047195434570312,63.87980651855469],[10.949974060058594,63.74205780029297],[10.421585083007812,63.56952667236328],[9.934112548828125,63.50080871582031],[10.004165649414062,63.597442626953125],[9.814056396484375,63.68414306640625],[10.114974975585938,63.78289031982422],[9.50244140625,63.64580535888672],[9.805778503417969,63.7633056640625],[9.560775756835938,63.76997375488281],[9.689971923828125,63.85041809082031],[10.250885009765625,63.907470703125],[9.942527770996094,63.94499969482422],[10.010749816894531,64.089111328125],[10.25250244140625,64.10330963134766],[10.115776062011719,64.12580871582031],[10.206695556640625,64.20708465576172],[10.375831604003906,64.1808090209961],[10.275802612304688,64.23664093017578],[10.500778198242188,64.29669189453125],[10.439971923828125,64.3562240600586],[10.680809020996094,64.36077880859375],[10.51824951171875,64.44036102294922],[10.839973449707031,64.37205505371094],[10.650802612304688,64.45500183105469],[10.985832214355469,64.50164031982422],[10.954940795898438,64.60791778564453],[11.339164733886719,64.43746948242188],[11.218307495117188,64.31208038330078],[11.403221130371094,64.4487533569336],[11.860275268554688,64.44844055175781],[11.439971923828125,64.45539093017578],[11.794082641601562,64.59163665771484],[11.513252258300781,64.5687484741211],[11.3858642578125,64.6875],[12.169998168945312,64.95955657958984],[11.188362121582031,64.78291320800781],[11.722419738769531,64.91000366210938],[11.288276672363281,64.87872314453125],[12.203361511230469,65.2137222290039],[12.450027465820312,65.07705688476562],[12.960830688476562,65.31414031982422],[12.49664306640625,65.13458251953125],[12.35089111328125,65.16080474853516],[12.509109497070312,65.19499969482422],[12.335891723632812,65.22914123535156],[12.458274841308594,65.25794219970703],[12.250808715820312,65.23163604736328],[12.469970703125,65.3687515258789],[12.044082641601562,65.21416473388672],[12.352523803710938,65.46580505371094],[12.177474975585938,65.43836212158203],[12.29327392578125,65.5879135131836],[12.513359069824219,65.39250183105469],[12.466583251953125,65.4578857421875],[12.694969177246094,65.373779296875],[12.609138488769531,65.43416595458984],[12.775802612304688,65.45996856689453],[12.350723266601562,65.62580871582031],[12.509971618652344,65.7378921508789],[12.789054870605469,65.6324691772461],[12.537361145019531,65.74996948242188],[12.720695495605469,65.77916717529297],[12.669219970703125,65.92333221435547],[12.869888305664062,65.97372436523438],[13.200836181640625,65.82833099365234],[12.894081115722656,65.97166442871094],[13.046669006347656,66.07794189453125],[12.676612854003906,66.07128143310547],[13.506210327148438,66.22920227050781],[13.539970397949219,66.10955810546875],[13.82330322265625,66.1395263671875],[13.597503662109375,66.2258071899414],[14.170829772949219,66.32324981689453],[13.017501831054688,66.17832946777344],[13.559165954589844,66.30835723876953],[13.0,66.32952880859375],[13.165779113769531,66.46583557128906],[12.974029541015625,66.53083038330078],[13.25653076171875,66.44625091552734],[13.7274169921875,66.6058349609375],[13.201614379882812,66.55622100830078],[13.410751342773438,66.62169647216797],[13.228302001953125,66.6812744140625],[13.55908203125,66.64836120605469],[13.200752258300781,66.72000122070312],[13.990806579589844,66.79750061035156],[13.4891357421875,66.95166778564453],[13.958305358886719,67.05958557128906],[14.008193969726562,66.96375274658203],[14.051559448242188,67.0820541381836],[14.141586303710938,66.96708679199219],[14.4241943359375,67.08247375488281],[14.240806579589844,67.0916976928711],[14.336669921875,67.17288970947266],[14.811531066894531,67.24205780029297],[15.009109497070312,67.2391357421875],[14.974945068359375,67.12041473388672],[15.096611022949219,67.23705291748047],[15.39324951171875,67.19125366210938],[15.512527465820312,67.24411010742188],[14.310752868652344,67.2641372680664],[14.651527404785156,67.44205474853516],[15.055809020996094,67.45327758789062],[14.655807495117188,67.47413635253906],[14.930000305175781,67.5754165649414],[14.933364868164062,67.49041748046875],[15.242446899414062,67.50830841064453],[15.143386840820312,67.43374633789062],[15.449996948242188,67.49458312988281],[15.591636657714844,67.3495864868164],[15.695808410644531,67.43585968017578],[15.537498474121094,67.49163818359375],[15.887420654296875,67.57913970947266],[15.215805053710938,67.5558090209961],[15.452415466308594,67.58999633789062],[15.159080505371094,67.6300277709961],[15.304916381835938,67.73872375488281],[15.8524169921875,67.70913696289062],[15.371559143066406,67.87789154052734],[15.1649169921875,67.71702575683594],[14.766586303710938,67.65791320800781],[15.134109497070312,67.76166534423828],[14.823387145996094,67.77041625976562],[15.110862731933594,67.86666870117188],[14.84991455078125,67.87791442871094],[15.864974975585938,67.90789031982422],[15.938278198242188,68.02958679199219],[15.277496337890625,68.06246948242188],[15.629913330078125,68.1895523071289],[15.652496337890625,68.08413696289062],[15.803306579589844,68.09789276123047],[16.003219604492188,68.26708221435547],[16.202499389648438,67.9000015258789],[16.516586303710938,67.81702423095703],[16.19249725341797,68.02413940429688],[16.45819091796875,67.9153060913086],[16.319107055664062,68.02827453613281],[16.5216064453125,67.9661636352539],[16.36077880859375,68.0433349609375],[16.457504272460938,68.12163543701172],[16.334945678710938,68.09703063964844],[16.614105224609375,68.18335723876953],[16.1983642578125,68.21041870117188],[16.367469787597656,68.2491683959961],[16.170806884765625,68.32247161865234],[16.825721740722656,68.15580749511719],[16.284942626953125,68.37628173828125],[17.194808959960938,68.39202880859375],[17.33319091796875,68.1937255859375],[17.304885864257812,68.42119598388672],[17.904937744140625,68.4145278930664],[17.478225708007812,68.46455383300781],[17.55821990966797,68.54785919189453],[17.06646728515625,68.44955444335938],[16.455810546875,68.5074691772461],[16.973304748535156,68.71538543701172],[17.690643310546875,68.6707763671875],[17.25733184814453,68.76244354248047],[17.8072509765625,68.74913787841797],[17.480697631835938,68.8316421508789],[17.86236572265625,68.86497497558594],[17.461471557617188,68.89289093017578],[17.480606079101562,68.99160766601562],[17.641555786132812,69.10869598388672],[18.212417602539062,69.12335968017578],[17.967391967773438,69.23249816894531],[18.148223876953125,69.46544647216797],[18.3675537109375,69.4574966430664],[18.506576538085938,69.25791931152344],[18.55669403076172,69.35539245605469],[19.0,69.2879409790039],[18.447525024414062,69.44000244140625],[18.828330993652344,69.56208038330078],[18.98674774169922,69.38957977294922],[19.33747100830078,69.32416534423828],[19.254913330078125,69.2262191772461],[19.549835205078125,69.21458435058594],[19.3665771484375,69.376220703125],[18.964218139648438,69.45835876464844],[19.245773315429688,69.51830291748047],[18.939224243164062,69.62419128417969],[19.72003173828125,69.8128890991211],[19.672470092773438,69.4832763671875],[19.48908233642578,69.39663696289062],[19.6466064453125,69.41455841064453],[19.734939575195312,69.60791778564453],[20.142501831054688,69.58413696289062],[19.767471313476562,69.6808090209961],[20.288192749023438,69.97875213623047],[20.350753784179688,69.61827850341797],[19.909912109375,69.27124786376953],[20.268997192382812,69.39580535888672],[20.4031982421875,69.58875274658203],[20.819000244140625,69.49827575683594],[20.480606079101562,69.61911010742188],[20.46075439453125,69.76408386230469],[21.054969787597656,69.96121978759766],[20.845687866210938,69.85414123535156],[21.018280029296875,69.775390625],[21.193161010742188,69.87789154052734],[21.138275146484375,69.80288696289062],[21.324081420898438,69.90583038330078],[21.235031127929688,70.0120849609375],[22.118331909179688,69.73625183105469],[21.860809326171875,69.93660736083984],[22.081138610839844,70.0308609008789],[21.773635864257812,70.0374984741211],[22.06866455078125,70.12580871582031],[21.714920043945312,70.05538940429688],[21.18377685546875,70.2016372680664],[21.490028381347656,70.19538879394531],[21.562530517578125,70.32289123535156],[21.844970703125,70.14041900634766],[21.9473876953125,70.32875061035156],[22.298751831054688,70.2791976928711],[22.21502685546875,70.12958526611328],[22.548667907714844,70.11335754394531],[22.301162719726562,70.155029296875],[22.35497283935547,70.25958251953125],[22.953720092773438,70.1999740600586],[22.83252716064453,70.11038970947266],[22.984886169433594,70.13957977294922],[23.142333984375,69.9758071899414],[23.016525268554688,69.92292022705078],[23.46819305419922,69.9812240600586],[23.128753662109375,70.08580780029297],[23.38116455078125,70.12249755859375],[23.17613983154297,70.21580505371094],[23.501190185546875,70.23994445800781],[23.243698120117188,70.2491683959961],[23.593643188476562,70.2933349609375],[23.436111450195312,70.32749938964844],[23.85491943359375,70.49372100830078],[24.331192016601562,70.44830322265625],[24.09619140625,70.53997039794922],[24.31243896484375,70.6878890991211],[24.70630645751953,70.62664031982422],[24.25616455078125,70.77583312988281],[24.362472534179688,70.8770523071289],[24.641281127929688,70.79502868652344],[24.639938354492188,70.99208068847656],[25.029998779296875,70.97125244140625],[24.898666381835938,70.87496948242188],[25.132553100585938,70.92794036865234],[25.249832153320312,70.79705810546875],[25.329917907714844,70.97953033447266],[25.553726196289062,70.91580963134766],[25.449966430664062,70.8445816040039],[25.913665771484375,70.87413787841797],[25.056198120117188,70.50164031982422],[25.296142578125,70.46502685546875],[24.911224365234375,70.0875015258789],[25.015029907226562,70.05371856689453],[26.659942626953125,70.96788787841797],[26.683746337890625,70.7449722290039],[26.316253662109375,70.649169921875],[26.643753051757812,70.64746856689453],[26.486114501953125,70.35830688476562],[26.75250244140625,70.4878921508789],[27.091026306152344,70.46324920654297],[26.956192016601562,70.58747100830078],[27.270965576171875,70.58572387695312],[27.098556518554688,70.75494384765625],[27.31610870361328,70.73652648925781],[27.277252197265625,70.83280944824219],[27.683441162109375,70.80152893066406],[27.088470458984375,70.9340591430664],[27.33843994140625,70.94488525390625],[27.264968872070312,71.04205322265625],[27.53216552734375,70.95530700683594],[27.657440185546875,71.1312255859375],[27.822357177734375,71.02791595458984],[28.24138641357422,71.08919525146484],[28.192550659179688,70.95874786376953],[28.553802490234375,70.97003173828125],[28.25005340576172,70.78955841064453],[27.725921630859375,70.79902648925781],[28.148719787597656,70.73835754394531],[27.662216186523438,70.61614227294922],[28.316299438476562,70.6925277709961],[27.85480499267578,70.42697143554688],[28.516250610351562,70.44994354248047],[28.52880859375,70.7300033569336],[28.972412109375,70.88458251953125],[29.408615112304688,70.78500366210938],[29.2598876953125,70.65538787841797],[30.09241485595703,70.7078857421875],[30.34368896484375,70.60919189453125],[30.018722534179688,70.53080749511719],[30.617385864257812,70.5512466430664],[31.031166076660156,70.39746856689453],[31.06366729736328,70.28910827636719],[30.525054931640625,70.24044036865234],[30.18244171142578,70.0695571899414],[28.64733123779297,70.09789276123047],[29.652420043945312,69.97405242919922],[29.355667114257812,69.87408447265625],[29.765670776367188,69.88238525390625],[29.489837646484375,69.65616607666016],[30.019805908203125,69.77958679199219],[29.940826416015625,69.70735931396484],[30.113113403320312,69.68294525146484],[30.13055419921875,69.85330963134766],[30.2982177734375,69.88038635253906],[30.33319091796875,69.66874694824219],[30.504806518554688,69.82455444335938],[31.420028686523438,69.70957946777344],[31.26166534423828,69.5570297241211],[31.513275146484375,69.68791961669922],[31.8258056640625,69.65166473388672],[31.778274536132812,69.8320541381836],[32.094970703125,69.7620849609375],[31.90069580078125,69.90580749511719],[32.09172058105469,69.94122314453125],[33.13080596923828,69.71666717529297],[32.833251953125,69.56708526611328],[32.19657897949219,69.62955474853516],[32.10157775878906,69.74208068847656],[32.005828857421875,69.5516357421875],[32.500831604003906,69.50164031982422],[32.155029296875,69.4120864868164],[33.0582275390625,69.4578857421875],[32.88163757324219,69.27874755859375],[33.499114990234375,69.40166473388672],[33.2091064453125,69.25164031982422],[33.44996643066406,69.26372528076172],[33.267364501953125,69.21994018554688],[33.47908020019531,69.15583038330078],[33.045692443847656,69.0633316040039],[33.031585693359375,68.88291931152344],[33.07496643066406,69.0512466430664],[33.57743835449219,69.13253021240234],[33.56822204589844,69.2995834350586],[34.31669616699219,69.30291748046875],[35.15325164794922,69.12458038330078],[35.28741455078125,69.20500183105469],[35.154052734375,69.25247192382812],[35.30657958984375,69.25125122070312],[35.8016357421875,69.17791748046875],[35.771583557128906,69.02708435058594],[35.81828308105469,69.18878173828125],[37.55491638183594,68.72624969482422],[38.42808532714844,68.29421997070312],[38.772972106933594,68.23925018310547],[38.493804931640625,68.33550262451172],[38.64463806152344,68.36927795410156],[39.70158386230469,68.00375366210938],[39.86244201660156,68.03580474853516],[39.77667236328125,68.1495590209961],[40.376800537109375,67.88541412353516],[40.271087646484375,67.8429183959961],[40.420860290527344,67.75761413574219],[40.96482849121094,67.70996856689453],[41.06041717529297,67.27288818359375],[41.3907470703125,67.11508178710938],[41.220550537109375,66.83019256591797],[40.502471923828125,66.42436218261719],[39.111663818359375,66.10091400146484],[37.923248291015625,66.08180236816406],[35.544944763183594,66.38410949707031],[34.90272521972656,66.5933609008789],[34.455223083496094,66.5421371459961],[34.357749938964844,66.70761108398438],[34.09344482421875,66.67394256591797],[34.14933776855469,66.7850570678711],[33.96607971191406,66.68902587890625],[33.60597229003906,66.85260772705078],[33.50978088378906,66.71685791015625],[32.79327392578125,67.05611419677734],[32.98008728027344,67.08802795410156],[31.869476318359375,67.13908386230469],[32.532196044921875,67.007080078125],[32.406890869140625,66.87080383300781],[32.95286560058594,66.72944641113281],[32.692108154296875,66.74569702148438],[33.316139221191406,66.63766479492188],[32.8251953125,66.59333038330078],[33.190948486328125,66.53778076171875],[32.933555603027344,66.51838684082031],[33.71305847167969,66.41258239746094],[32.976806640625,66.24747467041016],[34.10358428955078,66.22736358642578],[34.85969543457031,65.86475372314453],[34.94786071777344,65.67749786376953],[34.63383483886719,65.78035736083984],[34.79624938964844,65.58197021484375],[34.68524932861328,65.43730926513672],[34.24455261230469,65.37516784667969],[34.47283172607422,65.34178161621094],[34.793670654296875,65.06991577148438],[34.61639404296875,64.95158386230469],[34.95849609375,64.83611297607422],[34.760772705078125,64.74214172363281],[35.01783752441406,64.7433853149414],[34.82269287109375,64.69505310058594],[34.99485778808594,64.61833190917969],[34.78350067138672,64.5121078491211],[35.327056884765625,64.29313659667969],[35.80467224121094,64.32683563232422],[36.244972229003906,64.127197265625],[36.30766296386719,63.944244384765625],[37.41749572753906,63.78144836425781],[38.06669616699219,63.915496826171875],[37.889915466308594,64.21219635009766],[38.04197692871094,64.29025268554688],[37.7933349609375,64.44091796875],[37.15299987792969,64.3826904296875],[36.533721923828125,64.71475219726562],[36.44464111328125,64.92546844482422],[36.80994415283203,64.95349884033203],[36.84913635253906,65.15264129638672],[37.173004150390625,65.149169921875],[38.366554260253906,64.84378051757812],[37.996856689453125,64.7548599243164],[38.12294006347656,64.66969299316406],[38.490966796875,64.73580932617188],[38.432525634765625,64.80758666992188],[39.526390075683594,64.54824829101562],[39.8419189453125,64.64966583251953],[40.46363830566406,64.51222229003906],[40.669219970703125,64.67671966552734],[40.359222412109375,64.8110580444336],[40.38749694824219,64.9266357421875],[40.24238586425781,64.870361328125],[40.2969970703125,65.00894165039062],[39.72441864013672,65.33544158935547],[39.70074462890625,65.46563720703125],[40.740028381347656,65.98474884033203],[41.51597595214844,66.11630249023438],[42.211029052734375,66.52027893066406],[42.60816955566406,66.443359375],[42.519439697265625,66.37555694580078],[43.26557922363281,66.41227722167969],[43.678192138671875,66.23505401611328],[43.26124572753906,66.09333038330078],[43.83494567871094,66.19239044189453],[44.106170654296875,65.96194458007812],[44.10972595214844,66.30394744873047],[44.58674621582031,66.65994262695312],[44.35797119140625,66.7633056640625],[44.52992248535156,66.8981704711914],[44.32350158691406,67.06777954101562],[43.76692199707031,67.21083068847656],[44.17627716064453,67.67314147949219],[44.11775207519531,67.87966918945312],[44.306610107421875,67.9066390991211],[44.164390563964844,67.92314147949219],[44.22077941894531,68.2691650390625],[43.281585693359375,68.67208099365234],[45.724945068359375,68.49705505371094],[46.545860290527344,68.125],[46.434165954589844,68.10247039794922],[46.69342041015625,67.80674743652344],[45.46417236328125,67.74044036865234],[44.924530029296875,67.4244155883789],[44.902557373046875,67.32466888427734],[45.57977294921875,67.15833282470703],[45.74214172363281,66.88944244384766],[46.01896667480469,66.81647491455078],[47.560028076171875,66.8925552368164],[47.93638610839844,67.44916534423828],[47.82627868652344,67.57727813720703],[48.66644287109375,67.69322204589844],[49.071807861328125,67.60028076171875],[48.73816680908203,67.6991958618164],[48.78069305419922,67.8238296508789],[48.592750549316406,67.91322326660156],[49.005279541015625,67.82894134521484],[50.02996826171875,68.07872009277344],[49.96675109863281,67.99311065673828],[50.78663635253906,68.35375213623047],[52.216583251953125,68.5737533569336],[52.04408264160156,68.48497009277344],[52.335723876953125,68.45999908447266],[52.162498474121094,68.36166381835938],[52.32658386230469,68.3012466430664],[52.75910949707031,68.46833038330078],[52.54652404785156,68.62288665771484],[52.294944763183594,68.59789276123047],[53.87335968017578,68.95957946777344],[54.565834045410156,68.97833251953125],[53.57908630371094,68.88580322265625],[54.01074981689453,68.8258056640625],[53.70906066894531,68.59664154052734],[53.94749450683594,68.40499877929688],[53.31488800048828,68.3370590209961],[53.21830749511719,68.18621826171875],[54.08836364746094,68.2461929321289],[54.1566162109375,68.12124633789062],[54.504913330078125,68.2953872680664],[54.8499755859375,68.13955688476562],[54.85908508300781,68.32083129882812],[55.36163330078125,68.54035949707031],[56.06658172607422,68.63872528076172],[57.30332946777344,68.5320816040039],[57.73583221435547,68.74500274658203],[57.219970703125,68.72208404541016],[57.91655731201172,68.81121826171875],[57.94996643066406,68.74205780029297],[59.00328063964844,68.99369049072266],[59.31414031982422,68.9808349609375],[58.967529296875,68.91999816894531],[59.525779724121094,68.73999786376953],[59.14585876464844,68.65413665771484],[59.12574768066406,68.4058609008789],[59.76493835449219,68.3379135131836],[59.94914245605469,68.45913696289062],[59.795745849609375,68.62747192382812],[59.9449462890625,68.71619415283203],[60.5216064453125,68.7137222290039],[60.88336181640625,68.89122009277344],[61.18902587890625,68.80830383300781],[60.18418884277344,69.56497192382812],[60.663307189941406,69.66378021240234],[60.84489440917969,69.86458587646484],[64.18663787841797,69.52708435058594],[64.89080810546875,69.2957763671875],[64.68746948242188,69.24833679199219],[64.69499969482422,69.1078872680664],[65.06671905517578,69.26705932617188],[66.18486022949219,69.07791900634766],[65.52913665771484,69.1433334350586],[67.16327667236328,68.8187255859375],[67.17485809326172,68.70458221435547],[68.17407989501953,68.37494659423828],[68.2582778930664,68.12708282470703],[68.61405944824219,68.22413635253906],[68.5523910522461,68.34330749511719],[69.1324691772461,68.82167053222656],[68.9758071899414,68.88500213623047],[69.26408386230469,68.93753051757812],[68.7750015258789,68.88957977294922],[68.39160919189453,68.99791717529297],[68.00411224365234,69.31246948242188],[68.1015853881836,69.52958679199219],[67.97327423095703,69.46458435058594],[67.03338623046875,69.69288635253906],[66.84083557128906,69.6141357421875],[66.9083023071289,69.5129165649414],[66.80738830566406,69.55166625976562],[66.88378143310547,70.00414276123047],[67.35124969482422,70.07669067382812],[67.10375213623047,70.22250366210938],[67.19628143310547,70.36666870117188],[67.37113952636719,70.35749816894531],[67.20880889892578,70.52330780029297],[67.42375183105469,70.65669250488281],[67.18241882324219,70.82875061035156],[66.66116333007812,70.7433090209961],[66.6036376953125,70.8633041381836],[66.95613861083984,71.06583404541016],[66.72877502441406,71.1066665649414],[66.92485809326172,71.26875305175781],[68.33877563476562,71.586669921875],[68.17619323730469,71.6308364868164],[69.39616394042969,72.94750213623047],[71.63241577148438,72.900390625],[72.87860870361328,72.69330596923828],[72.69364166259766,72.48835754394531],[72.85116577148438,72.26580810546875],[72.33358001708984,71.70500183105469],[71.81119537353516,71.46416473388672],[72.58125305175781,71.13249969482422],[72.81114196777344,70.8699722290039],[72.75619506835938,70.39411163330078],[72.39130401611328,70.26333618164062],[72.59622192382812,70.17919158935547],[72.49627685546875,70.00749969482422],[72.68241882324219,69.78583526611328],[72.5683364868164,69.3753890991211],[72.43746948242188,69.43994140625],[72.61421966552734,69.28497314453125],[72.53910827636719,68.95333099365234],[73.62577819824219,68.42333221435547],[73.08586120605469,68.19833374023438],[73.077392578125,67.69667053222656],[72.52580261230469,67.59246826171875],[72.41911315917969,67.33830261230469],[72.04411315917969,67.29997253417969],[72.17655944824219,67.1878890991211],[71.74988555908203,66.90460968017578],[71.39824676513672,66.96794128417969],[71.47827911376953,66.89044189453125],[70.62989044189453,66.73955535888672],[70.12657928466797,66.7296142578125],[69.92666625976562,66.84955596923828],[69.15991973876953,66.77877807617188],[69.12744140625,66.6125259399414],[70.16991424560547,66.35205841064453],[71.44319152832031,66.33625030517578],[72.13322448730469,66.1987533569336],[72.42414093017578,66.33916473388672],[72.30741882324219,66.49082946777344],[72.4816665649414,66.5945816040039],[72.97663879394531,66.62541961669922],[73.88569641113281,67.0],[73.93413543701172,67.28666687011719],[74.77246856689453,67.69994354248047],[74.83736419677734,68.01333618164062],[74.31578063964844,68.36666870117188],[74.4574203491211,68.68497467041016],[74.66658020019531,68.76622009277344],[76.58483123779297,68.96624755859375],[76.69752502441406,68.84161376953125],[76.55085754394531,68.75330352783203],[77.29914093017578,68.50169372558594],[77.13911437988281,68.2699966430664],[77.3473892211914,68.22747039794922],[77.1941909790039,67.97666931152344],[77.29907989501953,67.8558578491211],[77.0941390991211,67.76166534423828],[77.87327575683594,67.50455474853516],[78.78422546386719,67.46833038330078],[78.77833557128906,67.63955688476562],[77.48583221435547,67.744140625],[77.55744171142578,68.12496948242188],[78.18408203125,68.24500274658203],[77.95919036865234,68.50166320800781],[77.78922271728516,68.51580810546875],[77.65158081054688,68.89202880859375],[75.94166564941406,69.25455474853516],[74.81838989257812,69.07372283935547],[73.76419067382812,69.1566390991211],[73.90753173828125,69.39833068847656],[73.54413604736328,69.74244689941406],[73.76255798339844,69.9449691772461],[73.69132995605469,70.11582946777344],[74.32611083984375,70.59083557128906],[73.57624816894531,71.2125015258789],[73.00872039794922,71.39666748046875],[73.49124908447266,71.63916778564453],[73.52122497558594,71.80413818359375],[75.0187759399414,72.18997192382812],[74.82880401611328,72.8308334350586],[75.4812240600586,72.75247192382812],[75.33875274658203,72.69583129882812],[75.6812515258789,72.53333282470703],[75.50883483886719,72.50250244140625],[75.71622467041016,72.25917053222656],[75.26119232177734,71.8508071899414],[75.54122161865234,71.52166748046875],[75.24869537353516,71.41666412353516],[76.1324691772461,71.16124725341797],[77.66239166259766,71.14875030517578],[77.9473876953125,70.974609375],[78.50872039794922,70.90413665771484],[78.30371856689453,71.23999786376953],[77.91619110107422,71.24583435058594],[78.00119018554688,71.369140625],[77.68746948242188,71.26457977294922],[76.61497497558594,71.4695816040039],[76.24608612060547,71.57752990722656],[75.96622467041016,71.88580322265625],[76.87991333007812,72.05288696289062],[77.61991882324219,71.8012466430664],[77.98486328125,71.82622528076172],[78.20369720458984,72.00330352783203],[77.42741394042969,72.063720703125],[77.46369171142578,72.20747375488281],[78.0899429321289,72.35458374023438],[78.5875015258789,72.28955841064453],[78.44750213623047,72.38622283935547],[79.50252532958984,72.3445816040039],[80.86238861083984,72.07624816894531],[81.45236206054688,71.71955871582031],[83.26374816894531,71.72166442871094],[82.96369171142578,71.54000091552734],[83.02130889892578,71.41583251953125],[82.24114227294922,71.25166320800781],[82.39624786376953,70.75497436523438],[82.01374816894531,70.55577850341797],[82.20252990722656,70.40958404541016],[82.36994171142578,70.59541320800781],[82.65116882324219,70.48994445800781],[82.41867065429688,70.6675033569336],[82.84741973876953,70.95872497558594],[83.123779296875,70.83916473388672],[83.02864074707031,70.43914031982422],[82.82616424560547,70.42163848876953],[82.93875122070312,70.36419677734375],[82.6586685180664,70.16413879394531],[82.42363739013672,70.17082977294922],[83.36358642578125,70.01080322265625],[83.49246978759766,69.86244201660156],[83.19914245605469,69.899169921875],[83.62161254882812,69.71788787841797],[83.9632797241211,69.73036193847656],[83.48625183105469,70.03502655029297],[83.14624786376953,70.08000183105469],[82.9612808227539,70.30750274658203],[83.5425033569336,70.31539154052734],[83.78878021240234,70.45417022705078],[83.1536636352539,71.23833465576172],[83.66883087158203,71.64080810546875],[83.3574447631836,71.84708404541016],[82.64122009277344,71.87750244140625],[82.21113586425781,72.100830078125],[82.23247528076172,72.30455780029297],[80.85124969482422,72.42832946777344],[80.67361450195312,72.72916412353516],[80.8711929321289,72.9375],[80.3060531616211,73.1683578491211],[80.67610931396484,73.2066650390625],[80.33113861083984,73.29247283935547],[80.66622161865234,73.42250061035156],[80.50619506835938,73.5574722290039],[85.29499816894531,73.70791625976562],[86.70991516113281,73.90125274658203],[87.23664093017578,73.8348617553711],[86.98863983154297,74.02330780029297],[87.49871826171875,74.04997253417969],[86.952392578125,74.055419921875],[86.67986297607422,74.2461929321289],[85.93358612060547,74.32746887207031],[86.3475570678711,74.31786346435547],[86.09363555908203,74.42744445800781],[86.59994506835938,74.47705841064453],[86.67491912841797,74.40789031982422],[87.02877807617188,74.407470703125],[86.76622009277344,74.31494140625],[87.09741973876953,74.27705383300781],[87.16116333007812,74.45913696289062],[85.8023910522461,74.6012191772461],[85.85617065429688,74.71661376953125],[86.19127655029297,74.77583312988281],[85.91738891601562,74.85211181640625],[87.00749969482422,74.60128021240234],[86.7738037109375,74.70336151123047],[87.11119079589844,74.72166442871094],[87.10869598388672,74.8591079711914],[87.42102813720703,74.94833374023438],[87.21369171142578,74.98500061035156],[87.8415298461914,75.02246856689453],[86.9832763671875,75.13455963134766],[88.1199722290039,75.08955383300781],[88.34827423095703,75.15836334228516],[88.18152618408203,75.21083068847656],[88.7115249633789,75.23747253417969],[88.60494232177734,75.31669616699219],[89.29666900634766,75.51958465576172],[89.77991485595703,75.438720703125],[90.18994140625,75.6046142578125],[91.6800308227539,75.6187515258789],[91.6999740600586,75.72205352783203],[92.04319763183594,75.69625091552734],[94.11505889892578,75.91669464111328],[93.4499740600586,75.8629150390625],[93.30000305175781,75.9745864868164],[92.83644104003906,75.87872314453125],[92.93502807617188,76.04080963134766],[93.27339172363281,76.10455322265625],[93.49002838134766,76.0062255859375],[94.0749740600586,76.03661346435547],[93.7265853881836,76.11042022705078],[96.12664031982422,76.11705780029297],[95.54486083984375,75.8741683959961],[95.70317077636719,75.82624816894531],[96.40652465820312,76.01036071777344],[96.67825317382812,75.97083282470703],[96.39994049072266,75.82622528076172],[97.31647491455078,76.025390625],[97.14330291748047,75.91703033447266],[97.86325073242188,75.95955657958984],[97.54491424560547,76.0383071899414],[98.23657989501953,76.07455444335938],[97.94483184814453,76.11833190917969],[98.82672119140625,76.25955963134766],[99.84505462646484,76.04247283935547],[99.6050033569336,76.26002502441406],[98.87816619873047,76.48500061035156],[101.12830352783203,76.46414184570312],[100.9615249633789,76.52833557128906],[101.31838989257812,76.72247314453125],[100.93150329589844,76.8582763671875],[101.35494232177734,77.08916473388672],[103.02664184570312,77.57038879394531],[104.14669036865234,77.71624755859375],[105.96663665771484,77.5512466430664],[106.34503173828125,77.36580657958984],[104.16649627685547,77.08294677734375],[105.9566650390625,77.1362533569336],[105.4431381225586,76.99524688720703],[106.90319061279297,77.05208587646484],[107.54483032226562,76.91402435302734],[106.79147338867188,76.7249984741211],[106.67830657958984,76.5500259399414],[106.42825317382812,76.58247375488281],[106.53321838378906,76.49955749511719],[107.71619415283203,76.50125122070312],[108.04322052001953,76.73941802978516],[110.12333679199219,76.6570816040039],[111.09341430664062,76.76538848876953],[111.08819580078125,76.64997100830078],[111.69327545166016,76.67874908447266],[111.4383316040039,76.58997344970703],[112.22152709960938,76.47250366210938],[111.9566421508789,76.35871887207031],[112.34666442871094,76.45619201660156],[112.80828094482422,76.33330535888672],[112.57160949707031,76.19750213623047],[112.9083023071289,76.10160827636719],[112.63664245605469,76.05286407470703],[113.32317352294922,76.11787414550781],[112.9516372680664,76.24749755859375],[113.29822540283203,76.26669311523438],[113.48163604736328,75.8416976928711],[113.7967529296875,75.93621826171875],[113.9349136352539,75.83499908447266],[113.5832748413086,75.53119659423828],[113.59830474853516,75.6541976928711],[112.34827423095703,75.84002685546875],[112.89480590820312,75.7149429321289],[112.82158660888672,75.54413604736328],[113.29116821289062,75.64481353759766],[113.38842010498047,75.52246856689453],[113.75152587890625,75.5008316040039],[113.57833099365234,75.2125015258789],[112.20369720458984,74.85416412353516],[111.84989166259766,74.64047241210938],[111.4449462890625,74.67544555664062],[110.3824462890625,74.5003890991211],[110.17485809326172,74.34455871582031],[109.56352996826172,74.31083679199219],[109.9736099243164,74.31416320800781],[109.92383575439453,74.19325256347656],[109.02747344970703,74.01705932617188],[108.13744354248047,73.62869262695312],[107.01741790771484,73.6320571899414],[107.20883178710938,73.5374755859375],[106.80000305175781,73.32208251953125],[106.11861419677734,73.27249908447266],[105.71369171142578,72.88333129882812],[105.23860931396484,72.78916931152344],[105.49980926513672,72.74455261230469],[106.23966979980469,72.96121978759766],[106.3399429321289,73.18958282470703],[108.3648910522461,73.20791625976562],[108.25494384765625,73.28955841064453],[109.28485870361328,73.3870849609375],[109.25497436523438,73.47291564941406],[109.43875122070312,73.40166473388672],[109.22736358642578,73.55535888671875],[109.7923583984375,73.43536376953125],[111.03485870361328,73.6878890991211],[110.69241333007812,73.7937240600586],[109.69000244140625,73.67369079589844],[109.57113647460938,73.81664276123047],[110.02233123779297,74.00619506835938],[111.02239227294922,73.92455291748047],[111.20494079589844,74.03377532958984],[111.57250213623047,74.05208587646484],[111.25630950927734,73.98497009277344],[111.33858489990234,73.85497283935547],[112.3074722290039,73.6895523071289],[112.99121856689453,73.7582778930664],[112.844970703125,73.9870834350586],[113.46113586425781,73.64244079589844],[113.18869018554688,73.44086456298828],[113.57122039794922,73.3375015258789],[113.5147476196289,73.20266723632812],[114.19258117675781,73.32096862792969],[113.53241729736328,73.49958038330078],[115.68730926513672,73.70539093017578],[118.87991333007812,73.53035736083984],[118.97247314453125,73.4495849609375],[118.4262466430664,73.42080688476562],[118.40613555908203,73.22502899169922],[119.84772491455078,72.9574966430664],[122.31732940673828,72.96541595458984],[122.84246826171875,72.85253143310547],[122.5550308227539,73.02205657958984],[123.22247314453125,72.88294219970703],[123.46614074707031,73.11247253417969],[123.80358123779297,73.0999755859375],[123.45116424560547,73.14830780029297],[123.72374725341797,73.20417022705078],[123.39883422851562,73.27916717529297],[123.5187759399414,73.37999725341797],[123.25366973876953,73.39749908447266],[123.50619506835938,73.39330291748047],[123.31886291503906,73.4758071899414],[123.42130279541016,73.65496826171875],[123.9848861694336,73.5887222290039],[124.43738555908203,73.80122375488281],[125.0237808227539,73.69833374023438],[125.01494598388672,73.59789276123047],[125.1524429321289,73.70708465576172],[125.19635772705078,73.51083374023438],[125.45996856689453,73.58457946777344],[125.79733276367188,73.4137191772461],[126.31485748291016,73.55122375488281],[126.40374755859375,73.41497039794922],[126.07872009277344,73.42333221435547],[126.32624816894531,73.38249969482422],[126.28133392333984,73.25919342041016],[126.80999755859375,73.444580078125],[126.8536376953125,73.29328155517578],[127.030029296875,73.29042053222656],[126.88361358642578,73.41661071777344],[127.09991455078125,73.31708526611328],[127.11746978759766,73.46455383300781],[127.15872192382812,73.31414031982422],[127.2375259399414,73.45619201660156],[127.35383605957031,73.350830078125],[127.23491668701172,73.26708221435547],[128.01502990722656,73.4078598022461],[127.87989044189453,73.2695541381836],[128.31875610351562,73.3008041381836],[128.04241943359375,73.1820297241211],[128.816162109375,73.19999694824219],[128.47610473632812,73.08078002929688],[129.111328125,73.032470703125],[128.9136962890625,72.92827606201172],[129.40875244140625,72.77913665771484],[129.03256225585938,72.70972442626953],[129.4512176513672,72.65166473388672],[128.44277954101562,72.51797485351562],[129.3999481201172,72.42958068847656],[129.52127075195312,72.30416870117188],[129.12869262695312,72.24169158935547],[129.5561065673828,72.21247100830078],[129.09320068359375,72.1526107788086],[129.36239624023438,72.07794189453125],[128.5121612548828,72.17794036865234],[128.30613708496094,72.08080291748047],[128.92750549316406,71.7137222290039],[129.2462158203125,71.80750274658203],[129.1062469482422,72.00333404541016],[129.59121704101562,71.70494079589844],[128.91744995117188,71.68708038330078],[128.9012451171875,71.59163665771484],[129.22366333007812,71.59994506835938],[129.4386444091797,71.30416870117188],[129.7412567138672,71.20169067382812],[129.71881103515625,71.06749725341797],[130.1324462890625,71.06627655029297],[130.61996459960938,70.837890625],[130.8187713623047,70.96419525146484],[131.044921875,70.7028579711914],[131.43377685546875,70.69750213623047],[131.74127197265625,71.1191635131836],[131.9788818359375,71.14250183105469],[131.8036346435547,71.16416931152344],[132.15374755859375,71.20252990722656],[131.9138946533203,71.24085998535156],[132.30130004882812,71.69002532958984],[132.77993774414062,71.95124816894531],[133.12741088867188,71.96875],[133.30624389648438,71.89497375488281],[132.7949981689453,71.9245834350586],[132.77369689941406,71.77083587646484],[133.8175506591797,71.41455841064453],[134.82408142089844,71.34347534179688],[134.95730590820312,71.5070571899414],[136.0223846435547,71.62702941894531],[137.54510498046875,71.35630798339844],[137.51136779785156,71.25833129882812],[137.74868774414062,71.27252960205078],[137.86257934570312,71.10041809082031],[138.1212158203125,71.13333129882812],[137.8274383544922,71.26041412353516],[138.30360412597656,71.25749969482422],[137.80880737304688,71.37169647216797],[138.11502075195312,71.57041931152344],[138.4598846435547,71.51789093017578],[138.80252075195312,71.626220703125],[139.09371948242188,71.57080841064453],[139.17999267578125,71.39871978759766],[139.4149932861328,71.48958587646484],[140.11734008789062,71.43208312988281],[139.71371459960938,71.68919372558594],[139.71627807617188,71.82746887207031],[140.07618713378906,71.8608627319336],[139.3061065673828,71.94247436523438],[140.29617309570312,72.1733627319336],[140.08116149902344,72.22830963134766],[140.20108032226562,72.27830505371094],[139.38497924804688,72.150390625],[139.12371826171875,72.25250244140625],[139.39007568359375,72.36038970947266],[140.25619506835938,72.35749816894531],[139.38238525390625,72.40205383300781],[139.5874481201172,72.49119567871094],[141.30128479003906,72.58169555664062],[140.77610778808594,72.79083251953125],[140.8900604248047,72.87210845947266],[146.86253356933594,72.36294555664062],[145.39488220214844,72.33291625976562],[145.2749786376953,72.44541931152344],[144.24478149414062,72.24869537353516],[144.5474395751953,72.15125274658203],[145.21746826171875,72.2620849609375],[146.94375610351562,72.31749725341797],[145.98239135742188,71.86286163330078],[145.9788360595703,72.05752563476562],[146.32369995117188,72.13661193847656],[146.030029296875,72.16952514648438],[145.98233032226562,72.06710815429688],[146.0338134765625,72.2249984741211],[145.49864196777344,72.24833679199219],[145.81619262695312,72.2149429321289],[145.61622619628906,72.08997344970703],[145.84619140625,71.94000244140625],[145.34243774414062,71.86203002929688],[145.02255249023438,71.9570541381836],[145.23367309570312,71.83496856689453],[144.91380310058594,71.76583099365234],[144.93246459960938,71.63872528076172],[145.3387451171875,71.68083190917969],[145.34754943847656,71.55455780029297],[145.3925323486328,71.65538787841797],[146.12368774414062,71.79833221435547],[147.11502075195312,72.31541442871094],[148.3673858642578,72.3312759399414],[149.50503540039062,72.17288970947266],[150.06369018554688,71.92913818359375],[149.72488403320312,71.75955963134766],[149.4024658203125,71.8987808227539],[148.82872009277344,71.68914031982422],[150.0574188232422,71.6495590209961],[150.03311157226562,71.54894256591797],[150.27867126464844,71.54833221435547],[150.07955932617188,71.50057983398438],[150.67364501953125,71.50580596923828],[150.63450622558594,71.289306640625],[151.07508850097656,71.39871978759766],[151.58241271972656,71.31708526611328],[151.9762725830078,71.07752990722656],[151.78121948242188,71.07083129882812],[152.1161651611328,70.98580932617188],[151.63116455078125,70.97413635253906],[152.53118896484375,70.81502532958984],[155.92239379882812,71.0887222290039],[158.92491149902344,70.89041900634766],[159.6036376953125,70.70336151123047],[159.9911651611328,70.45419311523438],[160.11102294921875,70.24747467041016],[159.6937713623047,70.11164093017578],[159.96864318847656,70.086669921875],[159.69578552246094,69.88163757324219],[159.75747680664062,69.73919677734375],[160.8798828125,69.62950134277344],[161.11328125,69.16039276123047],[161.11996459960938,69.45452880859375],[161.40818786621094,69.52958679199219],[161.457275390625,69.34439086914062],[162.34666442871094,69.67375183105469],[164.09165954589844,69.75125122070312],[164.59835815429688,69.57878112792969],[166.8733673095703,69.46208190917969],[167.8083953857422,69.7645263671875],[168.31253051757812,69.5483627319336],[168.3216094970703,69.22208404541016],[169.3481903076172,69.0820541381836],[169.59652709960938,68.77291870117188],[170.4816131591797,68.7636947631836],[170.35166931152344,68.84539031982422],[170.6233673095703,68.92705535888672],[170.71502685546875,68.82455444335938],[170.63992309570312,68.92955780029297],[171.17919921875,69.02996826171875],[170.99411010742188,69.05410766601562],[170.657470703125,69.56246948242188],[170.162353515625,69.59750366210938],[170.6141357421875,69.76000213623047],[170.54991149902344,70.11955261230469],[172.77003479003906,69.96952819824219],[173.32485961914062,69.79624938964844],[173.2231903076172,69.7653579711914],[173.5090789794922,69.79413604736328],[173.29666137695312,69.90789031982422],[173.42832946777344,69.938720703125],[173.74668884277344,69.81208038330078],[174.003173828125,69.90705871582031],[176.08163452148438,69.88372039794922],[176.96157836914062,69.63541412353516],[178.77157592773438,69.40875244140625],[180.0,68.9937744140625],[180.0,64.99555969238281]]]}},{"type":"Feature","properties":{},"geometry":{"type":"Polygon","coordinates":[[[32.27833557128906,31.125389099121094],[32.21681213378906,31.28631591796875],[32.321533203125,31.2734375],[32.30261993408203,30.342575073242188],[32.56404113769531,30.1578369140625],[32.34208679199219,29.588333129882812],[32.59544372558594,29.340858459472656],[32.625389099121094,28.976638793945312],[33.58622741699219,27.847503662109375],[33.472084045410156,27.819969177246094],[33.595359802246094,27.651641845703125],[33.49458312988281,27.645004272460938],[33.847084045410156,27.240806579589844],[34.00208282470703,26.854171752929688],[33.93536376953125,26.672470092773438],[34.54289245605469,25.748306274414062],[35.13874816894531,24.513336181640625],[35.79374694824219,23.909225463867188],[35.476226806640625,23.934219360351562],[35.66789245605469,22.946609497070312],[36.895416259765625,22.063331604003906],[36.9761962890625,21.39997100830078],[37.318748474121094,21.06500244140625],[37.254974365234375,20.985389709472656],[37.11119079589844,21.21416473388672],[37.24285888671875,20.526611328125],[37.19874572753906,19.63666534423828],[37.41205596923828,18.875],[38.11083221435547,18.417137145996094],[38.07994079589844,18.28624725341797],[38.28419494628906,18.2921142578125],[38.55705261230469,18.060104370117188],[38.9229736328125,17.415084838867188],[39.23955535888672,16.073272705078125],[39.44288635253906,15.794975280761719],[39.46458435058594,15.523330688476562],[39.62371826171875,15.479995727539062],[39.71202850341797,15.095001220703125],[39.85289001464844,15.165863037109375],[39.775360107421875,15.396614074707031],[39.875,15.507888793945312],[40.087921142578125,15.332473754882812],[40.02122497558594,15.239166259765625],[40.20997619628906,14.948722839355469],[40.52916717529297,15.022079467773438],[40.780029296875,14.707054138183594],[41.189971923828125,14.62371826171875],[41.689109802246094,13.935386657714844],[41.9691162109375,13.853721618652344],[42.23663330078125,13.543693542480469],[42.23374938964844,13.637443542480469],[42.38624572753906,13.209945678710938],[42.5516357421875,13.230415344238281],[42.78582763671875,12.842918395996094],[42.92497253417969,12.785385131835938],[43.00328063964844,12.898780822753906],[43.3270263671875,12.475776672363281],[43.376190185546875,11.988357543945312],[42.52747344970703,11.52288818359375],[43.1566162109375,11.612945556640625],[43.495330810546875,11.391693115234375],[43.89502716064453,10.732002258300781],[44.29997253417969,10.424530029296875],[44.5758056640625,10.375389099121094],[44.95410919189453,10.407028198242188],[45.80583190917969,10.867889404296875],[46.44081115722656,10.683746337890625],[47.412498474121094,11.179580688476562],[47.70246887207031,11.09375],[48.53080749511719,11.312919616699219],[48.95994567871094,11.242889404296875],[49.426666259765625,11.337890625],[50.26866149902344,11.584526062011719],[50.797607421875,11.986114501953125],[51.29124450683594,11.833305358886719],[51.08375549316406,11.31500244140625],[51.17211151123047,10.57330322265625],[51.022056579589844,10.420806884765625],[51.23497009277344,10.434555053710938],[51.18000030517578,10.563751220703125],[51.41542053222656,10.443328857421875],[50.90205383300781,10.31494140625],[50.830413818359375,9.419166564941406],[50.12788391113281,8.194190979003906],[49.82292175292969,7.9249725341796875],[48.95366668701172,5.991691589355469],[47.96543884277344,4.477500915527344],[46.01166534423828,2.4295272827148438],[44.76666259765625,1.7111968994140625],[43.559165954589844,0.7145843505859375],[42.068748474121094,-0.8401107788085938],[41.890411376953125,-1.2067489624023438],[41.78547668457031,-1.1475830078125],[41.78955078125,-1.3342514038085938],[41.314971923828125,-1.9612503051757812],[41.22747039794922,-1.8862762451171875],[41.00752258300781,-2.0537490844726562],[41.04583740234375,-1.8636932373046875],[40.94499969482422,-2.0846099853515625],[40.87580871582031,-1.9479446411132812],[40.77455139160156,-1.9341659545898438],[40.9879150390625,-2.264190673828125],[40.75080871582031,-2.2563095092773438],[40.77000427246094,-2.4537506103515625],[40.186279296875,-2.7358322143554688],[40.24205780029297,-2.98919677734375],[40.120391845703125,-3.2900543212890625],[39.96417236328125,-3.3271102905273438],[39.86955261230469,-3.63336181640625],[39.782081604003906,-3.61419677734375],[39.870361328125,-3.700836181640625],[39.702667236328125,-4.057441711425781],[39.56519317626953,-4.026664733886719],[39.67433166503906,-4.091667175292969],[39.45355224609375,-4.576637268066406],[39.201942443847656,-4.6808624267578125],[38.77288818359375,-6.052528381347656],[38.84706115722656,-6.393363952636719],[39.55125427246094,-7.0175018310546875],[39.27294921875,-7.606697082519531],[39.270782470703125,-7.923805236816406],[39.361663818359375,-7.769584655761719],[39.447052001953125,-7.813362121582031],[39.444580078125,-8.016670227050781],[39.25538635253906,-8.292526245117188],[39.329559326171875,-8.709976196289062],[39.55455780029297,-8.925025939941406],[39.36125183105469,-8.947502136230469],[39.492889404296875,-8.934196472167969],[39.494171142578125,-9.191276550292969],[39.60955810546875,-9.068359375],[39.647056579589844,-9.362525939941406],[39.52958679199219,-9.375],[39.791221618652344,-9.834197998046875],[39.704444885253906,-10.031829833984375],[39.874916076660156,-10.016357421875],[39.968223571777344,-10.219696044921875],[39.986610412597656,-10.126358032226562],[40.133445739746094,-10.182136535644531],[40.11175537109375,-10.277999877929688],[40.23002624511719,-10.307220458984375],[40.234222412109375,-10.205497741699219],[40.642059326171875,-10.684280395507812],[40.42955780029297,-10.773445129394531],[40.61369323730469,-10.830947875976562],[40.49280548095703,-10.942642211914062],[40.50791931152344,-11.200027465820312],[40.33208465576172,-11.313331604003906],[40.48121643066406,-11.401664733886719],[40.46955871582031,-12.266693115234375],[40.573692321777344,-12.397529602050781],[40.46497344970703,-12.501251220703125],[40.64208221435547,-12.746696472167969],[40.394554138183594,-12.928390502929688],[40.490806579589844,-13.082969665527344],[40.48875427246094,-12.963333129882812],[40.59706115722656,-12.97003173828125],[40.591217041015625,-13.38922119140625],[40.45378112792969,-13.500831604003906],[40.61372375488281,-13.552497863769531],[40.53705596923828,-13.681671142578125],[40.64460754394531,-14.025054931640625],[40.50208282470703,-14.17669677734375],[40.72792053222656,-14.200836181640625],[40.6312255859375,-14.569190979003906],[40.816192626953125,-14.403335571289062],[40.84210968017578,-14.832527160644531],[40.62042236328125,-14.860000610351562],[40.78038787841797,-14.997528076171875],[40.62077331542969,-14.940414428710938],[40.710418701171875,-15.078361511230469],[40.5203857421875,-15.129196166992188],[40.67041778564453,-15.273330688476562],[40.534584045410156,-15.535026550292969],[40.05914306640625,-16.001251220703125],[40.01660919189453,-16.189605712890625],[39.732887268066406,-16.273330688476562],[39.85664367675781,-16.438804626464844],[39.28416442871094,-16.776275634765625],[39.22914123535156,-16.704605102539062],[39.06913757324219,-17.008773803710938],[38.67997741699219,-17.024612426757812],[38.14752960205078,-17.292083740234375],[38.062530517578125,-17.196250915527344],[38.086669921875,-17.313751220703125],[37.182029724121094,-17.710968017578125],[36.98164367675781,-18.016281127929688],[36.85497283935547,-17.878753662109375],[36.96868896484375,-18.055862426757812],[36.42375183105469,-18.547531127929688],[36.3125,-18.877105712890625],[35.87419128417969,-18.95380401611328],[34.88499450683594,-19.852943420410156],[34.6312255859375,-19.650833129882812],[34.78541564941406,-19.850021362304688],[34.661224365234375,-20.5550537109375],[34.99419403076172,-20.70794677734375],[35.11872100830078,-20.92669677734375],[35.00044250488281,-21.115028381347656],[35.092445373535156,-21.3304443359375],[35.126220703125,-21.159194946289062],[35.27207946777344,-21.638389587402344],[35.31622314453125,-22.19499969482422],[35.49082946777344,-22.095413208007812],[35.52497100830078,-22.30877685546875],[35.54621887207031,-22.171722412109375],[35.51122283935547,-22.760833740234375],[35.60455322265625,-22.9241943359375],[35.413726806640625,-23.720855712890625],[35.396636962890625,-23.662139892578125],[35.32788848876953,-23.708358764648438],[35.334197998046875,-23.99791717529297],[35.538726806640625,-23.79083251953125],[35.50205993652344,-24.107528686523438],[35.10308837890625,-24.616226196289062],[33.29164123535156,-25.257919311523438],[32.82366943359375,-25.59088897705078],[32.751556396484375,-25.86963653564453],[32.697418212890625,-25.75550079345703],[32.69905090332031,-25.88050079345703],[32.49867248535156,-25.960052490234375],[32.83406066894531,-26.29291534423828],[32.964385986328125,-26.0841064453125],[32.86961364746094,-27.011688232421875],[32.38539123535156,-28.5491943359375],[31.274551391601562,-29.454193115234375],[30.009170532226562,-31.29711151123047],[29.426666259765625,-31.688751220703125],[28.516639709472656,-32.596282958984375],[27.011642456054688,-33.56541442871094],[26.47161102294922,-33.76628112792969],[25.850830078125,-33.710418701171875],[25.632049560546875,-33.860862731933594],[25.705001831054688,-34.02796936035156],[25.00330352783203,-33.97291564941406],[24.8399658203125,-34.20628356933594],[23.649948120117188,-33.9737548828125],[23.408309936523438,-34.104637145996094],[22.555831909179688,-33.97874450683594],[22.15833282470703,-34.08294677734375],[21.830780029296875,-34.37208557128906],[20.946640014648438,-34.357940673828125],[20.847442626953125,-34.46710968017578],[20.536666870117188,-34.46211242675781],[20.019973754882812,-34.8304443359375],[19.653274536132812,-34.78131103515625],[19.294113159179688,-34.62208557128906],[19.361251831054688,-34.48249816894531],[19.122467041015625,-34.41041564941406],[19.123336791992188,-34.3121337890625],[18.828277587890625,-34.382080078125],[18.790802001953125,-34.0804443359375],[18.471633911132812,-34.10289001464844],[18.497055053710938,-34.34919738769531],[18.399948120117188,-34.30210876464844],[18.30791473388672,-34.033355712890625],[18.485443115234375,-33.88166809082031],[18.43878173828125,-33.692527770996094],[17.954605102539062,-33.10252380371094],[18.125411987304688,-33.18421936035156],[18.032882690429688,-33.02082824707031],[17.894577026367188,-33.035003662109375],[17.847885131835938,-32.82002258300781],[17.970779418945312,-32.69294738769531],[18.148300170898438,-32.765411376953125],[18.32708740234375,-32.530029296875],[18.200439453125,-31.6824951171875],[17.27789306640625,-30.345001220703125],[16.817054748535156,-29.090858459472656],[16.492027282714844,-28.607528686523438],[15.815803527832031,-28.09625244140625],[15.289581298828125,-27.311660766601562],[15.083747863769531,-26.726669311523438],[15.1754150390625,-26.608360290527344],[14.946250915527344,-26.317527770996094],[14.975440979003906,-26.071670532226562],[14.823745727539062,-25.749160766601562],[14.872886657714844,-25.08252716064453],[14.451248168945312,-24.040023803710938],[14.500389099121094,-23.32416534423828],[14.40283203125,-23.021636962890625],[14.438247680664062,-22.878028869628906],[14.456558227539062,-23.022079467773438],[14.537025451660156,-22.9000244140625],[14.502029418945312,-22.54261016845703],[13.414558410644531,-20.875885009765625],[13.197113037109375,-20.216690063476562],[12.570442199707031,-19.082504272460938],[12.032058715820312,-18.484161376953125],[11.79949951171875,-17.97919464111328],[11.744552612304688,-15.835830688476562],[11.996246337890625,-15.629165649414062],[12.156219482421875,-15.178329467773438],[12.363754272460938,-14.057472229003906],[12.530418395996094,-13.847526550292969],[12.532890319824219,-13.418357849121094],[12.981224060058594,-12.980857849121094],[12.941253662109375,-12.833335876464844],[13.201637268066406,-12.593780517578125],[13.417442321777344,-12.563751220703125],[13.657058715820312,-12.235031127929688],[13.862831115722656,-11.00836181640625],[12.994583129882812,-9.0875244140625],[13.400390625,-8.749168395996094],[13.392112731933594,-8.388336181640625],[12.853721618652344,-7.270027160644531],[12.828750610351562,-6.991691589355469],[12.272918701171875,-6.1399993896484375],[12.672943115234375,-6.0108642578125],[12.439163208007812,-6.0570831298828125],[12.167915344238281,-5.7275543212890625],[12.177139282226562,-5.313468933105469],[11.727859497070312,-4.450859069824219],[9.619583129882812,-2.4083633422851562],[8.700386047363281,-0.6683578491210938],[8.853279113769531,-0.85211181640625],[9.009140014648438,-0.634613037109375],[9.130416870117188,-0.7141952514648438],[9.297889709472656,-0.37088775634765625],[9.351638793945312,0.35791778564453125],[9.501663208007812,0.05039215087890625],[9.515029907226562,0.174530029296875],[9.60333251953125,0.02872467041015625],[9.629997253417969,0.15625],[9.839111328125,0.0128631591796875],[9.757080078125,0.1316680908203125],[9.987083435058594,0.1725006103515625],[9.677474975585938,0.212890625],[9.579971313476562,0.362030029296875],[9.506637573242188,0.28375244140625],[9.309585571289062,0.5124969482421875],[9.501640319824219,0.6695556640625],[9.445419311523438,0.562469482421875],[9.55914306640625,0.5970535278320312],[9.663749694824219,0.4524993896484375],[9.551223754882812,0.9466094970703125],[9.695968627929688,1.0787506103515625],[9.343719482421875,1.1758346557617188],[9.81622314453125,1.9083328247070312],[9.774528503417969,2.3166122436523438],[9.975418090820312,3.0791091918945312],[9.971275329589844,3.290863037109375],[9.644554138183594,3.5366363525390625],[9.767890930175781,3.6241378784179688],[9.637443542480469,3.5870819091796875],[9.542915344238281,3.8108367919921875],[9.667442321777344,3.680389404296875],[9.693275451660156,3.8512191772460938],[9.786666870117188,3.770416259765625],[9.833694458007812,3.8091659545898438],[9.675445556640625,3.904998779296875],[9.786666870117188,3.9629135131835938],[9.627082824707031,3.9449691772460938],[9.727943420410156,4.097503662109375],[9.58660888671875,4.002891540527344],[9.480804443359375,4.1129150390625],[9.436637878417969,3.881195068359375],[9.3004150390625,3.9449691772460938],[9.350830078125,4.015388488769531],[9.214164733886719,3.941192626953125],[8.973724365234375,4.099998474121094],[8.882888793945312,4.4141693115234375],[8.962890625,4.594169616699219],[8.892501831054688,4.5053863525390625],[8.830390930175781,4.746665954589844],[8.767471313476562,4.5270843505859375],[8.632499694824219,4.751220703125],[8.714584350585938,4.5066680908203125],[8.554969787597656,4.4820556640625],[8.571250915527344,4.817497253417969],[8.479942321777344,4.6904144287109375],[8.23577880859375,4.928749084472656],[8.278274536132812,4.536224365234375],[7.604164123535156,4.477058410644531],[7.523277282714844,4.628753662109375],[7.5837249755859375,4.456642150878906],[7.339996337890625,4.4437255859375],[7.450447082519531,4.544975280761719],[7.27166748046875,4.4995574951171875],[7.0758056640625,4.7379150390625],[7.178718566894531,4.579139709472656],[7.113334655761719,4.4454193115234375],[6.901222229003906,4.684135437011719],[7.005775451660156,4.372917175292969],[6.860389709472656,4.397499084472656],[6.779136657714844,4.6678619384765625],[6.867469787597656,4.359580993652344],[6.71624755859375,4.355003356933594],[6.723335266113281,4.6129150390625],[6.697441101074219,4.422027587890625],[6.6129150390625,4.544136047363281],[6.705024719238281,4.338722229003906],[6.539947509765625,4.525413513183594],[6.588279724121094,4.328697204589844],[6.4033050537109375,4.337913513183594],[6.34161376953125,4.481224060058594],[6.264137268066406,4.387054443359375],[6.236663818359375,4.506248474121094],[6.2158355712890625,4.282112121582031],[6.0828857421875,4.2783355712890625],[6.139137268066406,4.4453887939453125],[5.983329772949219,4.310417175292969],[5.538780212402344,4.7433319091796875],[5.378692626953125,5.122474670410156],[5.5112762451171875,5.137474060058594],[5.476219177246094,5.220832824707031],[5.362083435058594,5.163307189941406],[5.317863464355469,5.363334655761719],[5.4749755859375,5.327056884765625],[5.5187530517578125,5.500831604003906],[5.361663818359375,5.390419006347656],[5.176246643066406,5.568305969238281],[5.5428619384765625,5.619194030761719],[5.326667785644531,5.6070556640625],[5.322502136230469,5.723777770996094],[5.1783294677734375,5.5920867919921875],[5.145416259765625,5.8141937255859375],[5.0641632080078125,5.7645263671875],[4.4308319091796875,6.3503875732421875],[3.4012527465820312,6.395805358886719],[3.8216400146484375,6.621192932128906],[3.4624710083007812,6.601219177246094],[3.3587188720703125,6.4283599853515625],[3.4000015258789062,6.390419006347656],[1.9341964721679688,6.3095550537109375],[1.3433609008789062,6.161163330078125],[1.0816650390625,6.044502258300781],[0.9274978637695312,5.7829132080078125],[0.6799697875976562,5.7620849609375],[0.6416702270507812,5.871223449707031],[0.674163818359375,5.758750915527344],[0.17996978759765625,5.747886657714844],[-0.810028076171875,5.213752746582031],[-1.6166915893554688,5.025390625],[-2.092529296875,4.735420227050781],[-2.3850250244140625,4.937889099121094],[-4.016998291015625,5.258392333984375],[-6.124168395996094,4.9970245361328125],[-7.480804443359375,4.360359191894531],[-7.732444763183594,4.367835998535156],[-9.299224853515625,5.151252746582031],[-10.375885009765625,6.160362243652344],[-10.697525024414062,6.232940673828125],[-10.870025634765625,6.463722229003906],[-11.389472961425781,6.743278503417969],[-11.200752258300781,6.674530029296875],[-11.230751037597656,6.789497375488281],[-12.521278381347656,7.3841094970703125],[-12.352943420410156,7.383331298828125],[-12.489585876464844,7.4466705322265625],[-12.335418701171875,7.544166564941406],[-12.540443420410156,7.6541900634765625],[-12.456253051757812,7.766639709472656],[-12.612503051757812,7.687080383300781],[-12.962081909179688,7.916664123535156],[-12.833808898925781,7.931640625],[-12.836280822753906,8.077468872070312],[-12.963775634765625,8.262496948242188],[-13.164192199707031,8.170387268066406],[-13.298362731933594,8.497085571289062],[-13.046669006347656,8.374557495117188],[-13.13458251953125,8.447502136230469],[-13.02166748046875,8.564559936523438],[-12.837081909179688,8.560836791992188],[-13.090835571289062,8.584526062011719],[-13.072502136230469,8.68536376953125],[-13.174613952636719,8.531669616699219],[-13.25128173828125,8.803306579589844],[-13.110252380371094,8.930000305175781],[-13.282974243164062,8.984169006347656],[-13.303939819335938,9.334861755371094],[-13.409584045410156,9.277473449707031],[-13.476669311523438,9.570358276367188],[-13.723747253417969,9.506637573242188],[-13.537055969238281,9.796607971191406],[-13.739585876464844,9.824111938476562],[-13.691719055175781,9.952056884765625],[-13.800025939941406,9.837890625],[-14.034164428710938,10.002914428710938],[-14.029777526855469,10.170219421386719],[-14.205001831054688,10.103752136230469],[-14.202499389648438,10.204582214355469],[-14.455833435058594,10.208724975585938],[-14.527084350585938,10.520774841308594],[-14.66461181640625,10.467498779296875],[-14.539497375488281,10.82763671875],[-14.700836181640625,10.629554748535156],[-14.792083740234375,10.754135131835938],[-14.709579467773438,10.849166870117188],[-14.80755615234375,10.818748474121094],[-14.818748474121094,10.929191589355469],[-14.627113342285156,11.0108642578125],[-14.69708251953125,11.076637268066406],[-15.078392028808594,10.918724060058594],[-15.004638671875,11.183303833007812],[-15.235000610351562,10.997917175292969],[-15.192108154296875,11.124137878417969],[-15.407943725585938,11.199165344238281],[-15.345169067382812,11.416580200195312],[-15.504608154296875,11.328330993652344],[-15.466690063476562,11.480392456054688],[-15.221275329589844,11.546607971191406],[-15.283363342285156,11.620414733886719],[-15.175857543945312,11.56121826171875],[-15.18499755859375,11.637886047363281],[-15.074996948242188,11.575416564941406],[-15.03375244140625,11.643280029296875],[-15.137496948242188,11.693748474121094],[-15.258331298828125,11.632026672363281],[-15.264190673828125,11.742919921875],[-15.426666259765625,11.542083740234375],[-15.50958251953125,11.789169311523438],[-14.939163208007812,11.988723754882812],[-15.404220581054688,11.964530944824219],[-15.955833435058594,11.73455810546875],[-15.853775024414062,11.992469787597656],[-16.10089111328125,11.877914428710938],[-16.352081298828125,12.096664428710938],[-16.014190673828125,12.345390319824219],[-16.448333740234375,12.181251525878906],[-16.7762451171875,12.406639099121094],[-16.587493896484375,12.635414123535156],[-16.525863647460938,12.5386962890625],[-16.220474243164062,12.609970092773438],[-16.425804138183594,12.580413818359375],[-16.481643676757812,12.716278076171875],[-16.494171142578125,12.616195678710938],[-16.63671875,12.699638366699219],[-16.763778686523438,12.571609497070312],[-16.81707763671875,13.340835571289062],[-16.717941284179688,13.459999084472656],[-16.355026245117188,13.249580383300781],[-16.1500244140625,13.434585571289062],[-15.927497863769531,13.400390625],[-15.574607849121094,13.51580810546875],[-16.135025024414062,13.49871826171875],[-16.314193725585938,13.336250305175781],[-16.506668090820312,13.361251831054688],[-16.637969970703125,13.699996948242188],[-16.513778686523438,13.879165649414062],[-16.694198608398438,13.774559020996094],[-16.96630859375,14.399169921875],[-17.247467041015625,14.697914123535156],[-17.533775329589844,14.741668701171875],[-17.130859375,14.912857055664062],[-16.577056884765625,15.697471618652344],[-16.44469451904297,16.614166259765625],[-16.043746948242188,17.74749755859375],[-16.1754150390625,18.909164428710938],[-16.54791259765625,19.37999725341797],[-16.308807373046875,19.469940185546875],[-16.472946166992188,19.42163848876953],[-16.272079467773438,19.732467651367188],[-16.197921752929688,20.2249755859375],[-16.417526245117188,20.676254272460938],[-16.524581909179688,20.735000610351562],[-16.534194946289062,20.5504150390625],[-16.677947998046875,20.67919158935547],[-16.912521362304688,21.16119384765625],[-17.044281005859375,20.772171020507812],[-17.107223510742188,20.8375244140625],[-16.983001708984375,21.798141479492188],[-16.798751831054688,22.196640014648438],[-16.516250610351562,22.32666778564453],[-15.704582214355469,23.972503662109375],[-15.987556457519531,23.623748779296875],[-15.915420532226562,23.803306579589844],[-14.903778076171875,24.68585968017578],[-14.835418701171875,25.296615600585938],[-14.465415954589844,26.196670532226562],[-13.651252746582031,26.659194946289062],[-13.199668884277344,27.637496948242188],[-12.915863037109375,27.956253051757812],[-12.234169006347656,28.032882690429688],[-11.525001525878906,28.298751831054688],[-10.217941284179688,29.30914306640625],[-9.662940979003906,30.071640014648438],[-9.606277465820312,30.415771484375],[-9.891304016113281,30.63330078125],[-9.846221923828125,31.397499084472656],[-9.262916564941406,32.18080139160156],[-9.287109375,32.54583740234375],[-8.514190673828125,33.267059326171875],[-6.8125,34.025390625],[-6.122108459472656,35.214942932128906],[-5.934638977050781,35.79077911376953],[-5.470863342285156,35.9171142578125],[-5.282112121582031,35.90167236328125],[-5.3546142578125,35.795806884765625],[-5.245002746582031,35.55205535888672],[-4.688385009765625,35.20628356933594],[-4.3558349609375,35.150390625],[-3.7075576782226562,35.29042053222656],[-3.3416671752929688,35.18705749511719],[-2.9791412353515625,35.44197082519531],[-2.8300857543945312,35.108665466308594],[-2.7421646118164062,35.115806579589844],[-2.8750534057617188,35.21369934082031],[-2.6275253295898438,35.08782958984375],[-1.9574966430664062,35.07539367675781],[-1.2866668701171875,35.35791778564453],[-1.1996688842773438,35.573333740234375],[-0.937530517578125,35.72792053222656],[-0.6233901977539062,35.71369934082031],[-0.38246917724609375,35.909584045410156],[0.0,35.84288787841797],[0.344970703125,36.196250915527344],[1.084136962890625,36.493751525878906],[2.5583343505859375,36.59202575683594],[2.899169921875,36.805419921875],[3.4874725341796875,36.76788330078125],[3.8958587646484375,36.925384521484375],[4.78839111328125,36.892059326171875],[5.344139099121094,36.64118957519531],[6.208305358886719,36.90711212158203],[6.415802001953125,37.08625030517578],[6.930809020996094,36.882057189941406],[7.229164123535156,36.96458435058594],[7.1725006103515625,37.082054138183594],[7.3816375732421875,37.08372497558594],[7.899971008300781,36.842918395996094],[8.788276672363281,36.955360412597656],[9.219139099121094,37.23957824707031],[9.745002746582031,37.34955596923828],[9.867919921875,37.33247375488281],[9.764579772949219,37.22328186035156],[9.815834045410156,37.142913818359375],[9.936195373535156,37.192474365234375],[9.883308410644531,37.27122497558594],[10.281639099121094,37.18458557128906],[10.138725280761719,37.143280029296875],[10.431610107421875,36.712890625],[11.039138793945312,37.08958435058594],[11.118751525878906,36.83330535888672],[10.809112548828125,36.45703125],[10.543746948242188,36.37164306640625],[10.46783447265625,36.135772705078125],[10.651611328125,35.811195373535156],[11.050392150878906,35.625831604003906],[11.034530639648438,35.34503173828125],[11.162918090820312,35.21583557128906],[10.725807189941406,34.64875030517578],[10.017860412597656,34.187530517578125],[10.214141845703125,33.797088623046875],[10.485832214355469,33.631248474121094],[10.728302001953125,33.70538330078125],[10.754997253417969,33.472084045410156],[11.052391052246094,33.622833251953125],[11.099472045898438,33.35911560058594],[11.297775268554688,33.276580810546875],[11.089942932128906,33.29949951171875],[11.182388305664062,33.20366668701172],[11.439865112304688,33.179527282714844],[11.329086303710938,33.264495849609375],[12.299140930175781,32.837890625],[13.3883056640625,32.897857666015625],[15.205024719238281,32.382057189941406],[15.482025146484375,31.679969787597656],[15.741668701171875,31.39788818359375],[17.853302001953125,30.925384521484375],[18.989974975585938,30.274581909179688],[19.62493896484375,30.421218872070312],[20.057083129882812,30.850860595703125],[20.173751831054688,31.160804748535156],[19.921218872070312,31.759994506835938],[20.099998474121094,32.18205261230469],[20.650802612304688,32.58375549316406],[21.70830535888672,32.94122314453125],[22.146636962890625,32.93958282470703],[23.107467651367188,32.63539123535156],[23.09368896484375,32.30918884277344],[23.3199462890625,32.15289306640625],[24.979827880859375,31.971054077148438],[25.200836181640625,31.523635864257812],[25.88835906982422,31.630416870117188],[26.982467651367188,31.442054748535156],[27.3399658203125,31.373748779296875],[27.449996948242188,31.21539306640625],[27.860000610351562,31.24791717529297],[27.924972534179688,31.099578857421875],[28.434967041015625,31.088775634765625],[29.06494140625,30.822052001953125],[29.500831604003906,30.948745727539062],[30.069137573242188,31.33038330078125],[30.255828857421875,31.301254272460938],[30.357498168945312,31.510391235351562],[30.972503662109375,31.584556579589844],[30.54705810546875,31.392471313476562],[30.727500915527344,31.385360717773438],[31.116668701171875,31.48955535888672],[31.028305053710938,31.600387573242188],[31.5574951171875,31.442855834960938],[31.884193420410156,31.53705596923828],[31.77124786376953,31.273361206054688],[32.03077697753906,31.217086791992188],[32.09919738769531,31.047889709472656],[32.27833557128906,31.125389099121094]]]}},{"type":"Feature","properties":{},"geometry":{"type":"Polygon","coordinates":[[[-79.97677612304688,9.364891052246094],[-79.91724395751953,9.263824462890625],[-80.0862045288086,9.018943786621094],[-79.96101379394531,8.997940063476562],[-79.884765625,9.181869506835938],[-79.54216766357422,8.947525024414062],[-79.85869598388672,8.653388977050781],[-79.69349670410156,8.660026550292969],[-79.75194549560547,8.597694396972656],[-80.473388671875,8.23077392578125],[-80.46330261230469,8.043891906738281],[-79.99246978759766,7.516471862792969],[-80.36241912841797,7.3918609619140625],[-80.43963623046875,7.239830017089844],[-80.89002990722656,7.2056427001953125],[-81.05622100830078,7.914886474609375],[-81.22296905517578,7.88427734375],[-81.22905731201172,7.6090850830078125],[-81.51564025878906,7.709053039550781],[-81.7607192993164,8.213531494140625],[-82.14836120605469,8.161582946777344],[-82.22039031982422,8.3592529296875],[-82.8675308227539,8.257415771484375],[-82.89269256591797,8.033218383789062],[-83.14772033691406,8.364692687988281],[-83.12458038330078,8.599250793457031],[-83.38038635253906,8.744781494140625],[-83.48435974121094,8.695503234863281],[-83.2842788696289,8.542304992675781],[-83.27725219726562,8.38641357421875],[-83.5691909790039,8.4405517578125],[-83.73938751220703,8.610504150390625],[-83.57524871826172,8.804718017578125],[-83.62244415283203,9.041168212890625],[-84.2461929321289,9.494003295898438],[-84.61708068847656,9.580024719238281],[-84.74141693115234,9.968940734863281],[-85.28263854980469,10.267692565917969],[-85.18592071533203,10.024971008300781],[-84.86244201660156,9.829750061035156],[-85.110107421875,9.554946899414062],[-85.29497528076172,9.800697326660156],[-85.67255401611328,9.904891967773438],[-85.87674713134766,10.355918884277344],[-85.62911224365234,10.624969482421875],[-85.66105651855469,10.7760009765625],[-85.95258331298828,10.892608642578125],[-85.71419525146484,10.926780700683594],[-85.67066955566406,11.060333251953125],[-86.51730346679688,11.775390625],[-86.76508331298828,12.221664428710938],[-87.6923599243164,12.909469604492188],[-87.5804443359375,13.087364196777344],[-87.4737777709961,12.937530517578125],[-87.30347442626953,12.924972534179688],[-87.38677978515625,12.939224243164062],[-87.30789184570312,13.094779968261719],[-87.51736450195312,13.2611083984375],[-87.40408325195312,13.417724609375],[-87.58677673339844,13.3050537109375],[-87.60702514648438,13.460891723632812],[-87.74366760253906,13.352828979492188],[-87.83924865722656,13.444831848144531],[-87.7776107788086,13.293418884277344],[-87.8991928100586,13.154136657714844],[-88.64099884033203,13.30816650390625],[-88.71749877929688,13.26422119140625],[-88.46788787841797,13.157440185546875],[-89.30330657958984,13.484222412109375],[-89.8106918334961,13.522247314453125],[-90.53022003173828,13.904029846191406],[-91.30533599853516,13.948837280273438],[-92.19513702392578,14.505615234375],[-93.68807983398438,15.855751037597656],[-94.31913757324219,16.139968872070312],[-95.14494323730469,16.181610107421875],[-96.24541473388672,15.667388916015625],[-96.56341552734375,15.645004272460938],[-97.20310974121094,15.903167724609375],[-97.788330078125,15.95855712890625],[-98.5695571899414,16.326553344726562],[-98.78388977050781,16.559890747070312],[-99.69258117675781,16.703170776367188],[-101.07172393798828,17.26647186279297],[-101.95014190673828,17.9609375],[-102.27030944824219,17.947280883789062],[-103.50991821289062,18.312667846679688],[-103.8429183959961,18.777084350585938],[-105.03074645996094,19.385581970214844],[-105.51930236816406,20.032470703125],[-105.69527435302734,20.409889221191406],[-105.24678039550781,20.582359313964844],[-105.34105682373047,20.756057739257812],[-105.54033660888672,20.7701416015625],[-105.23938751220703,21.060195922851562],[-105.1903305053711,21.460914611816406],[-105.45105743408203,21.62413787841797],[-105.97344207763672,22.87994384765625],[-106.4288330078125,23.175994873046875],[-106.89749908447266,23.84522247314453],[-107.40010833740234,24.23474884033203],[-107.05613708496094,24.038558959960938],[-107.14602661132812,24.143280029296875],[-107.29119110107422,24.232696533203125],[-107.41664123535156,24.239028930664062],[-107.80780792236328,24.50902557373047],[-107.48747253417969,24.326553344726562],[-107.53986358642578,24.518890380859375],[-107.9955825805664,24.64672088623047],[-108.06961059570312,24.783309936523438],[-107.94100189208984,24.724693298339844],[-108.0179443359375,24.84166717529297],[-107.88539123535156,24.880996704101562],[-108.00711059570312,24.863327026367188],[-108.04419708251953,25.068748474121094],[-108.73921966552734,25.396224975585938],[-108.77749633789062,25.544586181640625],[-109.03922271728516,25.46125030517578],[-109.24663543701172,25.74791717529297],[-109.23672485351562,25.64288330078125],[-109.3366928100586,25.790420532226562],[-109.3996353149414,25.681640625],[-109.41497039794922,26.04986572265625],[-109.25102996826172,26.315780639648438],[-109.29105377197266,26.140167236328125],[-109.21336364746094,26.342529296875],[-109.12030792236328,26.175804138183594],[-109.09339141845703,26.286361694335938],[-109.25164031982422,26.474105834960938],[-109.26127624511719,26.318466186523438],[-109.43624877929688,26.713272094726562],[-109.83016967773438,26.757522583007812],[-109.97450256347656,27.108810424804688],[-110.52394104003906,27.291358947753906],[-110.4391098022461,27.304550170898438],[-110.6318359375,27.650726318359375],[-110.50150299072266,27.869171142578125],[-111.10641479492188,27.936050415039062],[-111.43533325195312,28.372329711914062],[-111.71280670166016,28.457244873046875],[-111.95153045654297,28.757667541503906],[-111.8502197265625,28.794944763183594],[-112.17488861083984,28.967803955078125],[-112.2344970703125,29.30535888671875],[-112.41239166259766,29.345611572265625],[-112.38500213623047,29.491668701171875],[-112.75005340576172,29.915664672851562],[-112.76127624511719,30.197921752929688],[-113.08841705322266,30.679443359375],[-113.10724639892578,31.20513916015625],[-113.63150024414062,31.331497192382812],[-113.6590805053711,31.500946044921875],[-113.97391510009766,31.660171508789062],[-114.02255249023438,31.493331909179688],[-114.15875244140625,31.493858337402344],[-114.85091400146484,31.852386474609375],[-114.7842788696289,31.664138793945312],[-114.91938781738281,31.26324462890625],[-114.71208190917969,30.912689208984375],[-114.5656967163086,30.011306762695312],[-113.63661193847656,29.284912109375],[-113.52549743652344,28.892417907714844],[-113.38414001464844,28.940994262695312],[-113.34896850585938,28.796615600585938],[-113.1973876953125,28.796722412109375],[-113.10247039794922,28.505081176757812],[-112.84574890136719,28.441162109375],[-112.70394134521484,27.753494262695312],[-112.35600280761719,27.551300048828125],[-112.21739196777344,27.20813751220703],[-111.96755981445312,27.097694396972656],[-112.00702667236328,26.95391845703125],[-111.76594543457031,26.551834106445312],[-111.67830657958984,26.5860595703125],[-111.81952667236328,26.898391723632812],[-111.4419174194336,26.519386291503906],[-111.30713653564453,25.774993896484375],[-111.0179443359375,25.51580810546875],[-110.65599822998047,24.807052612304688],[-110.68172454833984,24.35986328125],[-110.32569122314453,24.176834106445312],[-110.41191864013672,24.108139038085938],[-110.30500030517578,24.178970336914062],[-110.28514099121094,24.3564453125],[-109.93000030517578,24.00921630859375],[-109.82683563232422,24.06116485595703],[-109.6976089477539,23.662307739257812],[-109.4683609008789,23.55561065673828],[-109.45905303955078,23.198333740234375],[-110.00875091552734,22.89238739013672],[-110.3283920288086,23.560272216796875],[-111.58563995361328,24.415191650390625],[-111.63927459716797,24.558807373046875],[-111.8134994506836,24.507553100585938],[-111.99205780029297,24.86994171142578],[-111.9566421508789,24.751693725585938],[-112.03685760498047,24.844139099121094],[-112.08008575439453,24.72486114501953],[-112.15174865722656,25.138809204101562],[-112.0048599243164,25.498077392578125],[-112.09016418457031,25.474197387695312],[-112.2389144897461,26.083969116210938],[-113.05858612060547,26.594329833984375],[-113.12958526611328,26.7982177734375],[-113.24555969238281,26.786056518554688],[-113.1671371459961,26.992828369140625],[-113.26819610595703,26.748550415039062],[-113.44000244140625,26.831832885742188],[-113.62647247314453,26.719223022460938],[-113.85375213623047,26.971389770507812],[-114.43572235107422,27.176223754882812],[-114.51994323730469,27.423828125],[-115.02680969238281,27.74041748046875],[-115.05860900878906,27.861328125],[-114.49966430664062,27.772445678710938],[-114.31925201416016,27.873382568359375],[-114.10774993896484,27.601722717285156],[-113.95777893066406,27.656051635742188],[-114.06913757324219,27.80596923828125],[-114.14749908447266,27.72833251953125],[-114.16166687011719,27.952560424804688],[-114.27755737304688,27.903167724609375],[-114.13941955566406,28.088363647460938],[-114.1399154663086,27.945114135742188],[-114.04088592529297,28.027610778808594],[-114.127197265625,28.2576904296875],[-114.04750061035156,28.465133666992188],[-114.96546936035156,29.37322235107422],[-115.6999740600586,29.754837036132812],[-115.81083679199219,30.299415588378906],[-115.99322509765625,30.506134033203125],[-116.00627899169922,30.364974975585938],[-116.06041717529297,30.80249786376953],[-116.33544158935547,30.96416473388672],[-116.36111450195312,31.240493774414062],[-116.69364166259766,31.552749633789062],[-116.7490005493164,31.742279052734375],[-116.61477661132812,31.842941284179688],[-117.03844451904297,32.28338623046875],[-117.43502807617188,33.254249572753906],[-118.08924865722656,33.73622131347656],[-118.413330078125,33.74205780029297],[-118.53455352783203,34.03382873535156],[-119.13311004638672,34.09916687011719],[-119.56586456298828,34.414222717285156],[-120.45516967773438,34.44172668457031],[-120.6386947631836,34.55938720703125],[-120.64144134521484,35.13513946533203],[-120.88735961914062,35.23442077636719],[-120.88580322265625,35.431251525878906],[-121.28519439697266,35.664337158203125],[-121.9030532836914,36.30427551269531],[-121.98036193847656,36.580474853515625],[-121.8161392211914,36.680755615234375],[-121.86355590820312,36.931556701660156],[-122.13600158691406,36.96649932861328],[-122.40711212158203,37.19664001464844],[-122.47838592529297,37.80955505371094],[-122.3625259399414,37.59288787841797],[-122.10880279541016,37.49913787841797],[-122.4229736328125,37.94667053222656],[-122.25697326660156,38.06083679199219],[-122.5157470703125,38.12913513183594],[-122.43878173828125,37.88166809082031],[-122.52838897705078,37.81544494628906],[-123.02302551269531,37.994415283203125],[-122.97988891601562,38.26905822753906],[-123.7316665649414,38.92155456542969],[-123.85247039794922,39.83013916015625],[-124.36491394042969,40.26036071777344],[-124.4124984741211,40.44166564941406],[-124.13816833496094,40.92686462402344],[-124.06402587890625,41.44469451904297],[-124.25577545166016,41.77061462402344],[-124.20991516113281,41.99791717529297],[-124.41400146484375,42.25227355957031],[-124.40274810791016,42.625389099121094],[-124.56844329833984,42.83917236328125],[-124.38688659667969,43.330780029296875],[-124.17533111572266,43.383445739746094],[-124.197998046875,43.4681396484375],[-124.3337173461914,43.374298095703125],[-124.02627563476562,44.4375],[-123.97591400146484,45.489166259765625],[-123.86516571044922,45.49861145019531],[-124.02336120605469,46.22991943359375],[-123.81664276123047,46.150390625],[-123.43130493164062,46.244171142578125],[-124.08830261230469,46.27063751220703],[-124.06683349609375,46.63630676269531],[-123.95255279541016,46.36961364746094],[-123.96125030517578,46.63749694824219],[-123.8187484741211,46.690834045410156],[-124.09197235107422,46.72766876220703],[-124.13835906982422,46.90553283691406],[-123.8062515258789,46.97166442871094],[-124.1207504272461,47.04119873046875],[-124.17385864257812,46.927337646484375],[-124.42533111572266,47.736167907714844],[-124.67900085449219,47.96549987792969],[-124.73127746582031,48.38166809082031],[-123.98180389404297,48.16532897949219],[-122.91761016845703,48.09619140625],[-122.88671875,47.99127960205078],[-122.75680541992188,48.14530944824219],[-122.6104736328125,47.88749694824219],[-122.81255340576172,47.68122100830078],[-122.85919189453125,47.827056884765625],[-123.15855407714844,47.35350036621094],[-122.84229278564453,47.433807373046875],[-123.12188720703125,47.39064025878906],[-122.56719207763672,47.823272705078125],[-122.61335754394531,47.942054748535156],[-122.47044372558594,47.75666809082031],[-122.6546401977539,47.744171142578125],[-122.59297180175781,47.59330749511719],[-122.69249725341797,47.64875030517578],[-122.69377899169922,47.52916717529297],[-122.49458312988281,47.51166534423828],[-122.59200286865234,47.256744384765625],[-122.6955795288086,47.286033630371094],[-122.62671661376953,47.40940856933594],[-122.76892852783203,47.168357849121094],[-122.82671356201172,47.405372619628906],[-122.9333267211914,47.20616149902344],[-123.09435272216797,47.2125244140625],[-122.93806457519531,47.19989013671875],[-123.08492279052734,47.097320556640625],[-122.93746185302734,47.18890380859375],[-123.01468658447266,47.06730651855469],[-122.92515563964844,47.1492919921875],[-122.90779876708984,47.0465087890625],[-122.89830780029297,47.14668273925781],[-122.69098663330078,47.08753967285156],[-122.54755401611328,47.319557189941406],[-122.32624816894531,47.348304748535156],[-122.43755340576172,47.66291809082031],[-122.20097351074219,47.50666809082031],[-122.24918365478516,47.75498962402344],[-122.27302551269531,47.64837646484375],[-122.41041564941406,47.677528381347656],[-122.1796646118164,48.01411437988281],[-122.38177490234375,48.23199462890625],[-122.4788589477539,48.17741394042969],[-122.3584976196289,48.05699920654297],[-122.51141357421875,48.132415771484375],[-122.5346908569336,48.24742126464844],[-122.38224792480469,48.314918518066406],[-122.70471954345703,48.49241638183594],[-122.47383117675781,48.45988464355469],[-122.56219482421875,48.58238983154297],[-122.4280014038086,48.59489440917969],[-122.49141693115234,48.752418518066406],[-122.67427825927734,48.73119354248047],[-122.86335754394531,49.087890625],[-123.16133117675781,49.01747131347656],[-123.07538604736328,49.11494445800781],[-123.26547241210938,49.269195556640625],[-123.03121948242188,49.30083465576172],[-123.29630279541016,49.369972229003906],[-123.17082977294922,49.69288635253906],[-123.49169158935547,49.51875305175781],[-123.52002716064453,49.38542175292969],[-123.96961212158203,49.51246643066406],[-124.01335906982422,49.75538635253906],[-123.75588989257812,49.48121643066406],[-123.79047393798828,49.60333251953125],[-123.52630615234375,49.70416259765625],[-123.80583190917969,49.62452697753906],[-123.7179183959961,49.78582763671875],[-123.83583068847656,49.68621826171875],[-123.94713592529297,49.774139404296875],[-123.86711120605469,49.91999816894531],[-123.97205352783203,49.98833465576172],[-123.74571990966797,50.087860107421875],[-123.851806640625,50.162689208984375],[-123.9917221069336,50.20906066894531],[-123.80194091796875,50.09491729736328],[-124.00880432128906,49.991668701171875],[-123.91963958740234,49.82666778564453],[-124.03594207763672,49.93372344970703],[-124.26583099365234,49.74205780029297],[-124.80830383300781,50.01074981689453],[-124.67121887207031,49.966644287109375],[-124.80863952636719,50.07672119140625],[-124.59341430664062,50.24247741699219],[-124.73674774169922,50.326446533203125],[-124.33980560302734,50.50677490234375],[-124.8280258178711,50.30755615234375],[-125.0066909790039,50.44627380371094],[-125.08088684082031,50.32416534423828],[-125.05095672607422,50.48130798339844],[-124.8633041381836,50.593414306640625],[-124.920166015625,50.80244445800781],[-124.82152557373047,50.92919921875],[-124.98163604736328,50.81138610839844],[-124.90491485595703,50.613250732421875],[-125.1175537109375,50.428306579589844],[-125.36669158935547,50.55792236328125],[-125.59588623046875,50.449195861816406],[-125.47169494628906,50.72125244140625],[-125.70674896240234,50.42124938964844],[-125.8191909790039,50.48997497558594],[-125.72502899169922,50.527915954589844],[-126.28416442871094,50.51660919189453],[-125.94002532958984,50.63789367675781],[-126.29916381835938,50.63166809082031],[-125.73002624511719,50.65956115722656],[-125.5367202758789,50.99622344970703],[-125.70913696289062,50.71666717529297],[-126.18330383300781,50.66786193847656],[-126.0199966430664,50.80705261230469],[-126.5859146118164,50.84916687011719],[-126.193359375,50.94794464111328],[-127.19088745117188,50.92913818359375],[-126.89580535888672,50.88664245605469],[-127.02835845947266,50.81788635253906],[-127.5308609008789,51.01416778564453],[-127.50338745117188,51.099609375],[-127.318359375,51.03289031982422],[-126.78191375732422,51.0675048828125],[-126.65660858154297,51.19591522216797],[-126.79374694824219,51.08149719238281],[-127.33995819091797,51.04735565185547],[-127.4691390991211,51.09080505371094],[-127.19752502441406,51.094139099121094],[-127.55752563476562,51.12666320800781],[-126.91002655029297,51.102996826171875],[-127.41255950927734,51.13580322265625],[-127.25005340576172,51.21122741699219],[-127.61585998535156,51.14500427246094],[-127.50833129882812,51.09539031982422],[-127.785888671875,51.162498474121094],[-127.60005950927734,51.30455780029297],[-127.06092071533203,51.35166931152344],[-127.78253173828125,51.32167053222656],[-127.57341766357422,51.47291564941406],[-127.24580383300781,51.40580749511719],[-127.56758117675781,51.48161315917969],[-127.50922393798828,51.624168395996094],[-127.24580383300781,51.681640625],[-127.45419311523438,51.66497039794922],[-127.36338806152344,51.870391845703125],[-127.45752716064453,51.695831298828125],[-127.660888671875,51.70747375488281],[-127.45913696289062,51.68336486816406],[-127.67835998535156,51.46208190917969],[-127.89913940429688,51.81916809082031],[-127.60800170898438,52.12181091308594],[-127.46138763427734,52.13197326660156],[-127.61274719238281,52.02874755859375],[-127.37486267089844,52.107421875],[-127.47205352783203,52.18897247314453],[-127.00894165039062,52.3050537109375],[-127.24494171142578,52.51313781738281],[-127.00411224365234,52.666221618652344],[-127.23835754394531,52.578643798828125],[-127.3431396484375,52.417327880859375],[-127.62774658203125,52.606475830078125],[-127.4151382446289,52.40644836425781],[-127.75702667236328,52.26911163330078],[-127.72330474853516,52.358055114746094],[-127.8764419555664,52.196250915527344],[-127.87010955810547,52.49583435058594],[-128.0292205810547,52.31999969482422],[-128.050048828125,52.65208435058594],[-128.28256225585938,52.264137268066406],[-128.41085815429688,52.29083251953125],[-128.1175537109375,52.75914001464844],[-127.83180236816406,52.73619079589844],[-128.1325225830078,52.768333435058594],[-128.0350799560547,52.91789245605469],[-128.43756103515625,52.814971923828125],[-128.55352783203125,53.070281982421875],[-128.4304656982422,53.09510803222656],[-128.85316467285156,53.26899719238281],[-128.841552734375,53.474693298339844],[-128.98863220214844,53.54499816894531],[-128.81642150878906,53.56828308105469],[-128.47500610351562,53.32569885253906],[-128.52638244628906,53.40753173828125],[-128.363525390625,53.478416442871094],[-128.00100708007812,53.33985900878906],[-128.12127685546875,53.491363525390625],[-128.37246704101562,53.5074462890625],[-128.5446319580078,53.42736053466797],[-128.76988220214844,53.54736328125],[-128.79666137695312,53.78483581542969],[-128.47988891601562,53.81317138671875],[-128.713134765625,53.87574768066406],[-128.68600463867188,53.99761199951172],[-129.30763244628906,53.64744567871094],[-129.31521606445312,53.37122344970703],[-130.1108856201172,53.94999694824219],[-130.05593872070312,54.14825439453125],[-129.8166961669922,54.02375030517578],[-129.9425506591797,54.18333435058594],[-129.55752563476562,54.22083282470703],[-129.86502075195312,54.235389709472656],[-130.13011169433594,54.147857666015625],[-130.3009796142578,54.20074462890625],[-130.15097045898438,54.28327941894531],[-130.2443389892578,54.39910888671875],[-130.48924255371094,54.3641357421875],[-130.38427734375,54.462501525878906],[-130.44847106933594,54.64872741699219],[-129.987548828125,54.30413818359375],[-130.1060333251953,54.40655517578125],[-129.987548828125,54.51080322265625],[-130.1167755126953,54.41783142089844],[-130.4425506591797,54.654144287109375],[-130.19180297851562,54.712921142578125],[-130.01864624023438,54.97547149658203],[-129.66082763671875,54.978302001953125],[-130.012939453125,55.009307861328125],[-129.92161560058594,55.12080383300781],[-130.09861755371094,54.98291778564453],[-130.1717987060547,55.07374572753906],[-129.90682983398438,55.28839111328125],[-130.14720153808594,55.74419403076172],[-129.93310546875,55.94877624511719],[-130.17738342285156,55.759246826171875],[-130.0020294189453,55.27738952636719],[-130.47927856445312,54.83839416503906],[-130.4734649658203,54.94963836669922],[-130.63096618652344,54.815834045410156],[-130.64341735839844,54.964691162109375],[-130.72019958496094,54.76374816894531],[-130.7484130859375,54.961334228515625],[-130.737548828125,54.81999969482422],[-130.8667449951172,54.77044677734375],[-130.98971557617188,55.068389892578125],[-130.6900634765625,55.01960754394531],[-130.47752380371094,55.335723876953125],[-130.7671661376953,55.09230041503906],[-130.822021484375,55.194976806640625],[-130.99607849121094,55.08477783203125],[-131.09588623046875,55.1925048828125],[-130.6266326904297,55.30005645751953],[-130.61778259277344,55.39594268798828],[-130.8865203857422,55.35497283935547],[-130.87477111816406,55.54600524902344],[-130.67703247070312,55.55908203125],[-130.69488525390625,55.63983154296875],[-130.87818908691406,55.55963897705078],[-130.90509033203125,55.69819641113281],[-130.705078125,55.75580596923828],[-130.9080352783203,55.712890625],[-131.22088623046875,55.98246765136719],[-131.03086853027344,56.10200500488281],[-131.8433837890625,55.93035888671875],[-131.74758911132812,55.88664245605469],[-131.92088317871094,55.864166259765625],[-131.76588439941406,55.8175048828125],[-131.8874969482422,55.74580383300781],[-131.81922912597656,55.66999816894531],[-132.04249572753906,55.68169403076172],[-131.97097778320312,55.49830627441406],[-132.18588256835938,55.58917236328125],[-132.2875213623047,55.763336181640625],[-132.0058135986328,55.77830505371094],[-132.0992431640625,55.849998474121094],[-131.9359130859375,55.977500915527344],[-131.9732208251953,56.17486572265625],[-131.49110412597656,56.23655700683594],[-131.89967346191406,56.2249755859375],[-131.96713256835938,56.38633728027344],[-132.1826629638672,56.380889892578125],[-132.3709716796875,56.595001220703125],[-132.06260681152344,56.720855712890625],[-132.5425262451172,56.700889587402344],[-132.37249755859375,56.82002258300781],[-132.78585815429688,56.83921813964844],[-132.9524383544922,56.990028381347656],[-132.7940216064453,56.967529296875],[-132.82025146484375,57.09669494628906],[-133.0,57.01769256591797],[-133.18902587890625,57.09086608886719],[-133.12991333007812,57.173805236816406],[-133.57249450683594,57.18333435058594],[-133.50332641601562,57.29124450683594],[-133.20166015625,57.23960876464844],[-133.05746459960938,57.35755920410156],[-133.4658966064453,57.358306884765625],[-133.34913635253906,57.442527770996094],[-133.51927185058594,57.54502868652344],[-133.3408660888672,57.593360900878906],[-133.6183319091797,57.57621765136719],[-133.6625213623047,57.71417236328125],[-132.89369201660156,57.49591827392578],[-133.1824493408203,57.605918884277344],[-133.10488891601562,57.700439453125],[-133.19497680664062,57.61463928222656],[-133.5891876220703,57.77008056640625],[-133.5734100341797,57.917945861816406],[-133.13577270507812,57.864227294921875],[-133.57666015625,57.92797088623047],[-133.6783905029297,57.78541564941406],[-133.85594177246094,57.95166778564453],[-133.6859130859375,57.93086242675781],[-133.75828552246094,58.05889129638672],[-133.64474487304688,58.15580749511719],[-133.8885498046875,57.9737548828125],[-134.05596923828125,58.06239318847656],[-134.0193328857422,58.401527404785156],[-133.7133331298828,58.53816223144531],[-134.09432983398438,58.4173583984375],[-134.14686584472656,58.20197296142578],[-134.78269958496094,58.393310546875],[-134.99266052246094,58.67835998535156],[-134.90927124023438,58.660804748535156],[-134.926025390625,58.95503234863281],[-135.0250244140625,58.73291778564453],[-135.284423828125,59.19480895996094],[-135.09104919433594,59.26039123535156],[-135.3429412841797,59.236473083496094],[-135.3495635986328,59.480751037597656],[-135.4001922607422,59.28797149658203],[-135.6343536376953,59.37225341796875],[-135.30311584472656,59.084136962890625],[-135.6352996826172,59.26530456542969],[-135.3814239501953,59.102027893066406],[-135.0908966064453,58.24082946777344],[-135.31588745117188,58.24583435058594],[-135.5133819580078,58.51374816894531],[-135.478271484375,58.37628173828125],[-135.92088317871094,58.38080596923828],[-135.83253479003906,58.60327911376953],[-136.0891876220703,58.823333740234375],[-135.76425170898438,58.885833740234375],[-136.05841064453125,58.85289001464844],[-136.1857147216797,59.068138122558594],[-136.2458953857422,58.924163818359375],[-136.10760498046875,58.863304138183594],[-136.23675537109375,58.751220703125],[-136.49085998535156,58.837501525878906],[-136.49681091308594,58.979583740234375],[-136.5917205810547,58.90875244140625],[-136.7089385986328,59.01397705078125],[-136.66839599609375,58.89288330078125],[-137.04808044433594,59.0675048828125],[-136.919189453125,58.932472229003906],[-137.1464385986328,58.831329345703125],[-136.6684112548828,58.85541534423828],[-136.35079956054688,58.68830871582031],[-136.55255126953125,58.60833740234375],[-136.300048828125,58.66539001464844],[-136.03921508789062,58.384971618652344],[-136.28497314453125,58.31541442871094],[-136.53009033203125,58.45288848876953],[-136.5926055908203,58.39166259765625],[-136.36924743652344,58.30247497558594],[-136.60838317871094,58.368751525878906],[-136.5675506591797,58.24583435058594],[-136.6866912841797,58.210357666015625],[-136.8575897216797,58.317474365234375],[-136.8101043701172,58.41791534423828],[-137.11224365234375,58.38177490234375],[-137.65835571289062,58.60902404785156],[-137.50564575195312,58.680389404296875],[-137.6752166748047,58.617523193359375],[-138.12661743164062,59.014495849609375],[-138.6192169189453,59.12489318847656],[-138.4199676513672,59.188690185546875],[-138.63668823242188,59.128692626953125],[-139.8627166748047,59.53575134277344],[-139.47267150878906,59.703277587890625],[-139.64100646972656,59.874114990234375],[-139.5051727294922,59.99119567871094],[-139.31272888183594,59.85411071777344],[-139.30020141601562,59.561195373535156],[-139.3026885986328,59.820777893066406],[-138.88577270507812,59.806640625],[-139.25518798828125,59.861167907714844],[-139.5149383544922,60.056640625],[-139.8151397705078,59.821197509765625],[-140.31497192382812,59.69203186035156],[-141.45338439941406,59.87541198730469],[-141.25999450683594,59.9637451171875],[-141.4112548828125,60.13983154296875],[-141.36907958984375,60.02278137207031],[-141.69332885742188,59.94952392578125],[-142.800048828125,60.100807189941406],[-144.2517547607422,60.02458190917969],[-143.97085571289062,60.045806884765625],[-144.19847106933594,60.191612243652344],[-144.9383544921875,60.286224365234375],[-144.87831115722656,60.457305908203125],[-145.3117218017578,60.334556579589844],[-145.5058135986328,60.396636962890625],[-145.42913818359375,60.46669006347656],[-145.9484405517578,60.45372009277344],[-145.60922241210938,60.660003662109375],[-146.25830078125,60.62239074707031],[-146.04513549804688,60.7957763671875],[-146.6566162109375,60.68489074707031],[-146.0530242919922,60.824806213378906],[-146.73849487304688,60.90821838378906],[-146.5567169189453,60.93658447265625],[-146.72007751464844,60.96586608886719],[-146.6710205078125,61.03466796875],[-146.47975158691406,61.00138854980469],[-146.659423828125,61.0677490234375],[-146.2308349609375,61.08935546875],[-146.3155517578125,61.133941650390625],[-146.60203552246094,61.14064025878906],[-146.97344970703125,60.930023193359375],[-146.95660400390625,61.05397033691406],[-147.16993713378906,60.931251525878906],[-147.2352294921875,61.013999938964844],[-147.38502502441406,60.87122344970703],[-147.41697692871094,61.016639709472656],[-147.54925537109375,60.90669250488281],[-147.5199737548828,61.154640197753906],[-147.7025604248047,60.95752716064453],[-147.60093688964844,60.84916687011719],[-148.06753540039062,60.93330383300781],[-147.72108459472656,61.276641845703125],[-148.0694122314453,61.00077819824219],[-148.1461639404297,61.12666320800781],[-148.41644287109375,61.05250549316406],[-148.16497802734375,61.06988525390625],[-148.3026123046875,60.83747100830078],[-148.41421508789062,60.84832763671875],[-148.3383331298828,60.80622100830078],[-148.7141876220703,60.78666687011719],[-148.44918823242188,60.79499816894531],[-148.6817169189453,60.652915954589844],[-148.36085510253906,60.76744079589844],[-148.43002319335938,60.61705780029297],[-148.22671508789062,60.76544189453125],[-148.18919372558594,60.608306884765625],[-148.4824676513672,60.54583740234375],[-148.28009033203125,60.43292236328125],[-148.08335876464844,60.59619140625],[-147.96083068847656,60.50080871582031],[-148.09754943847656,60.45330810546875],[-147.93588256835938,60.438331604003906],[-148.39085388183594,60.279945373535156],[-148.4451446533203,60.17958068847656],[-148.08761596679688,60.21417236328125],[-148.24002075195312,60.115386962890625],[-148.34591674804688,60.184165954589844],[-148.42633056640625,59.948890686035156],[-148.54669189453125,60.03202819824219],[-148.6346893310547,59.915802001953125],[-149.09849548339844,59.955055236816406],[-149.02505493164062,60.093719482421875],[-149.29141235351562,59.86643981933594],[-149.42674255371094,60.12291717529297],[-149.38714599609375,59.98277282714844],[-149.60382080078125,59.82633972167969],[-149.52590942382812,59.70500183105469],[-149.72332763671875,59.954193115234375],[-149.74729919433594,59.82280731201172],[-149.86825561523438,59.850860595703125],[-149.74061584472656,59.63655090332031],[-150.03341674804688,59.80250549316406],[-149.9422149658203,59.656280517578125],[-150.13482666015625,59.694000244140625],[-150.08314514160156,59.57836151123047],[-150.3607177734375,59.45893859863281],[-150.2257843017578,59.7296142578125],[-150.49855041503906,59.45477294921875],[-150.55992126464844,59.59564208984375],[-150.6631317138672,59.54133605957031],[-150.5995635986328,59.426025390625],[-150.9519500732422,59.308197021484375],[-150.96066284179688,59.19538879394531],[-151.02536010742188,59.32324981689453],[-151.3226318359375,59.310028076171875],[-151.1149444580078,59.208892822265625],[-151.4068603515625,59.27919006347656],[-151.74264526367188,59.156585693359375],[-151.9830780029297,59.254913330078125],[-151.7089385986328,59.471473693847656],[-151.29244995117188,59.409942626953125],[-151.4530792236328,59.53514099121094],[-151.19436645507812,59.56275177001953],[-150.9299774169922,59.79150390625],[-151.41058349609375,59.598167419433594],[-151.86671447753906,59.76069641113281],[-151.29757690429688,60.38499450683594],[-151.22918701171875,60.54750061035156],[-151.41421508789062,60.719970703125],[-150.39041137695312,61.040000915527344],[-150.19505310058594,60.9254150390625],[-149.7667236328125,60.96875],[-148.9691619873047,60.807472229003906],[-150.0789794921875,61.15730285644531],[-149.70924377441406,61.382362365722656],[-149.1533966064453,61.50297546386719],[-149.67672729492188,61.477500915527344],[-149.98692321777344,61.23652648925781],[-150.49000549316406,61.247222900390625],[-150.58132934570312,61.35993957519531],[-151.16824340820312,61.04583740234375],[-151.7442169189453,60.92333221435547],[-151.71083068847656,60.71080780029297],[-152.04991149902344,60.68122100830078],[-152.4156036376953,60.28705596923828],[-152.9951629638672,60.29991149902344],[-152.5715789794922,60.071441650390625],[-152.80999755859375,59.87705993652344],[-153.28024291992188,59.82836151123047],[-153.0032196044922,59.83003234863281],[-153.0482177734375,59.692138671875],[-153.41871643066406,59.635887145996094],[-153.3380889892578,59.72113800048828],[-153.4665069580078,59.7982177734375],[-153.4750213623047,59.64311218261719],[-153.7078857421875,59.634193420410156],[-153.5820770263672,59.55291748046875],[-154.1413116455078,59.37352752685547],[-153.9429931640625,59.36016845703125],[-154.2649383544922,59.140106201171875],[-154.16549682617188,59.01030731201172],[-153.70103454589844,59.07563781738281],[-153.24996948242188,58.852500915527344],[-153.5911865234375,58.63261413574219],[-153.9055633544922,58.60991668701172],[-154.09344482421875,58.48005676269531],[-154.00314331054688,58.375],[-154.35360717773438,58.28477478027344],[-154.1053009033203,58.282135009765625],[-154.30189514160156,58.19330596923828],[-154.2124786376953,58.13441467285156],[-154.34364318847656,58.080780029296875],[-154.48863220214844,58.20391845703125],[-154.44869995117188,58.092864990234375],[-154.60919189453125,58.124473571777344],[-154.5681915283203,58.023277282714844],[-155.03005981445312,58.02403259277344],[-155.08116149902344,57.87567138671875],[-155.3401336669922,57.8255615234375],[-155.30796813964844,57.72406005859375],[-155.61488342285156,57.792442321777344],[-155.5913543701172,57.65838623046875],[-155.77542114257812,57.640838623046875],[-155.73016357421875,57.54469299316406],[-156.037109375,57.56744384765625],[-156.02157592773438,57.43553161621094],[-156.18185424804688,57.48408508300781],[-156.5399932861328,57.32524871826172],[-156.3176727294922,57.2908935546875],[-156.36474609375,57.144775390625],[-156.6217498779297,57.05986022949219],[-156.55316162109375,56.97919464111328],[-156.7716064453125,57.0408935546875],[-156.82838439941406,56.897552490234375],[-156.95335388183594,56.98249816894531],[-157.201416015625,56.76496887207031],[-157.44224548339844,56.857330322265625],[-157.40296936035156,56.76258850097656],[-157.59893798828125,56.72022247314453],[-157.465576171875,56.623809814453125],[-157.76107788085938,56.67919921875],[-158.12635803222656,56.55072021484375],[-157.84091186523438,56.56727600097656],[-157.8649444580078,56.472694396972656],[-158.4079132080078,56.452720642089844],[-158.6766357421875,56.2681884765625],[-158.43649291992188,56.34519958496094],[-158.19796752929688,56.29077911376953],[-158.40817260742188,56.240997314453125],[-158.3379669189453,56.17930603027344],[-158.11331176757812,56.24066162109375],[-158.48971557617188,56.11369323730469],[-158.41485595703125,56.002838134765625],[-158.60171508789062,56.047393798828125],[-158.4564208984375,56.18952941894531],[-158.62091064453125,56.20111083984375],[-158.7204132080078,56.154144287109375],[-158.66769409179688,55.951080322265625],[-158.84828186035156,56.01405334472656],[-159.41685485839844,55.7864990234375],[-159.52516174316406,55.888946533203125],[-159.6000213623047,55.56317138671875],[-159.75186157226562,55.59947204589844],[-159.6348876953125,55.60816955566406],[-159.7118682861328,55.65966796875],[-159.61000061035156,55.80908203125],[-159.81689453125,55.855865478515625],[-160.1300811767578,55.663726806640625],[-160.42416381835938,55.66163635253906],[-160.3559112548828,55.608306884765625],[-160.50344848632812,55.47705078125],[-160.60174560546875,55.60791778564453],[-160.78758239746094,55.53080749511719],[-160.67169189453125,55.46044921875],[-160.9282989501953,55.523773193359375],[-161.2366943359375,55.35491943359375],[-161.50416564941406,55.35930633544922],[-161.4948272705078,55.487640380859375],[-161.1430206298828,55.539390563964844],[-161.57960510253906,55.62080383300781],[-161.885498046875,55.21708679199219],[-162.0540771484375,55.236915588378906],[-161.96205139160156,55.10624694824219],[-162.13499450683594,55.106361389160156],[-162.08316040039062,55.17521667480469],[-162.41529846191406,55.03333282470703],[-162.52516174316406,55.11775207519531],[-162.3518829345703,55.10841369628906],[-162.6451873779297,55.30335998535156],[-162.71705627441406,55.215972900390625],[-162.55258178710938,54.95750427246094],[-162.88174438476562,54.93372344970703],[-163.1833038330078,55.13911437988281],[-163.2217559814453,55.03466796875],[-163.02749633789062,54.948333740234375],[-163.356689453125,54.811248779296875],[-163.34255981445312,54.955833435058594],[-163.22085571289062,54.93580627441406],[-163.35308837890625,55.11024475097656],[-162.99993896484375,55.24993896484375],[-163.08119201660156,55.178466796875],[-162.86239624023438,55.18492126464844],[-162.9032440185547,55.271087646484375],[-162.63485717773438,55.392608642578125],[-162.43824768066406,55.30369567871094],[-162.5879364013672,55.45086669921875],[-161.80392456054688,55.89649963378906],[-160.878662109375,56.000946044921875],[-161.025146484375,55.8963623046875],[-160.79330444335938,55.71369934082031],[-160.65415954589844,55.73577880859375],[-160.7899932861328,55.88624572753906],[-160.25672912597656,55.76788330078125],[-160.24342346191406,55.852943420410156],[-160.58255004882812,55.91413879394531],[-160.33485412597656,56.2943115234375],[-158.95449829101562,56.84349822998047],[-158.61166381835938,56.7598876953125],[-158.69342041015625,56.97716522216797],[-158.34649658203125,57.2725830078125],[-157.73171997070312,57.56121826171875],[-157.6616668701172,57.44872283935547],[-157.40089416503906,57.486663818359375],[-157.70924377441406,57.636695861816406],[-157.61146545410156,58.05116271972656],[-157.5269775390625,58.204139709472656],[-157.18310546875,58.203643798828125],[-157.45411682128906,58.21216583251953],[-157.5355224609375,58.399139404296875],[-156.9051055908203,58.73493957519531],[-157.06797790527344,58.770057678222656],[-156.84165954589844,59.03569030761719],[-158.18881225585938,58.6116943359375],[-158.5621337890625,58.84117126464844],[-158.37808227539062,59.03575134277344],[-158.04168701171875,58.94916534423828],[-158.53941345214844,59.14158630371094],[-158.42835998535156,59.05302429199219],[-158.89500427246094,58.76164245605469],[-158.69708251953125,58.49219512939453],[-158.88511657714844,58.3917236328125],[-159.6526641845703,58.84019470214844],[-159.61627197265625,58.94561004638672],[-159.91888427734375,58.76850128173828],[-160.32827758789062,58.94480895996094],[-160.33924865722656,59.07725524902344],[-161.68280029296875,58.56085968017578],[-162.13619995117188,58.63391876220703],[-161.67892456054688,58.773834228515625],[-161.77325439453125,58.77052307128906],[-161.84344482421875,59.03669738769531],[-161.52096557617188,59.104583740234375],[-161.85450744628906,59.06019592285156],[-162.00811767578125,59.17747497558594],[-162.05938720703125,59.27105712890625],[-161.7076873779297,59.496612548828125],[-162.21141052246094,60.02153015136719],[-162.19544982910156,60.15760803222656],[-162.32371520996094,60.10839080810547],[-162.52064514160156,60.28302764892578],[-162.66702270507812,60.25457763671875],[-162.44810485839844,60.18775177001953],[-162.54144287109375,59.979888916015625],[-163.4333038330078,59.808441162109375],[-164.12802124023438,59.83655548095703],[-164.2182159423828,59.948081970214844],[-164.08177185058594,59.97332763671875],[-164.6566162109375,60.258636474609375],[-164.42835998535156,60.481689453125],[-164.4923095703125,60.554359436035156],[-163.9193115234375,60.78916931152344],[-163.77992248535156,60.75580596923828],[-163.78125,60.57819366455078],[-163.41824340820312,60.726470947265625],[-163.76185607910156,60.85096740722656],[-165.12892150878906,60.91658020019531],[-165.19488525390625,60.98497009277344],[-164.78338623046875,61.13932800292969],[-165.06521606445312,61.05841827392578],[-165.01547241210938,61.13055419921875],[-165.1903839111328,61.121856689453125],[-165.13360595703125,61.24833679199219],[-165.3721466064453,61.194366455078125],[-165.3433380126953,61.074249267578125],[-165.56211853027344,61.08758544921875],[-165.6149444580078,61.294189453125],[-165.90541076660156,61.359222412109375],[-165.7167205810547,61.43925476074219],[-165.78009033203125,61.51477813720703],[-166.12513732910156,61.493499755859375],[-166.15121459960938,61.721168518066406],[-166.13226318359375,61.63581848144531],[-165.73338317871094,61.66119384765625],[-166.1047821044922,61.812530517578125],[-165.54258728027344,61.86274719238281],[-165.7417449951172,61.95399475097656],[-165.7120819091797,62.11061096191406],[-165.10218811035156,62.52330780029297],[-164.70802307128906,62.60942077636719],[-164.85989379882812,62.838417053222656],[-164.70372009277344,63.01496887207031],[-164.47006225585938,63.01666259765625],[-164.5921173095703,63.12444305419922],[-164.42672729492188,63.21160888671875],[-163.77330017089844,63.21788787841797],[-163.3082733154297,63.003753662109375],[-162.56666564941406,63.26788330078125],[-162.3133544921875,63.54371643066406],[-162.00425720214844,63.486610412597656],[-162.16342163085938,63.411277770996094],[-161.1430206298828,63.50347137451172],[-160.72869873046875,63.870750427246094],[-161.20008850097656,64.41555786132812],[-161.5360870361328,64.41744232177734],[-161.38650512695312,64.5350570678711],[-161.01699829101562,64.50297546386719],[-160.78628540039062,64.71785736083984],[-161.0953826904297,64.90171813964844],[-160.95724487304688,64.96991729736328],[-161.53256225585938,64.73735809326172],[-161.74728393554688,64.84541320800781],[-161.67605590820312,64.7828598022461],[-162.5413055419922,64.53152465820312],[-162.79383850097656,64.3233871459961],[-162.8454132080078,64.4917221069336],[-163.13438415527344,64.65286254882812],[-163.45347595214844,64.60974884033203],[-163.0330047607422,64.51644134521484],[-163.16766357421875,64.39591979980469],[-163.66094970703125,64.56719207763672],[-164.92552185058594,64.53033447265625],[-164.74681091308594,64.46533203125],[-165.01817321777344,64.43486022949219],[-166.2123565673828,64.57869720458984],[-166.4828643798828,64.7314682006836],[-166.4231719970703,64.91464233398438],[-166.96017456054688,65.16378021240234],[-166.8569793701172,65.28080749511719],[-166.91346740722656,65.15180206298828],[-166.7594757080078,65.11091613769531],[-166.36349487304688,65.27574920654297],[-166.05349731445312,65.25169372558594],[-167.4733123779297,65.41488647460938],[-168.0741424560547,65.57697296142578],[-168.10533142089844,65.68511199951172],[-167.54266357421875,65.7208023071289],[-167.53366088867188,65.82527923583984],[-167.04739379882812,65.8693618774414],[-166.27590942382812,66.16730499267578],[-165.4768829345703,66.1358871459961],[-165.87319946289062,66.21869659423828],[-164.404052734375,66.58244323730469],[-163.7516326904297,66.5517807006836],[-163.82760620117188,66.2651138305664],[-164.19483947753906,66.18636322021484],[-163.90016174316406,66.19647216796875],[-163.76097106933594,66.06133270263672],[-162.13328552246094,66.07894134521484],[-161.8426055908203,66.02391815185547],[-161.8974151611328,65.95822143554688],[-161.49313354492188,66.26174926757812],[-161.060302734375,66.2302474975586],[-161.09181213378906,66.11241912841797],[-160.9872283935547,66.22180938720703],[-161.14511108398438,66.33738708496094],[-161.91281127929688,66.35155487060547],[-161.89666748046875,66.52324676513672],[-162.62445068359375,66.85469055175781],[-162.47149658203125,66.9524154663086],[-162.0124969482422,66.78291320800781],[-162.06846618652344,66.64910888671875],[-161.58346557617188,66.44171905517578],[-161.17938232421875,66.53778076171875],[-160.5830535888672,66.35369110107422],[-160.2117462158203,66.45800018310547],[-160.26693725585938,66.63844299316406],[-160.94874572753906,66.65638732910156],[-161.4883575439453,66.52580261230469],[-161.88699340820312,66.71549987792969],[-161.71481323242188,66.93769073486328],[-161.48182678222656,66.94664001464844],[-161.65353393554688,67.02230834960938],[-163.6979217529297,67.10658264160156],[-164.1693115234375,67.62628173828125],[-166.21481323242188,68.26655578613281],[-166.84800720214844,68.33777618408203],[-166.3334503173828,68.44225311279297],[-166.2303924560547,68.87708282470703],[-163.9517822265625,68.9895248413086],[-163.14859008789062,69.4175033569336],[-163.2861328125,69.27536010742188],[-163.17910766601562,69.31446838378906],[-163.00816345214844,69.76177978515625],[-162.25132751464844,70.038330078125],[-162.32388305664062,70.1058349609375],[-161.9251708984375,70.2945556640625],[-161.65383911132812,70.24166870117188],[-162.06761169433594,70.1371078491211],[-160.9000244140625,70.27625274658203],[-160.9838104248047,70.31913757324219],[-160.12767028808594,70.60710906982422],[-159.9038543701172,70.5250015258789],[-160.19874572753906,70.46244049072266],[-159.90631103515625,70.46916961669922],[-160.18130493164062,70.34083557128906],[-159.84371948242188,70.31083679199219],[-159.7349395751953,70.48535919189453],[-160.10037231445312,70.60350036621094],[-159.657470703125,70.79621887207031],[-157.8167724609375,70.86683654785156],[-156.48507690429688,71.38872528076172],[-156.36378479003906,71.35749816894531],[-156.62159729003906,71.32433319091797],[-156.08255004882812,71.2387466430664],[-156.09255981445312,71.15791320800781],[-155.5689239501953,71.16161346435547],[-155.72308349609375,70.9838638305664],[-156.20399475097656,70.91596984863281],[-155.9525604248047,70.89588928222656],[-156.1588134765625,70.83777618408203],[-155.9326934814453,70.83580780029297],[-155.99746704101562,70.74983215332031],[-155.5125274658203,70.86172485351562],[-155.32603454589844,70.78736114501953],[-155.51571655273438,70.94058227539062],[-155.17799377441406,70.9816665649414],[-155.28125,71.06580352783203],[-155.07510375976562,71.13044738769531],[-155.02499389648438,71.02708435058594],[-154.95761108398438,71.110107421875],[-154.57882690429688,70.99747467041016],[-154.76380920410156,70.87080383300781],[-154.1875762939453,70.76875305175781],[-153.23260498046875,70.92377471923828],[-152.68756103515625,70.7921142578125],[-152.7074432373047,70.88288879394531],[-152.26258850097656,70.84044647216797],[-152.5688934326172,70.63249969482422],[-152.04635620117188,70.58000183105469],[-152.6038818359375,70.54580688476562],[-151.71017456054688,70.5562744140625],[-151.97128295898438,70.42752838134766],[-151.2000274658203,70.35205841064453],[-150.77255249023438,70.49871826171875],[-150.29263305664062,70.4195556640625],[-149.4649658203125,70.51705932617188],[-148.4949951171875,70.29788970947266],[-148.1075897216797,70.34371948242188],[-147.05746459960938,70.1429443359375],[-145.8600616455078,70.16542053222656],[-144.96347045898438,69.95955657958984],[-143.2550506591797,70.11788940429688],[-141.37771606445312,69.63491821289062],[-139.1207275390625,69.49905395507812],[-138.61444091796875,69.2300033569336],[-138.3911895751953,69.29203033447266],[-137.20399475097656,68.92874908447266],[-136.13807678222656,68.88227844238281],[-135.2949676513672,68.6399154663086],[-135.11981201171875,68.65499877929688],[-135.64744567871094,68.87858581542969],[-135.25643920898438,68.92871856689453],[-135.93885803222656,69.07775115966797],[-135.99935913085938,69.20630645751953],[-135.56149291992188,69.1141357421875],[-135.85374450683594,69.30230712890625],[-135.1923828125,69.24541473388672],[-135.51197814941406,69.38964080810547],[-134.53504943847656,69.41755676269531],[-134.49844360351562,69.70883178710938],[-134.16885375976562,69.64055633544922],[-134.13760375976562,69.5199203491211],[-133.75010681152344,69.53216552734375],[-134.2058868408203,69.2479476928711],[-133.0401611328125,69.4576644897461],[-133.0211181640625,69.35969543457031],[-132.9071044921875,69.64646911621094],[-131.99444580078125,69.70108032226562],[-131.35316467285156,69.97186279296875],[-131.2010498046875,69.81849670410156],[-130.98121643066406,70.07352447509766],[-130.68850708007812,70.13561248779297],[-129.8871612548828,70.06130981445312],[-129.66796875,70.2556381225586],[-129.43016052246094,70.03663635253906],[-130.91644287109375,69.59696960449219],[-130.88099670410156,69.30591583251953],[-130.33966064453125,69.68560791015625],[-128.92727661132812,69.9600830078125],[-128.91883850097656,69.8316650390625],[-129.17567443847656,69.82035827636719],[-129.1687774658203,69.70169067382812],[-128.926025390625,69.6507797241211],[-128.98883056640625,69.72289276123047],[-128.2344970703125,69.92080688476562],[-128.34107971191406,70.12550354003906],[-127.55461120605469,70.21827697753906],[-128.1238555908203,70.34664154052734],[-127.91319274902344,70.37938690185547],[-128.20474243164062,70.35116577148438],[-128.04014587402344,70.57730865478516],[-127.27983093261719,70.30500030517578],[-126.31505584716797,69.53569030761719],[-125.46446990966797,69.31138610839844],[-125.35247039794922,69.37516784667969],[-125.4869155883789,69.39730834960938],[-125.12699890136719,69.44383239746094],[-125.64569091796875,69.41083526611328],[-125.14044189453125,69.47672271728516],[-125.47850036621094,69.59703063964844],[-125.3891372680664,69.67405700683594],[-124.7896957397461,69.70530700683594],[-125.30083465576172,69.81197357177734],[-125.07749938964844,69.78385925292969],[-124.87496948242188,69.96977996826172],[-124.63774871826172,69.97872161865234],[-125.2209701538086,70.00577545166016],[-124.41860961914062,70.04005432128906],[-124.75555419921875,70.10289001464844],[-124.75430297851562,70.18333435058594],[-124.52574920654297,70.20053100585938],[-124.6764144897461,70.14228057861328],[-124.32438659667969,70.047607421875],[-124.52727508544922,69.95532989501953],[-124.38188934326172,69.85047149658203],[-124.51002502441406,69.72480773925781],[-124.03333282470703,69.67935943603516],[-124.54166412353516,69.40833282470703],[-124.37427520751953,69.3359146118164],[-123.37994384765625,69.41213989257812],[-122.96005249023438,69.83032989501953],[-121.88016510009766,69.81725311279297],[-119.97792053222656,69.34822082519531],[-118.69441986083984,69.23322296142578],[-117.06966400146484,68.87860870361328],[-115.97677612304688,68.80583190917969],[-116.32714080810547,68.95796966552734],[-115.81619262695312,68.93294525146484],[-115.92138671875,69.01313781738281],[-114.97783660888672,68.87100219726562],[-113.88872528076172,68.3979721069336],[-114.00252532958984,68.2385025024414],[-115.0205307006836,68.2890853881836],[-114.7286376953125,68.18049621582031],[-115.2485580444336,68.18885803222656],[-115.09061431884766,68.00822448730469],[-115.71369171142578,67.91133117675781],[-115.09774780273438,67.80255889892578],[-112.98822021484375,67.67080688476562],[-111.97222137451172,67.75394439697266],[-111.86608123779297,67.66819763183594],[-111.90288543701172,67.75638580322266],[-111.02772521972656,67.76338958740234],[-110.03602600097656,68.01091766357422],[-109.96805572509766,67.85063934326172],[-109.6532211303711,67.80294036865234],[-109.70536041259766,67.7179183959961],[-109.02330780029297,67.72599792480469],[-108.82833099365234,67.35258483886719],[-108.6586685180664,67.63999938964844],[-108.46802520751953,67.34649658203125],[-108.37291717529297,67.45066833496094],[-108.33816528320312,67.31683349609375],[-108.26416778564453,67.41483306884766],[-107.96430969238281,67.2833023071289],[-107.85355377197266,67.0390853881836],[-108.17472076416016,67.00289154052734],[-108.59980773925781,67.15127563476562],[-107.20669555664062,66.34725189208984],[-107.78813934326172,66.77041625976562],[-107.67030334472656,66.75575256347656],[-107.7626953125,66.96155548095703],[-107.73930358886719,67.01736450195312],[-107.60591888427734,66.9625015258789],[-107.62435913085938,67.08080291748047],[-107.45996856689453,66.92069244384766],[-107.67888641357422,66.9631118774414],[-107.5568618774414,66.83875274658203],[-107.386474609375,66.81644439697266],[-107.43428039550781,66.98347473144531],[-107.06647491455078,66.81861114501953],[-107.43219757080078,67.06002807617188],[-107.04391479492188,67.1379165649414],[-107.52655792236328,67.20586395263672],[-107.7115249633789,67.40330505371094],[-107.56961059570312,67.50013732910156],[-108.02877807617188,67.77525329589844],[-107.6360855102539,67.9306640625],[-107.68035888671875,68.05332946777344],[-106.73322296142578,68.09822082519531],[-106.78480529785156,68.23219299316406],[-106.59178161621094,68.25922393798828],[-106.3245849609375,68.18819427490234],[-106.49594116210938,68.24394226074219],[-106.42808532714844,68.34210968017578],[-105.73921966552734,68.41483306884766],[-105.62625122070312,68.63735961914062],[-106.56558227539062,68.52955627441406],[-106.37777709960938,68.50738525390625],[-106.61883544921875,68.47408294677734],[-106.44677734375,68.408447265625],[-106.5179443359375,68.29289245605469],[-106.93294525146484,68.42858123779297],[-107.21772003173828,68.25978088378906],[-107.80386352539062,68.3495864868164],[-107.87266540527344,68.25614166259766],[-107.5599136352539,68.16664123535156],[-108.36283111572266,68.11519622802734],[-108.412109375,68.3356704711914],[-108.81133270263672,68.26583099365234],[-108.2574462890625,68.63194274902344],[-106.18891906738281,68.94674682617188],[-105.43069458007812,68.73580932617188],[-105.54560852050781,68.6937484741211],[-105.27375030517578,68.46174621582031],[-105.5350570678711,68.40938568115234],[-104.58366394042969,68.261474609375],[-104.48072052001953,68.0248031616211],[-103.78125,68.0257797241211],[-103.38410949707031,68.15860748291016],[-103.34744262695312,68.00455474853516],[-102.21675109863281,67.65936279296875],[-101.94039154052734,67.80088806152344],[-101.51638793945312,67.65491485595703],[-100.65347290039062,67.85383605957031],[-98.8862533569336,67.68816375732422],[-98.69227600097656,67.81524658203125],[-98.3173599243164,67.79391479492188],[-98.71502685546875,67.96419525146484],[-98.56388854980469,68.10563659667969],[-97.90477752685547,67.69369506835938],[-97.20146942138672,67.6604995727539],[-97.42627716064453,67.57963562011719],[-97.311279296875,67.52002716064453],[-97.40452575683594,67.58358001708984],[-97.01342010498047,67.68321990966797],[-97.01560974121094,67.78700256347656],[-97.1919174194336,67.70114135742188],[-97.20649719238281,67.9502182006836],[-97.355224609375,67.8733901977539],[-97.6344985961914,68.02352905273438],[-97.9666976928711,67.99058532714844],[-98.0828628540039,67.8381118774414],[-98.56177520751953,68.15258026123047],[-98.42127990722656,68.19452667236328],[-98.34452819824219,68.0816421508789],[-98.29241943359375,68.18058013916016],[-98.68096923828125,68.39883422851562],[-97.68885803222656,68.35658264160156],[-97.91169738769531,68.56238555908203],[-97.47105407714844,68.41302490234375],[-97.58927917480469,68.49466705322266],[-97.30374908447266,68.50711059570312],[-96.96121978759766,68.34847259521484],[-97.02433013916016,68.2806396484375],[-96.6558609008789,68.29164123535156],[-96.5738296508789,68.17852783203125],[-96.36788940429688,68.32050323486328],[-96.64497375488281,68.0838851928711],[-96.79875183105469,68.09305572509766],[-96.6677474975586,68.00630950927734],[-95.88227844238281,68.3010025024414],[-96.19966888427734,67.8306655883789],[-96.12405395507812,67.64180755615234],[-96.31136322021484,67.70600128173828],[-96.44611358642578,67.46585845947266],[-96.07072448730469,67.48544311523438],[-96.23497009277344,67.24713897705078],[-95.55533599853516,67.39236450195312],[-95.8282470703125,67.1624984741211],[-95.30397033691406,67.16647338867188],[-95.13597106933594,67.28369140625],[-95.38272094726562,67.46441650390625],[-95.28944396972656,67.53113555908203],[-95.6923599243164,67.73175048828125],[-95.46839141845703,68.06275177001953],[-94.73169708251953,68.04528045654297],[-94.18083190917969,68.26396942138672],[-94.02072143554688,68.45652770996094],[-93.45558166503906,68.57947540283203],[-93.75166320800781,68.61746978759766],[-93.56505584716797,68.8558578491211],[-93.82221984863281,69.01422119140625],[-94.05496978759766,68.85194396972656],[-93.7889175415039,68.88705444335938],[-94.0743637084961,68.76005554199219],[-94.61585998535156,68.75166320800781],[-94.57797241210938,68.97486114501953],[-94.00216674804688,69.14971923828125],[-94.29963684082031,69.16191864013672],[-94.2608871459961,69.32180786132812],[-93.57038116455078,69.4205093383789],[-93.8558578491211,69.26242065429688],[-93.82685852050781,69.16319274902344],[-93.34183502197266,69.37747192382812],[-93.57408142089844,69.36308288574219],[-93.52619171142578,69.53099822998047],[-94.2836685180664,69.439697265625],[-94.55805969238281,69.7084732055664],[-94.83977508544922,69.55986022949219],[-95.64250183105469,69.81969451904297],[-95.75003051757812,69.73802947998047],[-96.18585968017578,69.86225128173828],[-96.04991912841797,69.94216918945312],[-96.47744750976562,70.09410858154297],[-96.53544616699219,70.32638549804688],[-96.21941375732422,70.56969451904297],[-95.76828002929688,70.53150177001953],[-96.59989166259766,70.8237533569336],[-96.32978057861328,71.08621978759766],[-96.53766632080078,71.13036346435547],[-96.3431396484375,71.14705657958984],[-96.47286224365234,71.27227783203125],[-96.03108215332031,71.4207763671875],[-95.52469635009766,71.28216552734375],[-95.50003051757812,71.46675109863281],[-95.16913604736328,71.52310943603516],[-95.81716918945312,71.5096664428711],[-95.90027618408203,71.60438537597656],[-95.20905303955078,71.73347473144531],[-95.22511291503906,71.83464050292969],[-94.57910919189453,71.86199951171875],[-95.18755340576172,71.83969116210938],[-95.18180847167969,71.95532989501953],[-94.48355865478516,71.99419403076172],[-94.59258270263672,71.7554702758789],[-94.32910919189453,71.81116485595703],[-94.39230346679688,71.66967010498047],[-94.1729965209961,71.80455780029297],[-93.68499755859375,71.76699829101562],[-93.78253173828125,71.64508056640625],[-92.94999694824219,71.34969329833984],[-92.8169174194336,70.8625259399414],[-92.99947357177734,70.84447479248047],[-92.14336395263672,70.59986114501953],[-92.28861236572266,70.4981918334961],[-91.95911407470703,70.37544250488281],[-92.07661437988281,70.29846954345703],[-91.73041534423828,70.37274932861328],[-91.6893310546875,70.19886016845703],[-91.50497436523438,70.18391418457031],[-91.97235870361328,70.12178039550781],[-92.35780334472656,70.24449920654297],[-92.27430725097656,70.18746948242188],[-92.57927703857422,70.0826416015625],[-91.93305969238281,70.0209732055664],[-92.876220703125,69.69088745117188],[-92.2528076171875,69.6669692993164],[-91.75894165039062,69.47505950927734],[-91.38627624511719,69.66474914550781],[-91.21566772460938,69.6058578491211],[-91.60541534423828,69.50994110107422],[-90.34913635253906,69.45927429199219],[-90.7042465209961,69.4586410522461],[-90.59505462646484,69.42108154296875],[-90.85283660888672,69.24788665771484],[-91.09627532958984,69.2796401977539],[-90.92361450195312,69.35633087158203],[-91.42744445800781,69.35832977294922],[-90.63230895996094,69.08071899414062],[-90.61714172363281,68.91913604736328],[-90.43374633789062,68.88833618164062],[-90.59178161621094,68.8060531616211],[-90.42977905273438,68.83538818359375],[-90.59574890136719,68.45877838134766],[-90.28546905517578,68.37577819824219],[-90.55000305175781,68.32430267333984],[-90.29911041259766,68.3558349609375],[-90.2483901977539,68.18672180175781],[-89.88827514648438,68.3861083984375],[-89.75460815429688,68.96394348144531],[-89.33091735839844,69.24463653564453],[-88.96427917480469,69.24197387695312],[-88.22589111328125,68.91891479492188],[-87.9273910522461,68.72699737548828],[-87.78260803222656,68.31439208984375],[-87.91555786132812,68.19985961914062],[-88.18213653564453,68.24755859375],[-88.17727661132812,68.38263702392578],[-88.3812484741211,68.28724670410156],[-88.39183044433594,67.98574829101562],[-88.11775207519531,67.67575073242188],[-87.3369140625,67.26355743408203],[-87.54655456542969,67.19230651855469],[-87.49972534179688,67.1070556640625],[-87.318359375,67.18560791015625],[-87.25653076171875,67.0975570678711],[-87.05508422851562,67.2584457397461],[-86.84725189208984,67.16080474853516],[-87.0768051147461,67.32694244384766],[-86.86164093017578,67.40933227539062],[-86.51227569580078,67.3340835571289],[-86.5016098022461,67.69769287109375],[-86.09827423095703,68.01296997070312],[-85.8713607788086,68.04313659667969],[-85.62088775634766,68.73705291748047],[-84.7112808227539,68.72822570800781],[-85.15447235107422,68.8219985961914],[-84.95075225830078,68.88866424560547],[-85.14739227294922,68.9538345336914],[-84.51383209228516,69.0159683227539],[-85.45466613769531,69.26008605957031],[-85.31478118896484,69.3020248413086],[-85.48500061035156,69.4124984741211],[-85.3058090209961,69.4395523071289],[-85.52263641357422,69.4842529296875],[-85.34422302246094,69.56986236572266],[-85.49974822998047,69.75541687011719],[-85.18575286865234,69.78646850585938],[-85.54225158691406,69.86194610595703],[-82.21338653564453,69.6358871459961],[-82.73735809326172,69.57311248779297],[-82.44208526611328,69.49188995361328],[-83.25530242919922,69.53741455078125],[-82.20114135742188,69.39524841308594],[-82.39064025878906,69.40225219726562],[-82.11919403076172,69.29338836669922],[-82.25360870361328,69.24346923828125],[-81.32174682617188,69.19908142089844],[-81.24752807617188,69.08430480957031],[-82.0415267944336,68.88141632080078],[-81.3663330078125,68.87619018554688],[-81.23796844482422,68.64005279541016],[-81.9391098022461,68.40780639648438],[-82.25152587890625,68.54411315917969],[-82.19047546386719,68.45761108398438],[-82.55455780029297,68.52527618408203],[-82.47450256347656,68.44474792480469],[-82.64369201660156,68.43846893310547],[-82.00688934326172,68.34439086914062],[-82.49246978759766,68.3153076171875],[-82.24227905273438,68.29428100585938],[-82.24752807617188,68.12586212158203],[-81.97266387939453,68.21005249023438],[-82.15030670166016,68.10600280761719],[-82.09205627441406,67.91007995605469],[-81.18841552734375,67.45439147949219],[-81.46499633789062,66.99708557128906],[-81.88627624511719,66.9810562133789],[-82.12666320800781,66.7066421508789],[-82.35691833496094,66.73249816894531],[-82.57546997070312,66.56488800048828],[-83.55010986328125,66.33955383300781],[-83.62325286865234,66.5250244140625],[-83.9574966430664,66.5865249633789],[-83.91014099121094,66.9167251586914],[-84.11094665527344,66.70133209228516],[-84.57810974121094,66.97760772705078],[-85.17730712890625,66.91016387939453],[-84.59574890136719,66.94041442871094],[-84.75538635253906,66.89866638183594],[-84.10708618164062,66.68521881103516],[-84.2060546875,66.59764099121094],[-83.65850067138672,66.20833587646484],[-83.8070297241211,66.14360809326172],[-84.47347259521484,66.4070816040039],[-84.62811279296875,66.32483673095703],[-84.34422302246094,66.15266418457031],[-85.11335754394531,66.34019470214844],[-85.22394561767578,66.26472473144531],[-85.42414093017578,66.5977783203125],[-85.92350006103516,66.4759750366211],[-86.76944732666016,66.53994750976562],[-86.63864135742188,66.32377624511719],[-85.85783386230469,66.15930938720703],[-86.41908264160156,65.90814208984375],[-86.52141571044922,65.66119384765625],[-87.34019470214844,65.32027435302734],[-88.0161361694336,65.34464263916016],[-88.83908081054688,65.6455307006836],[-88.37711334228516,65.62744140625],[-89.82177734375,65.99241638183594],[-89.7189712524414,65.9273910522461],[-89.99583435058594,65.93791961669922],[-89.73394775390625,65.8229751586914],[-90.92353057861328,65.92591857910156],[-89.81500244140625,65.75814056396484],[-89.03522491455078,65.32328033447266],[-87.28497314453125,65.26911163330078],[-86.91053009033203,65.14083099365234],[-87.29621887207031,64.74852752685547],[-87.48638916015625,64.75150299072266],[-87.5562744140625,64.56864166259766],[-87.81177520751953,64.51030731201172],[-88.11316680908203,64.14544677734375],[-88.75753021240234,63.98069763183594],[-89.22074890136719,64.11355590820312],[-89.07066345214844,63.97132873535156],[-89.24578094482422,63.933502197265625],[-89.98027801513672,64.16217041015625],[-89.82447052001953,63.921142578125],[-90.19280242919922,63.98699951171875],[-89.96258544921875,63.78966522216797],[-90.20138549804688,63.605918884277344],[-90.89108276367188,63.56941223144531],[-90.65032958984375,63.44541931152344],[-91.40335845947266,63.71282958984375],[-93.36138916015625,63.980865478515625],[-93.80767059326172,64.21438598632812],[-93.51797485351562,63.987884521484375],[-93.94877624511719,63.91766357421875],[-93.17771911621094,63.805328369140625],[-93.42333221435547,63.88972473144531],[-93.36469268798828,63.96710968017578],[-92.08513641357422,63.68433380126953],[-92.46294403076172,63.51722717285156],[-91.72975158691406,63.711639404296875],[-91.376220703125,63.470611572265625],[-90.67986297607422,63.35725402832031],[-90.62921905517578,63.15819549560547],[-90.77705383300781,62.904945373535156],[-91.38636016845703,62.780555725097656],[-92.4000244140625,62.83961486816406],[-91.8505859375,62.5721435546875],[-92.5981674194336,62.591644287109375],[-92.54316711425781,62.45361328125],[-92.09205627441406,62.414581298828125],[-92.5826644897461,62.39141845703125],[-92.73241424560547,62.48527526855469],[-92.66552734375,62.38421630859375],[-92.78263854980469,62.373077392578125],[-92.5459976196289,62.31425476074219],[-92.5294418334961,62.166717529296875],[-92.74833679199219,62.30500030517578],[-93.05908203125,62.328216552734375],[-92.7741928100586,62.17094421386719],[-93.27205657958984,62.17561340332031],[-92.95899963378906,62.10089111328125],[-93.15858459472656,61.97105407714844],[-93.41902923583984,62.04435729980469],[-93.1973876953125,61.94281005859375],[-93.38163757324219,61.9486083984375],[-93.33233642578125,61.875831604003906],[-93.64122009277344,61.95307922363281],[-93.48258209228516,61.87760925292969],[-93.61863708496094,61.84696960449219],[-93.26144409179688,61.73486328125],[-93.66641998291016,61.75856018066406],[-93.29369354248047,61.725616455078125],[-93.99085998535156,61.458221435546875],[-93.80435943603516,61.337005615234375],[-94.0693359375,61.29161071777344],[-94.0076675415039,61.164833068847656],[-94.10980224609375,61.158973693847656],[-93.9657211303711,61.13441467285156],[-94.11599731445312,61.13752746582031],[-93.982666015625,61.09233093261719],[-94.16852569580078,61.06547546386719],[-94.55891418457031,60.532081604003906],[-94.75719451904297,60.51564025878906],[-94.64297485351562,60.382110595703125],[-94.84610748291016,59.96763610839844],[-94.73999786376953,59.763885498046875],[-94.83061218261719,59.64105224609375],[-94.66441345214844,59.35113525390625],[-94.80355834960938,59.26800537109375],[-94.79708099365234,59.07963562011719],[-94.96888732910156,59.059356689453125],[-94.59666442871094,58.94189453125],[-94.42353057861328,58.70366668701172],[-94.20816802978516,58.80816650390625],[-94.25675201416016,58.40599822998047],[-94.20158386230469,58.789031982421875],[-93.17675018310547,58.737030029296875],[-92.42816925048828,57.35094451904297],[-92.81185913085938,56.913917541503906],[-90.80316925048828,57.32319641113281],[-89.94127655029297,56.99949645996094],[-88.82319641113281,56.83863830566406],[-87.96871948242188,56.45811462402344],[-87.60922241210938,56.01316833496094],[-85.90203094482422,55.65452575683594],[-85.12594604492188,55.332054138183594],[-85.20858001708984,55.2354736328125],[-83.88905334472656,55.29469299316406],[-82.30913543701172,55.05278015136719],[-82.32649993896484,55.15135955810547],[-82.19847106933594,54.804168701171875],[-82.45349884033203,54.20111083984375],[-82.12555694580078,53.818695068359375],[-82.21602630615234,53.589080810546875],[-82.11157989501953,53.27141571044922],[-82.33078002929688,52.94383239746094],[-81.54247283935547,52.440834045410156],[-81.59544372558594,52.28118896484375],[-81.4666976928711,52.236419677734375],[-81.5888900756836,52.22966766357422],[-81.04055786132812,52.04002380371094],[-80.5685806274414,51.700889587402344],[-80.4306411743164,51.38844299316406],[-80.6288070678711,51.27052307128906],[-80.36885833740234,51.334861755371094],[-79.75780487060547,51.13255310058594],[-79.6465835571289,51.25202941894531],[-79.73497009277344,51.370086669921875],[-79.31133270263672,51.66386413574219],[-79.2645263671875,51.52203369140625],[-78.98141479492188,51.46180725097656],[-78.8594741821289,51.17256164550781],[-78.89450073242188,51.39380645751953],[-78.68961334228516,51.49261474609375],[-79.04572296142578,51.763031005859375],[-78.65694427490234,51.988807678222656],[-78.55908203125,52.23272705078125],[-78.40597534179688,52.233001708984375],[-78.57969665527344,52.25358581542969],[-78.50027465820312,52.48896789550781],[-78.76541900634766,52.55622100830078],[-78.71197509765625,52.677581787109375],[-78.87094116210938,52.74066162109375],[-78.70532989501953,52.77021789550781],[-78.7925796508789,52.815338134765625],[-78.70024871826172,52.877418518066406],[-78.98958587646484,53.01850128173828],[-78.9346694946289,53.39641571044922],[-79.135498046875,53.500579833984375],[-78.88288879394531,53.555633544921875],[-79.06744384765625,53.58855438232422],[-78.99658203125,53.674583435058594],[-79.08760833740234,53.70689392089844],[-78.90802764892578,53.819366455078125],[-79.15238952636719,53.94755554199219],[-78.962890625,54.007781982421875],[-79.17802429199219,54.08441162109375],[-79.03197479248047,54.16975402832031],[-79.39447021484375,54.17677307128906],[-79.27983093261719,54.23808288574219],[-79.48094177246094,54.29353332519531],[-79.34477996826172,54.31697082519531],[-79.51274871826172,54.36436462402344],[-79.59202575683594,54.55241394042969],[-79.50497436523438,54.589027404785156],[-79.76136016845703,54.63433837890625],[-77.63155364990234,55.2781982421875],[-77.78422546386719,55.269439697265625],[-77.11724853515625,55.66722106933594],[-77.19744110107422,55.66752624511719],[-76.59288787841797,56.15880584716797],[-76.67119598388672,56.19366455078125],[-76.5254135131836,56.37574768066406],[-76.57733154296875,57.18855285644531],[-76.80872344970703,57.649444580078125],[-77.2018051147461,58.000526428222656],[-77.00199890136719,58.02105712890625],[-77.21880340576172,58.02186584472656],[-78.6006088256836,58.677528381347656],[-78.49617004394531,58.649192810058594],[-78.5863037109375,58.77522277832031],[-78.42622375488281,58.73841857910156],[-78.53666687011719,58.776275634765625],[-78.48332977294922,58.901527404785156],[-78.10116577148438,59.11394500732422],[-78.15264129638672,59.19972229003906],[-77.64019775390625,59.37230682373047],[-77.9482192993164,59.40477752685547],[-77.69985961914062,59.54058837890625],[-77.81158447265625,59.707916259765625],[-77.47750091552734,59.63969421386719],[-77.56869506835938,59.75511169433594],[-77.28069305419922,59.79766845703125],[-77.46544647216797,59.91572570800781],[-77.195556640625,60.04371643066406],[-77.64530944824219,60.05891418457031],[-77.44271850585938,60.11827850341797],[-77.77967071533203,60.38855743408203],[-77.58119201660156,60.53846740722656],[-77.83880615234375,60.63694763183594],[-77.58069610595703,60.75439453125],[-77.77266693115234,60.76069641113281],[-77.50944519042969,60.84039306640625],[-78.22647094726562,60.783782958984375],[-77.70744323730469,61.17619323730469],[-77.81291961669922,61.461639404296875],[-77.4834976196289,61.53319549560547],[-78.00802612304688,61.70622253417969],[-78.1945571899414,62.25469970703125],[-78.09016418457031,62.36260986328125],[-77.42788696289062,62.58189392089844],[-75.5631103515625,62.27305603027344],[-75.89888763427734,62.164642333984375],[-75.34183502197266,62.31689453125],[-74.53219604492188,62.10694885253906],[-74.71160888671875,62.25205993652344],[-73.69474792480469,62.48219299316406],[-72.93516540527344,62.119140625],[-72.60702514648438,62.11138916015625],[-72.58058166503906,61.96925354003906],[-72.7945556640625,61.82171630859375],[-72.58782958984375,61.8038330078125],[-72.57930755615234,61.950469970703125],[-72.19319152832031,61.86466979980469],[-72.10800170898438,61.79472351074219],[-72.2598876953125,61.78511047363281],[-71.98102569580078,61.66230773925781],[-72.27072143554688,61.57416534423828],[-71.96074676513672,61.597251892089844],[-71.9403076171875,61.70863342285156],[-71.55458068847656,61.61719512939453],[-71.8665542602539,61.423553466796875],[-71.56966400146484,61.404693603515625],[-71.91441345214844,61.39202880859375],[-71.64083099365234,61.327110290527344],[-71.7988052368164,61.27386474609375],[-71.57941436767578,61.254302978515625],[-71.61969757080078,61.15355682373047],[-71.44355773925781,61.22505187988281],[-71.436279296875,61.11991882324219],[-70.98603057861328,61.12799835205078],[-70.72486114501953,61.00238800048828],[-70.75113677978516,61.084999084472656],[-70.40985870361328,61.00721740722656],[-70.13583374023438,61.0919189453125],[-70.1461410522461,60.88177490234375],[-69.89741516113281,60.799278259277344],[-69.50408172607422,61.06764221191406],[-69.35819244384766,60.81427764892578],[-69.69447326660156,60.69541931152344],[-69.62425231933594,60.581443786621094],[-69.82044219970703,60.508140563964844],[-69.65985870361328,60.35594177246094],[-69.76547241210938,60.30530548095703],[-69.5826644897461,60.222412109375],[-69.6173095703125,60.071441650390625],[-70.87472534179688,60.04591369628906],[-69.71749877929688,59.966644287109375],[-69.54133605957031,59.871551513671875],[-69.67871856689453,59.685302734375],[-69.49880981445312,59.667755126953125],[-69.74114227294922,59.51246643066406],[-69.62030792236328,59.3905029296875],[-69.76116943359375,59.321556091308594],[-69.23802947998047,59.32294464111328],[-69.23422241210938,59.222862243652344],[-69.53880310058594,59.152442932128906],[-69.34549713134766,59.09446716308594],[-69.4939193725586,59.07861328125],[-69.4377212524414,58.904693603515625],[-69.54611206054688,58.809112548828125],[-69.68108367919922,58.80810546875],[-69.65777587890625,58.94203186035156],[-69.84638977050781,59.05994415283203],[-69.7889175415039,58.82763671875],[-70.25555419921875,58.7772216796875],[-69.90730285644531,58.78338623046875],[-69.93008422851562,58.689697265625],[-69.78022003173828,58.7100830078125],[-69.8128890991211,58.58269500732422],[-69.2544174194336,58.90380859375],[-68.63380432128906,58.91102600097656],[-68.34847259521484,58.781585693359375],[-68.21662139892578,58.38447570800781],[-68.33638763427734,58.118865966796875],[-68.68477630615234,58.00257873535156],[-68.3121109008789,58.0909423828125],[-68.17888641357422,58.487693786621094],[-68.00763702392578,58.584861755371094],[-67.8455581665039,58.30836486816406],[-68.10822296142578,58.08233642578125],[-67.85197448730469,58.230499267578125],[-67.76030731201172,58.47132873535156],[-67.67466735839844,58.015106201171875],[-67.46005249023438,58.296142578125],[-67.09044647216797,58.332977294921875],[-66.93878173828125,58.51225280761719],[-66.8554458618164,58.419776916503906],[-66.62308502197266,58.479217529296875],[-66.37694549560547,58.854827880859375],[-65.92647552490234,58.62294006347656],[-66.09505462646484,58.36180114746094],[-65.970947265625,58.272666931152344],[-66.07164001464844,58.357421875],[-65.8181381225586,58.572471618652344],[-66.08641815185547,58.818359375],[-65.71208190917969,58.80366516113281],[-65.99888610839844,58.90574645996094],[-65.66461181640625,58.935890197753906],[-65.77027893066406,59.04644775390625],[-65.36347198486328,58.92253112792969],[-65.59319305419922,59.05792236328125],[-65.31547546386719,59.04572296142578],[-65.64008331298828,59.074195861816406],[-65.74766540527344,59.27052307128906],[-65.47022247314453,59.14086151123047],[-65.55083465576172,59.38658142089844],[-65.31002807617188,59.24468994140625],[-65.5145263671875,59.482391357421875],[-65.01388549804688,59.38346862792969],[-65.39064025878906,59.500274658203125],[-65.53666687011719,59.745697021484375],[-65.32160949707031,59.864837646484375],[-65.13410949707031,59.779945373535156],[-65.27449798583984,59.87769317626953],[-65.12200164794922,59.86358642578125],[-65.23161315917969,59.92155456542969],[-65.14385986328125,59.96452331542969],[-65.00172424316406,59.8966064453125],[-65.14483642578125,60.051109313964844],[-64.9625244140625,60.088279724121094],[-65.01791381835938,60.15833282470703],[-64.8492202758789,60.220001220703125],[-64.9625015258789,60.25663757324219],[-64.77922058105469,60.29247283935547],[-64.84844207763672,60.37291717529297],[-64.3675308227539,60.246665954589844],[-64.72755432128906,60.2691650390625],[-64.3625259399414,60.17333221435547],[-64.69916534423828,60.02497100830078],[-64.36419677734375,60.130828857421875],[-64.38922119140625,60.0133056640625],[-64.53925323486328,60.00419616699219],[-64.39424896240234,59.9808349609375],[-64.4866943359375,59.892913818359375],[-64.17250061035156,60.0374755859375],[-64.30088806152344,59.94163513183594],[-63.94419860839844,59.75666809082031],[-64.25840759277344,59.74354553222656],[-63.91255187988281,59.66911315917969],[-64.12586212158203,59.521636962890625],[-63.98229217529297,59.60887145996094],[-63.72252655029297,59.51411437988281],[-64.06253051757812,59.38160705566406],[-63.70258331298828,59.369171142578125],[-63.805084228515625,59.23872375488281],[-63.535003662109375,59.34205627441406],[-63.63252258300781,59.21333312988281],[-63.391639709472656,59.282081604003906],[-63.46421813964844,59.17832946777344],[-63.35755920410156,59.19749450683594],[-63.58833312988281,59.061279296875],[-63.91664123535156,59.08622741699219],[-64.05088806152344,59.0191650390625],[-63.1383056640625,59.05455780029297],[-63.354217529296875,59.026641845703125],[-63.13922119140625,58.92750549316406],[-63.34913635253906,58.86500549316406],[-63.14585876464844,58.87666320800781],[-63.17503356933594,58.76371765136719],[-63.023277282714844,58.89625549316406],[-62.899169921875,58.78416442871094],[-63.089141845703125,58.66410827636719],[-62.852500915527344,58.7008056640625],[-63.166748046875,58.5062255859375],[-63.46424865722656,58.54747009277344],[-63.55589294433594,58.464141845703125],[-63.33580780029297,58.462501525878906],[-63.60755920410156,58.29167175292969],[-63.28172302246094,58.465362548828125],[-63.09416198730469,58.46080780029297],[-63.16999816894531,58.362060546875],[-62.557586669921875,58.47997283935547],[-62.70585632324219,58.404945373535156],[-62.609222412109375,58.311614990234375],[-62.920806884765625,58.19994354248047],[-62.60749816894531,58.19081115722656],[-63.051727294921875,58.15705871582031],[-63.355865478515625,57.969139099121094],[-62.44999694824219,58.172889709472656],[-62.524169921875,58.09083557128906],[-62.32086181640625,58.021636962890625],[-62.67919921875,57.92913818359375],[-61.944976806640625,57.91619873046875],[-61.94505310058594,57.78205871582031],[-62.16258239746094,57.83000183105469],[-61.89250183105469,57.63249969482422],[-62.532554626464844,57.4891357421875],[-61.95835876464844,57.43035888671875],[-61.80589294433594,57.37419128417969],[-61.98588562011719,57.21080780029297],[-61.63996887207031,57.237083435058594],[-61.731666564941406,57.156219482421875],[-61.36250305175781,57.0999755859375],[-61.347503662109375,56.951637268066406],[-61.93424987792969,56.80580139160156],[-61.67169189453125,56.61872100830078],[-62.539222717285156,56.75580596923828],[-61.65083312988281,56.53919219970703],[-62.22425079345703,56.47163391113281],[-61.580810546875,56.282501220703125],[-62.10002899169922,56.29374694824219],[-62.02674865722656,56.22627258300781],[-61.32086181640625,56.22413635253906],[-61.4925537109375,56.06663513183594],[-61.29844665527344,56.12458801269531],[-61.28758239746094,56.02410888671875],[-61.75331115722656,55.96455383300781],[-61.143310546875,55.97874450683594],[-61.07091522216797,55.88746643066406],[-61.201751708984375,55.86455535888672],[-60.72589111328125,55.83580780029297],[-60.95341491699219,55.726226806640625],[-60.595001220703125,55.81208801269531],[-60.66999816894531,55.54875183105469],[-60.49424743652344,55.80413818359375],[-60.32258605957031,55.777496337890625],[-60.5308837890625,55.595001220703125],[-60.39588928222656,55.609161376953125],[-60.4566650390625,55.49708557128906],[-60.30589294433594,55.57746887207031],[-60.51588439941406,55.337501525878906],[-60.339996337890625,55.494529724121094],[-60.18914031982422,55.43169403076172],[-60.352500915527344,55.41911315917969],[-60.62086486816406,55.154998779296875],[-60.34422302246094,55.23164367675781],[-60.695831298828125,54.986663818359375],[-60.25172424316406,55.27372741699219],[-60.135887145996094,55.26997375488281],[-60.300079345703125,55.11041259765625],[-60.03338623046875,55.26622009277344],[-60.35502624511719,54.96455383300781],[-59.77833557128906,55.33538818359375],[-59.73747253417969,55.205833435058594],[-59.98753356933594,55.10746765136719],[-59.4158935546875,55.15833282470703],[-59.935028076171875,54.74455261230469],[-59.19664001464844,55.239532470703125],[-59.14086151123047,55.149169921875],[-59.404998779296875,54.96868896484375],[-59.028411865234375,55.15455627441406],[-58.950889587402344,55.10913848876953],[-59.05250549316406,55.00080871582031],[-58.899169921875,54.94419860839844],[-59.03422546386719,54.89585876464844],[-58.899169921875,54.912498474121094],[-58.973358154296875,54.82708740234375],[-58.39672088623047,54.735443115234375],[-57.943359375,54.930389404296875],[-57.990806579589844,54.787445068359375],[-57.84080505371094,54.81163787841797],[-58.18919372558594,54.74833679199219],[-57.334197998046875,54.580810546875],[-57.705833435058594,54.48246765136719],[-57.410919189453125,54.463279724121094],[-57.60166931152344,54.38285827636719],[-58.086692810058594,54.38288879394531],[-58.24671936035156,54.246246337890625],[-59.593360900878906,54.037109375],[-58.389068603515625,54.21742248535156],[-58.61335754394531,54.03874969482422],[-60.12171936035156,53.76371765136719],[-60.01753234863281,53.71247100830078],[-60.15089416503906,53.52330780029297],[-60.02919006347656,53.4375],[-60.772499084472656,53.24580383300781],[-60.27497100830078,53.273773193359375],[-59.794219970703125,53.48493957519531],[-59.916717529296875,53.528717041015625],[-59.101722717285156,53.67707824707031],[-58.85499572753906,53.949554443359375],[-58.15338897705078,54.10044860839844],[-58.41583251953125,54.1300048828125],[-58.17505645751953,54.237884521484375],[-57.41999816894531,54.19038391113281],[-57.072471618652344,53.809112548828125],[-57.23753356933594,53.821693420410156],[-57.114227294921875,53.740028381347656],[-57.53422546386719,53.584136962890625],[-57.32086181640625,53.59330749511719],[-57.37168884277344,53.425384521484375],[-57.021697998046875,53.71455383300781],[-56.483360290527344,53.78874969482422],[-56.40496826171875,53.71539306640625],[-56.72752380371094,53.681610107421875],[-56.02671813964844,53.57872009277344],[-56.02002716064453,53.498695373535156],[-56.27925109863281,53.556640625],[-55.80088806152344,53.33497619628906],[-55.92755126953125,53.29997253417969],[-55.74419403076172,53.25166320800781],[-55.85588836669922,53.204139709472656],[-55.75250244140625,53.13336181640625],[-56.149192810058594,52.9891357421875],[-55.88252258300781,53.00917053222656],[-55.80591583251953,52.836639404296875],[-56.19422149658203,52.83161163330078],[-55.774139404296875,52.69330596923828],[-55.92250061035156,52.63999938964844],[-55.76586151123047,52.59330749511719],[-56.54083251953125,52.60327911376953],[-55.627532958984375,52.4449462890625],[-55.81666564941406,52.33625030517578],[-56.25080871582031,52.44999694824219],[-55.62080383300781,52.21746826171875],[-55.787498474121094,52.20246887207031],[-55.692527770996094,52.08833312988281],[-55.83172607421875,52.000389099121094],[-55.99092102050781,52.02583312988281],[-55.89086151123047,51.961669921875],[-56.705833435058594,51.663307189941406],[-56.95835876464844,51.42375183105469],[-57.24339294433594,51.50377655029297],[-57.6983642578125,51.420387268066406],[-57.71669006347656,51.51708221435547],[-58.00999450683594,51.307861328125],[-58.294219970703125,51.33247375488281],[-58.341644287109375,51.19622039794922],[-58.57916259765625,51.22413635253906],[-58.329193115234375,51.246665954589844],[-58.42835998535156,51.313720703125],[-58.690032958984375,51.26124572753906],[-58.527557373046875,51.16749572753906],[-58.77836608886719,51.00958251953125],[-58.83586120605469,51.07916259765625],[-58.9000244140625,50.930419921875],[-58.90089416503906,51.05744934082031],[-59.00752258300781,51.01249694824219],[-59.01246643066406,50.735809326171875],[-59.265838623046875,50.75666809082031],[-59.4324951171875,50.53582763671875],[-60.188331604003906,50.19127655029297],[-60.183387756347656,50.28289031982422],[-61.013336181640625,50.24455261230469],[-61.73663330078125,50.08538818359375],[-61.592559814453125,50.176666259765625],[-62.76838684082031,50.31291198730469],[-63.400054931640625,50.20208740234375],[-63.79669189453125,50.30705261230469],[-65.96499633789062,50.284584045410156],[-66.11502838134766,50.183692932128906],[-66.45669555664062,50.26788330078125],[-66.54255676269531,50.20997619628906],[-66.45255279541016,50.125],[-66.63835906982422,50.18791198730469],[-67.15130615234375,49.80250549316406],[-67.37669372558594,49.31788635253906],[-68.12916564941406,49.27203369140625],[-68.32463836669922,49.18663787841797],[-68.1925277709961,49.10124969482422],[-68.46336364746094,49.04371643066406],[-68.38671875,49.14208221435547],[-68.74713897705078,48.94163513183594],[-68.6366958618164,48.900390625],[-69.05921936035156,48.77122497558594],[-69.12872314453125,48.57830810546875],[-69.67835998535156,48.13871765136719],[-69.98919677734375,48.257362365722656],[-69.70549774169922,48.10166931152344],[-69.90625,47.76902770996094],[-70.22911071777344,47.488861083984375],[-70.49569702148438,47.43975067138672],[-70.7157211303711,47.108612060546875],[-71.19344329833984,46.81305694580078],[-70.50033569335938,47.01185607910156],[-69.51194763183594,47.944557189941406],[-68.18413543701172,48.63542175292969],[-66.17172241210938,49.20708465576172],[-65.3266372680664,49.25286102294922],[-64.60333251953125,49.11125183105469],[-64.2004165649414,48.85749816894531],[-64.16255950927734,48.74871826171875],[-64.55461120605469,48.87831115722656],[-64.16627502441406,48.62580871582031],[-64.27216339111328,48.61750030517578],[-64.20463562011719,48.524139404296875],[-64.31669616699219,48.41791534423828],[-65.2433853149414,48.01122283935547],[-65.90335845947266,48.207054138183594],[-66.79550170898438,47.987060546875],[-66.36833190917969,48.07292175292969],[-65.83086395263672,47.91007995605469],[-65.66958618164062,47.601226806640625],[-65.19349670410156,47.818115234375],[-64.66566467285156,47.71641540527344],[-64.85655975341797,47.68919372558594],[-64.77803039550781,47.65736389160156],[-64.96316528320312,47.28150177001953],[-65.41889190673828,47.070281982421875],[-64.79685974121094,47.07463836669922],[-64.9905014038086,46.83747100830078],[-64.81627655029297,46.725830078125],[-64.91091918945312,46.74208068847656],[-64.87171936035156,46.647918701171875],[-64.71875,46.688331604003906],[-64.60880279541016,46.45916748046875],[-64.69088745117188,46.52705383300781],[-64.61903381347656,46.354949951171875],[-64.7092514038086,46.314605712890625],[-64.55999755859375,46.36541748046875],[-64.55830383300781,46.21038818359375],[-63.79072570800781,46.13749694824219],[-64.10091400146484,46.014556884765625],[-63.25055694580078,45.80992126464844],[-63.38597106933594,45.75794219970703],[-63.28135681152344,45.7078857421875],[-63.1104736328125,45.808135986328125],[-62.467559814453125,45.637916564941406],[-61.90924835205078,45.88288879394531],[-61.960052490234375,45.62291717529297],[-61.49082946777344,45.694610595703125],[-61.22883605957031,45.483360290527344],[-61.4925537109375,45.36872100830078],[-60.960418701171875,45.32249450683594],[-61.60089111328125,45.144554138183594],[-61.79505920410156,45.24455261230469],[-61.65419006347656,45.08955383300781],[-61.95830535888672,45.09539031982422],[-61.88499450683594,45.0262451171875],[-62.45752716064453,44.82038879394531],[-62.54499816894531,44.92291259765625],[-62.54591369628906,44.7862548828125],[-62.87922668457031,44.813720703125],[-62.80335998535156,44.70957946777344],[-63.068359375,44.77452850341797],[-63.049163818359375,44.67124938964844],[-63.12755584716797,44.789581298828125],[-63.282470703125,44.625389099121094],[-63.45172119140625,44.68035888671875],[-63.449249267578125,44.58708190917969],[-63.662498474121094,44.72627258300781],[-63.520416259765625,44.504112243652344],[-63.64839172363281,44.431251525878906],[-63.93878173828125,44.504974365234375],[-63.8883056640625,44.69044494628906],[-64.06510925292969,44.63471984863281],[-64.0796127319336,44.470054626464844],[-64.30569458007812,44.566192626953125],[-64.3733901977539,44.44877624511719],[-64.21316528320312,44.38055419921875],[-64.34330749511719,44.36555480957031],[-64.24541473388672,44.25907897949219],[-64.43819427490234,44.345359802246094],[-64.3691635131836,44.26091766357422],[-64.61599731445312,44.1556396484375],[-64.55149841308594,44.07066345214844],[-64.84469604492188,43.93296813964844],[-64.83480834960938,43.81439208984375],[-65.04255676269531,43.824615478515625],[-65.0291976928711,43.69538879394531],[-65.3800277709961,43.743751525878906],[-65.33880615234375,43.537498474121094],[-65.46416473388672,43.60124969482422],[-65.46927642822266,43.45039367675781],[-65.57505798339844,43.56707763671875],[-65.72919464111328,43.492889404296875],[-65.93499755859375,43.86375427246094],[-66.01374816894531,43.680999755859375],[-66.17050170898438,43.800193786621094],[-66.12708282470703,44.331634521484375],[-65.84700012207031,44.571533203125],[-66.20333099365234,44.376251220703125],[-66.1116943359375,44.498695373535156],[-64.39897155761719,45.297393798828125],[-64.49563598632812,45.336692810058594],[-64.32836151123047,45.297889709472656],[-64.35991668701172,45.09991455078125],[-64.1034164428711,45.002471923828125],[-64.17266845703125,45.18988800048828],[-63.37725067138672,45.36088562011719],[-64.94369506835938,45.330169677734375],[-64.38258361816406,45.79747009277344],[-64.2594985961914,45.75672149658203],[-64.33799743652344,45.88066864013672],[-64.55191802978516,45.72505187988281],[-64.49244689941406,45.81055450439453],[-64.67835998535156,45.97594451904297],[-64.5693359375,45.83061218261719],[-64.779052734375,45.59486389160156],[-65.90669250488281,45.19538879394531],[-66.06666564941406,45.27125549316406],[-66.45833587646484,45.05872344970703],[-66.46333312988281,45.1695556640625],[-66.88835906982422,45.04124450683594],[-66.85710906982422,45.121665954589844],[-66.96919250488281,45.182891845703125],[-67.07975006103516,45.07494354248047],[-67.18716430664062,45.226470947265625],[-66.9820556640625,44.91166687011719],[-67.16349792480469,44.948692321777344],[-67.15997314453125,44.814361572265625],[-67.10208129882812,44.89666748046875],[-66.9487533569336,44.81663513183594],[-67.25816345214844,44.62767028808594],[-67.56588745117188,44.663116455078125],[-67.56647491455078,44.533172607421875],[-67.7421646118164,44.497161865234375],[-67.78980255126953,44.607444763183594],[-67.9000015258789,44.395721435546875],[-68.02491760253906,44.48814392089844],[-67.95955657958984,44.400001525878906],[-68.05889129638672,44.33161163330078],[-68.2443618774414,44.58641815185547],[-68.22264099121094,44.46397399902344],[-68.31791687011719,44.53660583496094],[-68.26766967773438,44.4566650390625],[-68.58177947998047,44.41047668457031],[-68.52200317382812,44.228416442871094],[-68.82492065429688,44.309967041015625],[-68.74150085449219,44.56147766113281],[-68.82569122314453,44.66644287109375],[-68.80833435058594,44.46772766113281],[-69.00430297851562,44.43138885498047],[-69.04360961914062,44.08528137207031],[-69.2109146118164,43.93255615234375],[-69.16564178466797,44.07069396972656],[-69.30780792236328,43.955169677734375],[-69.38716888427734,44.077415466308594],[-69.5133056640625,43.83338928222656],[-69.5437240600586,44.02497100830078],[-69.6044692993164,43.813331604003906],[-69.66152954101562,43.97474670410156],[-69.71060943603516,43.854217529296875],[-69.6764144897461,43.97325134277344],[-69.80455780029297,43.91180419921875],[-69.79019165039062,44.08992004394531],[-69.913330078125,43.92127990722656],[-69.83119201660156,43.98063659667969],[-69.78028106689453,43.742637634277344],[-69.85639190673828,43.70458221435547],[-69.88888549804688,43.89860534667969],[-70.0250244140625,43.73008728027344],[-69.95060729980469,43.862030029296875],[-70.25978088378906,43.71647644042969],[-70.19566345214844,43.56500244140625],[-70.56158447265625,43.32258605957031],[-70.86602783203125,42.81382751464844],[-70.76516723632812,42.639251708984375],[-70.59019470214844,42.63655090332031],[-71.05919647216797,42.37077331542969],[-70.95974731445312,42.24407958984375],[-70.76113891601562,42.251251220703125],[-70.59664154052734,42.00575256347656],[-70.7173080444336,41.99522399902344],[-70.33430480957031,41.70869445800781],[-70.0068359375,41.80955505371094],[-70.0953598022461,42.03199768066406],[-70.24608612060547,42.06538391113281],[-70.05655670166016,42.04161071777344],[-69.96685791015625,41.6531982421875],[-70.66041564941406,41.51502990722656],[-70.60847473144531,41.76472473144531],[-70.70941925048828,41.753692626953125],[-71.1945571899414,41.45277404785156],[-71.15933227539062,41.72052764892578],[-71.30085754394531,41.64842224121094],[-71.40505981445312,41.81938934326172],[-71.48230743408203,41.35902404785156],[-72.9056396484375,41.301307678222656],[-73.58919525146484,41.04289245605469],[-74.29088592529297,40.509002685546875],[-73.98005676269531,40.383697509765625],[-74.16039276123047,39.704139709472656],[-74.30752563476562,39.508750915527344],[-74.43294525146484,39.555023193359375],[-74.41083526611328,39.362083435058594],[-74.68291473388672,39.32749938964844],[-74.65047454833984,39.19996643066406],[-74.8625259399414,38.942054748535156],[-74.97216796875,38.93830871582031],[-74.89913940429688,39.1695556640625],[-75.13752746582031,39.1778564453125],[-75.54208374023438,39.46502685546875],[-75.41166687011719,39.802886962890625],[-75.53713989257812,39.731666564941406],[-75.59124755859375,39.464141845703125],[-75.31461334228516,38.92828369140625],[-75.09041595458984,38.79997253417969],[-75.06130981445312,38.61000061035156],[-75.14833068847656,38.69291687011719],[-75.08875274658203,38.624114990234375],[-75.194580078125,38.589141845703125],[-75.05794525146484,38.60664367675781],[-75.05291748046875,38.410003662109375],[-75.0875015258789,38.32374572753906],[-75.06419372558594,38.507057189941406],[-75.17797088623047,38.41416931152344],[-75.09122467041016,38.32916259765625],[-75.90296936035156,37.349998474121094],[-75.94830322265625,37.119529724121094],[-76.02422332763672,37.303138732910156],[-75.84124755859375,37.557472229003906],[-75.9429702758789,37.5675048828125],[-75.64125061035156,37.975830078125],[-75.8995590209961,37.97328186035156],[-75.748779296875,38.088279724121094],[-75.95207977294922,38.175804138183594],[-75.80374908447266,38.254974365234375],[-75.91791534423828,38.26580810546875],[-75.84333038330078,38.40119934082031],[-75.96002960205078,38.23371887207031],[-75.97669219970703,38.367889404296875],[-76.0340576171875,38.21672058105469],[-76.22730255126953,38.394248962402344],[-76.22772216796875,38.30772399902344],[-76.34269714355469,38.495941162109375],[-76.19144439697266,38.557029724121094],[-76.29463958740234,38.631248474121094],[-76.01264190673828,38.564720153808594],[-75.93963623046875,38.6766357421875],[-76.02994537353516,38.57819366455078],[-76.29005432128906,38.81416320800781],[-76.34222412109375,38.67144775390625],[-76.30094146728516,38.829833984375],[-76.1716079711914,38.745445251464844],[-76.10966491699219,38.88330078125],[-76.23149871826172,38.964195251464844],[-76.37921905517578,38.85235595703125],[-76.3143081665039,39.03783416748047],[-76.22252655029297,38.97013854980469],[-76.11113739013672,39.08406066894531],[-76.28121948242188,39.148109436035156],[-76.18744659423828,39.3211669921875],[-75.87616729736328,39.53947448730469],[-76.01130676269531,39.44927978515625],[-75.9479751586914,39.59246826171875],[-76.09049987792969,39.55796813964844],[-76.23005676269531,39.349220275878906],[-76.28030395507812,39.44989013671875],[-76.28294372558594,39.30003356933594],[-76.36841583251953,39.39991760253906],[-76.40247344970703,39.24847412109375],[-76.49263763427734,39.303749084472656],[-76.44347381591797,39.19502258300781],[-76.6310806274414,39.26074981689453],[-76.39546966552734,39.01641845703125],[-76.58533477783203,39.071250915527344],[-76.45172119140625,38.94200134277344],[-76.55127716064453,38.95100402832031],[-76.56697082519531,38.770172119140625],[-76.32377624511719,38.03741455078125],[-76.92786407470703,38.292755126953125],[-77.02586364746094,38.499305725097656],[-77.24825286865234,38.378082275390625],[-77.23611450195312,38.662384033203125],[-77.33775329589844,38.34503173828125],[-77.04444122314453,38.40171813964844],[-76.99102783203125,38.20249938964844],[-76.60597229003906,38.15058135986328],[-76.23764038085938,37.890838623046875],[-76.36305236816406,37.60822296142578],[-76.92961120605469,37.98394775390625],[-76.54988861083984,37.621246337890625],[-76.29863739013672,37.56108093261719],[-76.41410827636719,37.522918701171875],[-76.26066589355469,37.45246887207031],[-76.27469635009766,37.31077575683594],[-76.45183563232422,37.430137634277344],[-76.3681640625,37.273223876953125],[-76.50382995605469,37.24552917480469],[-76.80924987792969,37.53199768066406],[-76.62071990966797,37.30127716064453],[-76.29286193847656,37.12858581542969],[-76.30669403076172,36.99705505371094],[-76.4308853149414,36.967918395996094],[-76.64910888671875,37.219970703125],[-76.98605346679688,37.242332458496094],[-76.68505859375,37.19783020019531],[-76.52619171142578,36.858245849609375],[-76.3558578491211,36.9254150390625],[-76.28705596923828,36.83966827392578],[-76.29252624511719,36.97041320800781],[-75.99661254882812,36.92317199707031],[-75.53841400146484,35.776695251464844],[-75.95594024658203,36.72074890136719],[-75.90074920654297,36.48760986328125],[-76.04589080810547,36.594581604003906],[-76.05874633789062,36.5133056640625],[-75.79641723632812,36.071533203125],[-75.94886016845703,36.27647399902344],[-75.91136169433594,36.163116455078125],[-76.21002960205078,36.3004150390625],[-76.06416320800781,36.1453857421875],[-76.45755767822266,36.20124816894531],[-76.30297088623047,36.09832763671875],[-76.51333618164062,36.0062255859375],[-76.72416687011719,36.120361328125],[-76.73705291748047,35.93330383300781],[-76.05830383300781,35.992889404296875],[-76.03419494628906,35.64875030517578],[-75.99116516113281,35.89008331298828],[-75.8493881225586,35.97491455078125],[-75.7278060913086,35.625526428222656],[-75.88214111328125,35.632171630859375],[-76.15413665771484,35.32624816894531],[-76.53172302246094,35.39955139160156],[-76.58797454833984,35.50749969482422],[-76.4737777709961,35.539222717285156],[-76.65213775634766,35.549163818359375],[-76.57505798339844,35.387115478515625],[-76.99552917480469,35.483642578125],[-76.46624755859375,35.26246643066406],[-76.71338653564453,35.004554748535156],[-76.97586059570312,35.000389099121094],[-76.755859375,34.89788818359375],[-76.49163818359375,34.96205139160156],[-76.46585845947266,35.07794189453125],[-76.4441909790039,34.91294860839844],[-76.31794738769531,34.959136962890625],[-76.37836456298828,35.039581298828125],[-76.26127624511719,35.007476806640625],[-76.33086395263672,34.88539123535156],[-76.51505279541016,34.717864990234375],[-76.62088775634766,34.810394287109375],[-76.61669158935547,34.707054138183594],[-76.68702697753906,34.80308532714844],[-77.09972381591797,34.674110412597656],[-77.13060760498047,34.76246643066406],[-77.89766693115234,34.056556701660156],[-77.9603042602539,34.18138885498047],[-78.01669311523438,33.888275146484375],[-78.38533020019531,33.91102600097656],[-78.7774429321289,33.76660919189453],[-79.09088897705078,33.47660827636719],[-79.17236328125,33.204917907714844],[-79.27913665771484,33.35572052001953],[-79.17472076416016,33.18817138671875],[-79.36833190917969,33.009033203125],[-79.53424835205078,33.03502655029297],[-79.8475570678711,32.75457763671875],[-79.93499755859375,32.849578857421875],[-79.86961364746094,32.736663818359375],[-80.00189208984375,32.60480499267578],[-80.6062240600586,32.50580596923828],[-80.45652770996094,32.40814208984375],[-80.6175537109375,32.25572204589844],[-80.82683563232422,32.49730682373047],[-80.6693344116211,32.215667724609375],[-80.83899688720703,32.15422058105469],[-80.99160766601562,31.859275817871094],[-81.18841552734375,31.928726196289062],[-81.08963775634766,31.88330078125],[-81.16458129882812,31.7308349609375],[-81.30044555664062,31.789138793945312],[-81.17961120605469,31.592498779296875],[-81.32672119140625,31.666244506835938],[-81.19711303710938,31.579139709472656],[-81.35294342041016,31.533309936523438],[-81.20214080810547,31.479942321777344],[-81.43499755859375,31.340438842773438],[-81.42830657958984,31.013748168945312],[-81.54753112792969,31.084579467773438],[-81.46971893310547,30.90522003173828],[-81.40511322021484,30.976722717285156],[-81.5114974975586,30.72344207763672],[-81.30791473388672,29.82916259765625],[-80.57291412353516,28.582504272460938],[-80.52458190917969,28.455001831054688],[-80.65753173828125,28.300384521484375],[-80.81964111328125,28.649169921875],[-80.18797302246094,27.174163818359375],[-80.32294464111328,27.240806579589844],[-80.15294647216797,27.154190063476562],[-80.03166961669922,26.805938720703125],[-80.12130737304688,25.809165954589844],[-80.13088989257812,25.928726196289062],[-80.41627502441406,25.201637268066406],[-80.25294494628906,25.340805053710938],[-80.43460845947266,25.10913848876953],[-80.3865737915039,25.18359375],[-80.55750274658203,25.244552612304688],[-81.08999633789062,25.117050170898438],[-81.14497375488281,25.326278686523438],[-80.90377807617188,25.251663208007812],[-81.21125030517578,25.519943237304688],[-81.02627563476562,25.564132690429688],[-81.22750091552734,25.55622100830078],[-81.39583587646484,25.856216430664062],[-81.73208618164062,25.910804748535156],[-81.65544128417969,25.979995727539062],[-81.80464172363281,26.08916473388672],[-81.85458374023438,26.450836181640625],[-82.01377868652344,26.487442016601562],[-81.805419921875,26.699996948242188],[-82.06375122070312,26.56580352783203],[-82.09625244140625,26.916641235351562],[-82.00047302246094,26.976669311523438],[-82.2737808227539,27.02002716064453],[-82.163330078125,26.82958221435547],[-82.28544616699219,26.819137573242188],[-82.69377899169922,27.474166870117188],[-82.47711181640625,27.5191650390625],[-82.6487808227539,27.53333282470703],[-82.43708038330078,27.717498779296875],[-82.40458679199219,27.945831298828125],[-82.5374984741211,27.83374786376953],[-82.69422149658203,28.03619384765625],[-82.73041534423828,27.935028076171875],[-82.58377838134766,27.880775451660156],[-82.67752838134766,27.694549560546875],[-82.85377502441406,27.869972229003906],[-82.64044189453125,28.533309936523438],[-82.63874816894531,28.833328247070312],[-82.73544311523438,28.85497283935547],[-82.62628173828125,28.87164306640625],[-82.79916381835938,29.174560546875],[-83.0606689453125,29.16143798828125],[-83.68219757080078,29.924942016601562],[-84.20833587646484,30.13958740234375],[-84.43533325195312,29.99402618408203],[-84.34652709960938,29.89691162109375],[-85.35663604736328,29.663330078125],[-85.41464233398438,29.85552978515625],[-85.35930633544922,29.680221557617188],[-85.31647491455078,29.834197998046875],[-85.68714141845703,30.126632690429688],[-85.47252655029297,30.0062255859375],[-85.39380645751953,30.0516357421875],[-85.7230224609375,30.184555053710938],[-85.58252716064453,30.311248779296875],[-85.87547302246094,30.311614990234375],[-85.73505401611328,30.12291717529297],[-86.5158920288086,30.389968872070312],[-86.1165542602539,30.37408447265625],[-86.1993637084961,30.493804931640625],[-87.18638610839844,30.342437744140625],[-86.8800277709961,30.439193725585938],[-87.02769470214844,30.606582641601562],[-87.06977844238281,30.445892333984375],[-87.17994689941406,30.580718994140625],[-87.17866516113281,30.422744750976562],[-87.42402648925781,30.305282592773438],[-87.32661437988281,30.315689086914062],[-87.55069732666016,30.277359008789062],[-87.34430694580078,30.429969787597656],[-87.41883087158203,30.46160888671875],[-87.61425018310547,30.358108520507812],[-87.55661010742188,30.274192810058594],[-88.03022003173828,30.221694946289062],[-87.72875213623047,30.30266571044922],[-87.91011047363281,30.412139892578125],[-88.00119018554688,30.775054931640625],[-88.1366958618164,30.31072235107422],[-88.93013763427734,30.430580139160156],[-88.85794067382812,30.388389587402344],[-89.35416412353516,30.369613647460938],[-89.4574966430664,30.177078247070312],[-89.65249633789062,30.16205596923828],[-90.1995849609375,30.385719299316406],[-90.40755462646484,30.212417602539062],[-90.39308166503906,30.069854736328125],[-90.15174865722656,30.022415161132812],[-89.7433853149414,30.17627716064453],[-89.81085968017578,29.915390014648438],[-89.61172485351562,29.872085571289062],[-89.44499969482422,30.062911987304688],[-89.48005676269531,29.953781127929688],[-89.23794555664062,29.887466430664062],[-89.41666412353516,29.747886657714844],[-89.47003173828125,29.817054748535156],[-89.42500305175781,29.727920532226562],[-89.53128051757812,29.786636352539062],[-89.42749786376953,29.676254272460938],[-89.63922119140625,29.763717651367188],[-89.56291961669922,29.657470703125],[-89.66755676269531,29.69122314453125],[-89.6137466430664,29.574188232421875],[-89.70794677734375,29.5625],[-89.56083679199219,29.39288330078125],[-89.20085906982422,29.352920532226562],[-89.125,29.18291473388672],[-88.99864196777344,29.18260955810547],[-89.15164184570312,29.000167846679688],[-89.26002502441406,29.112060546875],[-89.41416931152344,28.9195556640625],[-89.2870864868164,29.123275756835938],[-89.40666961669922,29.08625030517578],[-89.62335968017578,29.326248168945312],[-89.82669067382812,29.31121826171875],[-89.76669311523438,29.47955322265625],[-90.19605255126953,29.569107055664062],[-90.02422332763672,29.43061065673828],[-90.11494445800781,29.140716552734375],[-90.24185943603516,29.086639404296875],[-90.2574462890625,29.255775451660156],[-90.4449691772461,29.34986114501953],[-90.8582763671875,29.088272094726562],[-91.13044738769531,29.21680450439453],[-91.25105285644531,29.635162353515625],[-91.31616973876953,29.488418579101562],[-91.43019104003906,29.52252197265625],[-91.40088653564453,29.636886596679688],[-91.55435943603516,29.51660919189453],[-91.60816955566406,29.754806518554688],[-91.88363647460938,29.712608337402344],[-91.82880401611328,29.832748413085938],[-92.20586395263672,29.75225067138672],[-92.00575256347656,29.612388610839844],[-92.3235855102539,29.532333374023438],[-93.34703063964844,29.804527282714844],[-93.83541870117188,29.693084716796875],[-93.90682983398438,29.7955322265625],[-93.75819396972656,29.966026306152344],[-93.8629150390625,29.99047088623047],[-93.93761444091797,29.783447265625],[-93.84219360351562,29.678916931152344],[-94.77149963378906,29.360809326171875],[-94.46861267089844,29.557357788085938],[-94.78097534179688,29.529190063476562],[-94.72697448730469,29.789276123046875],[-94.99150085449219,29.714248657226562],[-95.07494354248047,29.547607421875],[-94.80924987792969,29.3651123046875],[-95.19041442871094,29.213531494140625],[-95.21527862548828,29.020217895507812],[-95.1225814819336,29.068359375],[-96.217529296875,28.4903564453125],[-95.97350311279297,28.65814208984375],[-96.22838592529297,28.57788848876953],[-96.16252899169922,28.762916564941406],[-96.36499786376953,28.62628173828125],[-96.44169616699219,28.7703857421875],[-96.373779296875,28.62413787841797],[-96.48835754394531,28.56707763671875],[-96.4616928100586,28.666275024414062],[-96.66339111328125,28.722030639648438],[-96.64044189453125,28.57330322265625],[-96.40125274658203,28.44330596923828],[-96.66919708251953,28.313751220703125],[-96.80419158935547,28.479583740234375],[-96.78377532958984,28.229995727539062],[-96.90753173828125,28.127883911132812],[-96.91586303710938,28.268753051757812],[-96.97919464111328,28.128753662109375],[-97.19277954101562,28.170166015625],[-97.193359375,27.97125244140625],[-97.01994323730469,28.103302001953125],[-97.19086456298828,27.822891235351562],[-97.52461242675781,27.87335968017578],[-97.38127899169922,27.835800170898438],[-97.47880554199219,27.819137573242188],[-97.31124877929688,27.712493896484375],[-97.37836456298828,27.63622283935547],[-97.24461364746094,27.69080352783203],[-97.40458679199219,27.330810546875],[-97.498779296875,27.30999755859375],[-97.505859375,27.470382690429688],[-97.6058349609375,27.287025451660156],[-97.73258209228516,27.414581298828125],[-97.65547180175781,27.30413818359375],[-97.78211212158203,27.281639099121094],[-97.42211151123047,27.2633056640625],[-97.56716918945312,26.968246459960938],[-97.47044372558594,26.859054565429688],[-97.56632995605469,26.84661102294922],[-97.44550323486328,26.37493896484375],[-97.18885803222656,26.07074737548828],[-97.29785919189453,25.985107421875],[-97.1526107788086,26.063720703125],[-97.14453125,25.960052490234375],[-97.19702911376953,25.642578125],[-97.52749633789062,25.01538848876953],[-97.41002655029297,25.424606323242188],[-97.55838775634766,25.486305236816406],[-97.53502655029297,25.287109375],[-97.70255279541016,25.413803100585938],[-97.80960845947266,25.258277893066406],[-97.66958618164062,25.1766357421875],[-97.78455352783203,25.13330078125],[-97.69461059570312,25.151641845703125],[-97.75211334228516,24.979141235351562],[-97.63964080810547,24.928329467773438],[-97.73544311523438,24.90416717529297],[-97.74127960205078,24.486663818359375],[-97.82585906982422,24.581222534179688],[-97.86627960205078,24.524993896484375],[-97.79582977294922,24.31707763671875],[-97.74458312988281,24.4508056640625],[-97.73497009277344,23.770614624023438],[-97.76008605957031,22.892715454101562],[-97.89111328125,22.597503662109375],[-97.83821868896484,22.67724609375],[-97.72819519042969,22.007247924804688],[-97.3223876953125,21.570526123046875],[-97.411376953125,21.296600341796875],[-97.37352752685547,21.526748657226562],[-97.62232971191406,21.78533172607422],[-97.77324676513672,22.073028564453125],[-97.17072296142578,20.663055419921875],[-96.44680786132812,19.858413696289062],[-96.3058853149414,19.313247680664062],[-95.74246978759766,18.785720825195312],[-95.86433410644531,18.822471618652344],[-95.85741424560547,18.716552734375],[-95.18580627441406,18.719139099121094],[-95.02430725097656,18.512527465820312],[-94.80147552490234,18.539688110351562],[-94.41683197021484,18.060806274414062],[-94.40736389160156,18.159225463867188],[-93.75558471679688,18.264892578125],[-93.58830261230469,18.394081115722656],[-93.85250091552734,18.295059204101562],[-93.44830322265625,18.447357177734375],[-93.15088653564453,18.443252563476562],[-93.12908172607422,18.343360900878906],[-93.14588928222656,18.44146728515625],[-92.7018051147461,18.602333068847656],[-92.65235900878906,18.50341796875],[-92.68402862548828,18.61919403076172],[-92.34508514404297,18.67919158935547],[-91.97628021240234,18.719024658203125],[-91.85233306884766,18.596328735351562],[-92.00749969482422,18.600082397460938],[-92.01158142089844,18.528472900390625],[-91.5562515258789,18.439666748046875],[-91.23139190673828,18.74866485595703],[-91.38136291503906,18.866531372070312],[-91.51100158691406,18.78827667236328],[-91.45588684082031,18.867164611816406],[-90.71919250488281,19.363052368164062],[-90.70083618164062,19.690994262695312],[-90.48603057861328,19.907272338867188],[-90.49571990966797,20.51824951171875],[-90.28216552734375,21.05322265625],[-88.13680267333984,21.630027770996094],[-87.22441864013672,21.419052124023438],[-87.03724670410156,21.590667724609375],[-86.73805236816406,21.138580322265625],[-87.45410919189453,20.16313934326172],[-87.46702575683594,19.77452850341797],[-87.46802520751953,19.94763946533203],[-87.49144744873047,19.8084716796875],[-87.7435531616211,19.671859741210938],[-87.66522216796875,19.503219604492188],[-87.41522216796875,19.592330932617188],[-87.70024871826172,19.234771728515625],[-87.45713806152344,19.317947387695312],[-87.83924865722656,18.188194274902344],[-87.93058013916016,18.4381103515625],[-88.08086395263672,18.478858947753906],[-88.052001953125,18.856826782226562],[-88.398193359375,18.37830352783203],[-88.0931396484375,18.355224609375],[-88.29367065429688,17.620277404785156],[-88.18177795410156,17.497360229492188],[-88.30519104003906,17.231307983398438],[-88.21736145019531,16.957443237304688],[-88.36325073242188,16.512557983398438],[-88.58335876464844,16.239974975585938],[-88.74835968017578,16.217559814453125],[-88.93653106689453,15.890579223632812],[-88.62261199951172,15.6951904296875],[-88.49336242675781,15.844108581542969],[-88.59178161621094,15.964218139648438],[-88.14655303955078,15.681671142578125],[-87.72252655029297,15.925804138183594],[-87.50980377197266,15.777442932128906],[-86.91166687011719,15.756637573242188],[-86.36061096191406,15.78253173828125],[-85.93722534179688,15.930809020996094],[-86.00780487060547,16.02911376953125],[-85.46536254882812,15.860610961914062],[-85.02177429199219,15.9873046875],[-84.65066528320312,15.776412963867188],[-84.48486328125,15.812141418457031],[-84.64733123779297,15.867530822753906],[-84.3048324584961,15.817359924316406],[-83.72747039794922,15.394248962402344],[-84.04469299316406,15.527496337890625],[-84.09249877929688,15.338363647460938],[-83.96927642822266,15.395774841308594],[-83.7681655883789,15.19427490234375],[-83.55322265625,15.280776977539062],[-83.71755981445312,15.396720886230469],[-83.38516998291016,15.250862121582031],[-83.14158630371094,14.992996215820312],[-83.30413818359375,14.783248901367188],[-83.32677459716797,14.909858703613281],[-83.42597198486328,14.816612243652344],[-83.30741882324219,14.774917602539062],[-83.19744110107422,14.328079223632812],[-83.54528045654297,13.563163757324219],[-83.48899841308594,12.4031982421875],[-83.6433334350586,12.375579833984375],[-83.54483032226562,12.757308959960938],[-83.62349700927734,12.818252563476562],[-83.59491729736328,12.623947143554688],[-83.78233337402344,12.489891052246094],[-83.67916870117188,12.273277282714844],[-83.61744689941406,12.354995727539062],[-83.6800537109375,11.991416931152344],[-83.75,12.109107971191406],[-83.84419250488281,11.887748718261719],[-83.70510864257812,11.858360290527344],[-83.64330291748047,11.606475830078125],[-83.8800277709961,11.292610168457031],[-83.5098876953125,10.533111572265625],[-82.78069305419922,9.665275573730469],[-82.34266662597656,9.432830810546875],[-82.39836120605469,9.2889404296875],[-82.17202758789062,9.198112487792969],[-82.24491882324219,8.998306274414062],[-82.08169555664062,8.924972534179688],[-81.78919219970703,8.943328857421875],[-81.89483642578125,9.188247680664062],[-81.51599884033203,8.803276062011719],[-81.08258056640625,8.808387756347656],[-79.97677612304688,9.364891052246094]]]}},{"type":"Feature","properties":{},"geometry":{"type":"Polygon","coordinates":[[[-73.44086456298828,-53.030860900878906],[-73.16752624511719,-52.92250061035156],[-73.5726089477539,-52.818328857421875],[-73.22747039794922,-52.815032958984375],[-73.3008041381836,-52.724998474121094],[-73.00416564941406,-52.58586120605469],[-73.1191635131836,-52.52916717529297],[-72.8908920288086,-52.50166320800781],[-73.13666534423828,-52.5120849609375],[-73.21172332763672,-52.417083740234375],[-73.26921844482422,-52.51499938964844],[-73.14250183105469,-52.58833312988281],[-73.24578094482422,-52.69667053222656],[-73.39505767822266,-52.57044219970703],[-73.36419677734375,-52.66667175292969],[-73.7033920288086,-52.79631042480469],[-73.62586212158203,-52.551666259765625],[-73.44083404541016,-52.513336181640625],[-73.64752960205078,-52.44416809082031],[-73.55249786376953,-52.22413635253906],[-73.73919677734375,-52.043365478515625],[-73.33002471923828,-52.24871826171875],[-72.99833679199219,-52.08380126953125],[-73.14585876464844,-52.272552490234375],[-72.97755432128906,-52.188331604003906],[-72.98838806152344,-52.36377716064453],[-72.82083129882812,-52.14839172363281],[-72.92671966552734,-52.200416564941406],[-72.96927642822266,-52.07252502441406],[-72.77080535888672,-51.96922302246094],[-72.56588745117188,-52.24085998535156],[-72.9183578491211,-52.47627258300781],[-72.55085754394531,-52.3533935546875],[-72.48419189453125,-52.1824951171875],[-72.68755340576172,-51.970001220703125],[-72.4925308227539,-51.940834045410156],[-72.4792251586914,-51.79252624511719],[-72.70677947998047,-51.59452819824219],[-72.69019317626953,-51.674530029296875],[-73.1441650390625,-51.52166748046875],[-72.93352508544922,-51.156890869140625],[-73.10328674316406,-51.36041259765625],[-73.42585754394531,-51.46502685546875],[-72.5491943359375,-51.757476806640625],[-72.82003021240234,-51.842918395996094],[-73.36255645751953,-51.555023193359375],[-73.26249694824219,-51.72169494628906],[-73.01427459716797,-51.79502868652344],[-73.22247314453125,-51.919166564941406],[-72.93428039550781,-51.87422180175781],[-73.13580322265625,-51.97166442871094],[-73.15338897705078,-52.12294006347656],[-73.28253173828125,-52.07167053222656],[-73.2292251586914,-51.888389587402344],[-73.40255737304688,-51.634193420410156],[-73.26997375488281,-52.17627716064453],[-73.64421844482422,-51.86585998535156],[-73.59674835205078,-51.799583435058594],[-73.37255859375,-52.04756164550781],[-73.5975570678711,-51.747528076171875],[-73.43916320800781,-51.677528381347656],[-73.6183090209961,-51.64544677734375],[-73.70833587646484,-51.794586181640625],[-73.81586456298828,-51.704193115234375],[-73.74089050292969,-51.65419006347656],[-73.93086242675781,-51.628334045410156],[-73.78919219970703,-51.55332946777344],[-73.92253112792969,-51.546722412109375],[-73.90174865722656,-51.37208557128906],[-73.58583068847656,-51.62168884277344],[-73.6792221069336,-51.485809326171875],[-73.58002471923828,-51.54624938964844],[-73.63749694824219,-51.467529296875],[-73.54591369628906,-51.45585632324219],[-73.72086334228516,-51.32086181640625],[-73.62252807617188,-51.318359375],[-73.66085815429688,-51.1116943359375],[-73.8125,-51.06422424316406],[-73.7425537109375,-51.174224853515625],[-73.89338684082031,-51.26377868652344],[-73.98999786376953,-51.116249084472656],[-74.07833099365234,-51.21710968017578],[-74.1491928100586,-51.06669616699219],[-74.0425796508789,-50.950889587402344],[-74.19841766357422,-51.062110900878906],[-74.23747253417969,-50.92333221435547],[-73.8984146118164,-50.8687744140625],[-73.79838562011719,-50.96458435058594],[-73.88255310058594,-50.84422302246094],[-73.73416900634766,-50.82502746582031],[-73.75908660888672,-50.66419219970703],[-73.33924865722656,-50.69419860839844],[-73.74411010742188,-50.56500244140625],[-73.5699691772461,-50.3870849609375],[-73.7691421508789,-50.54083251953125],[-73.81905364990234,-50.77330780029297],[-74.03666687011719,-50.85127258300781],[-74.22755432128906,-50.59583282470703],[-74.09085845947266,-50.58250427246094],[-74.29916381835938,-50.47252655029297],[-73.87158203125,-50.56208801269531],[-74.16085815429688,-50.440032958984375],[-73.96238708496094,-50.375030517578125],[-74.24336242675781,-50.452911376953125],[-74.29922485351562,-50.35419464111328],[-74.12919616699219,-50.337501525878906],[-74.28166961669922,-50.24461364746094],[-74.35669708251953,-50.40791320800781],[-74.63088989257812,-50.240028381347656],[-74.5675277709961,-50.17750549316406],[-74.70092010498047,-50.209999084472656],[-74.380859375,-50.09503173828125],[-74.60922241210938,-50.10333251953125],[-74.42500305175781,-50.01958465576172],[-74.16255950927734,-50.288360595703125],[-73.86155700683594,-50.30127716064453],[-74.15591430664062,-50.21502685546875],[-74.13424682617188,-50.09916687011719],[-74.3542251586914,-49.990028381347656],[-73.86650085449219,-50.069610595703125],[-74.01249694824219,-50.00419616699219],[-73.83927917480469,-49.834251403808594],[-74.01669311523438,-49.99041748046875],[-74.26338958740234,-49.91038513183594],[-74.31583404541016,-49.785003662109375],[-74.02249908447266,-49.72080993652344],[-74.2750015258789,-49.76625061035156],[-74.3191909790039,-49.63999938964844],[-73.90680694580078,-49.55210876464844],[-73.7151107788086,-49.811279296875],[-73.64930725097656,-49.72416687011719],[-73.87008666992188,-49.527137756347656],[-74.09591674804688,-49.50921630859375],[-74.03177642822266,-49.258750915527344],[-73.80430603027344,-49.399169921875],[-74.038330078125,-49.19294738769531],[-74.18594360351562,-49.206634521484375],[-74.17585754394531,-49.538330078125],[-74.41252899169922,-49.39582824707031],[-74.32250213623047,-49.19169616699219],[-74.45896911621094,-49.0],[-74.32707977294922,-48.94172668457031],[-74.43550109863281,-48.80918884277344],[-74.36335754394531,-48.713775634765625],[-74.20083618164062,-48.854583740234375],[-74.31092071533203,-48.75544738769531],[-74.05297088623047,-48.7449951171875],[-74.39544677734375,-48.60169219970703],[-74.18499755859375,-48.4796142578125],[-73.95761108398438,-48.60877990722656],[-74.0187759399414,-48.44169616699219],[-73.84136199951172,-48.407554626464844],[-74.26836395263672,-48.34794616699219],[-74.51628112792969,-48.1033935546875],[-74.39752960205078,-48.0179443359375],[-74.58502960205078,-48.10624694824219],[-74.65213775634766,-48.01002502441406],[-74.53422546386719,-47.9495849609375],[-74.33422088623047,-48.022972106933594],[-74.2741928100586,-48.27461242675781],[-74.10880279541016,-48.21336364746094],[-74.20002746582031,-48.245445251464844],[-74.31208038330078,-48.02752685546875],[-74.1534194946289,-48.10541534423828],[-74.12505340576172,-47.99627685546875],[-73.89508056640625,-48.13624572753906],[-73.77758026123047,-48.05958557128906],[-73.81591796875,-48.175384521484375],[-73.62388610839844,-48.16669464111328],[-73.66516876220703,-48.27708435058594],[-73.49842071533203,-48.20216369628906],[-73.38680267333984,-48.28877258300781],[-73.26808166503906,-48.25836181640625],[-73.39888763427734,-48.22919464111328],[-73.29883575439453,-48.065887451171875],[-73.40091705322266,-48.21543884277344],[-73.67877960205078,-47.921661376953125],[-73.46930694580078,-48.01466369628906],[-73.22721862792969,-48.01922607421875],[-73.54508209228516,-47.96125030517578],[-73.55316925048828,-47.82966613769531],[-73.73794555664062,-47.802528381347656],[-73.63788604736328,-47.665000915527344],[-73.73088836669922,-47.62547302246094],[-73.77046966552734,-47.81083679199219],[-73.9366683959961,-47.86711120605469],[-74.7296142578125,-47.714195251464844],[-74.5199966430664,-47.52705383300781],[-74.38544464111328,-47.61505126953125],[-74.5800552368164,-47.68791198730469],[-74.11497497558594,-47.748809814453125],[-74.28955841064453,-47.65666198730469],[-74.06838989257812,-47.64375305175781],[-74.29125213623047,-47.63752746582031],[-73.91542053222656,-47.509193420410156],[-74.29755401611328,-47.602943420410156],[-74.09341430664062,-47.43878173828125],[-74.35832977294922,-47.544639587402344],[-74.45708465576172,-47.46922302246094],[-74.24500274658203,-47.40455627441406],[-74.51374816894531,-47.454193115234375],[-74.30508422851562,-47.20628356933594],[-74.17755889892578,-47.379608154296875],[-74.23544311523438,-47.20503234863281],[-74.1417465209961,-47.211273193359375],[-74.0758056640625,-47.390411376953125],[-74.12877655029297,-47.20503234863281],[-73.92377471923828,-47.211669921875],[-74.04463958740234,-47.160003662109375],[-73.93714141845703,-47.00752258300781],[-74.21050262451172,-46.88258361816406],[-74.0945816040039,-46.83677673339844],[-74.30883026123047,-46.799163818359375],[-74.2116928100586,-46.754669189453125],[-74.598388671875,-46.724609375],[-74.45794677734375,-46.78419494628906],[-74.68553924560547,-46.81689453125],[-74.45502471923828,-46.89955139160156],[-74.66841888427734,-46.87877655029297],[-74.75749969482422,-46.74791717529297],[-74.85002899169922,-46.808746337890625],[-75.01630401611328,-46.6500244140625],[-74.86924743652344,-46.437110900878906],[-75.07003021240234,-46.616302490234375],[-75.52210998535156,-46.71666717529297],[-75.55252838134766,-46.81794738769531],[-75.30461120605469,-46.725830078125],[-75.39213562011719,-46.81083679199219],[-75.22875213623047,-46.848358154296875],[-75.2983627319336,-46.947113037109375],[-75.47083282470703,-46.96797180175781],[-75.62208557128906,-46.72919464111328],[-75.55838775634766,-46.58711242675781],[-75.38202667236328,-46.63356018066406],[-75.47463989257812,-46.53669738769531],[-75.27669525146484,-46.417945861816406],[-75.12002563476562,-46.45794677734375],[-75.15583038330078,-46.31291198730469],[-74.8546142578125,-46.37249755859375],[-75.05046844482422,-46.250030517578125],[-74.84427642822266,-46.30207824707031],[-74.87333679199219,-46.16291809082031],[-74.66542053222656,-46.1741943359375],[-74.76171875,-46.049583435058594],[-74.56378173828125,-46.04756164550781],[-74.72047424316406,-46.02833557128906],[-74.68419647216797,-45.900421142578125],[-74.87666320800781,-46.11460876464844],[-75.01171875,-46.11711120605469],[-75.05339050292969,-46.03961181640625],[-74.81632995605469,-45.99586486816406],[-75.02252960205078,-46.001251220703125],[-74.92713928222656,-45.96586608886719],[-75.09124755859375,-45.88499450683594],[-74.78419494628906,-45.94874572753906],[-74.94877624511719,-45.86585998535156],[-74.72750091552734,-45.813751220703125],[-74.71424865722656,-45.89964294433594],[-74.5250015258789,-45.83961486816406],[-74.4308853149414,-46.047943115234375],[-74.3495864868164,-45.96586608886719],[-74.44171905517578,-45.802947998046875],[-74.0842514038086,-45.81463623046875],[-74.26630401611328,-45.905860900878906],[-74.02163696289062,-45.97711181640625],[-74.31291961669922,-46.00917053222656],[-74.068359375,-46.017112731933594],[-74.06794738769531,-46.11003112792969],[-74.33374786376953,-46.13252258300781],[-74.0633316040039,-46.12541198730469],[-74.01669311523438,-45.98960876464844],[-73.99458312988281,-46.15252685546875],[-74.45960998535156,-46.199195861816406],[-74.01586151123047,-46.18797302246094],[-74.09500122070312,-46.34880065917969],[-73.98892974853516,-46.260948181152344],[-73.84255981445312,-46.35539245605469],[-74.00800323486328,-46.231719970703125],[-73.8691635131836,-46.14460754394531],[-73.72630310058594,-46.271697998046875],[-73.94377899169922,-46.56669616699219],[-73.6374740600586,-46.53961181640625],[-73.75130462646484,-46.40753173828125],[-73.399169921875,-46.32627868652344],[-73.55960845947266,-46.27000427246094],[-73.3363037109375,-46.04002380371094],[-73.67333221435547,-46.33213806152344],[-73.64458465576172,-45.97999572753906],[-73.38755798339844,-45.70381164550781],[-73.14130401611328,-45.65336608886719],[-73.28169250488281,-45.59124755859375],[-73.57252502441406,-45.78460693359375],[-73.492919921875,-45.45838928222656],[-73.21002960205078,-45.29127502441406],[-72.99085998535156,-45.45124816894531],[-72.77210998535156,-45.40753173828125],[-73.51625061035156,-45.20002746582031],[-73.28125,-45.15336608886719],[-73.36589050292969,-44.95628356933594],[-72.68841552734375,-44.78044128417969],[-72.6629409790039,-44.53582763671875],[-72.54963684082031,-44.527496337890625],[-72.56002807617188,-44.32627868652344],[-72.68172454833984,-44.5096435546875],[-72.92121887207031,-44.372528076171875],[-72.85416412353516,-44.28794860839844],[-73.18585968017578,-44.25213623046875],[-73.09083557128906,-44.126251220703125],[-73.17416381835938,-44.20375061035156],[-73.287109375,-44.16502380371094],[-73.0804443359375,-44.10919189453125],[-73.1320571899414,-43.981666564941406],[-72.99263763427734,-43.79130554199219],[-72.8338851928711,-43.811668395996094],[-72.83758544921875,-43.66297149658203],[-72.85597229003906,-43.781280517578125],[-73.0479736328125,-43.74169921875],[-72.87469482421875,-43.655914306640625],[-73.10294342041016,-43.459197998046875],[-72.86552429199219,-43.23927307128906],[-72.8675537109375,-43.033050537109375],[-72.70972442626953,-43.10841369628906],[-72.77633666992188,-43.005943298339844],[-72.68211364746094,-42.92253112792969],[-72.86127471923828,-42.77002716064453],[-72.82544708251953,-42.51586151123047],[-72.49627685546875,-42.619171142578125],[-72.8445816040039,-42.302528381347656],[-72.57755279541016,-42.20288848876953],[-72.48916625976562,-42.512939453125],[-72.49463653564453,-42.288330078125],[-72.38297271728516,-42.249114990234375],[-72.47624969482422,-42.193328857421875],[-72.35294342041016,-42.175804138183594],[-72.4737777709961,-42.160804748535156],[-72.42166900634766,-41.958778381347656],[-72.58338928222656,-42.049530029296875],[-72.88461303710938,-41.91413879394531],[-72.65922546386719,-41.73127746582031],[-72.28502655029297,-41.66705322265625],[-72.28291320800781,-41.393310546875],[-72.45835876464844,-41.694580078125],[-72.65005493164062,-41.70628356933594],[-72.95085906982422,-41.474578857421875],[-73.13255310058594,-41.7679443359375],[-73.76502990722656,-41.748748779296875],[-73.48627471923828,-41.56916809082031],[-73.80380249023438,-41.58416748046875],[-73.95960998535156,-41.00672149658203],[-73.71797180175781,-40.55583190917969],[-73.71041870117188,-40.0],[-73.47003173828125,-39.84794616699219],[-73.31375122070312,-39.943359375],[-73.4129409790039,-39.712554931640625],[-73.1937484741211,-39.4425048828125],[-73.36380767822266,-38.74830627441406],[-73.49127960205078,-38.655059814453125],[-73.4487533569336,-38.099998474121094],[-73.66542053222656,-37.72169494628906],[-73.59208679199219,-37.45752716064453],[-73.6854476928711,-37.33250427246094],[-73.58674621582031,-37.14460754394531],[-73.44669342041016,-37.25205993652344],[-73.1554183959961,-37.11500549316406],[-73.17041778564453,-36.81005859375],[-73.0866928100586,-36.81544494628906],[-73.21800231933594,-36.771697998046875],[-73.12169647216797,-36.6129150390625],[-73.10922241210938,-36.727943420410156],[-72.98127746582031,-36.70916748046875],[-72.78880310058594,-35.974998474121094],[-72.55963897705078,-35.770057678222656],[-72.64128112792969,-35.60002899169922],[-72.20380401611328,-35.127532958984375],[-72.0104751586914,-34.130027770996094],[-71.61880493164062,-33.625831604003906],[-71.75125122070312,-33.10002899169922],[-71.4804458618164,-32.91252899169922],[-71.55046844482422,-32.7933349609375],[-71.40963745117188,-32.38752746582031],[-71.55458068847656,-32.19499969482422],[-71.53047180175781,-31.601669311523438],[-71.7195816040039,-30.599166870117188],[-71.65213775634766,-30.264190673828125],[-71.39833068847656,-30.182083129882812],[-71.41960906982422,-29.996719360351562],[-71.27713775634766,-29.91002655029297],[-71.31208038330078,-29.4158935546875],[-71.49458312988281,-29.200889587402344],[-71.52044677734375,-28.913330078125],[-71.16464233398438,-28.357498168945312],[-71.03874969482422,-27.661666870117188],[-70.90047454833984,-27.619171142578125],[-70.974609375,-27.166671752929688],[-70.8104476928711,-27.05419158935547],[-70.62628173828125,-26.342529296875],[-70.73124694824219,-25.777557373046875],[-70.4496078491211,-25.36750030517578],[-70.58041381835938,-24.544998168945312],[-70.39624786376953,-23.57666778564453],[-70.6288070678711,-23.50499725341797],[-70.57958221435547,-23.082550048828125],[-70.3991928100586,-23.076278686523438],[-70.29127502441406,-22.911636352539062],[-70.05708312988281,-21.440025329589844],[-70.2112808227539,-20.810836791992188],[-70.1229476928711,-20.00921630859375],[-70.36383056640625,-18.791778564453125],[-70.30716705322266,-18.439224243164062],[-71.3816909790039,-17.706275939941406],[-71.47672271728516,-17.291221618652344],[-72.11164093017578,-17.014610290527344],[-72.45002746582031,-16.70294189453125],[-73.70252990722656,-16.242080688476562],[-75.1433334350586,-15.406280517578125],[-75.49666595458984,-14.918746948242188],[-75.91627502441406,-14.654190063476562],[-76.1379165649414,-14.227500915527344],[-76.29127502441406,-14.159194946289062],[-76.28461456298828,-13.908363342285156],[-76.3988037109375,-13.907501220703125],[-76.36585998535156,-13.800445556640625],[-76.25211334228516,-13.851692199707031],[-76.20211029052734,-13.395835876464844],[-76.80210876464844,-12.358390808105469],[-77.1721420288086,-12.072525024414062],[-77.21125030517578,-11.647529602050781],[-77.65791320800781,-11.290000915527344],[-77.65963745117188,-10.944999694824219],[-78.18547058105469,-10.106666564941406],[-78.41041564941406,-9.361663818359375],[-78.61213684082031,-9.174224853515625],[-78.98461151123047,-8.2125244140625],[-79.46538543701172,-7.715858459472656],[-79.686279296875,-7.117530822753906],[-79.98127746582031,-6.750862121582031],[-81.15213775634766,-5.979164123535156],[-81.08088684082031,-5.7854461669921875],[-80.849609375,-5.838386535644531],[-80.85211181640625,-5.6566925048828125],[-81.1937484741211,-5.214973449707031],[-81.0604476928711,-5.030029296875],[-81.32878112792969,-4.680030822753906],[-81.25541687011719,-4.272529602050781],[-80.48921966552734,-3.5079421997070312],[-80.00466918945312,-3.375030517578125],[-79.71463775634766,-2.5966949462890625],[-79.87752532958984,-2.2171096801757812],[-80.28878021240234,-2.6016693115234375],[-80.24749755859375,-2.7387771606445312],[-81.01044464111328,-2.185028076171875],[-80.77752685546875,-2.1429443359375],[-80.724609375,-1.9275283813476562],[-80.85130310058594,-1.598358154296875],[-80.73622131347656,-1.3541946411132812],[-80.91124725341797,-1.0541915893554688],[-80.58335876464844,-0.9246139526367188],[-80.46080780029297,-0.6195831298828125],[-80.2754135131836,-0.6699981689453125],[-80.50044250488281,-0.3925018310546875],[-80.0792236328125,0.05175018310546875],[-80.04994201660156,0.37010955810546875],[-79.9483642578125,0.1703033447265625],[-80.09083557128906,0.7754745483398438],[-79.06147003173828,1.2161102294921875],[-79.0143051147461,1.0410003662109375],[-78.92849731445312,1.063751220703125],[-78.78191375732422,1.4163360595703125],[-79.03338623046875,1.6357192993164062],[-78.84363555908203,1.8223876953125],[-78.53035736083984,1.7665023803710938],[-78.6856918334961,2.1690826416015625],[-78.5625,2.4415283203125],[-78.54164123535156,2.3359451293945312],[-78.41508483886719,2.512359619140625],[-78.31922149658203,2.3758316040039062],[-78.23925018310547,2.5625534057617188],[-78.10247039794922,2.4706954956054688],[-78.01097106933594,2.6558303833007812],[-77.76766967773438,2.6634140014648438],[-77.80767059326172,2.745025634765625],[-77.68174743652344,2.780029296875],[-77.76358032226562,2.80169677734375],[-77.61280822753906,2.853363037109375],[-77.6717758178711,3.0533065795898438],[-77.46336364746094,3.099945068359375],[-77.50691986083984,3.2148056030273438],[-77.3899154663086,3.225250244140625],[-77.36174774169922,3.4785003662109375],[-77.22569274902344,3.49163818359375],[-77.28900146484375,3.55474853515625],[-77.1086654663086,3.7103042602539062],[-77.19513702392578,3.7541122436523438],[-77.02347564697266,3.9194717407226562],[-77.27852630615234,3.8398895263671875],[-77.31519317626953,3.9550552368164062],[-77.16327667236328,4.0592498779296875],[-77.26191711425781,4.1181640625],[-77.35678100585938,3.929168701171875],[-77.53080749511719,4.205665588378906],[-77.27488708496094,4.719917297363281],[-77.4123306274414,5.4376678466796875],[-77.5550308227539,5.47613525390625],[-77.24405670166016,5.756721496582031],[-77.46074676513672,6.191558837890625],[-77.29411315917969,6.55816650390625],[-77.69564056396484,6.84869384765625],[-77.68099975585938,7.047607421875],[-77.99563598632812,7.291862487792969],[-78.44010925292969,8.089057922363281],[-78.27999877929688,8.08172607421875],[-78.31494140625,8.260749816894531],[-78.15730285644531,8.419891357421875],[-77.9632797241211,8.235916137695312],[-78.05894470214844,8.424163818359375],[-78.16146850585938,8.475692749023438],[-78.24842071533203,8.379859924316406],[-78.21941375732422,8.492111206054688],[-78.36885833740234,8.423309326171875],[-78.4183349609375,8.551139831542969],[-78.4209976196289,8.347442626953125],[-78.5153579711914,8.638832092285156],[-78.78977966308594,8.841529846191406],[-79.08777618408203,9.040779113769531],[-79.53892517089844,8.950599670410156],[-79.85929107666016,9.185813903808594],[-79.76787567138672,9.272201538085938],[-79.91625213623047,9.261276245117188],[-79.90506744384766,9.366340637207031],[-79.62433624267578,9.616500854492188],[-78.97100067138672,9.564720153808594],[-79.06038665771484,9.439361572265625],[-78.56263732910156,9.443305969238281],[-78.03800201416016,9.235580444335938],[-77.54360961914062,8.708305358886719],[-77.35436248779297,8.689720153808594],[-76.94002532958984,8.102081298828125],[-76.83460998535156,8.140861511230469],[-76.92900085449219,7.9375],[-76.77102661132812,7.914031982421875],[-76.75794219970703,8.393333435058594],[-76.93714141845703,8.557502746582031],[-76.33335876464844,8.929557800292969],[-76.0824966430664,9.342086791992188],[-75.61958312988281,9.451614379882812],[-75.57622528076172,9.642501831054688],[-75.70541381835938,9.704971313476562],[-75.5191650390625,10.239723205566406],[-75.70252990722656,10.147666931152344],[-75.50166320800781,10.307640075683594],[-75.51283264160156,10.574722290039062],[-75.25883483886719,10.80755615234375],[-74.8542251586914,11.113723754882812],[-74.76750183105469,11.004554748535156],[-74.84333038330078,11.113723754882812],[-74.27669525146484,11.002082824707031],[-74.5151138305664,10.972831726074219],[-74.38735961914062,10.742385864257812],[-74.21208190917969,11.076614379882812],[-74.23960876464844,11.226692199707031],[-74.14252471923828,11.341194152832031],[-73.27172088623047,11.292083740234375],[-72.77002716064453,11.682746887207031],[-72.29497528076172,11.862808227539062],[-72.17516326904297,12.221473693847656],[-71.9600830078125,12.2620849609375],[-71.92585754394531,12.157890319824219],[-71.85216522216797,12.227500915527344],[-71.9542465209961,12.277915954589844],[-71.66588592529297,12.464500427246094],[-71.27172088623047,12.344497680664062],[-71.10961151123047,12.051528930664062],[-71.38339233398438,11.754585266113281],[-71.96466827392578,11.557441711425781],[-71.8721694946289,11.219169616699219],[-71.6046142578125,10.99163818359375],[-71.77294158935547,11.0],[-71.57875061035156,10.704971313476562],[-71.62711334228516,10.442474365234375],[-72.13116455078125,9.813385009765625],[-71.93519592285156,9.519332885742188],[-71.99366760253906,9.599578857421875],[-71.99827575683594,9.444107055664062],[-71.72049713134766,9.387275695800781],[-71.82369232177734,9.229499816894531],[-71.70938873291016,9.052055358886719],[-71.34727478027344,9.090080261230469],[-71.07228088378906,9.311531066894531],[-71.0250015258789,9.716583251953125],[-71.47794342041016,10.39666748046875],[-71.59044647216797,10.796669006347656],[-71.4312744140625,10.80078125],[-71.49583435058594,10.955413818359375],[-70.1991958618164,11.350387573242188],[-70.16419219970703,11.472946166992188],[-70.01628112792969,11.473304748535156],[-70.13749694824219,11.571220397949219],[-69.788330078125,11.431251525878906],[-69.80335998535156,11.697052001953125],[-70.23544311523438,11.635833740234375],[-70.287109375,11.912498474121094],[-70.01988983154297,12.202392578125],[-69.83294677734375,12.034942626953125],[-69.62333679199219,11.474525451660156],[-68.8558578491211,11.454582214355469],[-68.39585876464844,11.187080383300781],[-68.25958251953125,10.911636352539062],[-68.36211395263672,10.924972534179688],[-68.22125244140625,10.888336181640625],[-68.32291412353516,10.857498168945312],[-68.29630279541016,10.690803527832031],[-68.12919616699219,10.488754272460938],[-66.23416900634766,10.65374755859375],[-66.04624938964844,10.582504272460938],[-66.10710906982422,10.502471923828125],[-65.81586456298828,10.225387573242188],[-65.70625305175781,10.214164733886719],[-65.87335968017578,10.307052612304688],[-65.0550537109375,10.063720703125],[-64.75252532958984,10.106224060058594],[-64.1750259399414,10.482887268066406],[-63.64288330078125,10.492469787597656],[-64.04833221435547,10.597885131835938],[-64.23169708251953,10.502082824707031],[-64.2608642578125,10.667030334472656],[-61.86663818359375,10.746170043945312],[-62.34419250488281,10.534584045410156],[-62.87586212158203,10.532890319824219],[-62.88874816894531,10.374969482421875],[-62.72624969482422,10.3883056640625],[-62.62236022949219,10.100051879882812],[-62.61250305175781,10.233695983886719],[-62.504608154296875,10.186637878417969],[-62.33885955810547,9.818191528320312],[-62.19499969482422,10.023719787597656],[-61.82499694824219,9.753753662109375],[-61.60499572753906,9.815391540527344],[-61.52752685546875,9.726219177246094],[-61.63666534423828,9.902915954589844],[-60.85502624511719,9.437858581542969],[-60.787078857421875,9.314163208007812],[-61.004638671875,9.166831970214844],[-60.846221923828125,9.187446594238281],[-60.957916259765625,9.019973754882812],[-60.88258361816406,8.917808532714844],[-60.811309814453125,8.984916687011719],[-60.875885009765625,8.59039306640625],[-60.46549987792969,8.514442443847656],[-60.22669219970703,8.642807006835938],[-59.04496765136719,7.958747863769531],[-58.4798583984375,7.334693908691406],[-58.690032958984375,6.382080078125],[-58.5806884765625,6.325469970703125],[-58.564605712890625,6.674163818359375],[-58.34169006347656,6.892082214355469],[-58.178749084472656,6.8166351318359375],[-58.21247100830078,6.629585266113281],[-58.08003234863281,6.8312530517578125],[-57.63902282714844,6.48394775390625],[-57.530860900878906,6.288719177246094],[-57.62677764892578,6.1741943359375],[-57.52955627441406,6.1916351318359375],[-57.49824523925781,6.337471008300781],[-57.32447052001953,6.2721099853515625],[-57.143585205078125,5.836585998535156],[-56.95574951171875,6.00677490234375],[-56.470855712890625,5.950416564941406],[-55.930023193359375,5.804557800292969],[-55.90252685546875,5.672920227050781],[-55.901275634765625,5.8458099365234375],[-55.76625061035156,5.8600006103515625],[-55.96211242675781,5.910804748535156],[-55.666748046875,5.999305725097656],[-55.1441650390625,5.917083740234375],[-55.16546630859375,5.80413818359375],[-55.092498779296875,5.7170257568359375],[-55.144378662109375,5.8172149658203125],[-55.01960754394531,5.8733062744140625],[-55.15875244140625,5.982444763183594],[-55.040916442871094,6.016639709472656],[-54.169281005859375,5.883697509765625],[-54.01631164550781,5.8315582275390625],[-54.035499572753906,5.6306915283203125],[-53.94667053222656,5.757942199707031],[-53.77207946777344,5.654136657714844],[-53.89672088623047,5.777862548828125],[-53.76002502441406,5.730415344238281],[-52.795860290527344,5.3095550537109375],[-52.366249084472656,4.918304443359375],[-52.420860290527344,4.852081298828125],[-52.290863037109375,4.947914123535156],[-52.33294677734375,4.8000030517578125],[-52.225807189941406,4.864524841308594],[-52.162139892578125,4.720832824707031],[-52.225830078125,4.615386962890625],[-52.08917236328125,4.669525146484375],[-51.955223083496094,4.380943298339844],[-51.88850402832031,4.579002380371094],[-51.726837158203125,4.4491424560546875],[-51.65739440917969,4.0595245361328125],[-51.59430694580078,4.234832763671875],[-51.53424835205078,4.1356658935546875],[-51.54878234863281,4.42724609375],[-51.30133056640625,4.2505035400390625],[-51.178497314453125,4.038108825683594],[-51.19561004638672,3.4243621826171875],[-51.07666778564453,3.885223388671875],[-51.03502655029297,3.125640869140625],[-50.68658447265625,2.1921920776367188],[-50.76666259765625,2.102142333984375],[-50.62147521972656,2.0998077392578125],[-50.45983123779297,1.8173065185546875],[-49.93269348144531,1.7117233276367188],[-49.90430450439453,1.3246688842773438],[-50.13844299316406,1.20977783203125],[-49.898468017578125,1.1981124877929688],[-50.125030517578125,0.9509735107421875],[-50.29669189453125,0.9342498779296875],[-50.326141357421875,0.73388671875],[-50.781333923339844,0.187530517578125],[-51.311279296875,-0.079193115234375],[-51.22125244140625,-0.09503173828125],[-51.70124816894531,-0.7492218017578125],[-51.712005615234375,-1.0264511108398438],[-51.91699981689453,-1.1619796752929688],[-51.92100524902344,-1.3236083984375],[-52.23199462890625,-1.34503173828125],[-52.712005615234375,-1.6034698486328125],[-52.26599884033203,-1.5210418701171875],[-52.20100402832031,-1.6903076171875],[-50.858001708984375,-0.9132156372070312],[-50.824005126953125,-1.0440521240234375],[-50.9530029296875,-1.1297073364257812],[-50.678001403808594,-1.634857177734375],[-50.73899841308594,-1.7422332763671875],[-50.52299499511719,-1.927337646484375],[-50.16600036621094,-1.9402236938476562],[-49.9949951171875,-1.8212509155273438],[-49.86000061035156,-2.0118560791015625],[-49.85400390625,-1.9137496948242188],[-49.2760009765625,-1.7333602905273438],[-49.688995361328125,-2.67626953125],[-49.433998107910156,-2.4935073852539062],[-49.195472717285156,-1.9008331298828125],[-48.99505615234375,-1.8962478637695312],[-48.652496337890625,-1.3946380615234375],[-48.44664001464844,-1.7071075439453125],[-48.49250030517578,-1.517913818359375],[-48.06707763671875,-1.5500259399414062],[-48.49464416503906,-1.462554931640625],[-48.47547149658203,-1.2850265502929688],[-48.34166717529297,-1.3104705810546875],[-48.23875427246094,-1.0833358764648438],[-48.305419921875,-0.9450302124023438],[-48.21172332763672,-0.8279190063476562],[-48.13624572753906,-0.899169921875],[-48.05335998535156,-0.659637451171875],[-47.81585693359375,-0.7412490844726562],[-47.825416564941406,-0.6066970825195312],[-47.66169738769531,-0.5812530517578125],[-47.72332763671875,-0.8104171752929688],[-47.55335998535156,-0.6354141235351562],[-47.36711120605469,-0.829193115234375],[-47.473724365234375,-0.592529296875],[-47.41413879394531,-0.688751220703125],[-47.2908935546875,-0.5962753295898438],[-47.1429443359375,-0.8024978637695312],[-47.077110290527344,-0.6833343505859375],[-47.091278076171875,-0.8475265502929688],[-46.955413818359375,-0.7141952514648438],[-46.97919464111328,-0.9112472534179688],[-46.845054626464844,-0.735443115234375],[-46.818328857421875,-0.9254684448242188],[-46.623779296875,-0.8550262451171875],[-46.75749969482422,-0.9937744140625],[-46.40916442871094,-1.0645828247070312],[-46.375,-0.97125244140625],[-46.34752655029297,-1.1137771606445312],[-46.19667053222656,-0.8888320922851562],[-46.28541564941406,-1.2092208862304688],[-46.17583465576172,-0.9929428100585938],[-46.17583465576172,-1.1620864868164062],[-46.07666778564453,-1.0237503051757812],[-46.14747619628906,-1.3046112060546875],[-45.98753356933594,-1.045440673828125],[-45.86500549316406,-1.2829437255859375],[-45.68377685546875,-1.1391677856445312],[-45.69502258300781,-1.4312744140625],[-45.59002685546875,-1.2604446411132812],[-45.56169128417969,-1.4295806884765625],[-45.41542053222656,-1.2916946411132812],[-45.521697998046875,-1.5120849609375],[-45.32666778564453,-1.3178863525390625],[-45.403778076171875,-1.5733642578125],[-45.239166259765625,-1.8512802124023438],[-45.237945556640625,-1.5466690063476562],[-45.070831298828125,-1.4271392822265625],[-44.95832824707031,-1.5829696655273438],[-44.832916259765625,-1.4141693115234375],[-44.96294403076172,-1.6241683959960938],[-44.81544494628906,-1.5883636474609375],[-44.805442810058594,-1.7533645629882812],[-44.70710754394531,-1.7300262451171875],[-44.80085754394531,-1.8104705810546875],[-44.59246826171875,-1.7420578002929688],[-44.711273193359375,-1.8933639526367188],[-44.536277770996094,-1.8249969482421875],[-44.61041259765625,-1.9266357421875],[-44.518333435058594,-1.89544677734375],[-44.577110290527344,-2.0408859252929688],[-44.482940673828125,-2.0508575439453125],[-44.987945556640625,-2.4483642578125],[-44.75169372558594,-2.281219482421875],[-44.76628112792969,-2.4316940307617188],[-44.65333557128906,-2.3670806884765625],[-44.63580322265625,-2.4679718017578125],[-44.49833679199219,-2.1470794677734375],[-44.39460754394531,-2.2099990844726562],[-44.39086151123047,-2.4104461669921875],[-44.546661376953125,-2.3971099853515625],[-44.52711486816406,-2.5208358764648438],[-44.74955749511719,-2.6233367919921875],[-44.54377746582031,-2.5383071899414062],[-44.702911376953125,-2.7341384887695312],[-44.61711120605469,-3.0666961669921875],[-44.81544494628906,-3.1883621215820312],[-44.818328857421875,-3.357940673828125],[-44.370887756347656,-2.7621078491210938],[-44.234222412109375,-2.9654464721679688],[-44.11335754394531,-2.745391845703125],[-44.086692810058594,-2.9671096801757812],[-43.94502258300781,-2.558746337890625],[-43.725860595703125,-2.4762496948242188],[-43.63172149658203,-2.5762481689453125],[-43.524192810058594,-2.4179153442382812],[-43.45832824707031,-2.5870819091796875],[-43.46125030517578,-2.42169189453125],[-43.34710693359375,-2.437530517578125],[-43.421661376953125,-2.3321075439453125],[-42.74749755859375,-2.567138671875],[-42.72169494628906,-2.7021102905273438],[-42.717559814453125,-2.558746337890625],[-42.2750244140625,-2.7562789916992188],[-42.2608642578125,-2.8595809936523438],[-41.83502960205078,-2.7062530517578125],[-41.33335876464844,-2.9837799072265625],[-41.267555236816406,-2.8787765502929688],[-40.82752990722656,-2.9237518310546875],[-40.50416564941406,-2.784637451171875],[-40.02247619628906,-2.8370819091796875],[-38.474998474121094,-3.70294189453125],[-38.22669219970703,-4.1104736328125],[-37.77166748046875,-4.401275634765625],[-37.790000915527344,-4.501304626464844],[-37.32167053222656,-4.705474853515625],[-37.15032958984375,-4.9741668701171875],[-36.96339416503906,-4.9187774658203125],[-36.686248779296875,-5.0908355712890625],[-36.22252655029297,-5.133750915527344],[-36.30127716064453,-5.09002685546875],[-35.97917175292969,-5.039581298828125],[-35.41461181640625,-5.225028991699219],[-35.097084045410156,-6.0558624267578125],[-35.15044403076172,-6.220001220703125],[-34.98877716064453,-6.385833740234375],[-34.91374969482422,-7.1158294677734375],[-34.83502960205078,-6.9679412841796875],[-34.794586181640625,-7.154167175292969],[-34.90794372558594,-7.755027770996094],[-34.82044219970703,-7.9225311279296875],[-35.360443115234375,-9.268363952636719],[-35.718360900878906,-9.682914733886719],[-35.79750061035156,-9.592086791992188],[-35.86597442626953,-9.740524291992188],[-35.95628356933594,-9.610000610351562],[-35.878334045410156,-9.751251220703125],[-35.80207824707031,-9.726638793945312],[-35.99122619628906,-9.824165344238281],[-35.90208435058594,-9.875030517578125],[-36.39585876464844,-10.503776550292969],[-37.04705810546875,-10.896636962890625],[-38.068748474121094,-12.666694641113281],[-38.47166442871094,-13.014610290527344],[-38.449310302734375,-12.777137756347656],[-38.69085693359375,-12.584609985351562],[-38.84574890136719,-12.834808349609375],[-38.72130584716797,-12.875030517578125],[-38.806251525878906,-13.148361206054688],[-39.03778076171875,-13.385330200195312],[-38.90711212158203,-13.380828857421875],[-38.89208221435547,-13.659194946289062],[-38.98374938964844,-13.614219665527344],[-38.987945556640625,-13.858360290527344],[-39.089805603027344,-13.887886047363281],[-38.98583221435547,-14.083778381347656],[-38.92958068847656,-13.910888671875],[-39.070472717285156,-14.813362121582031],[-38.987083435058594,-15.65496826171875],[-38.8570556640625,-15.86419677734375],[-39.22196960449219,-17.191558837890625],[-39.137054443359375,-17.69080352783203],[-39.34794616699219,-17.715858459472656],[-39.205413818359375,-17.7750244140625],[-39.5711669921875,-18.086502075195312],[-39.69874572753906,-18.373336791992188],[-39.808746337890625,-19.604995727539062],[-40.194610595703125,-19.949188232421875],[-40.408782958984375,-20.601669311523438],[-40.757080078125,-20.862503051757812],[-41.07127380371094,-21.501663208007812],[-40.98461151123047,-22.00250244140625],[-41.69749450683594,-22.285446166992188],[-41.961692810058594,-22.53125],[-41.99214172363281,-22.7066650390625],[-41.863807678222656,-22.75499725341797],[-42.01416778564453,-22.997085571289062],[-43.05085754394531,-22.98210906982422],[-43.08332824707031,-22.67877197265625],[-43.28877258300781,-22.800025939941406],[-43.18333435058594,-22.9854736328125],[-43.557525634765625,-23.077911376953125],[-43.84333801269531,-22.902915954589844],[-44.193359375,-23.057083129882812],[-44.41252899169922,-22.943771362304688],[-44.722137451171875,-23.19921875],[-44.50752258300781,-23.30291748046875],[-45.06005859375,-23.418777465820312],[-45.415443420410156,-23.630859375],[-45.413360595703125,-23.824554443359375],[-45.89839172363281,-23.757110595703125],[-46.28253173828125,-24.045440673828125],[-46.380165100097656,-23.898696899414062],[-46.3941650390625,-24.032135009765625],[-47.57249450683594,-24.67877197265625],[-48.06707763671875,-25.045860290527344],[-47.996246337890625,-25.209243774414062],[-48.212501525878906,-25.46875],[-48.133750915527344,-25.285888671875],[-48.32416534423828,-25.365447998046875],[-48.33252716064453,-25.2296142578125],[-48.50714111328125,-25.32672119140625],[-48.4625244140625,-25.478775024414062],[-48.74085998535156,-25.372940063476562],[-48.71417236328125,-25.499610900878906],[-48.348724365234375,-25.571670532226562],[-48.606971740722656,-25.824447631835938],[-48.58544921875,-26.174163818359375],[-48.7066650390625,-26.250411987304688],[-48.783355712890625,-26.159576416015625],[-48.8121337890625,-26.309219360351562],[-48.62127685546875,-26.400833129882812],[-48.68797302246094,-26.6800537109375],[-48.583778381347656,-26.786666870117188],[-48.68544006347656,-26.890029907226562],[-48.599609375,-27.132522583007812],[-48.46543884277344,-27.145858764648438],[-48.65208435058594,-27.260055541992188],[-48.52711486816406,-27.378387451171875],[-48.64964294433594,-27.485031127929688],[-48.57624816894531,-27.89086151123047],[-48.74749755859375,-28.495437622070312],[-48.76666259765625,-28.348777770996094],[-48.88294219970703,-28.340835571289062],[-48.7620849609375,-28.538360595703125],[-49.37669372558594,-28.912078857421875],[-49.699615478515625,-29.301666259765625],[-50.794639587402344,-31.142532348632812],[-52.08589172363281,-32.16461181640625],[-52.01124572753906,-31.946670532226562],[-52.10624694824219,-31.839996337890625],[-51.85997009277344,-31.87041473388672],[-51.440032958984375,-31.622085571289062],[-51.42503356933594,-31.487106323242188],[-51.266693115234375,-31.483749389648438],[-51.172943115234375,-31.064224243164062],[-50.981689453125,-31.04205322265625],[-50.972557067871094,-30.895416259765625],[-50.70794677734375,-30.75499725341797],[-50.73297119140625,-30.367523193359375],[-50.56877899169922,-30.464218139648438],[-50.59919738769531,-30.194580078125],[-50.918365478515625,-30.328750610351562],[-50.927528381347656,-30.440444946289062],[-51.25213623046875,-30.1875],[-51.2137451171875,-30.003326416015625],[-51.303749084472656,-30.005027770996094],[-51.297943115234375,-30.301719665527344],[-51.09544372558594,-30.371688842773438],[-51.26878356933594,-30.480865478515625],[-51.296722412109375,-30.818801879882812],[-51.387939453125,-30.653358459472656],[-51.36964416503906,-30.874191284179688],[-51.504608154296875,-30.9375],[-51.44041442871094,-31.0875244140625],[-51.62086486816406,-31.14208221435547],[-51.62168884277344,-31.270416259765625],[-51.93000030517578,-31.317947387695312],[-52.03297424316406,-31.69499969482422],[-52.11419677734375,-31.554611206054688],[-52.07122039794922,-31.67755126953125],[-52.274169921875,-31.777938842773438],[-52.10874938964844,-31.94671630859375],[-52.25627899169922,-32.05332946777344],[-52.082557678222656,-32.030418395996094],[-52.10127258300781,-32.16166687011719],[-52.3062744140625,-32.356689453125],[-52.59544372558594,-33.05918884277344],[-53.447166442871094,-33.80671691894531],[-53.775421142578125,-34.405029296875],[-54.15086364746094,-34.67047119140625],[-54.95252990722656,-34.97624969482422],[-55.7066650390625,-34.74627685546875],[-56.161720275878906,-34.93544006347656],[-56.42547607421875,-34.83252716064453],[-56.34130859375,-34.78172302246094],[-56.36500549316406,-34.70381164550781],[-56.81419372558594,-34.69127655029297],[-57.15338897705078,-34.45378112792969],[-57.8558349609375,-34.47711181640625],[-58.42961120605469,-33.91925048828125],[-58.36622619628906,-33.146751403808594],[-58.23955535888672,-33.100921630859375],[-58.442527770996094,-33.07044219970703],[-58.55207824707031,-33.690887451171875],[-58.462921142578125,-33.81922149658203],[-58.558746337890625,-33.840087890625],[-58.447113037109375,-33.845054626464844],[-58.560081481933594,-33.91377258300781],[-58.40711212158203,-33.96675109863281],[-58.59208679199219,-34.033355712890625],[-58.4058837890625,-34.015411376953125],[-58.37794494628906,-34.18836212158203],[-58.63544464111328,-34.26753234863281],[-58.48039245605469,-34.345054626464844],[-58.569610595703125,-34.41752624511719],[-57.19792175292969,-35.30332946777344],[-57.12046813964844,-35.450889587402344],[-57.37294006347656,-35.74333190917969],[-57.37957763671875,-35.97003173828125],[-57.13336181640625,-36.277915954589844],[-56.73041534423828,-36.33416748046875],[-56.66877746582031,-36.88752746582031],[-57.13130187988281,-37.5],[-57.433807373046875,-37.696693420410156],[-57.54753112792969,-38.10374450683594],[-58.50669860839844,-38.54296875],[-59.794189453125,-38.83125305175781],[-61.80335998535156,-38.99461364746094],[-62.34088897705078,-38.77044677734375],[-62.346282958984375,-39.16419219970703],[-62.238807678222656,-39.25250244140625],[-62.327911376953125,-39.26249694824219],[-62.006248474121094,-39.38252258300781],[-62.313720703125,-39.298362731933594],[-62.0362548828125,-39.453338623046875],[-62.110443115234375,-39.849998474121094],[-62.32122039794922,-39.86836242675781],[-62.33958435058594,-40.190032958984375],[-62.479583740234375,-40.301666259765625],[-62.19708251953125,-40.6383056640625],[-62.38252258300781,-40.911277770996094],[-62.815032958984375,-40.97210693359375],[-63.10833740234375,-41.158782958984375],[-63.79005432128906,-41.167083740234375],[-65.00794219970703,-40.718360900878906],[-64.90460968017578,-40.76252746582031],[-65.11627960205078,-40.836669921875],[-65.16877746582031,-41.063331604003906],[-64.9796142578125,-41.52085876464844],[-65.09541320800781,-41.573387145996094],[-65.0471420288086,-42.05583190917969],[-64.45835876464844,-42.23797607421875],[-64.61627960205078,-42.40666198730469],[-64.47086334228516,-42.44127655029297],[-64.1175308227539,-42.430389404296875],[-64.07255554199219,-42.26042175292969],[-64.37380981445312,-42.23833465576172],[-63.76506042480469,-42.075439453125],[-63.58464050292969,-42.616668701171875],[-63.688385009765625,-42.79878234863281],[-64.092529296875,-42.87794494628906],[-64.3949966430664,-42.51875305175781],[-64.97916412353516,-42.65293884277344],[-65.01166534423828,-42.784637451171875],[-64.3062744140625,-42.97755432128906],[-65.06336212158203,-43.30461120605469],[-65.33210754394531,-43.663360595703125],[-65.18791961669922,-44.03669738769531],[-65.31047058105469,-44.19999694824219],[-65.21544647216797,-44.370025634765625],[-65.72875213623047,-44.81330871582031],[-65.52124786376953,-44.931671142578125],[-65.68753051757812,-45.06291198730469],[-66.19000244140625,-44.984588623046875],[-66.59919738769531,-45.14378356933594],[-66.52333068847656,-45.22789001464844],[-66.9491958618164,-45.267112731933594],[-67.62708282470703,-46.05250549316406],[-67.43213653564453,-46.56085968017578],[-66.7941665649414,-46.99871826171875],[-65.97919464111328,-47.0721435546875],[-65.73955535888672,-47.20252990722656],[-65.84963989257812,-47.74583435058594],[-66.09544372558594,-47.790863037109375],[-65.90086364746094,-47.76374816894531],[-65.76547241210938,-47.91749572753906],[-65.94541931152344,-47.95503234863281],[-65.91838836669922,-48.112083435058594],[-67.04669189453125,-48.637939453125],[-67.57252502441406,-49.0433349609375],[-67.82583618164062,-49.38505554199219],[-67.6058578491211,-49.25166320800781],[-67.717529296875,-49.766693115234375],[-67.91755676269531,-50.00921630859375],[-68.34341430664062,-50.126251220703125],[-68.72750091552734,-49.75666809082031],[-68.5691909790039,-49.94169616699219],[-68.80750274658203,-49.96666717529297],[-68.57505798339844,-49.97044372558594],[-68.36083221435547,-50.166717529296875],[-69.04753112792969,-50.450889587402344],[-69.14083099365234,-50.90838623046875],[-69.42925262451172,-51.09166717529297],[-69.16422271728516,-50.98750305175781],[-68.95419311523438,-51.56999969482422],[-69.58586120605469,-51.60752868652344],[-69.16255950927734,-51.6500244140625],[-69.2917251586914,-51.69792175292969],[-68.967529296875,-51.62586212158203],[-68.35250091552734,-52.34063720703125],[-69.21672058105469,-52.20280456542969],[-69.46258544921875,-52.272361755371094],[-69.65833282470703,-52.54536437988281],[-70.88294219970703,-52.73899841308594],[-70.73249816894531,-52.78764343261719],[-70.90086364746094,-52.927581787109375],[-70.77249908447266,-52.946746826171875],[-70.9891357421875,-53.39422607421875],[-70.91588592529297,-53.6358642578125],[-70.98419189453125,-53.80000305175781],[-71.28336334228516,-53.90044403076172],[-72.1066665649414,-53.681251525878906],[-72.48416900634766,-53.39500427246094],[-72.10175323486328,-53.254608154296875],[-72.09919738769531,-53.390838623046875],[-72.26919555664062,-53.42083740234375],[-72.18497467041016,-53.44541931152344],[-72.00753021240234,-53.38330078125],[-72.02246856689453,-53.241554260253906],[-71.8550796508789,-53.23127746582031],[-71.76586151123047,-53.45002746582031],[-72.12591552734375,-53.56494140625],[-71.96672058105469,-53.57875061035156],[-71.74919128417969,-53.467529296875],[-71.7391357421875,-53.217498779296875],[-71.34925079345703,-53.127532958984375],[-71.11441802978516,-52.884246826171875],[-71.37433624267578,-52.81256103515625],[-71.54508209228516,-52.568939208984375],[-72.31341552734375,-52.525421142578125],[-72.42666625976562,-52.67961120605469],[-72.56092071533203,-52.617523193359375],[-72.40499877929688,-52.50794219970703],[-72.92675018310547,-52.556251525878906],[-72.82752990722656,-52.61585998535156],[-72.96419525146484,-52.60166931152344],[-72.85255432128906,-52.62419128417969],[-72.94083404541016,-52.753334045410156],[-72.83330535888672,-52.629608154296875],[-72.68091583251953,-52.70585632324219],[-73.02749633789062,-52.86919403076172],[-72.92591857910156,-52.92503356933594],[-72.97758483886719,-53.08244323730469],[-73.23838806152344,-53.11457824707031],[-73.44086456298828,-53.030860900878906]]]}},{"type":"Feature","properties":{},"geometry":{"type":"Polygon","coordinates":[[[146.42752075195312,-39.13294219970703],[146.16082763671875,-38.80127716064453],[145.92413330078125,-38.91044616699219],[145.82418823242188,-38.647056579589844],[145.6082763671875,-38.686248779296875],[145.37164306640625,-38.53961181640625],[145.54541015625,-38.38336181640625],[145.48831176757812,-38.235443115234375],[145.2575225830078,-38.219581604003906],[145.23330688476562,-38.41377258300781],[144.9383544921875,-38.4996337890625],[144.65835571289062,-38.311279296875],[144.92910766601562,-38.35041809082031],[145.11627197265625,-38.14833068847656],[144.9282989501953,-37.842918395996094],[144.36627197265625,-38.109161376953125],[144.69671630859375,-38.12294006347656],[144.66329956054688,-38.278778076171875],[144.04168701171875,-38.47789001464844],[143.556640625,-38.85874938964844],[142.3758544921875,-38.35211181640625],[141.7366943359375,-38.25714111328125],[141.54336547851562,-38.43461608886719],[141.00247192382812,-38.052947998046875],[140.5816650390625,-38.03291320800781],[139.7403564453125,-37.18330383300781],[139.67041015625,-36.959999084472656],[139.8645782470703,-36.70336151123047],[139.6125946044922,-36.1624755859375],[138.89288330078125,-35.56419372558594],[139.35853576660156,-35.85667419433594],[139.72247314453125,-36.28880310058594],[139.51756286621094,-35.96125030517578],[138.89080810546875,-35.53375244140625],[138.0978546142578,-35.62669372558594],[138.44544982910156,-35.350860595703125],[138.4836883544922,-34.780029296875],[138.56785583496094,-34.82666778564453],[138.0941925048828,-34.13542175292969],[137.76255798339844,-35.117942810058594],[136.85169982910156,-35.28541564941406],[137.01583862304688,-34.89544677734375],[137.45294189453125,-34.90833282470703],[137.450439453125,-34.14002990722656],[137.97792053222656,-33.55335998535156],[137.8129119873047,-33.26580810546875],[138.0487823486328,-33.089195251464844],[137.75413513183594,-32.458778381347656],[137.781005859375,-33.0],[137.64163208007812,-32.95708465576172],[137.45541381835938,-33.14006042480469],[137.21836853027344,-33.66291809082031],[136.93588256835938,-33.67625427246094],[136.59584045410156,-33.90208435058594],[136.11538696289062,-34.364227294921875],[136.10047912597656,-34.5408935546875],[135.9337158203125,-34.53419494628906],[135.78955078125,-34.81169128417969],[136.01043701171875,-34.73750305175781],[135.95750427246094,-35.00791931152344],[135.78994750976562,-34.86128234863281],[135.6208038330078,-34.94544219970703],[135.25161743164062,-34.55125427246094],[135.11288452148438,-34.589996337890625],[135.21163940429688,-34.430442810058594],[135.36917114257812,-34.642059326171875],[135.5187530517578,-34.61419677734375],[135.40493774414062,-34.506248474121094],[135.39210510253906,-34.59583282470703],[135.18540954589844,-33.880859375],[134.82958984375,-33.62669372558594],[134.70791625976562,-33.181671142578125],[134.3683319091797,-33.17707824707031],[134.27499389648438,-33.026275634765625],[134.32830810546875,-33.200416564941406],[134.0596160888672,-32.91413879394531],[134.06243896484375,-32.71875],[134.20333862304688,-32.8004150390625],[134.28794860839844,-32.699195861816406],[134.18167114257812,-32.48541259765625],[133.8500213623047,-32.548805236816406],[133.9453582763672,-32.380828857421875],[133.606689453125,-32.088722229003906],[133.39999389648438,-32.14208221435547],[133.48583984375,-32.20710754394531],[133.1266632080078,-32.21125030517578],[132.74171447753906,-31.951248168945312],[132.1991729736328,-32.03131103515625],[131.1524658203125,-31.464584350585938],[130.79168701171875,-31.609580993652344],[128.99417114257812,-31.687942504882812],[127.2208023071289,-32.276275634765625],[125.9574966430664,-32.28877258300781],[124.8074722290039,-32.87713623046875],[124.23413848876953,-33.01958465576172],[123.9695816040039,-33.561668395996094],[123.52666473388672,-33.93797302246094],[123.15666961669922,-34.01458740234375],[123.01333618164062,-33.854583740234375],[122.11499786376953,-34.02455139160156],[122.00250244140625,-33.82878112792969],[121.7883071899414,-33.90797424316406],[121.3758316040039,-33.81378173828125],[120.42416381835938,-33.974578857421875],[119.90335845947266,-33.93458557128906],[119.45455932617188,-34.282501220703125],[119.56999969482422,-34.3846435546875],[119.41000366210938,-34.36961364746094],[119.2508316040039,-34.530418395996094],[118.85580444335938,-34.446250915527344],[118.19583129882812,-35.02544403076172],[117.9266128540039,-34.94377899169922],[117.8504409790039,-35.04756164550781],[117.95330810546875,-35.12877655029297],[116.62413787841797,-35.057945251464844],[116.36580657958984,-34.93878173828125],[116.52124786376953,-34.94752502441406],[116.40916442871094,-34.86463928222656],[115.99588775634766,-34.837921142578125],[115.70419311523438,-34.467918395996094],[115.3499984741211,-34.316253662109375],[115.12830352783203,-34.37294006347656],[114.98455810546875,-34.09916687011719],[115.00041961669922,-33.52836608886719],[115.3558349609375,-33.63877868652344],[115.69791412353516,-33.30085754394531],[115.6003646850586,-32.665000915527344],[115.74208068847656,-32.47169494628906],[115.73210906982422,-32.052528381347656],[115.88294219970703,-31.961692810058594],[115.72958374023438,-32.05000305175781],[115.67952728271484,-31.65252685546875],[115.05210876464844,-30.507522583007812],[114.86705780029297,-29.11419677734375],[114.17036437988281,-28.111724853515625],[113.97877502441406,-27.25250244140625],[113.15286254882812,-26.149192810058594],[113.2750244140625,-26.242919921875],[113.3008041381836,-26.012115478515625],[113.38827514648438,-26.398719787597656],[113.36663818359375,-26.0120849609375],[113.5812759399414,-26.64166259765625],[113.6258316040039,-26.459609985351562],[113.66002655029297,-26.671249389648438],[113.8379135131836,-26.59166717529297],[113.87708282470703,-26.330032348632812],[113.57622528076172,-26.091720581054688],[113.41039276123047,-25.72083282470703],[113.50910949707031,-25.505416870117188],[113.75794219970703,-25.881698608398438],[113.72208404541016,-26.200027465820312],[113.87080383300781,-25.94207763671875],[114.07330322265625,-26.463775634765625],[114.2312240600586,-26.315887451171875],[114.27705383300781,-25.846694946289062],[113.69544219970703,-25.080856323242188],[113.39624786376953,-24.406692504882812],[113.462890625,-23.8941650390625],[113.77625274658203,-23.47083282470703],[113.82205963134766,-22.947525024414062],[113.64714050292969,-22.575836181640625],[113.99041748046875,-21.872528076171875],[114.18538665771484,-21.81085968017578],[114.10958099365234,-22.521697998046875],[114.276611328125,-22.432113647460938],[114.33002471923828,-22.522140502929688],[114.64583587646484,-21.837921142578125],[115.48999786376953,-21.53125],[115.91169738769531,-21.07708740234375],[116.1750259399414,-20.972946166992188],[116.19916534423828,-20.828781127929688],[116.68744659423828,-20.73797607421875],[116.80416870117188,-20.523773193359375],[116.82910919189453,-20.707077026367188],[117.17416381835938,-20.589614868164062],[117.37747192382812,-20.777084350585938],[117.79080963134766,-20.676254272460938],[118.17416381835938,-20.331275939941406],[118.85247039794922,-20.28874969482422],[119.09246826171875,-19.957916259765625],[119.5558853149414,-20.087921142578125],[121.1133041381836,-19.53961181640625],[121.5062484741211,-19.103363037109375],[121.61788940429688,-18.70672607421875],[121.79374694824219,-18.658355712890625],[121.813720703125,-18.452468872070312],[122.36955261230469,-18.11750030517578],[122.37496948242188,-17.991302490234375],[122.17208099365234,-17.97332763671875],[122.17292022705078,-17.263336181640625],[122.4749984741211,-16.897140502929688],[122.6020278930664,-16.966720581054688],[122.57416534423828,-16.762939453125],[122.82291412353516,-16.77666473388672],[122.73711395263672,-16.68169403076172],[122.92253112792969,-16.387939453125],[123.03502655029297,-16.35541534423828],[122.95625305175781,-16.59002685546875],[123.13627624511719,-16.688385009765625],[123.13627624511719,-16.93169403076172],[123.57538604736328,-17.525863647460938],[123.6871109008789,-17.225051879882812],[123.56952667236328,-17.037551879882812],[123.66419219970703,-17.002944946289062],[123.9308090209961,-17.267913818359375],[123.79125213623047,-17.008331298828125],[123.8949966430664,-17.027938842773438],[123.82294464111328,-16.958328247070312],[123.97127532958984,-16.825836181640625],[123.79000091552734,-16.90960693359375],[123.711669921875,-16.726272583007812],[123.50458526611328,-16.662498474121094],[123.63880920410156,-16.569198608398438],[123.42369079589844,-16.5008544921875],[123.6629409790039,-16.489166259765625],[123.49710845947266,-16.409194946289062],[123.72125244140625,-16.419166564941406],[123.55750274658203,-16.173751831054688],[123.80750274658203,-16.187942504882812],[123.72708129882812,-16.256637573242188],[123.87085723876953,-16.445472717285156],[123.88417053222656,-16.302139282226562],[124.01544189453125,-16.387527465820312],[123.90916442871094,-16.20874786376953],[124.12085723876953,-16.278717041015625],[124.4000244140625,-16.565444946289062],[124.48377990722656,-16.49749755859375],[124.33457946777344,-16.419998168945312],[124.38578033447266,-16.34625244140625],[124.8191909790039,-16.447113037109375],[124.97624969482422,-16.38172149658203],[124.39130401611328,-16.339218139648438],[124.44122314453125,-16.066696166992188],[124.5199966430664,-16.214614868164062],[124.5749740600586,-16.197967529296875],[124.60377502441406,-15.889999389648438],[124.7503890991211,-15.810890197753906],[124.62496948242188,-15.791252136230469],[124.49500274658203,-16.002975463867188],[124.36042022705078,-15.670028686523438],[124.47335815429688,-15.474609375],[124.67455291748047,-15.490058898925781],[124.6750259399414,-15.254585266113281],[125.24958038330078,-15.5816650390625],[125.06458282470703,-15.439163208007812],[125.10169219970703,-15.268753051757812],[124.87458038330078,-15.307525634765625],[125.04541778564453,-15.153305053710938],[124.87333679199219,-15.261276245117188],[124.82955932617188,-15.157470703125],[125.02586364746094,-15.1129150390625],[125.07333374023438,-14.976280212402344],[125.16169738769531,-15.165420532226562],[125.5066909790039,-15.17205810546875],[125.35375213623047,-15.110031127929688],[125.47000122070312,-14.997108459472656],[125.18372344970703,-14.960830688476562],[125.32958221435547,-14.881668090820312],[125.13788604736328,-14.745834350585938],[125.3633041381836,-14.506278991699219],[125.4441909790039,-14.652084350585938],[125.494140625,-14.512107849121094],[125.6012191772461,-14.564163208007812],[125.61416625976562,-14.23046875],[125.73380279541016,-14.28253173828125],[125.63957977294922,-14.660057067871094],[125.73583221435547,-14.40875244140625],[125.9183578491211,-14.677085876464844],[126.16205596923828,-14.150863647460938],[125.99038696289062,-14.070030212402344],[126.10877990722656,-13.979194641113281],[126.00917053222656,-13.920387268066406],[126.15955352783203,-13.915023803710938],[126.10919189453125,-14.027084350585938],[126.2179183959961,-13.97003173828125],[126.23002624511719,-14.250419616699219],[126.53580474853516,-13.932083129882812],[126.45038604736328,-14.093360900878906],[126.6125259399414,-14.250419616699219],[126.70288848876953,-13.971641540527344],[126.92377471923828,-13.991668701171875],[126.74539184570312,-13.793388366699219],[126.87496948242188,-13.747138977050781],[127.1183090209961,-13.973808288574219],[127.42832946777344,-13.942947387695312],[127.95791625976562,-14.608360290527344],[128.22705078125,-14.714195251464844],[128.087890625,-14.862525939941406],[128.00997924804688,-15.513748168945312],[128.12832641601562,-15.186248779296875],[128.3721466064453,-15.496696472167969],[128.1995849609375,-15.069221496582031],[128.28997802734375,-14.972969055175781],[128.3550262451172,-15.10455322265625],[128.3600311279297,-14.992919921875],[128.5066680908203,-15.030418395996094],[128.4058380126953,-14.878753662109375],[128.53921508789062,-15.035446166992188],[128.38204956054688,-14.819190979003906],[128.55914306640625,-14.766281127929688],[129.02752685546875,-14.882942199707031],[129.04336547851562,-14.978752136230469],[129.092529296875,-14.904609680175781],[129.200439453125,-15.122528076171875],[129.1258544921875,-15.281280517578125],[129.2383270263672,-15.101249694824219],[129.34124755859375,-15.130058288574219],[129.2362823486328,-15.0733642578125],[129.2899932861328,-14.862083435058594],[129.6866455078125,-15.131278991699219],[129.64456176757812,-14.836669921875],[129.9429473876953,-14.867500305175781],[129.8629150390625,-14.805030822753906],[129.99664306640625,-14.807914733886719],[129.998779296875,-14.705863952636719],[129.75750732421875,-14.824554443359375],[129.8096466064453,-14.731666564941406],[129.72166442871094,-14.792945861816406],[129.6245880126953,-14.686668395996094],[129.80874633789062,-14.512496948242188],[129.5266876220703,-14.553779602050781],[129.36541748046875,-14.339973449707031],[129.4949951171875,-14.124610900878906],[129.52586364746094,-14.217109680175781],[129.56747436523438,-14.083747863769531],[129.63038635253906,-14.142501831054688],[129.59666442871094,-14.009613037109375],[129.74127197265625,-13.985031127929688],[129.81663513183594,-13.499580383300781],[130.31797790527344,-13.373336791992188],[130.11627197265625,-13.081695556640625],[130.1374969482422,-12.929611206054688],[130.3454132080078,-12.879196166992188],[130.35122680664062,-12.670028686523438],[130.73208618164062,-12.72833251953125],[130.5437469482422,-12.635002136230469],[130.57583618164062,-12.407112121582031],[130.9649658203125,-12.671279907226562],[130.85543823242188,-12.50836181640625],[130.9895782470703,-12.540863037109375],[130.8121337890625,-12.408332824707031],[131.038330078125,-12.389579772949219],[130.9937744140625,-12.170890808105469],[131.2441864013672,-12.226280212402344],[131.2875213623047,-12.045440673828125],[131.46249389648438,-12.285446166992188],[131.89413452148438,-12.216278076171875],[132.080810546875,-12.310417175292969],[132.23831176757812,-12.169639587402344],[132.4266357421875,-12.332084655761719],[132.55003356933594,-12.087944030761719],[132.762939453125,-12.154586791992188],[132.61705017089844,-12.079170227050781],[132.69546508789062,-11.883331298828125],[132.57872009277344,-11.788307189941406],[132.7229766845703,-11.623336791992188],[132.54833984375,-11.61541748046875],[132.5283660888672,-11.441276550292969],[132.11083984375,-11.542915344238281],[131.94082641601562,-11.322113037109375],[131.76788330078125,-11.325836181640625],[131.8183135986328,-11.20294189453125],[131.95835876464844,-11.253753662109375],[131.97332763671875,-11.127113342285156],[132.16836547851562,-11.421249389648438],[132.13502502441406,-11.122940063476562],[132.28253173828125,-11.277084350585938],[132.34246826171875,-11.122085571289062],[132.37290954589844,-11.295059204101562],[132.44918823242188,-11.218780517578125],[132.6741943359375,-11.5203857421875],[132.91250610351562,-11.336250305175781],[133.1558380126953,-11.711280822753906],[133.53500366210938,-11.760414123535156],[133.50833129882812,-11.879585266113281],[133.91583251953125,-11.742080688476562],[133.82208251953125,-11.851669311523438],[134.1291961669922,-11.900421142578125],[134.15089416503906,-12.174583435058594],[134.24586486816406,-11.985443115234375],[134.59957885742188,-12.090057373046875],[134.74838256835938,-11.951248168945312],[134.8408660888672,-12.149612426757812],[135.21539306640625,-12.300857543945312],[135.15957641601562,-12.225830078125],[135.34413146972656,-12.245414733886719],[135.22125244140625,-12.187553405761719],[135.369140625,-12.085418701171875],[135.55836486816406,-12.130447387695312],[135.91250610351562,-11.952919006347656],[135.65289306640625,-12.2066650390625],[135.7774200439453,-12.283920288085938],[136.0449981689453,-12.064613342285156],[135.92955017089844,-12.222526550292969],[136.0621337890625,-12.244194030761719],[136.01669311523438,-12.498779296875],[136.2987823486328,-12.405807495117188],[136.39627075195312,-12.235000610351562],[136.16705322265625,-12.165054321289062],[136.5641326904297,-11.879608154296875],[136.45791625976562,-11.995864868164062],[136.64707946777344,-12.270057678222656],[136.78244018554688,-12.160446166992188],[136.97796630859375,-12.348335266113281],[136.77005004882812,-12.556221008300781],[136.7245635986328,-12.47589111328125],[136.6141357421875,-12.837921142578125],[136.4620819091797,-12.777496337890625],[136.66455078125,-13.004196166992188],[136.44708251953125,-12.983360290527344],[136.5620880126953,-13.059165954589844],[136.461669921875,-13.253776550292969],[136.33038330078125,-13.326667785644531],[136.33163452148438,-13.0504150390625],[136.17916870117188,-13.283775329589844],[136.14163208007812,-13.126251220703125],[136.04330444335938,-13.311309814453125],[136.00244140625,-13.21380615234375],[135.90956115722656,-13.285003662109375],[135.87709045410156,-13.716690063476562],[136.07211303710938,-13.667526245117188],[135.9004364013672,-14.192497253417969],[135.6962432861328,-14.270004272460938],[135.5362548828125,-14.657554626464844],[135.3399658203125,-14.717109680175781],[135.41122436523438,-14.934974670410156],[136.211669921875,-15.392913818359375],[136.31919860839844,-15.626251220703125],[136.67453002929688,-15.797531127929688],[136.67666625976562,-15.926307678222656],[137.00332641601562,-15.872138977050781],[137.72999572753906,-16.23210906982422],[138.13169860839844,-16.714553833007812],[139.03663635253906,-16.912918090820312],[139.21958923339844,-17.309165954589844],[139.59835815429688,-17.538772583007812],[140.056640625,-17.723777770996094],[140.60916137695312,-17.613800048828125],[140.8812713623047,-17.383331298828125],[140.95455932617188,-17.001663208007812],[141.2203826904297,-16.695831298828125],[141.66702270507812,-15.040863037109375],[141.5203857421875,-14.48419189453125],[141.60955810546875,-14.1875],[141.46124267578125,-13.852523803710938],[141.62124633789062,-13.378387451171875],[141.73875427246094,-13.384193420410156],[141.59042358398438,-12.970863342285156],[141.81500244140625,-12.67547607421875],[141.94125366210938,-12.911720275878906],[141.97206115722656,-12.71502685546875],[141.82044982910156,-12.65252685546875],[141.97683715820312,-12.594779968261719],[141.8141326904297,-12.605415344238281],[141.66738891601562,-12.445442199707031],[141.686279296875,-12.559219360351562],[141.5862274169922,-12.558364868164062],[141.8645782470703,-11.968360900878906],[141.9016876220703,-12.1754150390625],[142.07960510253906,-11.985862731933594],[141.93544006347656,-11.962501525878906],[142.0946044921875,-11.743331909179688],[141.99624633789062,-11.754196166992188],[142.11627197265625,-11.528335571289062],[142.13038635253906,-10.961692810058594],[142.53416442871094,-10.688720703125],[142.6121063232422,-10.749191284179688],[142.44125366210938,-10.985031127929688],[142.592529296875,-10.868751525878906],[142.74871826171875,-10.993331909179688],[142.85122680664062,-11.841667175292969],[143.23878479003906,-11.965888977050781],[143.06121826171875,-12.1358642578125],[143.07955932617188,-12.346694946289062],[143.43621826171875,-12.614219665527344],[143.3574981689453,-12.92047119140625],[143.54541015625,-12.844169616699219],[143.5270538330078,-13.764167785644531],[143.77291870117188,-14.399192810058594],[143.94671630859375,-14.522918701171875],[144.19003295898438,-14.262107849121094],[144.33999633789062,-14.309608459472656],[144.5150604248047,-14.166252136230469],[144.681640625,-14.554611206054688],[145.34788513183594,-14.949195861816406],[145.2137451171875,-15.126693725585938],[145.35794067382812,-15.277580261230469],[145.20130920410156,-15.462608337402344],[145.47622680664062,-16.077499389648438],[145.4021453857422,-16.43499755859375],[145.7803955078125,-16.928359985351562],[145.9578857421875,-16.89752197265625],[145.88955688476562,-17.061660766601562],[146.14874267578125,-17.650054931640625],[146.00119018554688,-18.166671752929688],[146.20291137695312,-18.5191650390625],[146.337890625,-18.526687622070312],[146.26043701171875,-18.863388061523438],[146.8825225830078,-19.304580688476562],[147.01416015625,-19.18213653564453],[147.125,-19.452110290527344],[147.43418884277344,-19.423751831054688],[147.41580200195312,-19.312110900878906],[147.59625244140625,-19.712493896484375],[147.49127197265625,-19.655029296875],[147.67169189453125,-19.828781127929688],[147.80003356933594,-19.84124755859375],[147.81919860839844,-19.70880126953125],[147.9066619873047,-19.90460968017578],[148.2592010498047,-19.974609375],[148.33502197265625,-20.157974243164062],[148.55996704101562,-20.064605712890625],[148.681640625,-20.2762451171875],[148.77294921875,-20.2366943359375],[148.9329376220703,-20.535888671875],[148.79666137695312,-20.41960906982422],[148.63291931152344,-20.552528381347656],[148.83583068847656,-20.8988037109375],[149.04666137695312,-20.902915954589844],[149.00830078125,-21.012969970703125],[149.23211669921875,-21.0733642578125],[149.1553955078125,-21.218360900878906],[149.18666076660156,-21.319610595703125],[149.30038452148438,-21.274169921875],[149.2962188720703,-21.535858154296875],[149.48538208007812,-21.537521362304688],[149.43292236328125,-21.847549438476562],[149.60372924804688,-22.271697998046875],[149.50547790527344,-22.33838653564453],[149.7095489501953,-22.385025024414062],[149.63047790527344,-22.584999084472656],[149.8125,-22.382110595703125],[150.06040954589844,-22.658355712890625],[149.91294860839844,-22.347503662109375],[150.0416717529297,-22.125411987304688],[150.1808319091797,-22.363754272460938],[150.6358642578125,-22.660446166992188],[150.52963256835938,-22.40166473388672],[150.6241455078125,-22.327911376953125],[150.663330078125,-22.45294189453125],[150.66830444335938,-22.347076416015625],[150.69285583496094,-22.609222412109375],[150.77749633789062,-22.52630615234375],[150.83541870117188,-22.684188842773438],[150.72958374023438,-22.92169189453125],[150.87289428710938,-23.482528686523438],[150.7916717529297,-23.509613037109375],[150.93167114257812,-23.683746337890625],[151.02420043945312,-23.570419311523438],[151.44583129882812,-24.08880615234375],[151.76956176757812,-24.020858764648438],[152.03919982910156,-24.5321044921875],[152.4678955078125,-24.816665649414062],[152.63291931152344,-25.152557373046875],[152.54293823242188,-25.20752716064453],[152.90875244140625,-25.288360595703125],[152.92538452148438,-25.430892944335938],[152.75704956054688,-25.508331298828125],[152.956298828125,-25.434165954589844],[152.92166137695312,-25.827911376953125],[153.02127075195312,-25.830833435058594],[152.9962158203125,-25.971694946289062],[153.0474395751953,-25.808746337890625],[153.1929473876953,-25.93169403076172],[153.04541015625,-26.626693725585938],[153.20877075195312,-27.082550048828125],[153.06997680664062,-26.911277770996094],[153.1453857421875,-27.074996948242188],[153.0245819091797,-27.294189453125],[153.1571044921875,-27.363357543945312],[153.08914184570312,-27.450439453125],[153.2921142578125,-27.510833740234375],[153.63958740234375,-28.63835906982422],[153.3662567138672,-29.423309326171875],[153.2957763671875,-29.381301879882812],[153.37461853027344,-29.440826416015625],[153.27374267578125,-29.9183349609375],[153.02291870117188,-30.489166259765625],[153.06541442871094,-31.058387756347656],[152.75625610351562,-31.84503173828125],[152.50332641601562,-32.182945251464844],[152.35955810546875,-32.186668395996094],[152.4991455078125,-32.34375],[152.57044982910156,-32.21333312988281],[152.54293823242188,-32.44422149658203],[152.20755004882812,-32.70375061035156],[151.92916870117188,-32.65544128417969],[151.955810546875,-32.78131103515625],[152.1878662109375,-32.74333190917969],[151.7375030517578,-32.84788513183594],[151.66082763671875,-33.08714294433594],[151.61502075195312,-32.96458435058594],[151.5137481689453,-33.0816650390625],[151.56997680664062,-33.17791748046875],[151.66793823242188,-33.089996337890625],[151.44793701171875,-33.30583190917969],[151.45130920410156,-33.48919677734375],[151.2012176513672,-33.510833740234375],[151.1683349609375,-33.642112731933594],[151.34957885742188,-33.62249755859375],[151.30836486816406,-33.82380676269531],[151.1487274169922,-33.82672119140625],[151.2904510498047,-33.834197998046875],[151.27542114257812,-33.970054626464844],[151.0354766845703,-33.986724853515625],[151.23130798339844,-34.03172302246094],[151.0662841796875,-34.065834045410156],[151.1737518310547,-34.09169006347656],[150.81460571289062,-34.505828857421875],[150.9054412841797,-34.597503662109375],[150.825439453125,-34.780029296875],[150.6029510498047,-34.86582946777344],[150.774169921875,-34.90046691894531],[150.8429412841797,-35.06669616699219],[150.66375732421875,-35.02166748046875],[150.76043701171875,-35.17169189453125],[150.53163146972656,-35.224578857421875],[150.28121948242188,-35.722503662109375],[150.15296936035156,-35.70097351074219],[150.2403564453125,-35.80586242675781],[150.09788513183594,-35.90997314453125],[150.13868713378906,-36.307525634765625],[149.87879943847656,-36.89335632324219],[149.8804931640625,-37.12333679199219],[150.05291748046875,-37.26164245605469],[149.94454956054688,-37.280029296875],[149.9796142578125,-37.50505065917969],[149.68418884277344,-37.49464416503906],[149.76869201660156,-37.575836181640625],[149.487548828125,-37.77874755859375],[147.657470703125,-37.85044860839844],[147.72625732421875,-37.92002868652344],[147.45413208007812,-38.079612731933594],[147.97207641601562,-37.89335632324219],[146.8842010498047,-38.639610290527344],[146.2300262451172,-38.69708251953125],[146.29580688476562,-38.90625],[146.4804229736328,-38.80000305175781],[146.42752075195312,-39.13294219970703]]]}},{"type":"Feature","properties":{},"geometry":{"type":"Polygon","coordinates":[[[-44.69927978515625,59.9949951171875],[-44.88172149658203,60.128692626953125],[-45.11582946777344,60.05500030517578],[-44.54249572753906,60.24330139160156],[-44.742584228515625,60.280860900878906],[-44.46833801269531,60.538726806640625],[-44.8675537109375,60.1824951171875],[-45.17585754394531,60.12916564941406],[-44.628387451171875,60.710418701171875],[-45.20677947998047,60.39372253417969],[-45.064971923828125,60.63452911376953],[-45.497528076171875,60.46497344970703],[-45.12086486816406,60.68077850341797],[-45.29756164550781,60.643280029296875],[-45.215087890625,60.76374816894531],[-45.54502868652344,60.44038391113281],[-45.65919494628906,60.504974365234375],[-45.58758544921875,60.572471618652344],[-45.739166259765625,60.58000183105469],[-45.61341857910156,60.63958740234375],[-45.794189453125,60.62164306640625],[-45.830078125,60.49205780029297],[-45.9891357421875,60.564971923828125],[-45.19255065917969,60.909942626953125],[-45.396751403808594,61.000389099121094],[-45.698387145996094,60.76289367675781],[-45.925079345703125,60.840362548828125],[-46.00836181640625,60.71208190917969],[-46.23588562011719,60.73747253417969],[-45.839195251464844,60.8883056640625],[-46.21421813964844,60.8016357421875],[-45.98503112792969,60.89378356933594],[-45.48833465576172,60.98291778564453],[-45.21172332763672,61.19538879394531],[-45.386695861816406,61.082054138183594],[-45.51344299316406,61.24708557128906],[-45.48588562011719,61.08583068847656],[-46.02336120605469,60.89458465576172],[-46.11747741699219,60.96583557128906],[-45.61425018310547,61.13664245605469],[-45.87249755859375,61.20585632324219],[-45.770057678222656,61.327056884765625],[-46.11091613769531,61.24749755859375],[-45.815834045410156,61.12086486816406],[-46.28507995605469,61.07872009277344],[-46.12586212158203,61.01002502441406],[-46.20002746582031,60.974578857421875],[-46.406776428222656,61.077911376953125],[-46.535003662109375,60.932891845703125],[-46.650917053222656,60.9808349609375],[-46.569976806640625,60.89375305175781],[-47.04005432128906,60.97538757324219],[-47.26496887207031,60.882080078125],[-47.483360290527344,60.99372100830078],[-47.5792236328125,60.88080596923828],[-47.31585693359375,60.864166259765625],[-47.967529296875,60.836639404296875],[-47.644195556640625,60.99000549316406],[-47.910858154296875,61.00166320800781],[-47.76258850097656,61.182472229003906],[-48.08341979980469,61.07038879394531],[-48.00255584716797,61.205833435058594],[-48.215911865234375,61.17583465576172],[-47.92011260986328,61.31791687011719],[-48.481719970703125,61.16539001464844],[-48.56758117675781,61.21580505371094],[-48.457611083984375,61.26246643066406],[-48.61761474609375,61.25164031982422],[-48.31830596923828,61.37205505371094],[-49.089195251464844,61.384971618652344],[-48.26586151123047,61.52747344970703],[-48.519248962402344,61.518280029296875],[-48.36841583251953,61.60289001464844],[-49.03844451904297,61.437889099121094],[-49.12249755859375,61.513336181640625],[-48.900054931640625,61.53375244140625],[-49.272552490234375,61.532470703125],[-48.60746765136719,61.63163757324219],[-49.10169219970703,61.60205078125],[-48.90333557128906,61.775421142578125],[-49.19085693359375,61.69667053222656],[-48.83839416503906,61.98374938964844],[-49.21586608886719,61.83747100830078],[-49.248390197753906,61.69038391113281],[-49.410888671875,61.749168395996094],[-49.223388671875,61.88877868652344],[-49.497467041015625,61.80413818359375],[-49.375831604003906,61.919166564941406],[-49.470001220703125,61.92958068847656],[-48.837554931640625,62.070831298828125],[-49.08924865722656,62.063331604003906],[-49.03008270263672,62.20208740234375],[-49.16169738769531,62.00288391113281],[-49.714942932128906,61.96202850341797],[-49.45249938964844,62.069976806640625],[-49.70835876464844,62.107086181640625],[-49.33330535888672,62.069557189941406],[-49.427581787109375,62.100830078125],[-49.27919006347656,62.17083740234375],[-49.70750427246094,62.144134521484375],[-49.27922058105469,62.26496887207031],[-49.85005187988281,62.246246337890625],[-49.8740234375,62.36015319824219],[-49.5850830078125,62.37544250488281],[-49.747581481933594,62.412445068359375],[-50.00505065917969,62.332054138183594],[-50.31755065917969,62.48663330078125],[-49.87913513183594,62.837501525878906],[-50.270057678222656,62.686248779296875],[-50.14253234863281,62.93499755859375],[-49.69586181640625,63.04997253417969],[-50.163307189941406,62.952056884765625],[-50.36333465576172,62.77207946777344],[-50.384246826171875,62.86747741699219],[-50.15416717529297,62.99913787841797],[-50.581695556640625,62.95288848876953],[-50.48588562011719,63.0133056640625],[-50.625946044921875,63.08580780029297],[-50.054222106933594,63.21666717529297],[-50.90510559082031,63.116249084472656],[-50.77911376953125,63.247467041015625],[-51.025001525878906,63.13871765136719],[-50.957557678222656,63.231666564941406],[-51.1092529296875,63.3316650390625],[-50.16413879394531,63.377532958984375],[-51.06175231933594,63.35539245605469],[-51.04737854003906,63.45331573486328],[-51.1199951171875,63.35374450683594],[-51.242584228515625,63.43083190917969],[-50.760833740234375,63.51580810546875],[-51.09002685546875,63.51289367675781],[-51.107421875,63.60142517089844],[-50.505889892578125,63.65333557128906],[-51.085113525390625,63.656219482421875],[-51.17169189453125,63.49208068847656],[-51.41082763671875,63.53080749511719],[-51.226722717285156,63.645416259765625],[-51.36836242675781,63.593719482421875],[-51.55255126953125,63.668304443359375],[-51.35089111328125,63.711669921875],[-51.526695251464844,63.76042175292969],[-50.907554626464844,63.921661376953125],[-51.44667053222656,63.79624938964844],[-51.34761047363281,63.94749450683594],[-51.60508728027344,64.03205871582031],[-50.275054931640625,64.21041870117188],[-50.095947265625,64.12666320800781],[-50.18174743652344,64.24622344970703],[-50.5758056640625,64.19166564941406],[-50.393333435058594,64.35205841064453],[-51.05169677734375,64.12208557128906],[-51.75749969482422,64.16913604736328],[-50.95838928222656,64.21538543701172],[-50.87171936035156,64.25791931152344],[-51.06416320800781,64.27085876464844],[-50.92425537109375,64.40416717529297],[-50.605865478515625,64.37580871582031],[-50.72505187988281,64.44541931152344],[-50.403411865234375,64.37875366210938],[-50.205780029296875,64.43583679199219],[-50.91160583496094,64.5645523071289],[-50.55000305175781,64.6945571899414],[-49.6475830078125,64.33830261230469],[-50.1092529296875,64.52083587646484],[-50.17083740234375,64.62750244140625],[-50.03755187988281,64.67832946777344],[-50.252532958984375,64.6999740600586],[-49.98753356933594,64.82577514648438],[-50.581748962402344,64.74121856689453],[-50.850830078125,65.11582946777344],[-50.61589050292969,65.22003173828125],[-50.99674987792969,65.21788787841797],[-50.65252685546875,64.73494720458984],[-51.134971618652344,64.59703063964844],[-51.027557373046875,64.77246856689453],[-51.201751708984375,64.76288604736328],[-51.68421936035156,64.29080963134766],[-52.00166320800781,64.18791961669922],[-52.16752624511719,64.68333435058594],[-51.26580810546875,64.9933090209961],[-51.693359375,64.86788940429688],[-51.56085968017578,64.97830963134766],[-51.716644287109375,65.01457977294922],[-51.83085632324219,64.90247344970703],[-51.70661163330078,64.8620834350586],[-52.091644287109375,64.78205871582031],[-51.872581481933594,64.88996887207031],[-52.05000305175781,64.92041778564453],[-52.209999084472656,64.79708099365234],[-52.230804443359375,64.907470703125],[-52.000274658203125,64.98435974121094],[-52.277557373046875,65.08002471923828],[-51.974220275878906,65.17916870117188],[-52.220970153808594,65.15666961669922],[-51.97083282470703,65.31244659423828],[-52.288421630859375,65.18705749511719],[-52.1558837890625,65.27669525146484],[-52.34175109863281,65.33538818359375],[-52.50175476074219,65.17961120605469],[-52.43529510498047,65.25640106201172],[-52.575889587402344,65.30919647216797],[-51.70344543457031,65.57125091552734],[-51.828094482421875,65.62416076660156],[-51.62506103515625,65.71044158935547],[-50.46427917480469,65.67250061035156],[-51.23503112792969,65.81461334228516],[-51.81336212158203,65.68038940429688],[-51.89836120605469,65.54122161865234],[-52.48997497558594,65.37791442871094],[-52.37255859375,65.56497192382812],[-52.62591552734375,65.49250030517578],[-52.4517822265625,65.66789245605469],[-52.68511199951172,65.4828872680664],[-52.80085754394531,65.53997039794922],[-52.53752899169922,65.67416381835938],[-52.782501220703125,65.61746978759766],[-52.6925048828125,65.81500244140625],[-52.826751708984375,65.66039276123047],[-53.23594665527344,65.67583465576172],[-52.91502380371094,65.81205749511719],[-53.20416259765625,65.75250244140625],[-52.681671142578125,65.94039154052734],[-52.301727294921875,65.8270263671875],[-51.96666717529297,66.01041412353516],[-51.72505187988281,65.91703033447266],[-51.85761260986328,66.01836395263672],[-51.75758361816406,66.07328033447266],[-52.17835998535156,65.99788665771484],[-52.30677795410156,65.88788604736328],[-52.53752899169922,65.90496826171875],[-52.563331604003906,66.02288818359375],[-53.18330383300781,65.83875274658203],[-53.27752685546875,65.90499877929688],[-52.880859375,66.02246856689453],[-53.42497253417969,65.91874694824219],[-53.35258483886719,66.01667022705078],[-53.480865478515625,66.02913665771484],[-51.935081481933594,66.48872375488281],[-52.05083465576172,66.51419067382812],[-51.276695251464844,66.8429183959961],[-50.34747314453125,66.83999633789062],[-50.98506164550781,66.90205383300781],[-50.691749572753906,67.00791931152344],[-50.96174621582031,66.96878051757812],[-53.33677673339844,66.09791564941406],[-53.68260955810547,66.10830688476562],[-53.44921875,66.1491928100586],[-53.67083740234375,66.1191635131836],[-53.561668395996094,66.23208618164062],[-53.07749938964844,66.28997039794922],[-53.6234130859375,66.2387466430664],[-53.59507751464844,66.51958465576172],[-52.41752624511719,66.52333068847656],[-53.49336242675781,66.64544677734375],[-52.60258483886719,66.70996856689453],[-53.150054931640625,66.7129135131836],[-52.65911102294922,66.8016357421875],[-53.115028381347656,66.7562484741211],[-53.05841827392578,66.85211181640625],[-52.23252868652344,66.84080505371094],[-52.49586486816406,66.88497161865234],[-52.277442932128906,66.89749908447266],[-52.50419616699219,66.907470703125],[-52.40336608886719,66.98872375488281],[-53.66838836669922,66.92041778564453],[-53.788330078125,67.0062484741211],[-53.20416259765625,66.99580383300781],[-53.78330993652344,67.01461029052734],[-53.334136962890625,67.11580657958984],[-53.923362731933594,67.06705474853516],[-53.88261413574219,67.15583038330078],[-52.15666198730469,67.382080078125],[-51.45256042480469,67.33836364746094],[-52.13499450683594,67.4054183959961],[-53.22505187988281,67.28121948242188],[-53.151641845703125,67.34205627441406],[-53.81507873535156,67.18541717529297],[-53.80760955810547,67.407470703125],[-52.89585876464844,67.68499755859375],[-53.12347412109375,67.6386947631836],[-52.98844909667969,67.7320556640625],[-52.478363037109375,67.7754135131836],[-50.76835632324219,67.55958557128906],[-51.31425476074219,67.73750305175781],[-50.99339294433594,67.7179183959961],[-50.25592041015625,67.850830078125],[-50.776641845703125,67.89622497558594],[-50.946746826171875,67.84122467041016],[-50.62333679199219,67.83875274658203],[-51.1884765625,67.74788665771484],[-51.407554626464844,67.8683090209961],[-50.98506164550781,67.87124633789062],[-51.04011535644531,67.98202514648438],[-51.58332824707031,67.92791748046875],[-51.304222106933594,67.79750061035156],[-51.719970703125,67.68455505371094],[-52.375946044921875,67.81500244140625],[-51.610084533691406,67.97708129882812],[-53.006805419921875,67.75541687011719],[-53.68841552734375,67.47958374023438],[-53.79255676269531,67.57752990722656],[-53.56097412109375,67.71083068847656],[-53.73597717285156,67.79411315917969],[-53.280059814453125,67.79705810546875],[-53.483306884765625,67.88375091552734],[-53.31999969482422,67.8261947631836],[-53.069244384765625,67.8683090209961],[-53.286720275878906,67.95455932617188],[-52.917640686035156,67.96833038330078],[-53.26171875,67.97211456298828],[-53.2066650390625,68.0320816040039],[-52.58332824707031,67.930419921875],[-52.06761169433594,67.95417022705078],[-53.50419616699219,68.1441650390625],[-53.33344268798828,68.188720703125],[-50.33088684082031,67.92080688476562],[-51.440887451171875,68.18663787841797],[-50.94172668457031,68.16374969482422],[-51.41761016845703,68.24502563476562],[-50.801727294921875,68.50375366210938],[-51.647552490234375,68.40666961669922],[-51.36012268066406,68.29497528076172],[-52.46672058105469,68.1687240600586],[-52.47007751464844,68.30955505371094],[-52.9425048828125,68.22916412353516],[-52.54669189453125,68.3562240600586],[-53.47247314453125,68.30997467041016],[-52.72997283935547,68.35955810546875],[-52.80424499511719,68.42996978759766],[-52.39250183105469,68.51416778564453],[-52.66175079345703,68.52207946777344],[-51.98594665527344,68.5824966430664],[-52.43672180175781,68.56705474853516],[-52.249969482421875,68.64788818359375],[-51.826637268066406,68.63622283935547],[-52.01252746582031,68.55419158935547],[-51.853363037109375,68.50128173828125],[-51.03680419921875,68.57455444335938],[-51.05671691894531,68.69955444335938],[-50.660057067871094,68.5062255859375],[-50.84571838378906,68.60591888427734],[-50.68585968017578,68.63833618164062],[-51.002532958984375,68.71916961669922],[-50.686668395996094,68.82622528076172],[-51.307586669921875,68.73916625976562],[-50.980865478515625,68.92832946777344],[-51.21925354003906,68.88253021240234],[-51.10417175292969,69.13580322265625],[-50.74664306640625,69.13455963134766],[-51.007476806640625,69.032470703125],[-50.67011260986328,69.07205963134766],[-50.37168884277344,68.8953857421875],[-50.473304748535156,69.02122497558594],[-50.26347351074219,69.05127716064453],[-50.253387451171875,68.95455932617188],[-50.070831298828125,68.99246978759766],[-50.23847198486328,69.08374786376953],[-50.44671630859375,69.04792022705078],[-50.71080780029297,69.12577819824219],[-49.97252655029297,69.18000030517578],[-50.50169372558594,69.19291687011719],[-50.419944763183594,69.35124969482422],[-50.69671630859375,69.19705963134766],[-51.15419006347656,69.20580291748047],[-50.92588806152344,69.27246856689453],[-50.91844177246094,69.45874786376953],[-50.24421691894531,69.50833129882812],[-50.91747283935547,69.4949722290039],[-50.84327697753906,69.64707946777344],[-50.42591857910156,69.59416961669922],[-50.83344268798828,69.71125030517578],[-50.197662353515625,69.76580810546875],[-50.622528076171875,69.92747497558594],[-50.2449951171875,70.05210876464844],[-51.15510559082031,69.96125030517578],[-50.89122009277344,70.02833557128906],[-52.35505676269531,70.0495834350586],[-52.842529296875,70.2745590209961],[-53.904998779296875,70.38375091552734],[-54.616363525390625,70.65247344970703],[-54.13511657714844,70.83460998535156],[-52.927581787109375,70.76875305175781],[-51.55999755859375,70.42871856689453],[-50.56133270263672,70.33080291748047],[-50.72132873535156,70.399169921875],[-50.535003662109375,70.53044128417969],[-50.95008850097656,70.42124938964844],[-51.35871887207031,70.56416320800781],[-51.19755554199219,70.62374877929688],[-50.914947509765625,70.50294494628906],[-50.77130126953125,70.54164123535156],[-50.9464111328125,70.63658142089844],[-50.65119934082031,70.64252471923828],[-51.11761474609375,70.64875030517578],[-51.07014465332031,70.77124786376953],[-51.47633361816406,70.73666381835938],[-51.287498474121094,70.8104476928711],[-50.67505645751953,70.7062759399414],[-50.88133239746094,70.8874740600586],[-51.96875,71.02586364746094],[-50.93633270263672,71.0191650390625],[-51.50883483886719,71.05830383300781],[-51.240142822265625,71.14458465576172],[-52.22633361816406,71.1133041381836],[-51.516334533691406,71.30419158935547],[-51.69502258300781,71.36211395263672],[-52.5386962890625,71.16664123535156],[-52.28260803222656,71.35791778564453],[-51.36872100830078,71.48416900634766],[-53.00627899169922,71.42247009277344],[-51.847557067871094,71.59622192382812],[-51.70372009277344,71.74250030517578],[-52.14744567871094,71.61785888671875],[-53.277610778808594,71.71455383300781],[-52.71385955810547,71.994140625],[-53.370086669921875,71.77794647216797],[-53.40388488769531,72.02583312988281],[-53.8638916015625,72.31416320800781],[-53.57244873046875,72.35955810546875],[-53.926307678222656,72.3141098022461],[-53.396331787109375,71.85832977294922],[-53.931304931640625,71.7508316040039],[-53.78755187988281,71.6320571899414],[-54.12383270263672,71.64669036865234],[-53.88136291503906,71.57833099365234],[-53.907470703125,71.444580078125],[-54.82261657714844,71.35871887207031],[-55.52372741699219,71.47333526611328],[-55.556365966796875,71.64669036865234],[-55.868804931640625,71.6866683959961],[-54.63624572753906,71.99166870117188],[-54.39380645751953,72.24250030517578],[-54.641334533691406,72.01747131347656],[-55.250030517578125,71.92708587646484],[-55.593719482421875,72.02749633789062],[-55.26869201660156,72.0558090209961],[-55.42627716064453,72.09503173828125],[-54.693748474121094,72.36911010742188],[-55.626220703125,72.4508056640625],[-54.271331787109375,72.4883041381836],[-54.78382873535156,72.52166748046875],[-54.786224365234375,72.61333465576172],[-54.60127258300781,72.62000274658203],[-54.871360778808594,72.6633071899414],[-54.54130554199219,72.68499755859375],[-54.763946533203125,72.74166870117188],[-54.4564208984375,72.755859375],[-54.91880798339844,72.77913665771484],[-54.56394958496094,72.82746887207031],[-54.746337890625,72.994140625],[-55.69633483886719,73.05830383300781],[-55.09391784667969,73.18827819824219],[-55.44636535644531,73.2624740600586],[-55.04136657714844,73.36582946777344],[-56.053863525390625,73.65580749511719],[-55.81378173828125,73.67996978759766],[-56.01386260986328,73.68250274658203],[-55.92247009277344,73.76875305175781],[-55.488861083984375,73.72836303710938],[-55.928802490234375,73.86333465576172],[-55.58119201660156,73.8633041381836],[-56.09632873535156,73.97083282470703],[-55.92622375488281,74.04247283935547],[-56.41871643066406,74.07169342041016],[-56.101226806640625,74.0816421508789],[-56.29383850097656,74.10749816894531],[-56.07630920410156,74.27996826171875],[-57.3038330078125,74.10244750976562],[-56.238861083984375,74.2750244140625],[-56.72380065917969,74.34583282470703],[-56.157470703125,74.41036224365234],[-56.80877685546875,74.45166778564453],[-56.142608642578125,74.47041320800781],[-56.15119934082031,74.556640625],[-57.02366638183594,74.66999816894531],[-57.17118835449219,74.78253173828125],[-56.781333923339844,74.81163787841797],[-57.012664794921875,74.91958618164062],[-58.10839080810547,75.0875015258789],[-57.891693115234375,75.1750259399414],[-58.41505432128906,75.29747009277344],[-58.225189208984375,75.40499877929688],[-58.67832946777344,75.3499984741211],[-58.1417236328125,75.49747467041016],[-58.408416748046875,75.57333374023438],[-58.275001525878906,75.65997314453125],[-58.578338623046875,75.6691665649414],[-58.3651123046875,75.71247100830078],[-59.060028076171875,75.70044708251953],[-59.14680480957031,75.87374877929688],[-59.76011657714844,75.79705810546875],[-59.66160583496094,75.96330261230469],[-60.45689392089844,76.06625366210938],[-60.71680450439453,75.98960876464844],[-60.91017150878906,76.1636962890625],[-62.21678161621094,76.28622436523438],[-62.720001220703125,76.188720703125],[-62.818328857421875,76.3066635131836],[-63.396583557128906,76.38038635253906],[-63.7401123046875,76.15374755859375],[-64.11177825927734,76.14749908447266],[-64.12503051757812,76.31416320800781],[-64.3866958618164,76.35292053222656],[-64.40511322021484,76.21994018554688],[-64.66508483886719,76.26080322265625],[-64.57852935791016,76.12410736083984],[-65.3034439086914,76.17292022705078],[-65.42008209228516,76.0195541381836],[-65.87508392333984,76.09750366210938],[-65.5151138305664,76.23503112792969],[-65.7033920288086,76.27205657958984],[-66.17510986328125,76.27749633789062],[-66.40689086914062,76.08372497558594],[-66.85678100585938,76.2645263671875],[-67.28169250488281,76.1583023071289],[-66.47330474853516,75.91041564941406],[-68.52674865722656,76.09044647216797],[-68.43497467041016,76.15413665771484],[-69.61180877685547,76.4183349609375],[-67.98002624511719,76.58541870117188],[-67.91844177246094,76.68497467041016],[-70.04519653320312,76.82080841064453],[-69.51858520507812,76.994140625],[-69.69024658203125,77.02041625976562],[-70.58992004394531,76.7929458618164],[-70.958251953125,76.89002990722656],[-70.6318588256836,76.93746948242188],[-71.3616943359375,77.06419372558594],[-70.18994140625,77.2437744140625],[-66.3566665649414,77.11042022705078],[-66.1534423828125,77.19869232177734],[-69.11502838134766,77.27583312988281],[-67.37335968017578,77.38957977294922],[-66.16011047363281,77.25289154052734],[-66.64186096191406,77.42166900634766],[-66.03491973876953,77.45252990722656],[-66.17510986328125,77.60414123535156],[-66.66683197021484,77.70872497558594],[-67.47003173828125,77.52958679199219],[-68.33683013916016,77.5062484741211],[-68.68669128417969,77.67127990722656],[-68.5616683959961,77.51416778564453],[-69.3199691772461,77.47039031982422],[-70.28514099121094,77.57252502441406],[-69.43016815185547,77.75872039794922],[-70.66852569580078,77.70249938964844],[-69.94344329833984,77.86125183105469],[-71.2369155883789,77.76958465576172],[-71.1733627319336,77.88539123535156],[-71.91999816894531,77.89707946777344],[-73.06163787841797,78.17666625976562],[-72.71163940429688,78.19999694824219],[-72.83516693115234,78.35416412353516],[-72.38349914550781,78.5304183959961],[-70.98016357421875,78.60292053222656],[-70.9068603515625,78.71708679199219],[-69.39677429199219,78.90875244140625],[-68.96355438232422,78.83958435058594],[-69.44169616699219,78.94499969482422],[-69.04347229003906,79.03958129882812],[-67.32005310058594,79.16458129882812],[-66.00855255126953,79.11746978759766],[-64.7784423828125,79.53580474853516],[-65.08821868896484,79.85169219970703],[-64.05494689941406,79.88916778564453],[-65.07291412353516,80.01658630371094],[-63.84757995605469,80.14749908447266],[-64.2903060913086,80.29042053222656],[-64.51508331298828,80.0945816040039],[-67.01002502441406,80.05369567871094],[-67.46780395507812,80.34833526611328],[-66.05760955810547,80.67500305175781],[-65.60255432128906,80.65833282470703],[-65.83274841308594,80.70413970947266],[-64.08027648925781,81.11705780029297],[-63.107696533203125,80.73919677734375],[-63.78764343261719,81.13417053222656],[-63.47022247314453,81.20375061035156],[-61.787498474121094,80.99663543701172],[-61.337806701660156,81.1324462890625],[-61.86772155761719,81.34586334228516],[-61.327667236328125,81.51000213623047],[-61.8326416015625,81.78580474853516],[-60.704833984375,81.9124984741211],[-59.755165100097656,81.8562240600586],[-59.3477783203125,81.65744018554688],[-57.217498779296875,81.33413696289062],[-60.120277404785156,82.02366638183594],[-55.19452667236328,82.3304443359375],[-54.44264221191406,82.07308197021484],[-54.80525207519531,81.60455322265625],[-53.96583557128906,81.75852966308594],[-53.74546813964844,81.98322296142578],[-51.95355224609375,81.90658569335938],[-50.349884033203125,81.60350036621094],[-51.70550537109375,81.94422149658203],[-50.02930450439453,81.92208099365234],[-51.33088684082031,82.17827606201172],[-51.731666564941406,82.51472473144531],[-50.01997375488281,82.49302673339844],[-45.307891845703125,81.75597381591797],[-45.61894226074219,82.25902557373047],[-43.26750183105469,82.23332977294922],[-44.75508117675781,82.3397216796875],[-46.54533386230469,82.77886199951172],[-43.06627655029297,82.76188659667969],[-42.72639465332031,82.4790267944336],[-42.940643310546875,82.72853088378906],[-42.490638732910156,82.73594665527344],[-41.27677917480469,82.56522369384766],[-40.87957763671875,82.36333465576172],[-41.17688751220703,82.7221908569336],[-45.505027770996094,82.85277557373047],[-45.90777587890625,82.92847442626953],[-44.33863830566406,82.92072296142578],[-46.48997497558594,83.12928009033203],[-43.878387451171875,83.09224700927734],[-44.97163391113281,83.20655822753906],[-43.948890686035156,83.17961120605469],[-44.27044677734375,83.27505493164062],[-42.80358123779297,83.1937484741211],[-43.03375244140625,83.0761947631836],[-40.55994415283203,82.96477508544922],[-39.73597717285156,82.74199676513672],[-40.15361022949219,83.0203628540039],[-38.24016571044922,82.99583435058594],[-39.90116882324219,83.05197143554688],[-38.07231140136719,83.16169738769531],[-40.056884765625,83.2576904296875],[-40.100860595703125,83.45661163330078],[-39.04547119140625,83.3499755859375],[-38.860694885253906,83.53035736083984],[-37.57386016845703,83.377197265625],[-38.15422058105469,83.51667022705078],[-35.936859130859375,83.61911010742188],[-35.154388427734375,83.46766662597656],[-35.3619384765625,83.57861328125],[-31.735191345214844,83.60786437988281],[-29.72344207763672,83.51008605957031],[-30.193222045898438,83.47747039794922],[-29.81219482421875,83.4157485961914],[-29.053054809570312,83.4891357421875],[-26.799835205078125,83.34222412109375],[-26.948806762695312,83.23572540283203],[-28.25286102294922,83.14616394042969],[-31.73969268798828,83.18138885498047],[-33.42027282714844,83.06219482421875],[-34.83880615234375,83.16569519042969],[-33.889305114746094,83.05113983154297],[-36.814361572265625,82.92819213867188],[-36.88075256347656,82.71180725097656],[-36.147666931152344,82.92558288574219],[-35.117218017578125,82.88539123535156],[-35.18694305419922,82.70919036865234],[-34.90821838378906,82.957275390625],[-33.081634521484375,82.92797088623047],[-31.558944702148438,83.12944030761719],[-29.435302734375,83.05044555664062],[-26.24974822998047,83.16852569580078],[-25.646163940429688,83.01455688476562],[-26.9403076171875,82.77324676513672],[-24.861465454101562,82.91605377197266],[-24.82208251953125,82.75819396972656],[-24.21446990966797,82.85894775390625],[-21.92474365234375,82.62919616699219],[-23.21788787841797,82.3237533569336],[-25.773696899414062,82.16805267333984],[-32.80085754394531,82.18624877929688],[-31.42877197265625,82.08030700683594],[-34.272552490234375,81.81114196777344],[-34.103057861328125,81.65177917480469],[-29.629608154296875,82.00466918945312],[-26.156661987304688,81.98613739013672],[-26.1856689453125,81.75135803222656],[-28.474220275878906,81.48452758789062],[-27.811355590820312,81.3994140625],[-24.75269317626953,81.7112808227539],[-24.75994873046875,82.0],[-22.936080932617188,82.07089233398438],[-22.556503295898438,81.51447296142578],[-22.900306701660156,81.32638549804688],[-23.593643188476562,81.2578353881836],[-23.163604736328125,81.26980590820312],[-24.780776977539062,80.53333282470703],[-21.071609497070312,81.59014129638672],[-20.209747314453125,81.67316436767578],[-20.47772216796875,81.41930389404297],[-19.69391632080078,81.5596694946289],[-18.39825439453125,81.43458557128906],[-18.360031127929688,81.57444763183594],[-17.733642578125,81.59764099121094],[-18.134750366210938,81.63275146484375],[-17.971580505371094,81.72694396972656],[-17.363525390625,81.6953353881836],[-17.69886016845703,81.84880828857422],[-16.774612426757812,81.92952728271484],[-14.760055541992188,81.91952514648438],[-12.142166137695312,81.59355926513672],[-14.047531127929688,81.13664245605469],[-15.032890319824219,81.1308364868164],[-14.785057067871094,80.8945541381836],[-15.88525390625,80.83541870117188],[-16.03997039794922,80.72533416748047],[-17.919998168945312,80.83472442626953],[-18.615188598632812,80.62544250488281],[-20.080032348632812,80.69538879394531],[-21.277633666992188,80.57003021240234],[-20.755165100097656,80.55960845947266],[-20.830215454101562,80.4937744140625],[-19.920082092285156,80.66122436523438],[-16.107498168945312,80.51744079589844],[-17.115081787109375,80.248779296875],[-19.829917907714844,80.2945556640625],[-20.627670288085938,80.11250305175781],[-20.342559814453125,80.0958023071289],[-20.808387756347656,79.86166381835938],[-20.445083618164062,79.8633041381836],[-20.416885375976562,79.76203155517578],[-19.86505126953125,79.84330749511719],[-20.251861572265625,79.82247161865234],[-19.99688720703125,80.00482940673828],[-19.319915771484375,80.09791564941406],[-17.81500244140625,80.1362533569336],[-17.631576538085938,79.99747467041016],[-18.21666717529297,79.75044250488281],[-19.290115356445312,79.78125],[-19.675025939941406,79.66077423095703],[-19.881858825683594,79.14913940429688],[-19.603225708007812,79.32955932617188],[-19.048309326171875,79.29330444335938],[-19.121780395507812,79.18583679199219],[-19.326690673828125,79.15869140625],[-19.37352752685547,79.27955627441406],[-19.60186004638672,79.1266098022461],[-20.148468017578125,79.06749725341797],[-20.070022583007812,78.86955261230469],[-21.225051879882812,78.80833435058594],[-21.221778869628906,78.7008056640625],[-20.9251708984375,78.69000244140625],[-21.436805725097656,78.66039276123047],[-20.911720275878906,78.62666320800781],[-21.394943237304688,78.157470703125],[-21.841720581054688,78.14080810546875],[-21.388412475585938,78.10997009277344],[-21.986778259277344,77.67955780029297],[-21.411834716796875,77.66747283935547],[-20.88683319091797,78.01869201660156],[-19.171829223632812,77.73497009277344],[-18.985275268554688,77.6258316040039],[-20.730087280273438,77.74710845947266],[-20.941726684570312,77.65750122070312],[-20.241722106933594,77.55335998535156],[-21.10186004638672,77.54083251953125],[-20.003555297851562,77.45044708251953],[-20.83191680908203,77.41163635253906],[-19.830078125,77.40538787841797],[-19.44024658203125,77.24458312988281],[-18.9783935546875,77.21749877929688],[-18.9901123046875,77.38788604736328],[-18.404998779296875,77.33416748046875],[-18.281753540039062,76.81999969482422],[-18.553443908691406,76.69794464111328],[-19.859939575195312,76.9195556640625],[-21.066665649414062,76.95038604736328],[-21.283248901367188,76.89958190917969],[-20.54180908203125,76.89002990722656],[-21.68341064453125,76.8820571899414],[-20.768280029296875,76.81669616699219],[-21.666748046875,76.62875366210938],[-22.190139770507812,76.8879165649414],[-22.318466186523438,76.7574691772461],[-22.735137939453125,76.70413970947266],[-21.698333740234375,76.52497100830078],[-22.558334350585938,76.45999908447266],[-21.621688842773438,76.43333435058594],[-21.83660888671875,76.21375274658203],[-21.156753540039062,76.27952575683594],[-20.73011016845703,76.18372344970703],[-21.135223388671875,76.28497314453125],[-20.953384399414062,76.30208587646484],[-19.78502655029297,76.1633071899414],[-19.788360595703125,76.05249786376953],[-20.383392333984375,75.97955322265625],[-21.916778564453125,76.04460906982422],[-21.871688842773438,75.96746826171875],[-19.963363647460938,75.94127655029297],[-19.35169219970703,75.72166442871094],[-19.57508087158203,75.72333526611328],[-19.331748962402344,75.42169189453125],[-19.603363037109375,75.12875366210938],[-19.981689453125,75.16664123535156],[-20.13683319091797,75.33208465576172],[-20.68000030517578,75.29374694824219],[-22.103469848632812,75.6703872680664],[-21.398277282714844,75.45333099365234],[-22.501693725585938,75.54747009277344],[-21.423385620117188,75.436279296875],[-20.50677490234375,75.1370849609375],[-21.163330078125,75.11708068847656],[-21.767501831054688,74.97708129882812],[-22.454917907714844,75.17416381835938],[-21.772689819335938,74.95372009277344],[-20.631668090820312,75.05252838134766],[-20.611282348632812,74.73497009277344],[-21.060165405273438,74.6495590209961],[-19.724945068359375,74.58036041259766],[-19.402633666992188,74.68624877929688],[-19.386276245117188,74.55416870117188],[-18.968780517578125,74.48416900634766],[-19.645050048828125,74.23622131347656],[-20.220108032226562,74.29374694824219],[-20.390167236328125,74.45378112792969],[-21.674972534179688,74.44872283935547],[-22.10888671875,74.60419464111328],[-21.798751831054688,74.40750122070312],[-22.441253662109375,74.31253051757812],[-22.053916931152344,74.30083465576172],[-22.373809814453125,74.163330078125],[-22.188919067382812,74.10414123535156],[-22.48638916015625,74.05583190917969],[-21.92688751220703,73.87798309326172],[-21.827560424804688,73.64125061035156],[-21.941329956054688,73.97750091552734],[-21.72516632080078,74.06291961669922],[-20.292556762695312,73.85874938964844],[-20.55133056640625,73.70330810546875],[-20.411277770996094,73.47750091552734],[-21.567527770996094,73.47789001464844],[-21.574966430664062,73.37877655029297],[-22.402610778808594,73.24791717529297],[-23.40496826171875,73.4120864868164],[-24.093948364257812,73.67585754394531],[-22.787445068359375,73.53372192382812],[-22.227615356445312,73.6128921508789],[-22.799972534179688,73.54955291748047],[-24.142555236816406,73.80789184570312],[-24.501419067382812,73.7066650390625],[-24.477584838867188,73.53622436523438],[-25.762557983398438,73.9487533569336],[-24.69127655029297,73.50416564941406],[-25.38494873046875,73.44955444335938],[-26.0,73.23622131347656],[-27.327606201171875,73.49622344970703],[-26.353858947753906,73.23500061035156],[-27.716278076171875,73.1241683959961],[-27.408721923828125,73.11247253417969],[-27.492446899414062,72.9262466430664],[-27.254974365234375,73.12541961669922],[-26.422531127929688,73.1871109008789],[-25.096359252929688,73.06580352783203],[-25.165084838867188,72.92622375488281],[-26.162582397460938,72.78205871582031],[-26.672439575195312,72.86872100830078],[-27.46624755859375,72.8375015258789],[-26.311248779296875,72.73503112792969],[-26.642532348632812,72.5237808227539],[-26.207550048828125,72.72628021240234],[-25.264999389648438,72.8012466430664],[-24.721420288085938,72.68250274658203],[-24.853836059570312,72.56246948242188],[-24.58885955810547,72.48419189453125],[-26.333778381347656,72.38833618164062],[-25.256301879882812,72.39580535888672],[-25.512557983398438,72.11538696289062],[-25.231277465820312,72.34747314453125],[-24.619972229003906,72.4245834350586],[-23.79638671875,72.24663543701172],[-23.815078735351562,72.11042022705078],[-22.5386962890625,71.92416381835938],[-23.15496826171875,71.62877655029297],[-22.434967041015625,71.79122161865234],[-22.677581787109375,71.56208038330078],[-22.245025634765625,71.75538635253906],[-21.921279907226562,71.73828125],[-22.578689575195312,71.46497344970703],[-22.385025024414062,71.24705505371094],[-22.213836669921875,71.46746826171875],[-21.758750915527344,71.4933090209961],[-21.853744506835938,71.31169128417969],[-21.616363525390625,71.33496856689453],[-21.9464111328125,71.26750183105469],[-21.728836059570312,71.24833679199219],[-21.683860778808594,71.15164184570312],[-21.876251220703125,71.1925277709961],[-21.711410522460938,71.12000274658203],[-22.336273193359375,71.05249786376953],[-21.683692932128906,71.0766372680664],[-21.996383666992188,70.98416900634766],[-21.606277465820312,70.96749877929688],[-21.70135498046875,70.83416748046875],[-21.95880126953125,70.81416320800781],[-21.651275634765625,70.80249786376953],[-21.80127716064453,70.74166870117188],[-21.5386962890625,70.71497344970703],[-21.791221618652344,70.72252655029297],[-21.571197509765625,70.67666625976562],[-21.786392211914062,70.59085845947266],[-21.498687744140625,70.5199966430664],[-21.952529907226562,70.40625],[-22.072494506835938,70.5112533569336],[-22.423858642578125,70.46499633789062],[-22.490142822265625,70.86705780029297],[-22.626327514648438,70.44916534423828],[-23.37755584716797,70.45708465576172],[-24.063720703125,70.6691665649414],[-24.198776245117188,71.02413940429688],[-24.703720092773438,71.27249908447266],[-24.643890380859375,71.34752655029297],[-25.12010955810547,71.2945556640625],[-25.62249755859375,71.53461456298828],[-26.4251708984375,71.64289093017578],[-26.840133666992188,71.5554428100586],[-27.902557373046875,71.99288940429688],[-28.37010955810547,71.99871826171875],[-28.462608337402344,71.92461395263672],[-27.850082397460938,71.89125061035156],[-28.041336059570312,71.86833190917969],[-27.346389770507812,71.70586395263672],[-28.46002197265625,71.54541778564453],[-27.590110778808594,71.61125183105469],[-27.161277770996094,71.57333374023438],[-27.23999786376953,71.47708129882812],[-25.8975830078125,71.4937515258789],[-25.433692932128906,71.2750015258789],[-26.8026123046875,70.93791961669922],[-27.532608032226562,70.94039154052734],[-27.937469482421875,71.15538787841797],[-27.626327514648438,70.94499969482422],[-28.396331787109375,70.98750305175781],[-27.913833618164062,70.87919616699219],[-28.437469482421875,70.5320816040039],[-29.251304626464844,70.45913696289062],[-26.3387451171875,70.3874740600586],[-28.555160522460938,70.0445556640625],[-27.524993896484375,70.05874633789062],[-27.40166473388672,69.95124816894531],[-26.91497039794922,70.25291442871094],[-26.3399658203125,70.20207977294922],[-25.280166625976562,70.41960906982422],[-25.334976196289062,70.27874755859375],[-25.0550537109375,70.3687515258789],[-23.885086059570312,70.1371078491211],[-22.103836059570312,70.09916687011719],[-23.30500030517578,69.86372375488281],[-22.9034423828125,69.8187255859375],[-23.008392333984375,69.75875091552734],[-23.380050659179688,69.86038970947266],[-23.246665954589844,69.74955749511719],[-23.92505645751953,69.7562255859375],[-23.670860290527344,69.69833374023438],[-23.65496826171875,69.56622314453125],[-24.358444213867188,69.6012191772461],[-24.099166870117188,69.524169921875],[-24.098419189453125,69.4145278930664],[-24.76335906982422,69.42874908447266],[-24.620887756347656,69.26333618164062],[-25.233444213867188,69.2745590209961],[-25.000946044921875,69.21247100830078],[-25.03594207763672,69.11083221435547],[-25.338272094726562,69.1362533569336],[-25.301719665527344,69.01869201660156],[-25.658447265625,69.10372161865234],[-25.549301147460938,69.0316390991211],[-25.68585968017578,68.99749755859375],[-25.455970764160156,68.96749877929688],[-26.285079956054688,68.78791809082031],[-26.386688232421875,68.66791534423828],[-27.760833740234375,68.5333023071289],[-27.62505340576172,68.48210906982422],[-27.988357543945312,68.59455871582031],[-28.0250244140625,68.45955657958984],[-28.318389892578125,68.51705932617188],[-28.266693115234375,68.42961120605469],[-28.515060424804688,68.4695816040039],[-28.846725463867188,68.32627868652344],[-29.18677520751953,68.4054183959961],[-29.110855102539062,68.29086303710938],[-29.421775817871094,68.21708679199219],[-29.991775512695312,68.43458557128906],[-30.00836181640625,68.25961303710938],[-30.330917358398438,68.2874755859375],[-30.07508087158203,68.1370849609375],[-30.411666870117188,68.11961364746094],[-30.41497039794922,68.2520523071289],[-30.773391723632812,68.29541778564453],[-30.50341796875,68.09369659423828],[-31.161666870117188,68.21208190917969],[-30.9417724609375,68.07205963134766],[-31.4517822265625,68.11955261230469],[-31.346694946289062,68.17705535888672],[-31.626663208007812,68.08041381835938],[-31.790771484375,68.21585845947266],[-31.532608032226562,68.2574691772461],[-32.05674743652344,68.27458190917969],[-32.22425079345703,68.49833679199219],[-32.39502716064453,68.44036102294922],[-32.59172058105469,68.6445541381836],[-32.73591613769531,68.54080963134766],[-32.130889892578125,68.19247436523438],[-32.519248962402344,68.19744110107422],[-32.01091766357422,68.13999938964844],[-32.18583679199219,68.04247283935547],[-32.050804138183594,67.93583679199219],[-33.2342529296875,67.68250274658203],[-33.08589172363281,67.63999938964844],[-33.40416717529297,67.55083465576172],[-33.2908935546875,67.40247344970703],[-33.617523193359375,67.37249755859375],[-33.36761474609375,67.25917053222656],[-33.722557067871094,67.2358627319336],[-33.54583740234375,67.15333557128906],[-33.93922424316406,67.0250015258789],[-33.783355712890625,66.98455810546875],[-34.09260559082031,67.00330352783203],[-33.9058837890625,66.9683609008789],[-34.114166259765625,66.87919616699219],[-33.96086120605469,66.7574691772461],[-34.14497375488281,66.80958557128906],[-34.06419372558594,66.72666931152344],[-34.356666564941406,66.56791687011719],[-34.28755187988281,66.67583465576172],[-34.416717529296875,66.58457946777344],[-34.47416687011719,66.7391357421875],[-34.660888671875,66.61580657958984],[-34.47264099121094,66.52749633789062],[-34.79011535644531,66.3195571899414],[-35.038360595703125,66.27874755859375],[-35.166717529296875,66.40036010742188],[-35.29252624511719,66.30496978759766],[-35.0758056640625,66.2574691772461],[-35.228363037109375,66.23955535888672],[-35.88664245605469,66.44291687011719],[-35.677528381347656,66.32247161865234],[-35.799224853515625,66.25917053222656],[-35.54925537109375,66.25166320800781],[-35.744171142578125,66.21083068847656],[-35.58589172363281,66.11669158935547],[-35.771636962890625,66.20127868652344],[-35.697471618652344,66.11580657958984],[-35.964141845703125,66.09747314453125],[-35.73088836669922,66.07080841064453],[-35.926727294921875,66.08619689941406],[-36.095001220703125,65.91374969482422],[-36.37835693359375,65.97705841064453],[-36.32427978515625,66.07080841064453],[-36.60839080810547,66.07707977294922],[-36.50921630859375,65.97335815429688],[-36.99664306640625,65.85455322265625],[-37.03916931152344,66.06747436523438],[-37.10511016845703,65.96622467041016],[-37.25508117675781,66.09872436523438],[-37.10089111328125,65.87247467041016],[-37.457557678222656,65.97830963134766],[-37.08416748046875,65.84833526611328],[-37.302642822265625,65.82661437988281],[-37.20005798339844,65.74285888671875],[-37.66667175292969,65.9312515258789],[-37.805938720703125,65.86582946777344],[-37.64086151123047,65.9758071899414],[-37.775917053222656,66.03919219970703],[-37.15583801269531,66.30833435058594],[-37.871665954589844,66.4179458618164],[-38.17089080810547,66.34416961669922],[-37.69261169433594,66.25330352783203],[-38.125946044921875,66.08247375488281],[-37.940887451171875,66.06916809082031],[-37.96427917480469,65.92250061035156],[-38.43756103515625,65.97413635253906],[-38.27344512939453,65.79792022705078],[-38.047607421875,65.782470703125],[-38.193389892578125,65.61455535888672],[-38.686668395996094,65.68621826171875],[-38.530860900878906,65.55916595458984],[-38.771697998046875,65.6062240600586],[-38.87330627441406,65.50544738769531],[-39.24000549316406,65.7379150390625],[-39.11924743652344,65.56253051757812],[-39.38172149658203,65.525390625],[-39.56330871582031,65.66458129882812],[-39.70008850097656,65.492919921875],[-39.93011474609375,65.5645523071289],[-39.8975830078125,65.47830963134766],[-40.08422088623047,65.48002624511719],[-39.70927429199219,65.41163635253906],[-39.87083435058594,65.350830078125],[-39.68260955810547,65.23744201660156],[-40.056671142578125,65.17124938964844],[-39.9359130859375,65.07746887207031],[-40.21844482421875,64.98374938964844],[-40.58000183105469,65.1504135131836],[-40.66339111328125,65.02375030517578],[-41.13336181640625,65.13541412353516],[-40.950889587402344,64.9566650390625],[-41.177581787109375,64.93916320800781],[-40.58583068847656,64.66166687011719],[-40.649192810058594,64.45419311523438],[-40.34580993652344,64.34330749511719],[-41.56927490234375,64.2508316040039],[-41.01008605957031,64.07125091552734],[-40.88841247558594,64.16288757324219],[-40.58580780029297,64.10663604736328],[-40.61419677734375,63.95500183105469],[-40.852500915527344,63.93743896484375],[-40.62419128417969,63.915000915527344],[-40.509193420410156,63.68499755859375],[-41.0,63.6878662109375],[-41.511695861816406,63.8570556640625],[-41.64338684082031,63.76044464111328],[-40.74583435058594,63.578277587890625],[-40.776695251464844,63.48625183105469],[-41.301727294921875,63.56291198730469],[-41.02080535888672,63.41577911376953],[-41.15333557128906,63.37286376953125],[-41.42169189453125,63.555419921875],[-41.25164031982422,63.39038848876953],[-41.746612548828125,63.555442810058594],[-41.929222106933594,63.46417236328125],[-41.69258117675781,63.33252716064453],[-41.7991943359375,63.288307189941406],[-41.31083679199219,63.054107666015625],[-42.11338806152344,63.247894287109375],[-41.54249572753906,63.03333282470703],[-41.98002624511719,63.053749084472656],[-42.20249938964844,63.19914245605469],[-42.23753356933594,63.094139099121094],[-42.02583312988281,63.02747344970703],[-42.188331604003906,63.00288391113281],[-41.61924743652344,62.9832763671875],[-41.651695251464844,62.89872741699219],[-42.02996826171875,62.775421142578125],[-42.353416442871094,62.8004150390625],[-42.34002685546875,62.93621826171875],[-42.62586212158203,62.85160827636719],[-42.41755676269531,62.823333740234375],[-42.59258270263672,62.826637268066406],[-42.5050048828125,62.688720703125],[-42.61175537109375,62.75791931152344],[-42.65167236328125,62.670387268066406],[-42.70344543457031,62.772056579589844],[-42.700111389160156,62.666221618652344],[-43.15577697753906,62.74583435058594],[-42.386695861816406,62.55955505371094],[-42.32749938964844,62.46330261230469],[-42.56425476074219,62.46330261230469],[-42.147499084472656,62.37831115722656],[-42.99763488769531,62.5133056640625],[-42.26255798339844,62.28997039794922],[-42.29753112792969,62.09663391113281],[-42.535888671875,61.931610107421875],[-42.11083221435547,61.999168395996094],[-42.42924499511719,61.90583801269531],[-42.19586181640625,61.859161376953125],[-42.32011413574219,61.757110595703125],[-42.87413787841797,61.760833740234375],[-42.23255920410156,61.697471618652344],[-42.45494079589844,61.542083740234375],[-43.08088684082031,61.589942932128906],[-42.52674865722656,61.522857666015625],[-42.397499084472656,61.397499084472656],[-42.646636962890625,61.28125],[-43.25091552734375,61.326690673828125],[-42.656639099121094,61.25202941894531],[-42.5733642578125,61.18208312988281],[-43.187530517578125,61.205833435058594],[-42.63836669921875,61.085418701171875],[-43.629249572753906,61.124114990234375],[-42.7042236328125,61.05580139160156],[-42.82091522216797,61.00999450683594],[-42.767555236816406,60.89997100830078],[-42.978416442871094,60.852081298828125],[-43.49755859375,60.90916442871094],[-42.83003234863281,60.76622009277344],[-43.52922058105469,60.811668395996094],[-42.82841491699219,60.72119140625],[-42.98841857910156,60.614532470703125],[-43.309165954589844,60.650001525878906],[-42.943328857421875,60.587890625],[-42.81163787841797,60.66291809082031],[-42.86663818359375,60.571250915527344],[-43.22416687011719,60.56916809082031],[-42.87164306640625,60.54621887207031],[-43.354942321777344,60.52874755859375],[-43.16925048828125,60.466644287109375],[-43.253387451171875,60.4378662109375],[-43.6058349609375,60.51249694824219],[-43.73008728027344,60.69792175292969],[-43.64833068847656,60.519554138183594],[-44.19169616699219,60.61372375488281],[-43.83674621582031,60.42372131347656],[-43.81172180175781,60.50541687011719],[-43.33843994140625,60.428749084472656],[-43.615943908691406,60.28330993652344],[-43.12330627441406,60.29624938964844],[-43.21925354003906,60.24333190917969],[-43.11663818359375,60.21205139160156],[-43.35247039794922,60.20166778564453],[-43.139137268066406,60.07167053222656],[-44.16502380371094,60.136192321777344],[-44.00102233886719,60.285552978515625],[-44.11335754394531,60.35289001464844],[-44.181640625,60.217918395996094],[-44.294219970703125,60.311668395996094],[-44.28094482421875,60.13666534423828],[-44.46919250488281,60.152496337890625],[-44.60664367675781,59.954559326171875],[-44.66169738769531,60.09541320800781],[-44.69927978515625,59.9949951171875]]]}},{"type":"Feature","properties":{},"geometry":{"type":"Polygon","coordinates":[[[150.0,-10.087921142578125],[150.612548828125,-10.286308288574219],[150.87709045410156,-10.229995727539062],[150.6233673095703,-10.3546142578125],[150.3441619873047,-10.334579467773438],[150.69541931152344,-10.564193725585938],[150.20166015625,-10.704612731933594],[149.85369873046875,-10.557502746582031],[150.08749389648438,-10.453750610351562],[149.91421508789062,-10.497917175292969],[149.7433319091797,-10.348747253417969],[148.9641876220703,-10.290443420410156],[148.70169067382812,-10.121246337890625],[148.399169921875,-10.208747863769531],[148.17083740234375,-10.094635009765625],[148.231689453125,-10.02044677734375],[147.99166870117188,-10.166275024414062],[147.8899688720703,-10.038719177246094],[147.72500610351562,-10.107139587402344],[147.29046630859375,-9.505027770996094],[147.08749389648438,-9.47711181640625],[146.89874267578125,-9.269195556640625],[146.97003173828125,-9.057914733886719],[146.59124755859375,-8.999168395996094],[146.6112518310547,-8.81585693359375],[146.0899658203125,-8.095413208007812],[145.82586669921875,-8.032943725585938],[145.81253051757812,-7.9021148681640625],[145.41668701171875,-7.9512786865234375],[145.15835571289062,-7.778778076171875],[144.86163330078125,-7.781280517578125],[144.88958740234375,-7.587501525878906],[144.7899932861328,-7.691307067871094],[144.70458984375,-7.5341644287109375],[144.75250244140625,-7.407112121582031],[144.6725616455078,-7.49627685546875],[144.60794067382812,-7.4116973876953125],[144.66082763671875,-7.6604461669921875],[144.507080078125,-7.435859680175781],[144.53663635253906,-7.695442199707031],[144.37289428710938,-7.436637878417969],[144.50582885742188,-7.818748474121094],[144.28208923339844,-7.576385498046875],[144.17127990722656,-7.612525939941406],[144.22000122070312,-7.7470855712890625],[144.112060546875,-7.59002685546875],[144.1533660888672,-7.797943115234375],[143.90834045410156,-7.718780517578125],[143.63746643066406,-7.4312744140625],[143.92877197265625,-7.9933624267578125],[143.3913116455078,-7.929168701171875],[143.69419860839844,-8.232917785644531],[142.5124969482422,-8.333747863769531],[142.3500518798828,-8.151275634765625],[142.21083068847656,-8.177085876464844],[142.36085510253906,-8.1812744140625],[142.45335388183594,-8.367919921875],[142.75828552246094,-8.315391540527344],[143.10000610351562,-8.450416564941406],[143.40292358398438,-8.758331298828125],[143.37246704101562,-9.009613037109375],[142.63916015625,-9.335441589355469],[142.21913146972656,-9.077919006347656],[142.08163452148438,-9.1812744140625],[141.34158325195312,-9.138999938964844],[141.12583923339844,-9.234024047851562],[140.3858642578125,-8.457916259765625],[139.95791625976562,-8.185836791992188],[140.03672790527344,-8.007080078125],[139.39083862304688,-8.164558410644531],[139.26502990722656,-8.040443420410156],[138.95506286621094,-8.259635925292969],[138.867919921875,-8.102523803710938],[139.13955688476562,-7.580863952636719],[138.6712188720703,-7.214195251464844],[139.1699676513672,-7.236305236816406],[139.2437744140625,-7.140861511230469],[138.8541717529297,-7.1604461669921875],[138.5437469482422,-6.954193115234375],[138.9213104248047,-6.830863952636719],[138.66000366210938,-6.729583740234375],[138.663330078125,-6.629608154296875],[138.80458068847656,-6.698333740234375],[138.3953857421875,-6.3358306884765625],[138.24374389648438,-5.8741912841796875],[138.40835571289062,-5.84375],[138.40956115722656,-5.7308349609375],[138.33502197265625,-5.838775634765625],[138.15371704101562,-5.757499694824219],[138.36708068847656,-5.669166564941406],[138.0537567138672,-5.733360290527344],[138.11663818359375,-5.377113342285156],[137.99586486816406,-5.4854736328125],[137.8671417236328,-5.3575286865234375],[137.9971160888672,-5.280830383300781],[137.80332946777344,-5.3687744140625],[137.85171508789062,-5.253807067871094],[137.77163696289062,-5.325416564941406],[137.70753479003906,-5.159584045410156],[137.54708862304688,-5.1741943359375],[137.5774688720703,-5.0304412841796875],[137.49667358398438,-5.1496124267578125],[137.51333618164062,-5.009552001953125],[137.40171813964844,-5.111274719238281],[137.26168823242188,-4.928779602050781],[136.82247924804688,-4.909637451171875],[136.7783660888672,-4.7879180908203125],[136.7350616455078,-4.8720855712890625],[135.9066619873047,-4.4871368408203125],[135.19827270507812,-4.458778381347656],[134.61795043945312,-4.115806579589844],[134.72544860839844,-4.060890197753906],[134.67752075195312,-3.9612503051757812],[134.93246459960938,-3.9188079833984375],[134.65167236328125,-3.919586181640625],[134.50332641601562,-4.0304412841796875],[134.31422424316406,-3.8662490844726562],[134.30996704101562,-4.03375244140625],[134.1129150390625,-3.8942184448242188],[134.13836669921875,-3.7388076782226562],[133.96913146972656,-3.8671112060546875],[133.83541870117188,-3.5583343505859375],[133.8116912841797,-3.7254409790039062],[133.617919921875,-3.4750289916992188],[133.6979217529297,-3.413360595703125],[133.68875122070312,-3.1541366577148438],[133.89208984375,-3.0749969482421875],[133.8074951171875,-2.9104461669921875],[133.64625549316406,-3.1233596801757812],[133.6504364013672,-3.3942184448242188],[133.44297790527344,-3.4249725341796875],[133.59625244140625,-3.5242233276367188],[133.40750122070312,-3.6987762451171875],[133.4479217529297,-3.8667221069335938],[133.2324676513672,-4.075416564941406],[132.8958282470703,-4.0870819091796875],[132.72207641601562,-3.6399993896484375],[132.9320526123047,-3.5508346557617188],[132.83702087402344,-3.3024978637695312],[132.65753173828125,-3.3229446411132812],[132.34246826171875,-2.9429168701171875],[131.97833251953125,-2.9321365356445312],[132.0621337890625,-2.7983322143554688],[131.94705200195312,-2.7742233276367188],[132.2100067138672,-2.6629180908203125],[132.72413635253906,-2.8062515258789062],[133.2191619873047,-2.4071121215820312],[133.38047790527344,-2.5124969482421875],[133.32167053222656,-2.6738052368164062],[133.42752075195312,-2.5063095092773438],[133.45166015625,-2.6445541381835938],[133.46749877929688,-2.5112533569335938],[133.52499389648438,-2.6370849609375],[133.6399688720703,-2.534637451171875],[133.66668701171875,-2.7304458618164062],[133.69500732421875,-2.5021133422851562],[133.8120880126953,-2.6566925048828125],[133.7324676513672,-2.4296112060546875],[133.99794006347656,-2.3983612060546875],[133.85035705566406,-2.3349990844726562],[133.9678955078125,-2.2491683959960938],[133.93959045410156,-2.0908584594726562],[133.63746643066406,-2.2338027954101562],[132.3083038330078,-2.2854461669921875],[131.92041015625,-1.87249755859375],[132.07127380371094,-1.663330078125],[131.90121459960938,-1.7058639526367188],[131.96665954589844,-1.5495834350585938],[131.80996704101562,-1.6129150390625],[131.7933349609375,-1.4921112060546875],[131.69705200195312,-1.5541915893554688],[131.7433319091797,-1.4479141235351562],[131.52499389648438,-1.485443115234375],[131.55499267578125,-1.3862762451171875],[131.44749450683594,-1.5179443359375],[131.3574676513672,-1.3721389770507812],[131.21664428710938,-1.5270843505859375],[130.93045043945312,-1.4349746704101562],[131.2237548828125,-1.1350555419921875],[131.22207641601562,-0.8283920288085938],[131.83413696289062,-0.7087478637695312],[132.41563415527344,-0.33858489990234375],[132.96018981933594,-0.4345855712890625],[133.40835571289062,-0.7396087646484375],[133.9832763671875,-0.7229461669921875],[134.13961791992188,-0.8658599853515625],[134.0137481689453,-0.9666976928710938],[134.27793884277344,-1.3516921997070312],[134.07371520996094,-1.6641693115234375],[134.174560546875,-2.35333251953125],[134.4583282470703,-2.8654708862304688],[134.45794677734375,-2.5491943359375],[134.6304473876953,-2.4800262451171875],[134.68289184570312,-2.97003173828125],[134.85125732421875,-2.8883590698242188],[134.7961883544922,-3.1366958618164062],[135.1074676513672,-3.3746109008789062],[135.4683380126953,-3.3679733276367188],[135.76580810546875,-3.1204986572265625],[136.02041625976562,-2.6904983520507812],[136.2248077392578,-2.6171417236328125],[136.39132690429688,-2.2179183959960938],[136.74749755859375,-2.2588348388671875],[137.17080688476562,-2.1138076782226562],[137.25794982910156,-2.0500259399414062],[137.11331176757812,-1.79547119140625],[137.89085388183594,-1.4646377563476562],[139.75247192382812,-2.3571090698242188],[140.619140625,-2.4366683959960938],[140.7504119873047,-2.5160293579101562],[140.71502685546875,-2.6313095092773438],[141.20333862304688,-2.6338043212890625],[142.53660583496094,-3.2379684448242188],[143.51419067382812,-3.4429168701171875],[144.01756286621094,-3.81378173828125],[144.52333068847656,-3.811248779296875],[144.57752990722656,-4.001220703125],[145.02999877929688,-4.3479461669921875],[145.32249450683594,-4.386253356933594],[145.805419921875,-4.850860595703125],[145.75917053222656,-5.4796142578125],[146.46002197265625,-5.60797119140625],[146.7974395751953,-5.860443115234375],[147.33917236328125,-5.919586181640625],[147.6254119873047,-6.1116943359375],[147.84628295898438,-6.404998779296875],[147.856689453125,-6.6520843505859375],[146.950439453125,-6.73419189453125],[147.17625427246094,-7.462501525878906],[147.4649658203125,-7.59124755859375],[147.7133026123047,-7.9429168701171875],[148.13038635253906,-8.064193725585938],[148.22207641601562,-8.557502746582031],[148.4370880126953,-8.682525634765625],[148.60330200195312,-9.084609985351562],[149.2508544921875,-8.998779296875],[149.33128356933594,-9.121696472167969],[149.17955017089844,-9.34503173828125],[149.23753356933594,-9.502113342285156],[149.4558563232422,-9.623779296875],[150.01255798339844,-9.631278991699219],[150.05416870117188,-9.72711181640625],[149.71038818359375,-9.820053100585938],[150.0,-10.087921142578125]]]}},{"type":"Feature","properties":{},"geometry":{"type":"Polygon","coordinates":[[[115.96427917480469,-3.6112747192382812],[114.5945816040039,-4.167503356933594],[114.53083038330078,-3.3504714965820312],[114.45919036865234,-3.4996109008789062],[114.25125122070312,-3.3950576782226562],[114.30000305175781,-3.2829437255859375],[114.09913635253906,-3.3612518310546875],[114.11333465576172,-3.210418701171875],[114.04247283935547,-3.3504180908203125],[113.63502502441406,-3.4646148681640625],[113.61416625976562,-3.1496124267578125],[113.32080841064453,-3.20794677734375],[113.34416961669922,-3.2862777709960938],[113.02222442626953,-2.9382476806640625],[112.9304428100586,-3.1149978637695312],[113.03291320800781,-3.1350021362304688],[112.63583374023438,-3.4079742431640625],[112.25749969482422,-3.3054428100585938],[111.90249633789062,-3.569610595703125],[111.78291320800781,-3.5266952514648438],[111.82880401611328,-3.057525634765625],[111.7016372680664,-2.80291748046875],[111.54083251953125,-3.0429458618164062],[111.43499755859375,-2.8854141235351562],[110.97747039794922,-3.069610595703125],[110.67330932617188,-3.0412216186523438],[110.61333465576172,-2.83294677734375],[110.25917053222656,-2.96624755859375],[110.14791870117188,-2.6216964721679688],[110.26294708251953,-2.5533599853515625],[110.06208038330078,-2.2467193603515625],[110.12960815429688,-2.035888671875],[109.89041900634766,-1.8383636474609375],[110.08039093017578,-1.410858154296875],[109.90458679199219,-1.2108306884765625],[109.95539093017578,-1.1083908081054688],[109.75830841064453,-1.014556884765625],[109.7741928100586,-1.1504745483398438],[109.43083190917969,-1.2870864868164062],[109.44708251953125,-0.9966964721679688],[109.64038848876953,-0.986663818359375],[109.29747009277344,-0.8987503051757812],[109.24461364746094,-0.6608352661132812],[109.45252990722656,-0.7296371459960938],[109.34869384765625,-0.6324996948242188],[109.4761962890625,-0.6175537109375],[109.11042022705078,-0.5150527954101562],[109.04955291748047,-0.2408599853515625],[109.2078857421875,-0.22083282470703125],[109.16791534423828,0.03330230712890625],[109.2820816040039,0.008331298828125],[108.91039276123047,0.3216094970703125],[108.90705871582031,1.1608352661132812],[109.1478042602539,1.2483062744140625],[108.9578857421875,1.2066421508789062],[109.06024932861328,1.5250015258789062],[109.38194274902344,1.8150558471679688],[109.2927474975586,1.7867202758789062],[109.31688690185547,1.9283294677734375],[109.6417465209961,2.0839462280273438],[109.68025207519531,1.8608322143554688],[109.892333984375,1.6979141235351562],[110.28741455078125,1.6745529174804688],[110.33824920654297,1.8120803833007812],[110.37322235107422,1.6970291137695312],[110.52122497558594,1.7399444580078125],[110.53155517578125,1.56121826171875],[110.72491455078125,1.5553359985351562],[110.70658111572266,1.45697021484375],[110.79991912841797,1.5836639404296875],[111.1707763671875,1.3645858764648438],[110.98863983154297,1.58660888671875],[111.21455383300781,1.6449737548828125],[111.07952880859375,1.7641372680664062],[111.20207977294922,2.0941390991210938],[111.35372161865234,2.1499710083007812],[111.1628646850586,2.1583328247070312],[111.19791412353516,2.3791656494140625],[111.49208068847656,2.3508071899414062],[111.43330383300781,2.7070541381835938],[111.64497375488281,2.8528900146484375],[113.03500366210938,3.1679153442382812],[113.92958068847656,4.266670227050781],[113.97166442871094,4.601219177246094],[114.43836212158203,4.663719177246094],[115.05496978759766,5.049530029296875],[115.03919219970703,4.796142578125],[115.19674682617188,4.967864990234375],[115.37589263916016,4.9061126708984375],[115.60710906982422,5.229972839355469],[115.33999633789062,5.301277160644531],[115.37041473388672,5.410804748535156],[115.58916473388672,5.635414123535156],[115.65335845947266,5.5403594970703125],[115.8637466430664,5.580833435058594],[116.08374786376953,6.1099700927734375],[116.4852523803711,6.4843292236328125],[116.74585723876953,7.0345306396484375],[116.86705780029297,6.825775146484375],[116.8133316040039,6.549583435058594],[117.15074920654297,7.0079193115234375],[117.29166412353516,6.6112213134765625],[117.47747039794922,6.4970550537109375],[117.51660919189453,6.6279449462890625],[117.7378921508789,6.424140930175781],[117.71875,6.24749755859375],[117.57205963134766,6.214996337890625],[117.6854476928711,5.969139099121094],[117.55805969238281,5.902191162109375],[117.78580474853516,5.867057800292969],[118.0074691772461,6.0645599365234375],[118.13378143310547,5.846641540527344],[117.89749908447266,5.797889709472656],[117.94080352783203,5.6695556640625],[118.3499984741211,5.829582214355469],[118.55791473388672,5.7008056640625],[118.55330657958984,5.525390625],[118.63916778564453,5.651191711425781],[118.8191909790039,5.3953857421875],[118.8199691772461,5.507057189941406],[118.88494110107422,5.379585266113281],[119.15666961669922,5.449554443359375],[119.26213836669922,5.3600311279296875],[119.157470703125,5.102081298828125],[118.67749786376953,4.9345855712890625],[118.3324966430664,5.034553527832031],[118.12371826171875,4.883331298828125],[118.49494171142578,4.4587249755859375],[118.5929183959961,4.515830993652344],[118.5508041381836,4.352081298828125],[117.97744750976562,4.2261962890625],[117.6465835571289,4.428718566894531],[117.62244415283203,4.162055969238281],[117.35955810546875,4.162445068359375],[117.83875274658203,3.8075027465820312],[117.76830291748047,3.647918701171875],[117.48666381835938,3.7353897094726562],[117.49749755859375,3.59869384765625],[117.15249633789062,3.6462249755859375],[117.01372528076172,3.5966644287109375],[117.2074966430664,3.6120834350585938],[117.22164154052734,3.4462203979492188],[117.44208526611328,3.4141693115234375],[117.51791381835938,3.28497314453125],[117.26541900634766,3.15496826171875],[117.62374877929688,3.0800247192382812],[117.51705932617188,2.9424972534179688],[117.6679458618164,2.991668701171875],[117.54208374023438,2.9133071899414062],[117.7195816040039,2.8791351318359375],[117.58464050292969,2.8383331298828125],[118.0945816040039,2.3133316040039062],[118.01997375488281,2.196197509765625],[117.73455810546875,2.1891632080078125],[117.91205596923828,2.0550003051757812],[117.73542022705078,2.0516357421875],[117.87541961669922,1.9791641235351562],[117.84371948242188,1.8624725341796875],[118.99958038330078,0.9841690063476562],[118.79914093017578,0.7937469482421875],[118.3641357421875,0.8003921508789062],[118.05828094482422,0.908721923828125],[117.88872528076172,1.1200027465820312],[118.03622436523438,0.7866668701171875],[117.7520523071289,0.7533340454101562],[117.4620590209961,0.0908355712890625],[117.45830535888672,-0.46128082275390625],[117.54458618164062,-0.375030517578125],[117.46208190917969,-0.497528076171875],[117.63285827636719,-0.43080902099609375],[117.48627471923828,-0.5266952514648438],[117.59041595458984,-0.5150299072265625],[117.53544616699219,-0.6916961669921875],[117.43621826171875,-0.6625289916992188],[117.61458587646484,-0.7808303833007812],[117.42666625976562,-0.7662811279296875],[117.44083404541016,-0.8937530517578125],[117.35497283935547,-0.797943115234375],[117.34500122070312,-0.9112777709960938],[117.25333404541016,-0.8046112060546875],[116.89749908447266,-1.2712783813476562],[116.70207977294922,-1.0849990844726562],[116.7612533569336,-1.360809326171875],[116.16544342041016,-1.8033599853515625],[116.44916534423828,-1.7679443359375],[116.367919921875,-1.8641357421875],[116.45874786376953,-2.0483627319335938],[116.30374908447266,-2.144195556640625],[116.60124969482422,-2.195831298828125],[116.50997161865234,-2.5654144287109375],[116.2620849609375,-2.5333633422851562],[116.40452575683594,-2.5625],[116.31291961669922,-2.9608306884765625],[116.21336364746094,-3.0013046264648438],[116.14666748046875,-2.7937774658203125],[116.0995864868164,-2.8625259399414062],[116.0586929321289,-3.00836181640625],[116.27791595458984,-3.1300277709960938],[116.08702850341797,-3.1558303833007812],[116.1895523071289,-3.2358322143554688],[115.96427917480469,-3.6112747192382812]]]}},{"type":"Feature","properties":{},"geometry":{"type":"Polygon","coordinates":[[[45.163307189941406,-25.606246948242188],[44.35411071777344,-25.2679443359375],[44.300384521484375,-25.158355712890625],[44.359161376953125,-25.26544189453125],[44.40577697753906,-25.18541717529297],[44.02705383300781,-25.0],[43.66374969482422,-24.07836151123047],[43.63539123535156,-23.669219970703125],[43.8004150390625,-23.571640014648438],[43.767913818359375,-23.461692810058594],[43.36958312988281,-22.846694946289062],[43.23041534423828,-22.325027465820312],[43.27793884277344,-21.90416717529297],[43.49786376953125,-21.684188842773438],[43.497894287109375,-21.3125],[43.62330627441406,-21.443771362304688],[43.59625244140625,-21.281692504882812],[43.778717041015625,-21.27002716064453],[43.90208435058594,-20.84752655029297],[44.48377990722656,-19.987503051757812],[44.38041687011719,-19.776687622070312],[44.47039031982422,-19.45752716064453],[44.039527893066406,-18.398361206054688],[43.92958068847656,-17.496665954589844],[44.43455505371094,-16.70416259765625],[44.437469482421875,-16.190414428710938],[44.98833465576172,-16.189559936523438],[45.24580383300781,-15.931251525878906],[45.290000915527344,-16.132080078125],[45.350860595703125,-15.981224060058594],[45.561668395996094,-15.944610595703125],[45.60997009277344,-16.067916870117188],[45.66999816894531,-15.769638061523438],[46.0758056640625,-15.893806457519531],[46.11455535888672,-15.77752685546875],[46.01122283935547,-15.80999755859375],[46.17500305175781,-15.703750610351562],[46.30999755859375,-15.973777770996094],[46.502471923828125,-15.997940063476562],[46.30619812011719,-15.817497253417969],[46.47247314453125,-15.510414123535156],[46.958282470703125,-15.201278686523438],[47.07202911376953,-15.339141845703125],[46.89122009277344,-15.608360290527344],[47.209556579589844,-15.471694946289062],[47.047088623046875,-15.178390502929688],[47.368751525878906,-14.914192199707031],[47.27874755859375,-14.8616943359375],[47.46330261230469,-14.671279907226562],[47.39707946777344,-15.10333251953125],[47.486663818359375,-15.088775634765625],[47.78202819824219,-14.613357543945312],[47.68958282470703,-14.444221496582031],[47.762115478515625,-14.249168395996094],[47.922889709472656,-14.255859375],[47.910003662109375,-14.088775634765625],[47.9749755859375,-14.375419616699219],[48.042022705078125,-14.265029907226562],[47.892913818359375,-13.594169616699219],[48.064971923828125,-13.523750305175781],[48.26411437988281,-13.817108154296875],[48.32788848876953,-13.550857543945312],[48.52705383300781,-13.527557373046875],[48.47416687011719,-13.367141723632812],[48.641639709472656,-13.473747253417969],[48.81205749511719,-13.379165649414062],[48.805389404296875,-13.130828857421875],[48.97294616699219,-12.893333435058594],[48.88622283935547,-12.541725158691406],[48.72039031982422,-12.442527770996094],[48.9375,-12.493804931640625],[49.27252960205078,-11.954582214355469],[49.369529724121094,-12.219169616699219],[49.249168395996094,-12.147079467773438],[49.191253662109375,-12.305000305175781],[49.36003112792969,-12.2296142578125],[49.51080322265625,-12.356246948242188],[49.63789367675781,-12.810028076171875],[49.72332763671875,-12.742889404296875],[49.930389404296875,-13.044219970703125],[50.14122009277344,-13.797531127929688],[50.182029724121094,-14.586692810058594],[50.465415954589844,-15.447525024414062],[50.16160583496094,-15.99627685546875],[49.89752960205078,-15.435417175292969],[49.621192932128906,-15.539192199707031],[49.69288635253906,-16.11083221435547],[49.860389709472656,-16.22332763671875],[49.71788787841797,-16.743331909179688],[49.83708190917969,-16.839187622070312],[49.586639404296875,-16.90875244140625],[49.443748474121094,-17.211669921875],[49.522056579589844,-17.674972534179688],[49.430389404296875,-18.16419219970703],[49.04791259765625,-18.925888061523438],[48.83372497558594,-19.93755340576172],[48.73541259765625,-19.963333129882812],[48.20622253417969,-21.760025024414062],[48.09625244140625,-21.76666259765625],[48.17622375488281,-21.813331604003906],[47.704559326171875,-23.380050659179688],[47.101226806640625,-24.993331909179688],[46.63666534423828,-25.200439453125],[46.41577911376953,-25.142974853515625],[45.51161193847656,-25.57708740234375],[45.163307189941406,-25.606246948242188]]]}},{"type":"Feature","properties":{},"geometry":{"type":"Polygon","coordinates":[[[-66.17958068847656,62.11747741699219],[-65.9483642578125,61.877105712890625],[-66.2762222290039,61.86277770996094],[-67.71316528320312,62.223663330078125],[-68.54313659667969,62.245941162109375],[-68.70439147949219,62.404052734375],[-68.80113983154297,62.33833312988281],[-68.77461242675781,62.47691345214844],[-68.85305786132812,62.352752685546875],[-69.22186279296875,62.44697570800781],[-69.2354736328125,62.641807556152344],[-69.34061431884766,62.52430725097656],[-69.58999633789062,62.65763854980469],[-69.37858581542969,62.76347351074219],[-69.9415283203125,62.77769470214844],[-69.86491394042969,62.906829833984375],[-70.16352844238281,62.741363525390625],[-70.997802734375,62.949195861816406],[-70.8185806274414,63.05694580078125],[-71.11636352539062,62.97869873046875],[-70.86763763427734,63.16144561767578],[-71.19963836669922,62.994476318359375],[-71.40361022949219,63.04841613769531],[-71.3461685180664,63.14961242675781],[-71.64108276367188,63.13325500488281],[-71.75714111328125,63.23506164550781],[-71.62847137451172,63.263916015625],[-71.84894561767578,63.34663391113281],[-71.71369171142578,63.406776428222656],[-72.12088775634766,63.442138671875],[-71.60177612304688,63.4102783203125],[-71.20002746582031,63.59422302246094],[-71.55633544921875,63.57096862792969],[-71.48958587646484,63.71339416503906],[-71.61372375488281,63.63471984863281],[-71.91280364990234,63.86719512939453],[-71.89250183105469,63.6380615234375],[-72.18553161621094,63.77403259277344],[-72.2522201538086,63.662109375],[-72.28450012207031,63.99769592285156],[-72.3505859375,63.77989196777344],[-72.6395263671875,63.84510803222656],[-72.5741958618164,64.02447509765625],[-72.9530029296875,64.03355407714844],[-72.85558319091797,64.16594696044922],[-73.07330322265625,64.1820297241211],[-73.1773910522461,64.33252716064453],[-73.36280822753906,64.26205444335938],[-73.31080627441406,64.3858871459961],[-73.48544311523438,64.39761352539062],[-73.14030456542969,64.57814025878906],[-73.28363800048828,64.66041564941406],[-73.26583099365234,64.54147338867188],[-73.5201416015625,64.5014419555664],[-73.57694244384766,64.31383514404297],[-73.68672180175781,64.55119323730469],[-73.39830780029297,64.5522232055664],[-73.43952941894531,64.60719299316406],[-73.92294311523438,64.60800170898438],[-73.66925048828125,64.45852661132812],[-73.91105651855469,64.49944305419922],[-73.99302673339844,64.31988525390625],[-74.1171646118164,64.3284683227539],[-74.00894165039062,64.3756103515625],[-74.12960815429688,64.54191589355469],[-73.94055938720703,64.51288604736328],[-74.15858459472656,64.56847381591797],[-74.02294158935547,64.59571838378906],[-74.03691864013672,64.71888732910156],[-74.1401138305664,64.74710845947266],[-74.22235870361328,64.56732940673828],[-74.42385864257812,64.66525268554688],[-74.38230895996094,64.56791687011719],[-74.67749786376953,64.71905517578125],[-74.60688781738281,64.90235900878906],[-74.70177459716797,64.76702880859375],[-74.97755432128906,64.78128051757812],[-74.43819427490234,64.56414031982422],[-74.69719696044922,64.53311157226562],[-74.46055603027344,64.38378143310547],[-75.85327911376953,64.61524963378906],[-75.60797119140625,64.4501953125],[-76.36822509765625,64.35505676269531],[-76.16122436523438,64.31147003173828],[-76.29308319091797,64.2728042602539],[-76.70111083984375,64.30380249023438],[-76.65508270263672,64.18880462646484],[-78.03013610839844,64.4273910522461],[-78.16278076171875,64.70105743408203],[-78.29855346679688,64.7042236328125],[-78.06844329833984,64.82666778564453],[-78.15032958984375,64.94972229003906],[-77.30841827392578,65.180419921875],[-77.52033233642578,65.31622314453125],[-77.28133392333984,65.363525390625],[-77.3764419555664,65.47149658203125],[-75.8030014038086,65.23388671875],[-75.95169067382812,65.32255554199219],[-75.15636444091797,65.25458526611328],[-75.10455322265625,65.39399719238281],[-74.72108459472656,65.44200134277344],[-74.53533172607422,65.32319641113281],[-74.13558197021484,65.53369140625],[-73.47161102294922,65.44774627685547],[-73.64108276367188,65.71639251708984],[-74.45783233642578,66.16516876220703],[-73.07160949707031,66.72069549560547],[-72.05171966552734,66.67019653320312],[-73.00469207763672,66.77872467041016],[-72.80538940429688,67.02222442626953],[-72.32978057861328,67.10822296142578],[-72.15269470214844,67.2703857421875],[-72.36946868896484,67.32183074951172],[-72.58039093017578,67.7652816772461],[-72.94183349609375,67.92913818359375],[-72.7820816040039,67.93941497802734],[-72.95608520507812,67.99097442626953],[-73.01052856445312,68.24116516113281],[-73.6361083984375,68.2509994506836],[-73.55085754394531,68.31375122070312],[-73.9632797241211,68.41580963134766],[-73.6606674194336,68.66480255126953],[-74.2062759399414,68.73141479492188],[-73.89202880859375,68.55735778808594],[-74.2308349609375,68.51930236816406],[-74.73516845703125,68.73699951171875],[-74.46466827392578,68.83403015136719],[-74.97905731201172,68.81608581542969],[-74.67752838134766,68.93514251708984],[-75.16180419921875,68.88794708251953],[-75.47247314453125,69.0270004272461],[-75.61872100830078,68.87374877929688],[-76.64655303955078,68.69491577148438],[-76.59972381591797,69.03453063964844],[-75.59486389160156,69.07917022705078],[-75.58821868896484,69.2356948852539],[-76.65205383300781,69.54360961914062],[-76.46013641357422,69.66397094726562],[-76.21597290039062,69.53477478027344],[-76.19566345214844,69.67253112792969],[-76.57372283935547,69.70502471923828],[-76.71930694580078,69.5616683959961],[-77.18883514404297,69.64197540283203],[-76.8375244140625,69.6911392211914],[-76.91999816894531,69.7921142578125],[-76.69164276123047,69.84400177001953],[-77.30872344970703,69.83580780029297],[-76.9933090209961,69.9887466430664],[-77.627197265625,69.74861145019531],[-77.6744155883789,70.2032241821289],[-78.38005828857422,70.20708465576172],[-78.54846954345703,70.313720703125],[-78.38077545166016,70.39064025878906],[-78.57733154296875,70.32113647460938],[-78.725830078125,70.4546127319336],[-79.06905364990234,70.47505950927734],[-78.8886947631836,70.59872436523438],[-78.70980834960938,70.5469970703125],[-79.01777648925781,70.68841552734375],[-79.15361022949219,70.63355255126953],[-78.98302459716797,70.62696838378906],[-79.158447265625,70.4227523803711],[-79.38602447509766,70.49383544921875],[-79.600830078125,70.37442016601562],[-78.943359375,70.3227767944336],[-78.6776351928711,70.05802917480469],[-78.79460906982422,69.88796997070312],[-79.67510986328125,69.86019134521484],[-80.03494262695312,69.94569396972656],[-79.95933532714844,70.02483367919922],[-81.7284164428711,70.145751953125],[-80.7890853881836,69.80030822753906],[-80.932861328125,69.7211685180664],[-81.57722473144531,69.9806137084961],[-83.0294418334961,70.3145523071289],[-81.72750091552734,69.9522476196289],[-82.1298599243164,69.79022216796875],[-83.0645523071289,70.0169448852539],[-84.29961395263672,69.98503112792969],[-84.81114196777344,70.03436279296875],[-84.78446960449219,70.11572265625],[-85.75191497802734,70.10852813720703],[-85.84977722167969,70.0481948852539],[-85.22758483886719,69.98650360107422],[-85.81927490234375,70.00933074951172],[-86.5582504272461,70.23919677734375],[-86.38177490234375,70.5282211303711],[-86.66280364990234,70.3191909790039],[-86.99236297607422,70.46724700927734],[-87.24880981445312,70.3848876953125],[-86.98786163330078,70.2883071899414],[-87.76355743408203,70.33538818359375],[-87.60839080810547,70.29122161865234],[-87.85813903808594,70.23997497558594],[-88.26777648925781,70.33619689941406],[-87.9146957397461,70.33833312988281],[-88.79255676269531,70.49810791015625],[-89.41686248779297,70.91191864013672],[-89.17192077636719,70.96436309814453],[-89.53083038330078,71.09102630615234],[-87.89991760253906,70.93641662597656],[-86.50297546386719,70.98055267333984],[-85.0,71.20497131347656],[-84.86335754394531,71.07511138916016],[-85.15164184570312,71.0865249633789],[-84.77241516113281,70.93297576904297],[-84.79119110107422,71.36552429199219],[-84.5250015258789,71.46286010742188],[-84.63561248779297,71.63938903808594],[-84.48080444335938,71.63742065429688],[-85.28813934326172,71.67705535888672],[-85.59864044189453,71.78669738769531],[-85.43363952636719,71.80921936035156],[-85.55860900878906,71.90064239501953],[-86.03874969482422,72.02108001708984],[-85.51469421386719,72.05874633789062],[-85.4935531616211,72.26000213623047],[-85.2258071899414,72.26660919189453],[-84.19902801513672,71.9350814819336],[-84.14888763427734,72.00655364990234],[-84.94652557373047,72.28919219970703],[-84.41633605957031,72.39019775390625],[-85.51744079589844,72.45880889892578],[-85.7016372680664,72.90472412109375],[-85.3226089477539,72.97575378417969],[-83.95155334472656,72.74713897705078],[-85.54299926757812,73.0330810546875],[-85.38899993896484,73.1425552368164],[-85.12772369384766,73.05016326904297],[-85.20974731445312,73.14888763427734],[-83.69841766357422,73.0072250366211],[-85.14494323730469,73.2155532836914],[-84.7618637084961,73.38844299316406],[-84.32394409179688,73.22416687011719],[-84.63597106933594,73.40319061279297],[-84.15758514404297,73.47955322265625],[-83.73108673095703,73.4221420288086],[-83.62283325195312,73.29966735839844],[-83.66033172607422,73.4447250366211],[-84.01113891601562,73.5070571899414],[-82.85172271728516,73.73583221435547],[-81.54805755615234,73.72402954101562],[-81.2032470703125,73.52972412109375],[-81.19219207763672,73.26325225830078],[-80.58030700683594,73.15316772460938],[-80.64533233642578,72.92947387695312],[-80.22569274902344,72.73619079589844],[-81.38655853271484,72.24114227294922],[-80.50900268554688,72.51499938964844],[-80.50189208984375,72.38194274902344],[-80.9925537109375,72.20330810546875],[-80.53572082519531,72.07130432128906],[-81.0141372680664,72.09432983398438],[-81.08294677734375,72.04513549804688],[-80.77811431884766,72.01969146728516],[-80.9623031616211,71.88394165039062],[-80.32649993896484,72.07183074951172],[-80.48925018310547,72.18258666992188],[-80.2165298461914,72.19416809082031],[-80.22550201416016,72.30413818359375],[-79.6816635131836,72.12936401367188],[-80.17394256591797,72.32636260986328],[-79.79042053222656,72.50472259521484],[-79.57905578613281,72.34469604492188],[-79.74160766601562,72.21847534179688],[-79.34705352783203,72.40780639648438],[-78.93683624267578,72.28060913085938],[-79.1883316040039,71.95989227294922],[-78.51036071777344,71.86558532714844],[-78.929443359375,72.02161407470703],[-78.85458374023438,72.1812515258789],[-78.48860931396484,72.08585357666016],[-78.18135833740234,71.82705688476562],[-77.86972045898438,71.77058410644531],[-78.26049041748047,71.92334747314453],[-78.12611389160156,71.96085357666016],[-77.7306137084961,71.74644470214844],[-77.67044067382812,71.81600189208984],[-78.8812484741211,72.2341079711914],[-78.59963989257812,72.36589050292969],[-78.41505432128906,72.17127990722656],[-78.42063903808594,72.33452606201172],[-77.65677642822266,72.20858001708984],[-77.64158630371094,72.10025024414062],[-77.58027648925781,72.18653106689453],[-77.00382995605469,72.13605499267578],[-78.55022430419922,72.43844604492188],[-78.41305541992188,72.5903091430664],[-77.57508087158203,72.76191711425781],[-76.73980712890625,72.72477722167969],[-76.12566375732422,72.59158325195312],[-76.07566833496094,72.47724914550781],[-75.80472564697266,72.58908081054688],[-75.15019226074219,72.49066925048828],[-75.02536010742188,72.189697265625],[-76.05400085449219,72.0723876953125],[-76.40105438232422,71.85922241210938],[-75.81891632080078,72.09850311279297],[-75.22566986083984,72.08197021484375],[-75.59711456298828,71.989501953125],[-75.82136535644531,71.75836944580078],[-76.1102523803711,71.70127868652344],[-75.88172149658203,71.70008087158203],[-75.52505493164062,71.98544311523438],[-75.08583068847656,72.1128921508789],[-74.20866394042969,72.06114196777344],[-74.24588775634766,71.82313537597656],[-75.36591339111328,71.68436431884766],[-74.9157485961914,71.66344451904297],[-75.37794494628906,71.5066909790039],[-74.61650085449219,71.65977478027344],[-75.13380432128906,71.47758483886719],[-74.8382797241211,71.52197265625],[-74.91558074951172,71.45033264160156],[-74.69219207763672,71.39488983154297],[-75.047607421875,71.17877960205078],[-74.61663818359375,71.37486267089844],[-74.74480438232422,71.53074645996094],[-74.51908111572266,71.65766906738281],[-74.09827423095703,71.73997497558594],[-74.2165298461914,71.59439086914062],[-73.71319580078125,71.77813720703125],[-74.0586929321289,71.53128051757812],[-73.96805572509766,71.46344757080078],[-74.30802917480469,71.40599822998047],[-74.01933288574219,71.44063568115234],[-74.20466613769531,71.19930267333984],[-73.85305786132812,71.53680419921875],[-73.57966613769531,71.57427978515625],[-73.62552642822266,71.36505889892578],[-73.52899932861328,71.47491455078125],[-73.38311004638672,71.38419342041016],[-73.85541534423828,71.04939270019531],[-73.32280731201172,71.35005950927734],[-73.04288482666016,71.26409912109375],[-73.24783325195312,71.22846984863281],[-73.37174987792969,70.98603057861328],[-72.54988861083984,71.66072082519531],[-71.56075286865234,71.50019073486328],[-71.15483093261719,71.27308654785156],[-71.47213745117188,71.06583404541016],[-72.0899429321289,71.0838851928711],[-72.33174896240234,70.88422393798828],[-72.788330078125,70.8199462890625],[-72.18538665771484,70.8409194946289],[-72.56583404541016,70.61555480957031],[-72.17819213867188,70.7814712524414],[-71.17974853515625,70.85663604736328],[-71.21741485595703,71.01480865478516],[-70.8359146118164,71.1155014038086],[-70.60427856445312,71.05897521972656],[-70.51797485351562,70.9245834350586],[-70.78800201416016,70.74241638183594],[-71.1872787475586,70.58838653564453],[-71.59841918945312,70.61647033691406],[-71.97252655029297,70.41997528076172],[-71.7300033569336,70.42244720458984],[-71.84439086914062,70.29569244384766],[-71.5126953125,70.5838623046875],[-71.16547393798828,70.54644775390625],[-71.54302978515625,70.02649688720703],[-71.00994110107422,70.63263702392578],[-69.88417053222656,70.88410949707031],[-69.8086929321289,70.81810760498047],[-70.45530700683594,70.63069152832031],[-70.3931655883789,70.51814270019531],[-70.61528015136719,70.45752716064453],[-70.28514099121094,70.49666595458984],[-70.39655303955078,70.61714172363281],[-70.05055236816406,70.56485748291016],[-69.4476089477539,70.79486083984375],[-68.28561401367188,70.52552795410156],[-68.43783569335938,70.37767028808594],[-68.54589080810547,70.4792251586914],[-68.70777893066406,70.32763671875],[-69.3931655883789,70.25908660888672],[-70.17797088623047,70.03233337402344],[-69.81991577148438,69.98921966552734],[-70.48596954345703,69.84363555908203],[-69.78958129882812,69.96080780029297],[-69.6358871459961,70.14997100830078],[-68.6763916015625,70.20733642578125],[-68.83169555664062,70.03652954101562],[-69.41102600097656,69.82902526855469],[-69.79005432128906,69.83308410644531],[-70.023193359375,69.62117004394531],[-69.74539184570312,69.8062744140625],[-69.40994262695312,69.78152465820312],[-68.22792053222656,70.10380554199219],[-68.36722564697266,70.17369079589844],[-68.16053009033203,70.31842041015625],[-67.78094482421875,70.25777435302734],[-67.25900268554688,69.97244262695312],[-67.20555877685547,69.7179183959961],[-67.9080581665039,69.78199768066406],[-68.33016967773438,69.62911224365234],[-70.06222534179688,69.54238891601562],[-68.73286437988281,69.59547424316406],[-66.77122497558594,69.3324966430664],[-66.70114135742188,69.17072296142578],[-69.04005432128906,69.35800170898438],[-69.25855255126953,69.26094055175781],[-68.92871856689453,69.33758544921875],[-68.08377838134766,69.22296905517578],[-68.98155975341797,69.23217010498047],[-68.50566864013672,69.20858001708984],[-69.0836410522461,69.11035919189453],[-68.92422485351562,69.1046142578125],[-69.0120849609375,68.97736358642578],[-68.8296127319336,69.10641479492188],[-68.1999740600586,69.15172576904297],[-67.7135009765625,69.02230834960938],[-68.56280517578125,68.98108673095703],[-67.9748306274414,68.86135864257812],[-68.5145263671875,68.8984146118164],[-67.77566528320312,68.78524780273438],[-69.40814208984375,68.81513977050781],[-68.06266784667969,68.68444061279297],[-68.74925231933594,68.57202911376953],[-67.94647216796875,68.56136322021484],[-67.95952606201172,68.40338897705078],[-67.67747497558594,68.57091522216797],[-67.24949645996094,68.48535919189453],[-67.36572265625,68.41480255126953],[-66.67388916015625,68.44689178466797],[-67.42036437988281,68.40325164794922],[-67.88280487060547,68.26919555664062],[-67.01902770996094,68.33100128173828],[-67.25800323486328,68.30461120605469],[-67.3376693725586,68.1897201538086],[-66.76435852050781,68.238525390625],[-67.05297088623047,67.99105834960938],[-66.68433380126953,68.13849639892578],[-66.74788665771484,67.93241882324219],[-66.6183090209961,68.13969421386719],[-66.31452941894531,68.12455749511719],[-66.53536224365234,68.077392578125],[-66.19144439697266,68.01338958740234],[-66.39244079589844,67.86530303955078],[-66.76005554199219,67.87850189208984],[-66.37422180175781,67.76814270019531],[-66.24177551269531,67.96167755126953],[-65.94044494628906,68.03266906738281],[-66.15316772460938,67.921142578125],[-65.9306640625,67.86885833740234],[-66.03289031982422,67.59661102294922],[-65.80352783203125,67.97305297851562],[-65.46427917480469,67.9897232055664],[-65.62955474853516,67.78839111328125],[-65.34283447265625,67.58877563476562],[-65.57213592529297,67.78144073486328],[-65.4254150390625,67.91727447509766],[-65.08625030517578,68.04341888427734],[-64.72166442871094,67.97792053222656],[-65.09635925292969,67.9209976196289],[-64.93083190917969,67.91752624511719],[-65.25924682617188,67.75341796875],[-65.0240249633789,67.81561279296875],[-65.23016357421875,67.64205932617188],[-64.52999877929688,67.81036376953125],[-64.36419677734375,67.73750305175781],[-64.65758514404297,67.6500015258789],[-64.29499816894531,67.72211456298828],[-64.30591583251953,67.61080932617188],[-64.0741958618164,67.56500244140625],[-64.2433853149414,67.45288848876953],[-63.95091247558594,67.34249877929688],[-64.79499816894531,67.36872100830078],[-64.23919677734375,67.2983627319336],[-64.7983627319336,67.19288635253906],[-63.95747375488281,67.26663970947266],[-64.62677764892578,67.13541412353516],[-64.72010803222656,67.00788879394531],[-64.55341339111328,67.12458038330078],[-63.50006103515625,67.23538970947266],[-63.52252960205078,67.10663604736328],[-63.90924835205078,66.99585723876953],[-63.81330871582031,66.900390625],[-63.11830139160156,67.3320541381836],[-62.959136962890625,67.21746826171875],[-63.28924560546875,67.1091079711914],[-63.24082946777344,66.9625015258789],[-63.809967041015625,66.80458068847656],[-63.448036193847656,66.88400268554688],[-63.43000030517578,66.69789123535156],[-63.35839080810547,66.89791870117188],[-62.84175109863281,66.96788787841797],[-62.90583801269531,66.64746856689453],[-62.73347473144531,66.65628051757812],[-62.76586151123047,66.93419647216797],[-62.56842041015625,66.95458221435547],[-62.30332946777344,66.72792053222656],[-62.42919921875,66.92832946777344],[-62.02674865722656,67.05291748046875],[-62.07994079589844,66.8895263671875],[-61.712554931640625,66.93000030517578],[-62.01750183105469,66.85247039794922],[-61.616668701171875,66.87124633789062],[-61.794166564941406,66.80916595458984],[-61.29252624511719,66.66744232177734],[-61.42669677734375,66.52127838134766],[-61.998443603515625,66.68702697753906],[-62.19752502441406,66.61497497558594],[-61.80005645751953,66.60871887207031],[-61.557586669921875,66.44914245605469],[-61.995887756347656,66.39913940429688],[-61.57177734375,66.40791320800781],[-61.54338836669922,66.31869506835938],[-61.92327880859375,66.27291870117188],[-62.21089172363281,66.32585906982422],[-62.09672546386719,66.41041564941406],[-62.60508728027344,66.438720703125],[-62.68675231933594,66.39869689941406],[-62.31083679199219,66.29916381835938],[-62.70835876464844,66.20288848876953],[-62.89594268798828,66.33413696289062],[-62.71830749511719,66.18374633789062],[-62.48002624511719,66.21624755859375],[-61.949195861816406,66.0],[-62.32838439941406,65.95872497558594],[-62.949195861816406,66.14669036865234],[-62.82011413574219,66.01625061035156],[-62.410919189453125,65.96002960205078],[-62.484161376953125,65.90166473388672],[-62.289222717285156,65.79497528076172],[-62.857582092285156,65.89994049072266],[-62.569305419921875,65.73750305175781],[-62.849220275878906,65.75580596923828],[-62.61585998535156,65.67080688476562],[-62.676727294921875,65.5746078491211],[-62.911773681640625,65.742919921875],[-62.97166442871094,65.5746078491211],[-63.25846862792969,65.632080078125],[-63.52922058105469,65.92996978759766],[-63.34416198730469,65.6566390991211],[-63.74421691894531,65.66500091552734],[-63.39091491699219,65.6241683959961],[-63.38502502441406,65.52458190917969],[-63.69596862792969,65.55913543701172],[-63.302528381347656,65.42416381835938],[-63.76097106933594,65.48163604736328],[-63.40419006347656,65.38749694824219],[-63.57086181640625,65.3550033569336],[-63.33416748046875,65.2433090209961],[-63.52080535888672,65.19080352783203],[-63.33252716064453,65.13414001464844],[-63.48261260986328,65.08916473388672],[-63.349273681640625,65.04916381835938],[-63.45338439941406,64.97958374023438],[-63.570945739746094,65.0433349609375],[-63.53675079345703,64.876220703125],[-63.67591857910156,64.89830780029297],[-63.6199951171875,64.99288940429688],[-63.84910583496094,64.97086334228516],[-63.67089080810547,65.03250122070312],[-63.892555236816406,65.0250244140625],[-63.81005859375,65.18458557128906],[-64.10671997070312,65.03539276123047],[-64.28250122070312,65.09833526611328],[-64.11589050292969,65.24833679199219],[-64.38922119140625,65.17500305175781],[-64.21675109863281,65.4487533569336],[-64.5916976928711,65.09205627441406],[-64.75749969482422,65.19416809082031],[-64.62422180175781,65.25333404541016],[-64.92758178710938,65.28080749511719],[-64.69255828857422,65.33914184570312],[-64.92253112792969,65.3441390991211],[-64.41422271728516,65.4808349609375],[-65.0947494506836,65.38578033447266],[-65.15819549560547,65.49569702148438],[-64.72755432128906,65.64910888671875],[-65.33985900878906,65.56072235107422],[-64.80327606201172,65.72039031982422],[-65.50152587890625,65.74069213867188],[-65.35855865478516,65.91572570800781],[-64.79922485351562,65.97000122070312],[-64.74419403076172,66.21333312988281],[-64.35839080810547,66.3554458618164],[-64.69672393798828,66.2820816040039],[-64.95508575439453,66.06788635253906],[-65.87458038330078,65.9441146850586],[-65.96485900878906,66.04350280761719],[-65.53180694580078,66.2314682006836],[-65.48100280761719,66.38569641113281],[-65.57167053222656,66.23169708251953],[-65.9852523803711,66.10724639892578],[-66.54166412353516,66.2386703491211],[-66.42866516113281,66.41941833496094],[-66.76630401611328,66.37308502197266],[-66.66972351074219,66.45694732666016],[-66.86133575439453,66.53816986083984],[-66.7375259399414,66.59735870361328],[-67.17375183105469,66.67216491699219],[-66.85783386230469,66.56861114501953],[-67.13788604736328,66.48566436767578],[-67.52925109863281,66.65702819824219],[-67.51850128173828,66.56080627441406],[-67.12000274658203,66.44271850585938],[-67.43583679199219,66.44164276123047],[-67.11316680908203,66.31255340576172],[-67.27630615234375,66.26644134521484],[-67.98811340332031,66.5111083984375],[-67.6939468383789,66.2877197265625],[-67.8102798461914,66.24263763427734],[-67.13272094726562,66.01824951171875],[-67.17407989501953,65.91033172607422],[-67.4631118774414,65.89083099365234],[-67.76905822753906,65.99649810791016],[-67.80419158935547,65.87596893310547],[-68.36746978759766,66.07266998291016],[-68.16525268554688,65.94930267333984],[-68.32266998291016,65.92725372314453],[-68.04866790771484,65.82858276367188],[-68.26541900634766,65.74852752685547],[-67.78980255126953,65.77960968017578],[-67.99130249023438,65.7036361694336],[-67.8481674194336,65.64360809326172],[-68.05783081054688,65.57030487060547],[-67.93008422851562,65.5681381225586],[-68.0155258178711,65.48486328125],[-67.56346893310547,65.56363677978516],[-67.75191497802734,65.636474609375],[-67.31610870361328,65.66527557373047],[-67.2528076171875,65.52413940429688],[-67.4635009765625,65.49478149414062],[-67.04824829101562,65.42610931396484],[-67.41825103759766,65.34210968017578],[-67.10375213623047,65.31358337402344],[-67.25494384765625,65.17507934570312],[-66.91869354248047,65.23772430419922],[-67.11902618408203,65.05738830566406],[-66.74886322021484,65.17610931396484],[-66.93380737304688,65.04591369628906],[-66.76205444335938,65.06339263916016],[-66.73066711425781,64.72074890136719],[-66.67669677734375,65.04177856445312],[-66.11924743652344,64.86836242675781],[-66.4346694946289,64.72819519042969],[-66.31439208984375,64.61013793945312],[-66.40516662597656,64.720947265625],[-66.1465835571289,64.69868469238281],[-66.0165023803711,64.85663604736328],[-65.99188995361328,64.6617202758789],[-65.9449462890625,64.77244567871094],[-65.8003921508789,64.62966918945312],[-65.94811248779297,64.8735580444336],[-65.68675231933594,64.84844207763672],[-65.69325256347656,64.67900085449219],[-65.65188598632812,64.77752685546875],[-65.53008270263672,64.7213363647461],[-65.75169372558594,64.58697509765625],[-65.70835876464844,64.47166442871094],[-65.31391906738281,64.53702545166016],[-65.37163543701172,64.42089080810547],[-65.21125030517578,64.54138946533203],[-65.04019165039062,64.43074798583984],[-65.22538757324219,64.41102600097656],[-65.20108032226562,64.29360961914062],[-65.67144775390625,64.30310821533203],[-65.00719451904297,64.04763793945312],[-65.16813659667969,64.0074691772461],[-64.61260986328125,63.97666931152344],[-64.98080444335938,63.80914306640625],[-64.505859375,63.678306579589844],[-64.53336334228516,63.59541320800781],[-64.68421936035156,63.69166564941406],[-64.46755981445312,63.43080139160156],[-64.71258544921875,63.38664245605469],[-64.4925308227539,63.375030517578125],[-64.62750244140625,63.32496643066406],[-64.5167465209961,63.24205780029297],[-64.76255798339844,63.32080078125],[-65.129638671875,63.781028747558594],[-65.31591796875,63.80519104003906],[-65.01692199707031,63.60990905761719],[-65.11577606201172,63.582275390625],[-65.01921844482422,63.46177673339844],[-65.13674926757812,63.431671142578125],[-65.01625061035156,63.427032470703125],[-65.1530532836914,63.40144348144531],[-64.95752716064453,63.38746643066406],[-64.88422393798828,63.23249816894531],[-65.06744384765625,63.31422424316406],[-64.93413543701172,63.211692810058594],[-65.07905578613281,63.162384033203125],[-64.76252746582031,63.13166809082031],[-64.96424865722656,63.09828186035156],[-64.60255432128906,62.915802001953125],[-64.8066635131836,62.82539367675781],[-65.26828002929688,63.02082824707031],[-64.89752960205078,62.63166809082031],[-65.20314025878906,62.56422424316406],[-65.35449981689453,62.68577575683594],[-65.2030029296875,62.785919189453125],[-65.33619689941406,62.78239440917969],[-65.29844665527344,62.94005584716797],[-65.53886413574219,62.79780578613281],[-65.73278045654297,62.93035888671875],[-65.70616912841797,63.048362731933594],[-65.75480651855469,62.878448486328125],[-65.94667053222656,62.93914031982422],[-65.822998046875,63.03785705566406],[-66.10298919677734,63.048370361328125],[-66.2304458618164,63.23442077636719],[-66.05530548095703,62.94300079345703],[-66.45153045654297,63.03314208984375],[-66.71241760253906,63.296142578125],[-66.58858489990234,63.397857666015625],[-66.7417221069336,63.297279357910156],[-66.52913665771484,63.00328063964844],[-66.66564178466797,63.02508544921875],[-66.80549621582031,63.281524658203125],[-66.80789184570312,63.15327453613281],[-67.63261413574219,63.529945373535156],[-67.59930419921875,63.678443908691406],[-67.76533508300781,63.63255310058594],[-67.91516876220703,63.769500732421875],[-67.68852996826172,63.36894226074219],[-68.22994232177734,63.68519592285156],[-68.98339080810547,63.755859375],[-68.19969177246094,63.200416564941406],[-67.88938903808594,63.1392822265625],[-67.98925018310547,63.04986572265625],[-67.60575103759766,63.095855712890625],[-67.74827575683594,62.94752502441406],[-67.52677917480469,63.04283142089844],[-67.63627624511719,62.91481018066406],[-67.37989044189453,62.96391296386719],[-67.00702667236328,62.76557922363281],[-67.04708099365234,62.678863525390625],[-66.8780288696289,62.69085693359375],[-66.9915542602539,62.647552490234375],[-66.72291564941406,62.664886474609375],[-66.44116973876953,62.491111755371094],[-66.49024963378906,62.41608428955078],[-66.33747100830078,62.43885803222656],[-66.49472045898438,62.33747100830078],[-65.89202880859375,62.205833435058594],[-66.0639419555664,62.12444305419922],[-66.0062255859375,62.04783630371094],[-66.17958068847656,62.11747741699219]]]}},{"type":"Feature","properties":{},"geometry":{"type":"Polygon","coordinates":[[[104.58169555664062,-5.945442199707031],[103.73666381835938,-4.984611511230469],[103.3266372680664,-4.8104400634765625],[102.3191909790039,-4.002082824707031],[102.2237777709961,-3.6708602905273438],[101.5812759399414,-3.2042236328125],[101.32041931152344,-2.7392196655273438],[100.8871078491211,-2.3308868408203125],[100.8620834350586,-1.926666259765625],[100.5645523071289,-1.3308639526367188],[100.3945541381836,-1.2717208862304688],[100.3245849609375,-0.8541641235351562],[99.80455780029297,-0.3000030517578125],[99.69750213623047,0.017059326171875],[99.13622283935547,0.25330352783203125],[98.71121978759766,1.564971923828125],[98.83953094482422,1.6366424560546875],[98.79705810546875,1.730804443359375],[97.9666976928711,2.2720794677734375],[97.75086212158203,2.2762222290039062],[97.59627532958984,2.874969482421875],[97.35747528076172,3.0003585815429688],[96.86705780029297,3.6949691772460938],[96.5008316040039,3.753753662109375],[95.537109375,4.6616668701171875],[95.21121978759766,5.282501220703125],[95.22753143310547,5.58294677734375],[95.6141357421875,5.6353912353515625],[96.39250183105469,5.21624755859375],[96.97997283935547,5.2686920166015625],[97.19830322265625,5.148780822753906],[97.50330352783203,5.2553863525390625],[97.90291595458984,4.899169921875],[97.97827911376953,4.531219482421875],[98.28874969482422,4.4308319091796875],[98.15583038330078,4.084556579589844],[98.52827453613281,4.017082214355469],[98.68497467041016,3.7653884887695312],[99.75330352783203,3.1795272827148438],[99.99539184570312,2.9366683959960938],[99.94955444335938,2.7075271606445312],[100.03414154052734,2.62371826171875],[99.96538543701172,2.7091140747070312],[100.05874633789062,2.7399444580078125],[100.11127471923828,2.5016632080078125],[100.22166442871094,2.707916259765625],[100.3945541381836,2.3266677856445312],[100.79916381835938,2.0620803833007812],[100.93328094482422,1.8095550537109375],[100.80874633789062,2.2099456787109375],[101.04747009277344,2.30291748046875],[101.30455780029297,2.0483322143554688],[101.40666961669922,1.707916259765625],[101.75,1.6753921508789062],[102.1487808227539,1.3833084106445312],[102.22541809082031,1.0],[102.413330078125,0.80535888671875],[102.90997314453125,0.7170867919921875],[103.10624694824219,0.45586395263671875],[102.68250274658203,0.22536468505859375],[103.32746887207031,0.5495529174804688],[103.72875213623047,0.2808074951171875],[103.80791473388672,0.0],[103.4254150390625,-0.0816650390625],[103.49958038330078,-0.14919281005859375],[103.32122039794922,-0.2516937255859375],[103.51875305175781,-0.2133636474609375],[103.43330383300781,-0.35788726806640625],[103.2937240600586,-0.331695556640625],[103.59872436523438,-0.43000030517578125],[103.41997528076172,-0.5221099853515625],[103.36911010742188,-0.4379425048828125],[103.4187240600586,-0.5716934204101562],[103.3062515258789,-0.6700286865234375],[103.3937759399414,-0.6750030517578125],[103.2762222290039,-0.7058639526367188],[103.81416320800781,-1.0344696044921875],[104.18585968017578,-1.1054153442382812],[104.36746978759766,-1.017913818359375],[104.5387191772461,-1.736663818359375],[104.47955322265625,-1.9899978637695312],[104.55997467041016,-1.8562774658203125],[104.64458465576172,-1.9224700927734375],[104.53580474853516,-2.0212249755859375],[104.657470703125,-1.9595794677734375],[104.87875366210938,-2.0842208862304688],[104.73919677734375,-2.360443115234375],[104.62875366210938,-2.3366928100585938],[104.72872161865234,-2.38336181640625],[104.7129135131836,-2.5999984741210938],[104.84747314453125,-2.2845840454101562],[104.93914031982422,-2.50128173828125],[104.9516372680664,-2.3328857421875],[105.00917053222656,-2.492889404296875],[105.21330261230469,-2.3312759399414062],[105.619140625,-2.3921127319335938],[105.6312484741211,-2.6516952514648438],[105.77713775634766,-2.6891937255859375],[105.8133316040039,-2.9212188720703125],[106.04875183105469,-2.9900283813476562],[106.0870590209961,-3.2258071899414062],[105.81041717529297,-3.5966949462890625],[105.95708465576172,-3.8375244140625],[105.84041595458984,-4.163360595703125],[105.77291870117188,-4.110862731933594],[105.9137191772461,-4.646720886230469],[105.72333526611328,-5.904640197753906],[105.28416442871094,-5.446281433105469],[105.16083526611328,-5.809608459472656],[104.52994537353516,-5.5221099853515625],[104.73130798339844,-5.929222106933594],[104.58169555664062,-5.945442199707031]]]}},{"type":"Feature","properties":{},"geometry":{"type":"Polygon","coordinates":[[[136.27200317382812,33.97161102294922],[135.75332641601562,33.43621826171875],[135.05789184570312,33.88169860839844],[135.2095489501953,34.150779724121094],[135.07041931152344,34.298309326171875],[135.46371459960938,34.58330535888672],[135.336669921875,34.72538757324219],[135.0416717529297,34.62786102294922],[134.64752197265625,34.79624938964844],[134.1858367919922,34.74122619628906],[134.1725311279297,34.61372375488281],[133.9079132080078,34.5999755859375],[134.0487823486328,34.57749938964844],[133.93661499023438,34.45036315917969],[133.48753356933594,34.51371765136719],[133.36830139160156,34.37042236328125],[133.2458953857422,34.442054748535156],[132.5966339111328,34.232025146484375],[132.55667114257812,34.069580078125],[132.44705200195312,34.095001220703125],[132.5254364013672,34.36830139160156],[132.4008026123047,34.376251220703125],[132.2237548828125,34.2449951171875],[132.13914489746094,33.83125305175781],[131.74667358398438,34.07035827636719],[131.4417266845703,33.984527587890625],[131.39913940429688,34.071250915527344],[131.26255798339844,33.925384521484375],[131.03997802734375,34.063690185546875],[130.90499877929688,33.91288757324219],[130.86627197265625,34.29167175292969],[131.03457641601562,34.374168395996094],[130.97247314453125,34.444580078125],[131.4108123779297,34.428749084472656],[131.60418701171875,34.66539001464844],[131.84750366210938,34.71202850341797],[132.63082885742188,35.289581298828125],[132.6291961669922,35.43455505371094],[133.09246826171875,35.6070556640625],[133.39910888671875,35.45375061035156],[135.22413635253906,35.78038787841797],[135.3028564453125,35.663307189941406],[135.1546173095703,35.55497741699219],[135.2558135986328,35.601226806640625],[135.30999755859375,35.45286560058594],[135.461669921875,35.60541534423828],[135.71746826171875,35.48541259765625],[136.01828002929688,35.76458740234375],[136.07083129882812,35.66205596923828],[135.96041870117188,35.990806579589844],[136.70291137695312,36.75080871582031],[136.7566680908203,37.36375427246094],[137.3453826904297,37.51580810546875],[137.2449951171875,37.30792236328125],[136.91082763671875,37.2296142578125],[136.86038208007812,37.0816650390625],[137.05792236328125,37.10746765136719],[137.0516357421875,36.77874755859375],[137.33169555664062,36.762939453125],[137.43418884277344,36.931251525878906],[138.54168701171875,37.367889404296875],[138.84580993652344,37.82041931152344],[139.42503356933594,38.14872741699219],[139.53872680664062,38.559967041015625],[139.84291076660156,38.89080810546875],[140.10372924804688,39.679168701171875],[139.95628356933594,39.89582824707031],[140.0700225830078,39.998779296875],[139.8166046142578,39.85621643066406],[139.7036895751953,39.928306579589844],[140.01705932617188,40.22166442871094],[139.86038208007812,40.61497497558594],[140.25038146972656,40.803306579589844],[140.32046508789062,41.035003662109375],[140.41285705566406,41.024169921875],[140.24624633789062,41.12330627441406],[140.33914184570312,41.26042175292969],[140.63792419433594,41.18663787841797],[140.72830200195312,40.8328857421875],[140.8699951171875,41.01622009277344],[141.13082885742188,40.87291717529297],[141.26541137695312,41.193328857421875],[141.18077087402344,41.28541564941406],[140.78163146972656,41.13035583496094],[140.8345489501953,41.41914367675781],[140.91082763671875,41.54627990722656],[141.27664184570312,41.35289001464844],[141.4633026123047,41.43122100830078],[141.43621826171875,40.67333221435547],[141.816162109375,40.27080535888672],[142.00547790527344,39.77747344970703],[141.94454956054688,39.58997344970703],[142.0225067138672,39.658721923828125],[142.07044982910156,39.54753112792969],[141.89785766601562,39.339111328125],[141.9945526123047,39.35166931152344],[141.83705139160156,39.147499084472656],[141.92127990722656,39.10497283935547],[141.7241973876953,39.07208251953125],[141.70660400390625,38.93958282470703],[141.63247680664062,39.00538635253906],[141.6762237548828,38.860809326171875],[141.5816650390625,38.90956115722656],[141.56211853027344,38.69163513183594],[141.44285583496094,38.671661376953125],[141.5262451171875,38.27494812011719],[141.2482452392578,38.41791534423828],[140.9187469482422,38.19999694824219],[141.0421142578125,37.49830627441406],[140.9820556640625,36.9949951171875],[140.7937469482422,36.88249969482422],[140.5595245361328,36.279144287109375],[140.8645782470703,35.69244384765625],[140.53163146972656,35.6070556640625],[140.38543701171875,35.18830871582031],[139.89002990722656,34.89875030517578],[139.75460815429688,34.964141845703125],[139.85877990722656,34.997467041015625],[139.8704376220703,35.230804443359375],[139.76788330078125,35.31666564941406],[140.12710571289062,35.570777893066406],[139.7816162109375,35.672889709472656],[139.7870635986328,35.521636962890625],[139.6304473876953,35.45830535888672],[139.74789428710938,35.255027770996094],[139.68045043945312,35.140838623046875],[139.5475311279297,35.306251525878906],[139.17083740234375,35.25457763671875],[139.06875610351562,35.05583190917969],[139.1413116455078,34.89247131347656],[138.84494018554688,34.60038757324219],[138.73960876464844,34.69081115722656],[138.76211547851562,34.96916198730469],[138.9020233154297,35.04913330078125],[138.744140625,35.13288879394531],[138.356201171875,34.912445068359375],[138.22918701171875,34.59539031982422],[137.60011291503906,34.67616271972656],[137.64913940429688,34.802032470703125],[137.5153350830078,34.757415771484375],[137.59584045410156,34.677001953125],[137.01583862304688,34.57868957519531],[137.37461853027344,34.779998779296875],[137.0274658203125,34.77619934082031],[136.98243713378906,34.962890625],[136.97378540039062,34.695831298828125],[136.8899383544922,34.71955871582031],[136.89208984375,35.09580993652344],[136.71249389648438,35.05455780029297],[136.5028533935547,34.65252685546875],[136.92288208007812,34.444976806640625],[136.81121826171875,34.36747741699219],[136.89955139160156,34.27667236328125],[136.66163635253906,34.34539031982422],[136.32496643066406,34.19541931152344],[136.20211791992188,34.074195861816406],[136.27200317382812,33.97161102294922]]]}},{"type":"Feature","properties":{},"geometry":{"type":"Polygon","coordinates":[[[-113.55435943603516,68.99908447265625],[-113.710693359375,69.17463684082031],[-113.37552642822266,69.16919708251953],[-116.5006103515625,69.40753173828125],[-116.5951919555664,69.5643310546875],[-117.26036071777344,69.78722381591797],[-117.36466979980469,70.03927612304688],[-114.48828125,70.32344055175781],[-112.53663635253906,70.19774627685547],[-111.44347381591797,70.34239196777344],[-113.82096862792969,70.71580505371094],[-116.01464080810547,70.53827667236328],[-115.91867065429688,70.58296966552734],[-117.68399810791016,70.63158416748047],[-118.3663330078125,70.94039154052734],[-118.32978057861328,71.0441665649414],[-115.0374755859375,71.53414154052734],[-117.40816497802734,71.38427734375],[-117.32866668701172,71.46869659423828],[-117.54589080810547,71.5082778930664],[-117.50758361816406,71.38330841064453],[-118.2340316772461,71.39453125],[-118.20030975341797,71.52022552490234],[-117.65863800048828,71.56388854980469],[-117.9482192993164,71.6056137084961],[-117.74372100830078,71.66952514648438],[-118.88502502441406,71.58372497558594],[-119.12239074707031,71.77216339111328],[-118.57485961914062,72.1691665649414],[-118.08930969238281,72.23577880859375],[-118.1078872680664,72.3338851928711],[-118.53816986083984,72.39324951171875],[-118.49766540527344,72.5042495727539],[-117.31822204589844,72.9253921508789],[-114.48005676269531,73.37647247314453],[-113.94110870361328,73.16539001464844],[-113.92986297607422,72.82402801513672],[-114.32550048828125,72.75655364990234],[-114.19219207763672,72.69811248779297],[-114.52483367919922,72.57605743408203],[-113.4250259399414,72.67455291748047],[-113.60124969482422,72.77400207519531],[-113.1044692993164,73.00900268554688],[-112.78816986083984,72.99441528320312],[-111.18611145019531,72.72666931152344],[-111.42825317382812,72.46886444091797],[-112.04027557373047,72.27583312988281],[-111.46194458007812,72.31644439697266],[-111.57880401611328,72.37525177001953],[-111.22066497802734,72.46908569335938],[-111.35336303710938,72.339111328125],[-111.0086669921875,72.28158569335938],[-111.0715560913086,72.3955307006836],[-110.68350219726562,72.57494354248047],[-110.29413604736328,72.4263916015625],[-110.48999786376953,72.5076904296875],[-109.74552917480469,72.42855834960938],[-110.23819732666016,72.55583190917969],[-109.78091430664062,72.47977447509766],[-109.90555572509766,72.59727478027344],[-110.29299926757812,72.67308044433594],[-109.7344970703125,72.72433471679688],[-110.23442077636719,72.72938537597656],[-110.1739730834961,72.8179702758789],[-110.7271957397461,72.96216583251953],[-109.90086364746094,72.97528076171875],[-109.36580657958984,72.7474136352539],[-109.04005432128906,72.74871826171875],[-109.01205444335938,72.56944274902344],[-108.58380889892578,72.55022430419922],[-108.63969421386719,72.3308334350586],[-108.3381118774414,71.93724822998047],[-108.15130615234375,71.96505737304688],[-108.22474670410156,71.73091888427734],[-107.75536346435547,71.60322570800781],[-107.81466674804688,71.72613525390625],[-107.2471923828125,71.81147003173828],[-107.46360778808594,71.88616943359375],[-107.20574951171875,71.92633056640625],[-107.76789093017578,72.16163635253906],[-108.24610900878906,73.17283630371094],[-107.8683090209961,73.19369506835938],[-108.0992202758789,73.27230834960938],[-108.0,73.35216522216797],[-107.01897430419922,73.16944122314453],[-107.02091979980469,73.3074722290039],[-106.7620849609375,73.29949951171875],[-105.28119659423828,72.82627868652344],[-105.489501953125,72.88957977294922],[-105.29411315917969,72.46797180175781],[-104.7838363647461,71.85974884033203],[-104.30091857910156,71.59733581542969],[-104.263916015625,71.35588836669922],[-104.48163604736328,71.34674835205078],[-104.38597106933594,71.18283081054688],[-104.61460876464844,71.12811279296875],[-104.48652648925781,71.02935791015625],[-104.06038665771484,70.92463684082031],[-103.99166870117188,70.7630844116211],[-103.53385925292969,70.58758544921875],[-102.88408660888672,70.49897003173828],[-103.10297393798828,70.58980560302734],[-103.0104751586914,70.6856689453125],[-102.84210968017578,70.51022338867188],[-101.87797546386719,70.25336456298828],[-101.5211410522461,70.269775390625],[-101.50975036621094,70.1114730834961],[-100.98161315917969,70.18819427490234],[-100.95291900634766,69.66722106933594],[-101.30635833740234,69.67244720458984],[-101.4346923828125,69.9352798461914],[-101.65386199951172,69.67402648925781],[-101.92466735839844,69.7439193725586],[-102.03491973876953,69.94147491455078],[-102.1014175415039,69.82344055175781],[-102.24080657958984,69.91625213623047],[-102.32858276367188,69.75846862792969],[-102.66464233398438,69.77194213867188],[-102.4701919555664,69.6973648071289],[-102.57575225830078,69.54203033447266],[-103.52188873291016,69.70466613769531],[-103.17144775390625,69.58055877685547],[-103.13060760498047,69.42255401611328],[-102.99613952636719,69.49500274658203],[-103.17608642578125,69.10377502441406],[-102.83460998535156,69.39710998535156],[-102.29116821289062,69.51608276367188],[-101.91480255126953,69.41302490234375],[-102.21316528320312,69.21863555908203],[-101.89866638183594,69.27877807617188],[-101.70852661132812,69.15972137451172],[-101.77246856689453,69.0078353881836],[-102.89852905273438,68.79619598388672],[-103.42072296142578,68.77774810791016],[-104.35030364990234,68.97274780273438],[-104.53072357177734,68.86360931396484],[-105.12455749511719,68.89600372314453],[-105.24433135986328,68.96666717529297],[-104.88430786132812,69.0840835571289],[-106.38133239746094,69.1764144897461],[-106.3058090209961,69.404052734375],[-106.59441375732422,69.49541473388672],[-107.34752655029297,69.0143051147461],[-108.61508178710938,68.94538879394531],[-108.51669311523438,68.89025115966797],[-109.01139068603516,68.72877502441406],[-110.3254165649414,68.5778579711914],[-113.18802642822266,68.46113586425781],[-113.0143051147461,68.52183532714844],[-113.66416931152344,68.81547546386719],[-113.55435943603516,68.99908447265625]]]}},{"type":"Feature","properties":{},"geometry":{"type":"Polygon","coordinates":[[[0.23999786376953125,50.732086181640625],[-0.7933349609375,50.72044372558594],[-0.9175262451171875,50.77827453613281],[-0.8133316040039062,50.829559326171875],[-1.1450576782226562,50.77125549316406],[-1.4800262451171875,50.91624450683594],[-1.3433303833007812,50.783721923828125],[-2.0434188842773438,50.730445861816406],[-1.9525527954101562,50.59416198730469],[-2.42669677734375,50.633750915527344],[-2.4566421508789062,50.51289367675781],[-2.7934188842773438,50.71624755859375],[-3.3600311279296875,50.60539245605469],[-3.4766921997070312,50.68705749511719],[-3.4258041381835938,50.606666564941406],[-3.5842514038085938,50.537498474121094],[-3.49749755859375,50.53663635253906],[-3.5192184448242188,50.34416198730469],[-3.68255615234375,50.42578125],[-3.5641632080078125,50.334197998046875],[-3.6433639526367188,50.21868896484375],[-4.2142181396484375,50.39747619628906],[-4.223388671875,50.308746337890625],[-4.756721496582031,50.33128356933594],[-5.010002136230469,50.13624572753906],[-5.015830993652344,50.24000549316406],[-5.108360290527344,50.20538330078125],[-5.040863037109375,50.141639709472656],[-5.209197998046875,50.08997344970703],[-5.059196472167969,50.04913330078125],[-5.2042236328125,49.95708465576172],[-5.490058898925781,50.126251220703125],[-5.715888977050781,50.061668395996094],[-5.155891418457031,50.34583282470703],[-5.037528991699219,50.54753112792969],[-4.842559814453125,50.52002716064453],[-4.937469482421875,50.586669921875],[-4.5641632080078125,50.780860900878906],[-4.52752685546875,51.020782470703125],[-4.067558288574219,51.07830810546875],[-4.21746826171875,51.07416534423828],[-4.230918884277344,51.18663787841797],[-3.0567245483398438,51.17705535888672],[-2.9791946411132812,51.38746643066406],[-2.3841400146484375,51.7574462890625],[-3.4034194946289062,51.38038635253906],[-3.8316650390625,51.628753662109375],[-4.306724548339844,51.560394287109375],[-4.082862854003906,51.658447265625],[-4.3308868408203125,51.679107666015625],[-4.335029602050781,51.797889709472656],[-4.9500579833984375,51.59539031982422],[-5.125831604003906,51.67997741699219],[-4.890113830566406,51.717140197753906],[-5.1783599853515625,51.67958068847656],[-5.255836486816406,51.735809326171875],[-5.127525329589844,51.853302001953125],[-5.320831298828125,51.860809326171875],[-4.204170227050781,52.26493835449219],[-3.9375,52.55332946777344],[-4.130836486816406,52.60749816894531],[-3.9641647338867188,52.739112854003906],[-4.150917053222656,52.80836486816406],[-4.0583648681640625,52.922943115234375],[-4.7691650390625,52.79499816894531],[-4.199165344238281,53.21247100830078],[-3.3133621215820312,53.35627746582031],[-3.0783309936523438,53.23291778564453],[-3.2058029174804688,53.38916778564453],[-3.0450592041015625,53.442054748535156],[-2.8833084106445312,53.29289245605469],[-2.6808624267578125,53.35497283935547],[-2.8900527954101562,53.335357666015625],[-3.1075592041015625,53.545860290527344],[-2.8274688720703125,53.71497344970703],[-3.0591964721679688,53.84580993652344],[-2.850830078125,53.964195251464844],[-2.9259414672851562,54.032440185546875],[-2.7992782592773438,54.23994445800781],[-2.9317474365234375,54.147857666015625],[-3.0524749755859375,54.22747039794922],[-3.1516952514648438,54.061195373535156],[-3.2158355712890625,54.252471923828125],[-3.3258590698242188,54.18914031982422],[-3.6425247192382812,54.508331298828125],[-3.4041366577148438,54.86747741699219],[-3.0525588989257812,54.98246765136719],[-3.586639404296875,55.00788879394531],[-3.5975265502929688,54.87164306640625],[-3.9766693115234375,54.76622009277344],[-4.400108337402344,54.91630554199219],[-4.393470764160156,54.675384521484375],[-4.856719970703125,54.868751525878906],[-4.95916748046875,54.80169677734375],[-4.856719970703125,54.631248474121094],[-5.145835876464844,54.854942321777344],[-5.170829772949219,55.0],[-5.0,54.911834716796875],[-4.9991912841796875,55.13916778564453],[-4.62249755859375,55.4949951171875],[-4.9091644287109375,55.69749450683594],[-4.884193420410156,55.942474365234375],[-4.427528381347656,55.90330505371094],[-4.855918884277344,55.98663330078125],[-4.751747131347656,56.20708465576172],[-4.917579650878906,56.16583251953125],[-4.979225158691406,55.861663818359375],[-5.125053405761719,56.00872039794922],[-5.075859069824219,55.89752960205078],[-5.193389892578125,55.98041534423828],[-5.2059173583984375,55.82666778564453],[-5.315887451171875,55.85163879394531],[-5.345916748046875,55.99494934082031],[-4.923309326171875,56.272056579589844],[-5.442527770996094,56.032470703125],[-5.317497253417969,55.77336120605469],[-5.604225158691406,55.42583465576172],[-5.5175018310546875,55.364166259765625],[-5.8058624267578125,55.30250549316406],[-5.67913818359375,55.6824951171875],[-5.440834045410156,55.85577392578125],[-5.611747741699219,55.75958251953125],[-5.567497253417969,56.03997039794922],[-5.7192230224609375,55.9508056640625],[-5.530914306640625,56.075836181640625],[-5.5792236328125,56.33250427246094],[-5.464973449707031,56.44702911376953],[-5.195030212402344,56.44708251953125],[-5.044197082519531,56.56500244140625],[-5.4067535400390625,56.45708465576172],[-5.245887756347656,56.5516357421875],[-5.415885925292969,56.53913879394531],[-5.327552795410156,56.64830780029297],[-5.0041656494140625,56.71247100830078],[-5.246665954589844,56.702110290527344],[-5.089164733886719,56.83250427246094],[-5.336669921875,56.85868835449219],[-5.122528076171875,56.82416534423828],[-5.6866912841796875,56.496192932128906],[-6.007469177246094,56.649169921875],[-5.5400543212890625,56.68705749511719],[-6.229164123535156,56.725830078125],[-5.7541656494140625,56.781639099121094],[-5.859222412109375,56.83252716064453],[-5.672554016113281,56.875030517578125],[-5.924224853515625,56.88911437988281],[-5.832496643066406,57.0074462890625],[-5.509193420410156,56.994140625],[-5.7808074951171875,57.04502868652344],[-5.72003173828125,57.1187744140625],[-5.3875274658203125,57.108306884765625],[-5.692497253417969,57.16166687011719],[-5.3925018310546875,57.23249816894531],[-5.7325286865234375,57.28253173828125],[-5.548332214355469,57.35711669921875],[-5.6100006103515625,57.41542053222656],[-5.8225555419921875,57.3641357421875],[-5.842559814453125,57.575836181640625],[-5.5125274658203125,57.54083251953125],[-5.817497253417969,57.63916778564453],[-5.674163818359375,57.69996643066406],[-5.8142242431640625,57.85499572753906],[-5.618309020996094,57.76788330078125],[-5.62005615234375,57.924560546875],[-5.22003173828125,57.84288787841797],[-5.358329772949219,57.938690185546875],[-5.0725250244140625,57.81913757324219],[-5.459197998046875,58.0758056640625],[-5.244224548339844,58.149139404296875],[-5.378387451171875,58.2645263671875],[-4.922554016113281,58.25666809082031],[-5.182525634765625,58.35247039794922],[-4.9908599853515625,58.4266357421875],[-5.125862121582031,58.490806579589844],[-5.003364562988281,58.62791442871094],[-4.6542205810546875,58.55247497558594],[-4.7516937255859375,58.44789123535156],[-4.436668395996094,58.557029724121094],[-4.476692199707031,58.444557189941406],[-4.020057678222656,58.60374450683594],[-3.0224685668945312,58.643333435058594],[-3.2075576782226562,58.31163787841797],[-4.082557678222656,57.95744323730469],[-4.011695861816406,57.86122131347656],[-4.355918884277344,57.88499450683594],[-4.050056457519531,57.81541442871094],[-3.772552490234375,57.865028381347656],[-4.444190979003906,57.57494354248047],[-3.9967193603515625,57.680419921875],[-4.089195251464844,57.574195861816406],[-4.438362121582031,57.48619079589844],[-3.34503173828125,57.724578857421875],[-1.8191680908203125,57.61083221435547],[-1.7675857543945312,57.47080993652344],[-1.9942245483398438,57.330833435058594],[-2.2308349609375,56.864112854003906],[-2.5391387939453125,56.71827697753906],[-2.4358596801757812,56.70086669921875],[-2.5392532348632812,56.56663513183594],[-3.3775253295898438,56.380828857421875],[-2.8133621215820312,56.446250915527344],[-2.9108047485351562,56.353302001953125],[-2.5958633422851562,56.26750183105469],[-3.3984146118164062,56.007057189941406],[-3.8491363525390625,56.11747741699219],[-3.6833648681640625,56.0062255859375],[-3.068389892578125,55.946197509765625],[-2.68011474609375,56.061279296875],[-2.1375579833984375,55.915802001953125],[-1.64080810546875,55.58247375488281],[-1.5725021362304688,55.165000915527344],[-1.1758346557617188,54.69660949707031],[-1.212554931640625,54.580833435058594],[-0.5667190551757812,54.479522705078125],[-0.0775299072265625,54.11994934082031],[-0.21591949462890625,54.025779724121094],[0.1100006103515625,53.57122039794922],[-0.2650299072265625,53.742889404296875],[-0.7808303833007812,53.695831298828125],[-0.29341888427734375,53.713722229003906],[0.16744232177734375,53.47919464111328],[0.3574981689453125,53.17500305175781],[-0.00753021240234375,52.884971618652344],[0.37491607666015625,52.78289031982422],[0.5449752807617188,52.97705078125],[1.3016128540039062,52.93372344970703],[1.6941909790039062,52.72997283935547],[1.76580810546875,52.47833251953125],[1.5808639526367188,52.08494567871094],[1.3199462890625,51.930389404296875],[1.1682815551757812,52.02958679199219],[1.2791366577148438,51.955780029296875],[1.0607528686523438,51.94999694824219],[1.2908096313476562,51.94664001464844],[1.2358627319335938,51.815834045410156],[0.6924972534179688,51.72663879394531],[0.9374160766601562,51.74336242675781],[0.932525634765625,51.59080505371094],[0.2541656494140625,51.46586608886719],[0.6932754516601562,51.473724365234375],[0.5240859985351562,51.38996887207031],[0.749969482421875,51.44627380371094],[0.8966140747070312,51.33958435058594],[1.4266128540039062,51.39288330078125],[1.394195556640625,51.15330505371094],[1.0391387939453125,51.048362731933594],[0.9750289916992188,50.91038513183594],[0.23999786376953125,50.732086181640625]]]}},{"type":"Feature","properties":{},"geometry":{"type":"Polygon","coordinates":[[[-77.08805847167969,83.12564086914062],[-72.55975341796875,83.19869232177734],[-69.62310791015625,83.10822296142578],[-69.707275390625,82.9844970703125],[-66.35630798339844,82.93516540527344],[-68.58936309814453,82.622802734375],[-65.71969604492188,82.84889221191406],[-65.13955688476562,82.75277709960938],[-64.88021850585938,82.90953063964844],[-64.41300201416016,82.75482940673828],[-63.565643310546875,82.8328628540039],[-63.98394775390625,82.71086120605469],[-62.944976806640625,82.57685852050781],[-63.41758728027344,82.43321990966797],[-62.26155090332031,82.52916717529297],[-61.11027526855469,82.3592758178711],[-61.1741943359375,82.2253646850586],[-63.840301513671875,81.78791809082031],[-64.30027770996094,81.80958557128906],[-64.33505249023438,81.71119689941406],[-65.31005859375,81.757080078125],[-66.05774688720703,81.69288635253906],[-65.28280639648438,81.6883316040039],[-65.81513977050781,81.62122344970703],[-68.27664184570312,81.55813598632812],[-69.2931137084961,81.7084732055664],[-68.36058044433594,81.54419708251953],[-68.7798080444336,81.51869201660156],[-66.61683654785156,81.51505279541016],[-70.18177795410156,81.17733001708984],[-69.58611297607422,81.17886352539062],[-70.01586151123047,81.08203125],[-64.65013885498047,81.55205535888672],[-64.59263610839844,81.40416717529297],[-67.61272430419922,80.9366683959961],[-69.49227905273438,80.37024688720703],[-70.21099853515625,80.33922576904297],[-70.7961654663086,80.55797576904297],[-70.45427703857422,80.34280395507812],[-69.90458679199219,80.2588882446289],[-70.10935974121094,80.18794250488281],[-71.61961364746094,80.10372161865234],[-72.36360931396484,80.21758270263672],[-71.83069610595703,80.10617065429688],[-72.27835845947266,80.05874633789062],[-70.4556655883789,80.0905532836914],[-71.3963851928711,79.92903137207031],[-70.85189056396484,79.8818588256836],[-71.46363830566406,79.72274780273438],[-72.69116973876953,79.67158508300781],[-72.89913940429688,79.8149185180664],[-74.24658203125,79.88583374023438],[-74.88908386230469,79.83905792236328],[-73.31708526611328,79.76728057861328],[-73.20144653320312,79.51655578613281],[-75.0846939086914,79.49986267089844],[-74.85427856445312,79.40652465820312],[-75.16105651855469,79.36919403076172],[-77.10113525390625,79.54425048828125],[-75.8371353149414,79.33977508544922],[-76.85816955566406,79.34564208984375],[-77.11302947998047,79.46083068847656],[-77.38561248779297,79.44261169433594],[-77.15425109863281,79.322998046875],[-78.04572296142578,79.35211181640625],[-77.30371856689453,79.26608276367188],[-77.59061431884766,79.23616790771484],[-74.49830627441406,79.23094177246094],[-74.7957763671875,79.1631088256836],[-74.43802642822266,79.03055572509766],[-75.73991394042969,79.07038879394531],[-75.97819519042969,79.1998062133789],[-78.24727630615234,79.16649627685547],[-76.08097076416016,79.07746887207031],[-78.86316680908203,79.06488800048828],[-77.66419219970703,79.01599884033203],[-78.16960906982422,78.76294708251953],[-77.57494354248047,78.97966766357422],[-75.71605682373047,78.9721908569336],[-76.42880249023438,78.84097290039062],[-74.91555786132812,78.8546371459961],[-74.57627868652344,78.58716583251953],[-76.63038635253906,78.52427673339844],[-75.00475311279297,78.32627868652344],[-75.6312484741211,78.19691467285156],[-76.88263702392578,78.21280670166016],[-75.58200073242188,78.1278305053711],[-75.86497497558594,77.9576644897461],[-78.18194580078125,77.97372436523438],[-78.40544128417969,77.90458679199219],[-77.6959457397461,77.59757995605469],[-78.72766876220703,77.31400299072266],[-80.76377868652344,77.3277816772461],[-81.960693359375,77.6836929321289],[-81.79399871826172,77.43946838378906],[-81.14791870117188,77.32855224609375],[-82.2110824584961,77.29916381835938],[-81.7994155883789,77.1747817993164],[-80.92716979980469,77.27547454833984],[-80.08000183105469,77.20002746582031],[-80.37374877929688,77.0723876953125],[-79.29010772705078,77.22213745117188],[-79.00519561767578,77.08847045898438],[-79.42827606201172,76.93869018554688],[-78.88563537597656,76.92825317382812],[-78.75763702392578,76.81710815429688],[-78.41505432128906,76.99633026123047],[-78.00511169433594,76.99166870117188],[-77.78947448730469,76.6721420288086],[-78.38994598388672,76.45735931396484],[-78.81297302246094,76.57244110107422],[-79.29330444335938,76.30061340332031],[-81.06563568115234,76.13153076171875],[-80.7570571899414,76.41666412353516],[-81.2256088256836,76.54944610595703],[-82.09577941894531,76.51425170898438],[-81.7816390991211,76.68869018554688],[-82.30230712890625,76.63641357421875],[-82.11894226074219,76.57074737548828],[-82.2669448852539,76.39391326904297],[-83.04049682617188,76.43274688720703],[-83.39677429199219,76.76188659667969],[-83.19908142089844,76.41380310058594],[-83.73591613769531,76.4310302734375],[-84.31869506835938,76.65628051757812],[-84.22164154052734,76.44674682617188],[-85.07447052001953,76.55419158935547],[-84.9796142578125,76.42163848876953],[-84.38253021240234,76.31586456298828],[-85.2469711303711,76.27899932861328],[-86.3947525024414,76.38783264160156],[-86.2072525024414,76.52197265625],[-86.61000061035156,76.6415023803711],[-86.28319549560547,76.52127838134766],[-86.64519500732422,76.4725570678711],[-86.68608093261719,76.34261322021484],[-87.4449462890625,76.4574203491211],[-87.52774810791016,76.62811279296875],[-87.40227508544922,76.35266876220703],[-88.41905975341797,76.39849853515625],[-88.47980499267578,76.81988525390625],[-88.70755767822266,76.71508026123047],[-88.59486389160156,76.39949798583984],[-88.6844711303711,76.60094451904297],[-88.89783477783203,76.40652465820312],[-89.66427612304688,76.57180786132812],[-89.3681411743164,76.7261962890625],[-89.52725219726562,76.84911346435547],[-88.56449890136719,77.09525299072266],[-86.61644744873047,77.18113708496094],[-87.2358627319336,77.20380401611328],[-86.86919403076172,77.26361083984375],[-87.23310852050781,77.30755615234375],[-86.84733581542969,77.36685943603516],[-87.72705841064453,77.3619155883789],[-87.62405395507812,77.48977661132812],[-88.23055267333984,77.65547180175781],[-88.22855377197266,77.85221862792969],[-86.42669677734375,77.83963775634766],[-85.96358489990234,77.70935821533203],[-85.81419372558594,77.41925048828125],[-84.46794128417969,77.29530334472656],[-84.56214141845703,77.40380859375],[-83.46585845947266,77.35527801513672],[-83.848388671875,77.4626693725586],[-83.23774719238281,77.57141876220703],[-82.29827880859375,78.07730865478516],[-82.77447509765625,78.0189437866211],[-83.69264221191406,77.52999877929688],[-84.78941345214844,77.52055358886719],[-84.432861328125,77.75003051757812],[-84.94905853271484,77.59880828857422],[-85.30569458007812,77.72966766357422],[-84.94100189208984,77.84577941894531],[-85.40953063964844,77.8411636352539],[-84.31058502197266,77.89472198486328],[-85.69438934326172,77.93460845947266],[-84.28886413574219,78.07897186279297],[-84.98703002929688,78.1761703491211],[-84.0086669921875,78.17516326904297],[-84.96502685546875,78.21575164794922],[-84.59308624267578,78.34652709960938],[-84.85608673095703,78.37564086914062],[-84.59652709960938,78.59539031982422],[-85.45153045654297,78.101806640625],[-86.26944732666016,78.06916809082031],[-85.82052612304688,78.38658142089844],[-86.69413757324219,78.12041473388672],[-87.48283386230469,78.12297058105469],[-87.06258392333984,78.20449829101562],[-87.50358581542969,78.21641540527344],[-87.52261352539062,78.40272521972656],[-86.8258056640625,78.54914093017578],[-87.1020278930664,78.5879135131836],[-86.85292053222656,78.73883056640625],[-85.07810974121094,78.92233276367188],[-83.69683074951172,78.8284683227539],[-82.34569549560547,78.56755828857422],[-82.58694458007812,78.70874786376953],[-82.20272064208984,78.73332977294922],[-83.25602722167969,78.84439086914062],[-81.70983123779297,78.86027526855469],[-81.48224639892578,79.05741882324219],[-82.53883361816406,78.8891372680664],[-84.70510864257812,79.0195541381836],[-84.50650024414062,79.148193359375],[-83.35391998291016,79.05355834960938],[-83.99052429199219,79.13916778564453],[-83.92080688476562,79.2213363647461],[-84.3106918334961,79.18830871582031],[-85.14221954345703,79.64566802978516],[-86.453857421875,79.77735900878906],[-86.41533660888672,79.96522521972656],[-85.23136138916016,79.92566680908203],[-86.49208068847656,80.01708221435547],[-86.49674987792969,80.29808044433594],[-83.78280639648438,80.24708557128906],[-82.09408569335938,79.85227966308594],[-81.72572326660156,79.58541870117188],[-80.59789276123047,79.55982971191406],[-79.70430755615234,79.70586395263672],[-81.51457977294922,79.714111328125],[-81.4078598022461,79.94908142089844],[-82.28685760498047,80.04827880859375],[-83.19425201416016,80.32661437988281],[-78.08344268798828,80.56116485595703],[-79.99324798583984,80.6129150390625],[-76.45252990722656,80.87472534179688],[-78.96780395507812,80.87894439697266],[-78.42866516113281,81.16063690185547],[-76.84166717529297,81.45275115966797],[-78.27508544921875,81.288330078125],[-78.61027526855469,81.12169647216797],[-79.44197082519531,81.19789123535156],[-79.02635955810547,81.08683013916016],[-79.47049713134766,80.84761047363281],[-80.93241882324219,80.65377807617188],[-83.11519622802734,80.54000091552734],[-83.06930541992188,80.6415023803711],[-81.7336654663086,80.81539154052734],[-83.34341430664062,80.67827606201172],[-83.21366882324219,80.83914184570312],[-83.7826919555664,80.72785949707031],[-83.79325103759766,80.54194641113281],[-85.78639221191406,80.53138732910156],[-85.56849670410156,80.62163543701172],[-86.06177520751953,80.52933502197266],[-86.7126693725586,80.60077667236328],[-85.67822265625,80.96563720703125],[-82.30608367919922,81.1776123046875],[-85.65005493164062,81.04702758789062],[-87.49494171142578,80.62303161621094],[-89.41725158691406,80.91202545166016],[-85.75352478027344,81.07072448730469],[-84.64277648925781,81.28816986083984],[-89.69886016845703,81.00580596923828],[-90.2415542602539,81.19416809082031],[-88.87388610839844,81.24005889892578],[-89.92327880859375,81.33216857910156],[-88.60649871826172,81.5136947631836],[-87.21072387695312,81.49063873291016],[-88.24797058105469,81.58010864257812],[-90.40467071533203,81.36247253417969],[-90.80613708496094,81.4477767944336],[-89.50419616699219,81.62677764892578],[-90.69791412353516,81.67505645751953],[-91.39755249023438,81.51139068603516],[-91.8911361694336,81.65811157226562],[-90.57752990722656,81.87799835205078],[-89.61211395263672,81.90799713134766],[-89.23011016845703,81.78314208984375],[-89.2449722290039,81.94058227539062],[-88.87616729736328,81.81644439697266],[-89.0433349609375,81.98300170898438],[-87.96627807617188,82.12422180175781],[-87.16552734375,81.95708465576172],[-86.02497100830078,82.0191650390625],[-85.37535858154297,81.85128021240234],[-85.68958282470703,82.00096893310547],[-85.15283203125,81.9979476928711],[-84.75360870361328,81.87358093261719],[-84.86941528320312,81.9961929321289],[-84.50321960449219,81.88114166259766],[-84.80711364746094,82.01457977294922],[-86.86005401611328,82.19783020019531],[-86.06666564941406,82.23141479492188],[-86.8096923828125,82.28802490234375],[-85.18697357177734,82.48049926757812],[-80.41999816894531,82.04066467285156],[-82.6344985961914,82.35836029052734],[-82.35663604736328,82.67500305175781],[-81.81452941894531,82.79227447509766],[-79.37797546386719,82.97227478027344],[-78.10678100585938,82.94877624511719],[-78.4360580444336,82.8784408569336],[-78.02796936035156,82.80821990966797],[-78.10883331298828,82.9244155883789],[-77.08805847167969,83.12564086914062]]]}},{"type":"Feature","properties":{},"geometry":{"type":"Polygon","coordinates":[[[119.3495864868164,-5.328392028808594],[119.63455963134766,-4.304191589355469],[119.63541412353516,-3.9641647338867188],[119.586669921875,-4.0437469482421875],[119.45205688476562,-3.7291946411132812],[119.50955963134766,-3.5558624267578125],[119.29003143310547,-3.4287796020507812],[118.93122100830078,-3.5699996948242188],[118.77375030517578,-3.1050567626953125],[118.88294219970703,-2.8900299072265625],[118.75289154052734,-2.7767486572265625],[118.81830596923828,-2.6204147338867188],[119.14291381835938,-2.4716949462890625],[119.212890625,-1.9941635131835938],[119.35880279541016,-1.8983917236328125],[119.33457946777344,-1.1699752807617188],[119.7316665649414,-0.6429443359375],[119.87619018554688,-0.8600311279296875],[119.76203155517578,-0.4908599853515625],[119.81375122070312,-0.13588714599609375],[119.60871887207031,-0.00753021240234375],[119.84122467041016,-0.0991363525390625],[119.77703094482422,0.22080230712890625],[119.90875244140625,0.23163604736328125],[119.8504409790039,0.358306884765625],[120.05538940429688,0.5249710083007812],[120.04374694824219,0.7216415405273438],[120.23955535888672,0.799163818359375],[120.28253173828125,0.9862213134765625],[120.39913940429688,0.8012237548828125],[120.59830474853516,0.7620315551757812],[120.9083023071289,1.3603897094726562],[121.25917053222656,1.227081298828125],[121.46583557128906,1.30291748046875],[121.438720703125,1.1482772827148438],[121.66085815429688,1.025390625],[122.44249725341797,1.0329132080078125],[122.842529296875,0.8079147338867188],[122.98249816894531,0.9787216186523438],[123.95169067382812,0.8445816040039062],[124.2966079711914,1.0112228393554688],[124.3691635131836,1.1753921508789062],[124.56749725341797,1.1795806884765625],[124.53544616699219,1.355804443359375],[124.82330322265625,1.4620590209960938],[124.9808349609375,1.7554168701171875],[125.17330932617188,1.6878585815429688],[125.25208282470703,1.5066146850585938],[124.97289276123047,1.0699462890625],[124.63455963134766,0.7883071899414062],[124.52041625976562,0.4716644287109375],[124.3133316040039,0.40125274658203125],[123.62664031982422,0.26789093017578125],[123.2574691772461,0.31119537353515625],[123.06169128417969,0.5153884887695312],[121.79582977294922,0.408721923828125],[121.52999877929688,0.5512237548828125],[121.09666442871094,0.40372467041015625],[120.649169921875,0.5370559692382812],[120.30960845947266,0.41913604736328125],[120.0304183959961,-0.0749969482421875],[120.06038665771484,-0.630859375],[120.30750274658203,-0.9629745483398438],[120.53125,-1.019195556640625],[120.6758041381836,-1.4112472534179688],[121.09333038330078,-1.4296112060546875],[121.62750244140625,-0.8012466430664062],[121.70333099365234,-0.9462509155273438],[121.94169616699219,-0.9896392822265625],[122.20166778564453,-0.7779693603515625],[122.95999908447266,-0.7520828247070312],[122.7179183959961,-0.6583023071289062],[123.05249786376953,-0.561248779296875],[123.39833068847656,-0.6396102905273438],[123.45957946777344,-0.769195556640625],[123.32333374023438,-1.05291748046875],[123.0992202758789,-0.8362808227539062],[122.80249786376953,-0.9371109008789062],[122.37664031982422,-1.50958251953125],[121.85832977294922,-1.669586181640625],[121.6675033569336,-1.9479446411132812],[121.28955841064453,-1.8417205810546875],[121.34416961669922,-2.00372314453125],[121.407470703125,-1.90716552734375],[121.55828094482422,-2.1770858764648438],[121.82622528076172,-2.3033294677734375],[122.00878143310547,-2.7133331298828125],[122.48377990722656,-3.1741943359375],[122.3237533569336,-3.2308578491210938],[122.1987533569336,-3.6000289916992188],[122.66791534423828,-3.8967208862304688],[122.53035736083984,-3.9775009155273438],[122.67996978759766,-4.154609680175781],[122.85539245605469,-4.0725250244140625],[122.88500213623047,-4.412971496582031],[122.67996978759766,-4.3262786865234375],[122.7449722290039,-4.510475158691406],[122.586669921875,-4.3971099853515625],[122.1108627319336,-4.492919921875],[122.02124786376953,-4.651664733886719],[122.12210845947266,-4.818336486816406],[122.00666809082031,-4.898750305175781],[121.5433578491211,-4.7696075439453125],[121.46871948242188,-4.609222412109375],[121.60871887207031,-4.061668395996094],[121.34163665771484,-3.9862518310546875],[120.90288543701172,-3.5675277709960938],[121.0929183959961,-3.0158615112304688],[120.97047424316406,-2.8083648681640625],[121.09288787841797,-2.7158355712890625],[120.75419616699219,-2.6229476928710938],[120.1854476928711,-2.9716949462890625],[120.42208099365234,-3.269195556640625],[120.32289123535156,-4.0991973876953125],[120.4570541381836,-4.660003662109375],[120.26288604736328,-5.1425018310546875],[120.47039031982422,-5.625053405761719],[120.318359375,-5.511253356933594],[119.9300308227539,-5.549583435058594],[119.7874984741211,-5.706275939941406],[119.44000244140625,-5.601280212402344],[119.3495864868164,-5.328392028808594]]]}},{"type":"Feature","properties":{},"geometry":{"type":"Polygon","coordinates":[[[170.306640625,-45.96044921875],[169.5899658203125,-46.580413818359375],[169.21249389648438,-46.66461181640625],[168.34832763671875,-46.536277770996094],[168.32916259765625,-46.626304626464844],[168.22378540039062,-46.516693115234375],[168.38417053222656,-46.48377990722656],[168.3374481201172,-46.41880798339844],[168.27499389648438,-46.50047302246094],[168.11996459960938,-46.34375],[167.78244018554688,-46.387916564941406],[167.6508026123047,-46.167945861816406],[166.67578125,-46.21044921875],[166.617919921875,-46.1441650390625],[166.92208862304688,-45.928306579589844],[166.56832885742188,-46.094635009765625],[166.77294921875,-45.949195861816406],[166.6453857421875,-45.949195861816406],[166.71002197265625,-45.8604736328125],[166.46249389648438,-46.01127624511719],[166.43045043945312,-45.859161376953125],[166.98043823242188,-45.72003173828125],[166.72872924804688,-45.73005676269531],[166.96868896484375,-45.608360290527344],[166.72999572753906,-45.597084045410156],[167.0163116455078,-45.492523193359375],[166.6766357421875,-45.57958221435547],[166.7550506591797,-45.40293884277344],[166.87538146972656,-45.42250061035156],[166.8082733154297,-45.313720703125],[167.16758728027344,-45.46630859375],[167.00794982910156,-45.31500244140625],[167.17288208007812,-45.25413513183594],[167.01663208007812,-45.28375244140625],[166.9737548828125,-45.142555236816406],[167.14663696289062,-45.180442810058594],[167.02627563476562,-45.09752655029297],[167.169189453125,-45.15458679199219],[167.1291961669922,-45.006248474121094],[167.30996704101562,-45.052947998046875],[167.1387176513672,-44.98833465576172],[167.33006286621094,-44.84461212158203],[167.43499755859375,-44.99458312988281],[167.36297607421875,-44.82499694824219],[167.48583984375,-44.776275634765625],[167.5274658203125,-44.876251220703125],[167.4970245361328,-44.755027770996094],[167.75331115722656,-44.583778381347656],[167.92330932617188,-44.669586181640625],[167.8179931640625,-44.49919128417969],[168.3699951171875,-44.01122283935547],[168.7141876220703,-44.02874755859375],[169.0341339111328,-43.83958435058594],[169.2216339111328,-43.97291564941406],[169.29539489746094,-43.93916320800781],[169.04421997070312,-43.835418701171875],[169.72999572753906,-43.49627685546875],[169.80499267578125,-43.574615478515625],[169.77667236328125,-43.446250915527344],[169.9525604248047,-43.49208068847656],[169.7925262451172,-43.42211151123047],[170.0516357421875,-43.294639587402344],[170.1475067138672,-43.367919921875],[170.0566864013672,-43.28630065917969],[170.26080322265625,-43.11958312988281],[170.38204956054688,-43.1658935546875],[170.26168823242188,-43.111305236816406],[170.47291564941406,-43.06001281738281],[170.62753295898438,-43.172088623046875],[170.61083984375,-43.08294677734375],[170.4379119873047,-43.03669738769531],[170.65834045410156,-42.95794677734375],[170.7491455078125,-43.10127258300781],[170.66455078125,-42.954193115234375],[171.14378356933594,-42.565032958984375],[171.46202087402344,-41.75250244140625],[171.7183380126953,-41.721282958984375],[172.0629119873047,-41.39585876464844],[172.13377380371094,-40.852500915527344],[172.649169921875,-40.50627899169922],[172.97836303710938,-40.528778076171875],[173.0463104248047,-40.563331604003906],[172.75672912597656,-40.5179443359375],[172.6546173095703,-40.660003662109375],[172.80996704101562,-40.82878112792969],[173.06375122070312,-40.85752868652344],[173.001220703125,-41.14839172363281],[173.19497680664062,-41.332916259765625],[173.83749389648438,-40.92625427246094],[173.76336669921875,-41.1187744140625],[173.95205688476562,-41.06336212158203],[173.78128051757812,-41.15419006347656],[173.82244873046875,-41.29377746582031],[174.1221466064453,-41.170806884765625],[173.8721160888672,-41.210052490234375],[174.04541015625,-41.108360290527344],[173.9717559814453,-40.985443115234375],[174.31503295898438,-40.99627685546875],[174.1891326904297,-41.19627380371094],[173.9071044921875,-41.280860900878906],[174.3187713623047,-41.21502685546875],[174.03041076660156,-41.44916534423828],[174.27880859375,-41.741668701171875],[173.71871948242188,-42.42669677734375],[173.53955078125,-42.469970703125],[173.2483673095703,-42.95375061035156],[172.77877807617188,-43.128334045410156],[172.6487274169922,-43.41747283935547],[172.8104705810547,-43.589195251464844],[172.6521453857422,-43.64002990722656],[173.0516357421875,-43.65374755859375],[173.08082580566406,-43.85624694824219],[172.9716033935547,-43.88880920410156],[172.9316864013672,-43.753753662109375],[172.9333038330078,-43.90460968017578],[172.21746826171875,-43.901275634765625],[171.668701171875,-43.524192810058594],[172.21292114257812,-43.90252685546875],[171.52499389648438,-44.18377685546875],[171.32208251953125,-44.0050048828125],[171.52125549316406,-44.18585968017578],[171.13282775878906,-44.4625244140625],[171.1512451171875,-44.93169403076172],[170.88621520996094,-44.8917236328125],[171.14288330078125,-44.949195861816406],[170.57293701171875,-45.72083282470703],[170.75210571289062,-45.87083435058594],[170.306640625,-45.96044921875]]]}},{"type":"Feature","properties":{},"geometry":{"type":"Polygon","coordinates":[[[114.5929183959961,-8.752525329589844],[113.2166976928711,-8.280441284179688],[112.64913940429688,-8.447914123535156],[111.83830261230469,-8.258750915527344],[111.70083618164062,-8.384635925292969],[110.7074966430664,-8.202110290527344],[109.38583374023438,-7.716278076171875],[108.7874984741211,-7.74041748046875],[108.8625259399414,-7.609580993652344],[108.44249725341797,-7.822975158691406],[107.84330749511719,-7.739585876464844],[107.39749908447266,-7.4945526123046875],[106.40166473388672,-7.384635925292969],[106.50499725341797,-6.9654693603515625],[106.3058090209961,-6.997138977050781],[105.9808349609375,-6.814613342285156],[105.2574691772461,-6.846275329589844],[105.20710754394531,-6.7516937255859375],[105.3683090209961,-6.646247863769531],[105.46499633789062,-6.827919006347656],[105.64791870117188,-6.481697082519531],[105.79794311523438,-6.489166259765625],[106.038330078125,-5.874610900878906],[106.17500305175781,-6.03125],[106.2691421508789,-5.938751220703125],[106.84085845947266,-6.123809814453125],[107.0187759399414,-6.077552795410156],[107.02586364746094,-5.909614562988281],[107.34333038330078,-5.9704437255859375],[107.65583038330078,-6.2529754638671875],[107.85497283935547,-6.1796417236328125],[108.12664031982422,-6.335441589355469],[108.30249786376953,-6.240386962890625],[108.54122161865234,-6.484169006347656],[108.60166931152344,-6.767974853515625],[108.9324722290039,-6.84130859375],[109.48332977294922,-6.7879180908203125],[110.40666961669922,-6.952079772949219],[110.72247314453125,-6.446281433105469],[111.02916717529297,-6.4162750244140625],[111.21746826171875,-6.689582824707031],[111.49160766601562,-6.6196136474609375],[112.11663818359375,-6.900444030761719],[112.54747009277344,-6.842918395996094],[112.65955352783203,-7.208335876464844],[112.84119415283203,-7.313385009765625],[112.8429183959961,-7.5875244140625],[113.15583038330078,-7.746246337890625],[113.76255798339844,-7.7387237548828125],[114.0374984741211,-7.60455322265625],[114.4383316040039,-7.788749694824219],[114.34955596923828,-8.523361206054688],[114.3866958618164,-8.446250915527344],[114.5929183959961,-8.752525329589844]]]}},{"type":"Feature","properties":{},"geometry":{"type":"Polygon","coordinates":[[[174.6153564453125,-41.294189453125],[175.2563018798828,-40.497528076171875],[175.05789184570312,-39.93919372558594],[173.949951171875,-39.54124450683594],[173.7528839111328,-39.27671813964844],[174.59375,-38.81919860839844],[174.6846160888672,-38.114166259765625],[174.91793823242188,-38.091644287109375],[174.78369140625,-38.08586120605469],[174.89627075195312,-37.96497344970703],[174.7975616455078,-38.007110595703125],[174.7620849609375,-37.859161376953125],[174.97457885742188,-37.79756164550781],[174.8396453857422,-37.79669189453125],[174.70460510253906,-37.43585968017578],[174.77499389648438,-37.347084045410156],[174.53875732421875,-37.05586242675781],[174.6592559814453,-37.044586181640625],[174.7050018310547,-37.21961212158203],[174.9320526123047,-37.05583190917969],[174.7774658203125,-36.92378234863281],[174.48878479003906,-37.04583740234375],[174.1546173095703,-36.45005798339844],[174.44830322265625,-36.64710998535156],[174.42877197265625,-36.34747314453125],[174.25872802734375,-36.3292236328125],[174.4033660888672,-36.169586181640625],[174.18414306640625,-36.122894287109375],[174.22830200195312,-36.264610290527344],[173.9125213623047,-36.00627899169922],[174.18124389648438,-36.33330535888672],[174.0487823486328,-36.39839172363281],[173.36717224121094,-35.5491943359375],[173.47874450683594,-35.40336608886719],[173.35916137695312,-35.52630615234375],[173.05789184570312,-35.19749450683594],[173.15878295898438,-35.01164245605469],[172.67752075195312,-34.4254150390625],[173.0475311279297,-34.41377258300781],[172.85958862304688,-34.544219970703125],[172.97250366210938,-34.62957763671875],[172.9891357421875,-34.53125],[173.28128051757812,-34.8941650390625],[173.23663330078125,-35.01544189453125],[173.39913940429688,-34.78297424316406],[173.4308319091797,-34.98960876464844],[173.5433349609375,-35.02210998535156],[173.56077575683594,-34.914642333984375],[173.75625610351562,-35.0],[173.72918701171875,-35.093719482421875],[173.86253356933594,-34.99211120605469],[174.080810546875,-35.12127685546875],[173.97874450683594,-35.211639404296875],[174.10494995117188,-35.34791564941406],[174.3316650390625,-35.17627716064453],[174.31378173828125,-35.36000061035156],[174.53622436523438,-35.580833435058594],[174.5946044921875,-35.85755920410156],[174.32916259765625,-35.722137451171875],[174.319580078125,-35.83580780029297],[174.5008544921875,-35.8387451171875],[174.57293701171875,-36.13999938964844],[174.86874389648438,-36.366668701171875],[174.712890625,-36.389137268066406],[174.73497009277344,-36.503753662109375],[174.69207763671875,-36.42253112792969],[174.67706298828125,-36.59832763671875],[174.84378051757812,-36.60414123535156],[174.71214294433594,-36.622528076171875],[174.8153533935547,-36.830055236816406],[174.6725616455078,-36.78630065917969],[174.6578826904297,-36.880828857421875],[175.19081115722656,-36.932945251464844],[175.3441925048828,-37.21044921875],[175.57586669921875,-37.2437744140625],[175.40536499023438,-36.858360290527344],[175.47207641601562,-36.62919616699219],[175.32618713378906,-36.48500061035156],[175.4949951171875,-36.509613037109375],[175.60916137695312,-36.7562255859375],[175.82371520996094,-36.724998474121094],[175.66702270507812,-36.875030517578125],[175.82705688476562,-36.861724853515625],[175.99208068847656,-37.468360900878906],[175.92628479003906,-37.58247375488281],[176.03994750976562,-37.6812744140625],[176.23497009277344,-37.713775634765625],[176.17581176757812,-37.624610900878906],[177.15164184570312,-38.04541778564453],[177.62831115722656,-37.868751525878906],[177.98336791992188,-37.53961181640625],[178.55288696289062,-37.69000244140625],[178.38705444335938,-37.81419372558594],[178.48043823242188,-37.781639099121094],[178.33624267578125,-38.02085876464844],[178.293701171875,-38.530029296875],[177.92205810546875,-38.70252990722656],[177.89041137695312,-39.03919219970703],[178.0037841796875,-39.11589050292969],[177.86749267578125,-39.26788330078125],[177.84164428710938,-39.06044006347656],[177.4383544921875,-39.036277770996094],[177.0437469482422,-39.20172119140625],[176.86705017089844,-39.485809326171875],[177.09707641601562,-39.64585876464844],[176.87124633789062,-40.13336181640625],[175.96499633789062,-41.24708557128906],[175.23831176757812,-41.609588623046875],[175.13247680664062,-41.35961151123047],[174.867919921875,-41.410057067871094],[174.9000244140625,-41.232940673828125],[174.82247924804688,-41.346282958984375],[174.6153564453125,-41.294189453125]]]}},{"type":"Feature","properties":{},"geometry":{"type":"Polygon","coordinates":[[[-55.20155334472656,46.99888610839844],[-55.74580383300781,46.84564208984375],[-55.99113464355469,46.95338439941406],[-54.70375061035156,47.67163848876953],[-55.14128112792969,47.574920654296875],[-55.12794494628906,47.67858123779297],[-55.397613525390625,47.72233581542969],[-55.412994384765625,47.47999572753906],[-55.585777282714844,47.40150451660156],[-55.67347717285156,47.427528381347656],[-55.583587646484375,47.58038330078125],[-55.775054931640625,47.44841766357422],[-55.729637145996094,47.570831298828125],[-55.94102478027344,47.43852233886719],[-55.74827575683594,47.593170166015625],[-56.1312255859375,47.46427917480469],[-55.624473571777344,47.682861328125],[-55.933387756347656,47.657196044921875],[-55.73927307128906,47.80577850341797],[-55.82472229003906,47.7816162109375],[-55.70780944824219,47.89483642578125],[-55.790283203125,47.9644775390625],[-55.84294128417969,47.78863525390625],[-56.05308532714844,47.69952392578125],[-56.13502502441406,47.734527587890625],[-56.01941680908203,47.80230712890625],[-56.11541748046875,47.74852752685547],[-56.17022705078125,47.87080383300781],[-56.169639587402344,47.63494873046875],[-56.316497802734375,47.62705993652344],[-56.32685852050781,47.788360595703125],[-56.32666778564453,47.62586212158203],[-56.51616668701172,47.6141357421875],[-56.520973205566406,47.717750549316406],[-56.52857971191406,47.61505126953125],[-56.77796936035156,47.648834228515625],[-56.713722229003906,47.56971740722656],[-56.80999755859375,47.531639099121094],[-56.871192932128906,47.63325500488281],[-56.87005615234375,47.53582763671875],[-57.143165588378906,47.57539367675781],[-57.18682861328125,47.6971435546875],[-57.34344482421875,47.587310791015625],[-57.2828369140625,47.768585205078125],[-57.347862243652344,47.64208221435547],[-57.662445068359375,47.596527099609375],[-58.026832580566406,47.74143981933594],[-58.36102294921875,47.650779724121094],[-58.31730651855469,47.78910827636719],[-58.422279357910156,47.64002990722656],[-58.5364990234375,47.72655487060547],[-58.629302978515625,47.61494445800781],[-59.16761016845703,47.56480407714844],[-59.31060791015625,47.62211608886719],[-59.273887634277344,47.84283447265625],[-59.41224670410156,47.896278381347656],[-58.27461242675781,48.513275146484375],[-59.270362854003906,48.466583251953125],[-58.768585205078125,48.790496826171875],[-58.97119140625,48.63066864013672],[-58.71630859375,48.56321716308594],[-58.407554626464844,49.13035583496094],[-58.36589050292969,49.055419921875],[-58.161720275878906,49.062110900878906],[-58.06847381591797,48.97203063964844],[-57.892913818359375,48.955780029296875],[-58.15374755859375,49.1199951171875],[-57.85292053222656,49.17747497558594],[-58.1116943359375,49.15455627441406],[-57.936279296875,49.24085998535156],[-58.217559814453125,49.23374938964844],[-58.23713684082031,49.393310546875],[-57.98497009277344,49.56121826171875],[-57.896697998046875,49.439605712890625],[-57.705474853515625,49.455833435058594],[-57.96546936035156,49.68499755859375],[-57.82330322265625,49.867889404296875],[-57.66297149658203,49.82499694824219],[-57.832916259765625,49.91749572753906],[-57.375885009765625,50.60163879394531],[-57.15924835205078,50.621665954589844],[-57.410858154296875,50.70246887207031],[-56.97419738769531,50.88749694824219],[-57.105865478515625,51.01747131347656],[-56.90757751464844,51.016639709472656],[-56.989227294921875,51.051666259765625],[-56.724220275878906,51.326637268066406],[-55.90167236328125,51.6312255859375],[-55.899169921875,51.5],[-55.67675018310547,51.47535705566406],[-55.73838806152344,51.590415954589844],[-55.42250061035156,51.58494567871094],[-55.60502624511719,51.299583435058594],[-56.084251403808594,51.363304138183594],[-56.02085876464844,51.17497253417969],[-55.77166748046875,51.21875],[-55.7308349609375,51.09333801269531],[-56.098358154296875,50.721221923828125],[-56.184165954589844,50.88163757324219],[-56.13249969482422,50.635833740234375],[-56.41255187988281,50.37664031982422],[-56.5108642578125,50.41416931152344],[-56.43583679199219,50.33330535888672],[-56.61255645751953,50.12831115722656],[-56.749168395996094,50.13417053222656],[-56.639190673828125,50.109161376953125],[-56.922943115234375,49.754974365234375],[-56.78541564941406,49.69916534423828],[-56.871337890625,49.54249572753906],[-56.160057067871094,50.15625],[-56.07586669921875,50.07416534423828],[-56.209197998046875,49.9254150390625],[-56.026695251464844,50.0386962890625],[-55.77752685546875,49.917083740234375],[-55.47467041015625,49.96746826171875],[-56.14338684082031,49.69877624511719],[-56.04547119140625,49.69000244140625],[-56.18499755859375,49.574554443359375],[-55.84794616699219,49.689971923828125],[-55.97792053222656,49.5758056640625],[-55.82374572753906,49.60913848876953],[-56.14088439941406,49.4312744140625],[-55.84503173828125,49.531219482421875],[-55.687469482421875,49.381248474121094],[-55.544189453125,49.492919921875],[-55.58332824707031,49.35791778564453],[-55.405860900878906,49.50788879394531],[-55.45752716064453,49.42124938964844],[-55.33300018310547,49.45246887207031],[-55.46710968017578,49.35247039794922],[-55.31842041015625,49.41038513183594],[-55.32586669921875,49.30455780029297],[-55.25128173828125,49.404998779296875],[-55.34043884277344,49.535804748535156],[-55.159637451171875,49.544944763183594],[-55.39585876464844,49.042083740234375],[-55.19627380371094,49.12586212158203],[-55.31378173828125,49.19000244140625],[-55.08589172363281,49.270416259765625],[-55.099998474121094,49.362060546875],[-55.05083465576172,49.218780517578125],[-54.85749816894531,49.416221618652344],[-54.840087890625,49.272056579589844],[-54.47919464111328,49.57038879394531],[-54.498390197753906,49.256248474121094],[-54.37672424316406,49.44041442871094],[-54.19999694824219,49.37458801269531],[-54.069976806640625,49.482086181640625],[-53.50413513183594,49.283721923828125],[-53.657081604003906,49.13330078125],[-53.60419464111328,49.034584045410156],[-53.87255859375,49.03791809082031],[-53.72877502441406,48.99913787841797],[-54.23625183105469,48.749168395996094],[-53.85502624511719,48.84124755859375],[-54.037498474121094,48.67622375488281],[-53.845855712890625,48.757057189941406],[-53.63294219970703,48.65333557128906],[-54.19874572753906,48.384971618652344],[-53.829139709472656,48.47624969482422],[-53.85002899169922,48.36872100830078],[-53.598358154296875,48.533721923828125],[-53.65083312988281,48.3870849609375],[-53.45091247558594,48.626220703125],[-53.2608642578125,48.522056579589844],[-53.08583068847656,48.70372009277344],[-53.00288391113281,48.546661376953125],[-53.643310546875,48.17372131347656],[-53.96339416503906,48.232887268066406],[-53.935028076171875,48.077911376953125],[-53.673805236816406,48.05994415283203],[-53.957557678222656,48.02452850341797],[-53.61213684082031,48.054168701171875],[-53.79380798339844,47.774192810058594],[-53.94269561767578,47.855918884277344],[-53.55989074707031,47.51911163330078],[-53.308387756347656,48.004554748535156],[-52.920860290527344,48.17285919189453],[-52.84788513183594,48.100830078125],[-53.08180236816406,47.938140869140625],[-53.28257751464844,47.54724884033203],[-53.186309814453125,47.57208251953125],[-53.129669189453125,47.38658142089844],[-52.793670654296875,47.809967041015625],[-52.62168884277344,47.5244140625],[-52.95405578613281,47.09400177001953],[-52.85247039794922,47.06910705566406],[-52.960693359375,47.00566864013672],[-52.952911376953125,46.78660583496094],[-53.161529541015625,46.62571716308594],[-53.27977752685547,46.743194580078125],[-53.40460968017578,46.68852233886719],[-53.35533142089844,46.766082763671875],[-53.62506103515625,46.641334533691406],[-53.66166687011719,46.82600402832031],[-53.51416778564453,46.97975158691406],[-53.658668518066406,46.988922119140625],[-53.42655944824219,47.16914367675781],[-53.555023193359375,47.12577819824219],[-53.553192138671875,47.21849822998047],[-53.96110534667969,46.84913635253906],[-54.200416564941406,46.82110595703125],[-53.924110412597656,47.266387939453125],[-54.00764465332031,47.316497802734375],[-53.7939453125,47.439056396484375],[-53.924774169921875,47.42277526855469],[-53.90074920654297,47.60577392578125],[-54.08544921875,47.87913513183594],[-54.226776123046875,47.88360595703125],[-54.429443359375,47.427886962890625],[-54.61561584472656,47.361000061035156],[-54.40885925292969,47.613525390625],[-54.6314697265625,47.387664794921875],[-54.840057373046875,47.431060791015625],[-55.20155334472656,46.99888610839844]]]}},{"type":"Feature","properties":{},"geometry":{"type":"Polygon","coordinates":[[[-74.81085968017578,20.03955078125],[-75.16552734375,19.893447875976562],[-75.10919189453125,20.060386657714844],[-75.31266784667969,19.881301879882812],[-75.87249755859375,20.027938842773438],[-77.7375259399414,19.842025756835938],[-77.58255767822266,20.092086791992188],[-77.11547088623047,20.356666564941406],[-77.07875061035156,20.504135131835938],[-77.2496109008789,20.54583740234375],[-77.24089050292969,20.665390014648438],[-78.1433334350586,20.75872039794922],[-78.48958587646484,21.028335571289062],[-78.50460815429688,21.276641845703125],[-78.65753173828125,21.537887573242188],[-78.77960968017578,21.53411102294922],[-78.75086212158203,21.637054443359375],[-79.21499633789062,21.54205322265625],[-79.82585906982422,21.667083740234375],[-80.45835876464844,22.07208251953125],[-81.08422088623047,22.079559326171875],[-81.18497467041016,22.279586791992188],[-81.21833038330078,22.047889709472656],[-81.4933090209961,22.19872283935547],[-81.80586242675781,22.173751831054688],[-82.15963745117188,22.395004272460938],[-81.64794158935547,22.489944458007812],[-81.86335754394531,22.677078247070312],[-82.75753021240234,22.70288848876953],[-83.37002563476562,22.200393676757812],[-83.90086364746094,22.18291473388672],[-84.035888671875,21.906280517578125],[-84.50919342041016,21.75457763671875],[-84.49749755859375,21.928749084472656],[-84.95207977294922,21.870803833007812],[-84.49502563476562,22.046279907226562],[-84.2791976928711,22.00372314453125],[-84.44122314453125,22.1949462890625],[-84.39875030517578,22.324966430664062],[-84.0250244140625,22.717086791992188],[-82.27166748046875,23.17791748046875],[-81.58583068847656,23.149612426757812],[-81.55083465576172,23.037887573242188],[-81.14169311523438,23.206222534179688],[-81.28121948242188,23.13249969482422],[-81.17250061035156,23.025390625],[-80.67839050292969,23.096275329589844],[-80.26171875,22.899581909179688],[-79.79166412353516,22.905410766601562],[-79.85710906982422,22.798309326171875],[-79.6491928100586,22.76122283935547],[-79.36669158935547,22.423721313476562],[-78.39836120605469,22.252914428710938],[-77.89250183105469,21.859527587890625],[-77.83335876464844,21.973724365234375],[-77.73999786376953,21.796218872070312],[-77.46583557128906,21.777023315429688],[-77.42082977294922,21.648696899414062],[-77.33294677734375,21.639968872070312],[-77.43914031982422,21.807083129882812],[-77.14002990722656,21.662887573242188],[-77.15338897705078,21.54205322265625],[-77.36711120605469,21.60419464111328],[-77.21919250488281,21.444580078125],[-77.06586456298828,21.595413208007812],[-76.81378173828125,21.390830993652344],[-76.89252471923828,21.298782348632812],[-76.80249786376953,21.39044189453125],[-76.53338623046875,21.18122100830078],[-76.42082977294922,21.281219482421875],[-76.0199966430664,21.065383911132812],[-75.70002746582031,21.1187744140625],[-75.55291748046875,20.794998168945312],[-75.77505493164062,20.837921142578125],[-75.71833038330078,20.68122100830078],[-75.6183853149414,20.777084350585938],[-75.56085968017578,20.679580688476562],[-74.94921875,20.68541717529297],[-74.38835906982422,20.282058715820312],[-74.1429443359375,20.245803833007812],[-74.27005767822266,20.066192626953125],[-74.81085968017578,20.03955078125]]]}},{"type":"Feature","properties":{},"geometry":{"type":"Polygon","coordinates":[[[123.9991683959961,12.967918395996094],[123.73249816894531,12.847862243652344],[123.3183364868164,13.007888793945312],[123.19041442871094,13.431671142578125],[122.5333023071289,13.964553833007812],[122.4179458618164,13.949165344238281],[122.6753921508789,13.381668090820312],[122.5958023071289,13.164558410644531],[122.39669036865234,13.525390625],[121.74996948242188,13.968719482421875],[121.28583526611328,13.597885131835938],[121.03497314453125,13.63458251953125],[121.00164031982422,13.782890319824219],[120.89083099365234,13.683723449707031],[120.88080596923828,13.902915954589844],[120.61961364746094,13.812469482421875],[120.58621978759766,14.231613159179688],[120.9808578491211,14.488754272460938],[120.95791625976562,14.639114379882812],[120.55332946777344,14.816192626953125],[120.6078872680664,14.484138488769531],[120.4749984741211,14.410415649414062],[120.24539184570312,14.694168090820312],[120.2624740600586,14.850387573242188],[120.08039093017578,14.789192199707031],[119.88788604736328,15.430831909179688],[119.91044616699219,15.848304748535156],[119.74788665771484,15.964942932128906],[119.87994384765625,16.396224975585938],[119.89622497558594,16.240829467773438],[120.15413665771484,16.037887573242188],[120.42208099365234,16.166671752929688],[120.27627563476562,16.619171142578125],[120.44955444335938,17.0],[120.45708465576172,17.412521362304688],[120.33541870117188,17.571670532226562],[120.62169647216797,18.547943115234375],[121.16583251953125,18.622886657714844],[121.66503143310547,18.249557495117188],[121.6266098022461,18.366226196289062],[122.00580596923828,18.28955078125],[122.1624984741211,18.52375030517578],[122.319580078125,18.37999725341797],[122.13705444335938,17.782440185546875],[122.24541473388672,17.36827850341797],[122.40583038330078,17.337081909179688],[122.41461181640625,17.14580535888672],[122.5203628540039,17.13080596923828],[122.4620590209961,16.887466430664062],[122.04877471923828,16.06749725341797],[122.13744354248047,16.259521484375],[121.55208587646484,15.899971008300781],[121.63788604736328,15.705802917480469],[121.37210845947266,15.338302612304688],[121.7320556640625,14.697502136230469],[121.60292053222656,14.65496826171875],[121.6570816040039,14.401641845703125],[121.76166534423828,14.132919311523438],[122.22914123535156,13.89788818359375],[122.18038940429688,13.99664306640625],[122.3195571899414,14.020805358886719],[122.16291809082031,14.139999389648438],[122.24913787841797,14.245414733886719],[122.3058090209961,14.099525451660156],[122.46663665771484,14.342918395996094],[122.77327728271484,14.323776245117188],[123.0429458618164,14.103279113769531],[123.11333465576172,13.683723449707031],[123.3187255859375,13.801666259765625],[123.25419616699219,14.077888488769531],[123.33997344970703,14.108749389648438],[123.42416381835938,13.925392150878906],[123.71499633789062,13.942054748535156],[123.974609375,13.719940185546875],[123.58247375488281,13.730445861816406],[123.5304183959961,13.568305969238281],[123.86714172363281,13.242500305175781],[123.76000213623047,13.061248779296875],[123.87666320800781,13.1453857421875],[124.0749740600586,13.007057189941406],[124.18961334228516,13.06500244140625],[124.07910919189453,12.537918090820312],[123.84539031982422,12.727470397949219],[123.9991683959961,12.967918395996094]]]}},{"type":"Feature","properties":{},"geometry":{"type":"Polygon","coordinates":[[[-17.0,63.79371643066406],[-17.828384399414062,63.75041198730469],[-17.985885620117188,63.665000915527344],[-17.772476196289062,63.6766357421875],[-17.982559204101562,63.640777587890625],[-17.883331298828125,63.582054138183594],[-18.375778198242188,63.5625],[-18.158355712890625,63.46455383300781],[-18.733383178710938,63.39036560058594],[-20.193328857421875,63.54119873046875],[-20.79755401611328,63.77247619628906],[-20.60588836669922,63.758331298828125],[-20.698333740234375,63.89875030517578],[-20.800003051757812,63.77372741699219],[-21.198333740234375,63.876251220703125],[-21.053306579589844,63.94122314453125],[-22.70427703857422,63.800804138183594],[-22.69342041015625,64.0862808227539],[-22.53675079345703,63.97538757324219],[-22.04510498046875,64.04289245605469],[-21.90416717529297,64.1199722290039],[-22.038421630859375,64.15705871582031],[-21.699249267578125,64.17916870117188],[-21.915916442871094,64.23503112792969],[-21.84258270263672,64.29086303710938],[-21.355911254882812,64.3874740600586],[-22.095001220703125,64.31038665771484],[-21.862503051757812,64.37830352783203],[-22.044189453125,64.407470703125],[-21.715835571289062,64.60414123535156],[-22.224998474121094,64.47291564941406],[-22.224197387695312,64.58833312988281],[-22.4542236328125,64.66077423095703],[-22.305801391601562,64.67749786376953],[-22.419189453125,64.66997528076172],[-22.413330078125,64.82041931152344],[-23.798385620117188,64.72624969482422],[-24.045860290527344,64.8883056640625],[-23.2283935546875,64.92455291748047],[-23.181777954101562,65.01288604736328],[-23.018310546875,64.92294311523438],[-22.72332763671875,65.0796127319336],[-22.578384399414062,64.97291564941406],[-21.80175018310547,65.0262222290039],[-21.74163818359375,65.20625305175781],[-22.06500244140625,65.10874938964844],[-22.604141235351562,65.18663787841797],[-21.680892944335938,65.45586395263672],[-22.108360290527344,65.5320816040039],[-22.296615600585938,65.43794250488281],[-22.38591766357422,65.49246978759766],[-22.089218139648438,65.60333251953125],[-22.471694946289062,65.50541687011719],[-22.543304443359375,65.64375305175781],[-22.633392333984375,65.52210998535156],[-22.770858764648438,65.6308364868164],[-22.720054626464844,65.49702453613281],[-22.87091064453125,65.53166961669922],[-22.848304748535156,65.62958526611328],[-23.72669219970703,65.41535949707031],[-24.52758026123047,65.50250244140625],[-24.311691284179688,65.64375305175781],[-23.77252197265625,65.53416442871094],[-24.06585693359375,65.63417053222656],[-23.774307250976562,65.5999755859375],[-24.09661102294922,65.80708312988281],[-23.553329467773438,65.6070556640625],[-23.257583618164062,65.67835998535156],[-23.52916717529297,65.72164154052734],[-23.186721801757812,65.78375244140625],[-23.703277587890625,65.77874755859375],[-23.865806579589844,65.88583374023438],[-23.182525634765625,65.83916473388672],[-23.812530517578125,66.00914001464844],[-23.360885620117188,65.98330688476562],[-23.66424560546875,66.11416625976562],[-23.365028381347656,66.08455657958984],[-23.600830078125,66.14585876464844],[-23.470108032226562,66.19872283935547],[-22.994247436523438,66.08580780029297],[-23.08502197265625,65.96624755859375],[-22.857528686523438,66.03666687011719],[-22.983383178710938,65.90961456298828],[-22.6766357421875,66.05458068847656],[-22.662521362304688,65.82416534423828],[-22.515106201171875,65.98291778564453],[-22.44129180908203,65.90115356445312],[-22.5816650390625,65.78372192382812],[-22.432472229003906,65.83333587646484],[-22.417526245117188,66.08333587646484],[-22.977615356445312,66.22916412353516],[-22.362579345703125,66.27083587646484],[-23.19586181640625,66.34666442871094],[-22.414947509765625,66.46038818359375],[-22.225021362304688,66.26622009277344],[-21.735916137695312,66.18250274658203],[-21.666610717773438,66.0179443359375],[-21.322494506835938,66.00833129882812],[-21.605865478515625,65.96080780029297],[-21.287551879882812,65.93000030517578],[-21.4808349609375,65.7741928100586],[-21.337608337402344,65.73583221435547],[-21.800804138183594,65.77080535888672],[-21.394195556640625,65.6324691772461],[-21.47674560546875,65.56038665771484],[-21.292526245117188,65.594970703125],[-21.474220275878906,65.44416809082031],[-21.19080352783203,65.43419647216797],[-21.086692810058594,65.15791320800781],[-21.09588623046875,65.45085906982422],[-20.930023193359375,65.3445816040039],[-20.927581787109375,65.58580780029297],[-20.653335571289062,65.68791961669922],[-20.650917053222656,65.5491943359375],[-20.484970092773438,65.4937515258789],[-20.45752716064453,65.59327697753906],[-20.595855712890625,65.59833526611328],[-20.285858154296875,65.65997314453125],[-20.421142578125,66.08875274658203],[-20.096359252929688,66.12122344970703],[-19.649215698242188,65.75416564941406],[-19.405059814453125,65.71705627441406],[-19.434165954589844,66.0516357421875],[-19.031661987304688,66.05377960205078],[-19.059165954589844,66.1566390991211],[-18.786666870117188,66.19538879394531],[-18.1875,65.85416412353516],[-18.05175018310547,65.64794158935547],[-18.270050048828125,66.17705535888672],[-17.598388671875,65.98705291748047],[-17.143356323242188,66.21038818359375],[-16.57508087158203,66.08374786376953],[-16.712554931640625,66.1507797241211],[-16.415863037109375,66.27747344970703],[-16.567527770996094,66.48664093017578],[-16.193328857421875,66.54042053222656],[-15.698333740234375,66.39875030517578],[-15.705802917480469,66.21916961669922],[-15.398330688476562,66.15958404541016],[-14.933418273925781,66.37124633789062],[-14.526748657226562,66.38041687011719],[-15.018417358398438,66.26708221435547],[-14.932472229003906,66.18914031982422],[-15.184219360351562,66.1066665649414],[-14.61419677734375,65.99502563476562],[-14.830055236816406,65.7179183959961],[-14.32830810546875,65.79205322265625],[-14.35333251953125,65.64038848876953],[-13.604225158691406,65.5141372680664],[-13.842559814453125,65.35747528076172],[-13.719223022460938,65.32833099365234],[-14.005859375,65.26583099365234],[-13.570945739746094,65.2691421508789],[-14.014167785644531,65.19249725341797],[-13.623390197753906,65.19208526611328],[-13.641693115234375,65.08625030517578],[-13.513359069824219,65.1703872680664],[-13.490859985351562,65.07749938964844],[-13.660079956054688,64.98544311523438],[-14.232498168945312,65.03502655029297],[-13.680809020996094,64.91416931152344],[-14.03839111328125,64.93624877929688],[-13.750808715820312,64.86416625976562],[-14.081642150878906,64.70038604736328],[-14.505081176757812,64.79122161865234],[-14.244308471679688,64.64163970947266],[-14.482528686523438,64.65666961669922],[-14.402496337890625,64.60166931152344],[-14.580055236816406,64.54042053222656],[-14.337501525878906,64.5958023071289],[-14.549278259277344,64.40914154052734],[-14.958358764648438,64.24041748046875],[-15.361663818359375,64.313720703125],[-15.183334350585938,64.22955322265625],[-15.975082397460938,64.1379165649414],[-17.0,63.79371643066406]]]}},{"type":"Feature","properties":{},"geometry":{"type":"Polygon","coordinates":[[[125.0,5.8587493896484375],[124.32583618164062,6.117889404296875],[124.05789184570312,6.380805969238281],[123.95874786376953,6.91583251953125],[124.2612533569336,7.374137878417969],[123.68746948242188,7.814582824707031],[123.4254150390625,7.813331604003906],[123.40833282470703,7.357109069824219],[123.30249786376953,7.5295562744140625],[123.11538696289062,7.51580810546875],[123.12333679199219,7.7579193115234375],[122.9937515258789,7.4608306884765625],[122.89830780029297,7.5453643798828125],[122.81246948242188,7.4370574951171875],[122.84789276123047,7.7183074951171875],[122.6258316040039,7.7771148681640625],[122.35292053222656,7.469139099121094],[122.15166473388672,6.909614562988281],[121.94916534423828,6.959556579589844],[121.89624786376953,7.111610412597656],[122.05952453613281,7.291664123535156],[122.08374786376953,7.738304138183594],[122.22208404541016,7.961669921875],[122.65994262695312,8.164527893066406],[122.907470703125,8.146224975585938],[123.02625274658203,8.4891357421875],[123.29830932617188,8.522056579589844],[123.37836456298828,8.72955322265625],[123.56500244140625,8.575416564941406],[123.58916473388672,8.672027587890625],[123.75494384765625,8.602943420410156],[123.83708190917969,8.429946899414062],[123.86708068847656,8.163360595703125],[123.66586303710938,7.9537200927734375],[124.22747039794922,8.21875],[124.38330841064453,8.59625244140625],[124.74160766601562,8.498695373535156],[124.7966079711914,8.997055053710938],[125.08333587646484,8.827888488769531],[125.20661163330078,9.092086791992188],[125.53997039794922,8.964584350585938],[125.43922424316406,9.827888488769531],[125.66830444335938,9.580413818359375],[125.95874786376953,9.485832214355469],[125.89289093017578,9.418357849121094],[126.04247283935547,9.237892150878906],[126.20710754394531,9.308334350585938],[126.1570816040039,9.107498168945312],[126.3328857421875,8.844139099121094],[126.08039093017578,8.61077880859375],[126.39289093017578,8.499137878417969],[126.29460906982422,8.208305358886719],[126.45541381835938,8.243331909179688],[126.35880279541016,7.885833740234375],[126.56869506835938,7.719970703125],[126.60455322265625,7.2866363525390625],[126.45955657958984,6.998359680175781],[126.2820816040039,6.931663513183594],[126.350830078125,6.805419921875],[126.15538787841797,6.9091644287109375],[126.26119232177734,6.7566375732421875],[126.19164276123047,6.273719787597656],[125.85377502441406,7.363304138183594],[125.6957778930664,7.297889709472656],[125.37371826171875,6.727470397949219],[125.59708404541016,6.50250244140625],[125.6854476928711,5.970832824707031],[125.38497161865234,5.5595855712890625],[125.17205810546875,5.799163818359375],[125.26505279541016,6.093719482421875],[125.0,5.8587493896484375]]]}},{"type":"Feature","properties":{},"geometry":{"type":"Polygon","coordinates":[[[-7.869224548339844,51.88163757324219],[-8.176666259765625,51.783782958984375],[-8.461669921875,51.900421142578125],[-8.275863647460938,51.79750061035156],[-8.533363342285156,51.60621643066406],[-9.7750244140625,51.444580078125],[-9.544166564941406,51.615806579589844],[-9.857528686523438,51.540802001953125],[-9.458358764648438,51.72955322265625],[-10.164192199707031,51.61163330078125],[-9.555862426757812,51.88249969482422],[-10.13336181640625,51.73625183105469],[-10.188362121582031,51.854583740234375],[-10.404220581054688,51.84333801269531],[-9.759193420410156,52.156639099121094],[-10.4566650390625,52.09288787841797],[-10.363418579101562,52.23541259765625],[-9.724250793457031,52.25749969482422],[-9.94921875,52.41827392578125],[-9.635002136230469,52.46952819824219],[-9.623390197753906,52.58122253417969],[-9.478416442871094,52.54624938964844],[-8.697555541992188,52.65327453613281],[-8.967498779296875,52.684165954589844],[-8.955001831054688,52.78794860839844],[-9.166664123535156,52.616249084472656],[-9.591667175292969,52.66705322265625],[-9.940887451171875,52.557472229003906],[-9.495918273925781,52.75331115722656],[-9.270835876464844,53.15083312988281],[-8.879165649414062,53.208282470703125],[-9.616752624511719,53.23041534423828],[-9.561637878417969,53.3812255859375],[-9.778335571289062,53.29124450683594],[-9.909164428710938,53.32416534423828],[-9.841690063476562,53.42705535888672],[-10.18414306640625,53.40827941894531],[-10.024246215820312,53.473304748535156],[-10.191719055175781,53.55708312988281],[-9.674163818359375,53.60833740234375],[-9.91583251953125,53.652496337890625],[-9.907554626464844,53.76336669921875],[-9.550857543945312,53.800804138183594],[-9.57672119140625,53.9012451171875],[-9.947555541992188,53.87080383300781],[-9.799224853515625,53.9124755859375],[-9.914222717285156,54.03333282470703],[-9.837501525878906,54.11830139160156],[-9.979194641113281,54.05914306640625],[-9.905807495117188,54.11500549316406],[-10.001640319824219,54.22291564941406],[-10.128334045410156,54.08955383300781],[-10.114219665527344,54.240806579589844],[-9.756721496582031,54.24958801269531],[-9.869194030761719,54.30083465576172],[-9.785057067871094,54.34039306640625],[-9.271751403808594,54.307891845703125],[-9.14508056640625,54.137054443359375],[-9.058387756347656,54.291221618652344],[-8.518417358398438,54.21122741699219],[-8.632553100585938,54.25250244140625],[-8.510833740234375,54.32494354248047],[-8.684196472167969,54.357421875],[-8.204139709472656,54.49749755859375],[-8.115859985351562,54.649139404296875],[-8.468414306640625,54.56452941894531],[-8.393363952636719,54.63202667236328],[-8.8109130859375,54.69914245605469],[-8.44085693359375,54.75413513183594],[-8.569252014160156,54.825775146484375],[-8.315887451171875,54.885772705078125],[-8.452468872070312,55.00413513183594],[-7.985054016113281,55.2261962890625],[-7.856697082519531,55.12702941894531],[-7.7900848388671875,55.25541687011719],[-7.69677734375,55.098724365234375],[-7.7559967041015625,55.2275390625],[-7.63427734375,55.276580810546875],[-7.5208892822265625,55.124114990234375],[-7.6301116943359375,54.96205139160156],[-7.45758056640625,55.06414031982422],[-7.527580261230469,55.285804748535156],[-7.2541961669921875,55.27911376953125],[-7.388420104980469,55.3812255859375],[-6.9225311279296875,55.23663330078125],[-7.315025329589844,55.006195068359375],[-7.044281005859375,55.05250549316406],[-6.9667205810546875,55.194580078125],[-6.1417236328125,55.22785949707031],[-5.690864562988281,54.806640625],[-5.909141540527344,54.613304138183594],[-5.581718444824219,54.67622375488281],[-5.4308929443359375,54.48411560058594],[-5.505058288574219,54.329559326171875],[-5.682525634765625,54.580810546875],[-5.68255615234375,54.369972229003906],[-5.524139404296875,54.309165954589844],[-5.820892333984375,54.279998779296875],[-6.060081481933594,54.022857666015625],[-6.278419494628906,54.107887268066406],[-6.138359069824219,53.97789001464844],[-6.399169921875,54.013336181640625],[-6.215888977050781,53.794166564941406],[-6.339164733886719,53.714111328125],[-6.079139709472656,53.55247497558594],[-6.204170227050781,53.462501525878906],[-6.052497863769531,53.359161376953125],[-6.232582092285156,53.35661315917969],[-5.994163513183594,52.967498779296875],[-6.355857849121094,52.34666442871094],[-6.507530212402344,52.35419464111328],[-6.314247131347656,52.24082946777344],[-7.643363952636719,52.105445861816406],[-7.5875244140625,51.99330139160156],[-7.886665344238281,51.992919921875],[-7.869224548339844,51.88163757324219]]]}},{"type":"Feature","properties":{},"geometry":{"type":"Polygon","coordinates":[[[143.25869750976562,41.999114990234375],[141.66993713378906,42.64952850341797],[141.00332641601562,42.30122375488281],[140.70750427246094,42.583831787109375],[140.47669982910156,42.588722229003906],[140.29127502441406,42.249168395996094],[140.75994873046875,42.11705780029297],[141.1870880126953,41.800804138183594],[140.96417236328125,41.70875549316406],[140.63833618164062,41.81622314453125],[140.1966094970703,41.39622497558594],[139.9837188720703,41.55580139160156],[140.14456176757812,41.92919921875],[139.77789306640625,42.25250244140625],[139.82371520996094,42.614166259765625],[140.18666076660156,42.82794189453125],[140.30174255371094,42.77708435058594],[140.52288818359375,42.99085998535156],[140.34336853027344,43.33538818359375],[141.159912109375,43.145416259765625],[141.41702270507812,43.322471618652344],[141.3262481689453,43.725807189941406],[141.6445770263672,43.944976806640625],[141.7904510498047,44.61497497558594],[141.57289123535156,45.23583221435547],[141.6449737548828,45.450416564941406],[141.800048828125,45.407081604003906],[141.91329956054688,45.51872253417969],[142.98585510253906,44.56538391113281],[143.78244018554688,44.181251525878906],[143.67041015625,44.19078063964844],[143.7349395751953,44.10624694824219],[144.1917266845703,44.103721618652344],[144.1308135986328,44.012054443359375],[144.24668884277344,44.112884521484375],[144.38499450683594,43.927886962890625],[144.7758026123047,43.92707824707031],[145.3433380126953,44.34205627441406],[145.0620880126953,43.80583190917969],[145.34788513183594,43.57916259765625],[145.19369506835938,43.625831604003906],[145.3895263671875,43.29661560058594],[145.22952270507812,43.336669921875],[145.5041046142578,43.21458435058594],[145.64910888671875,43.39208221435547],[145.81785583496094,43.38664245605469],[145.52163696289062,43.16539001464844],[145.14503479003906,43.14458465576172],[144.9742431640625,42.98121643066406],[144.85997009277344,43.093719482421875],[144.78335571289062,42.93372344970703],[143.99407958984375,42.92705535888672],[143.43540954589844,42.47833251953125],[143.25869750976562,41.999114990234375]]]}},{"type":"Feature","properties":{},"geometry":{"type":"Polygon","coordinates":[[[142.08250427246094,45.89372253417969],[141.80792236328125,46.59916687011719],[142.05874633789062,47.081634521484375],[141.962890625,47.619972229003906],[142.20455932617188,47.98411560058594],[142.14622497558594,48.31913757324219],[141.8479766845703,48.77330780029297],[141.97622680664062,48.87249755859375],[142.14205932617188,49.518310546875],[142.18577575683594,50.1141357421875],[142.03921508789062,50.54997253417969],[142.2541046142578,51.12335968017578],[142.08255004882812,51.46830749511719],[141.6725616455078,51.744140625],[141.82913208007812,51.73747253417969],[141.62246704101562,51.88417053222656],[141.62583923339844,52.32746887207031],[141.82418823242188,52.55250549316406],[141.92752075195312,53.03166198730469],[141.76756286621094,53.37580871582031],[142.25003051757812,53.5421142578125],[142.2308349609375,53.385833740234375],[142.43161010742188,53.37702941894531],[142.67083740234375,53.50830078125],[142.4774932861328,53.659942626953125],[142.78582763671875,53.705810546875],[142.69833374023438,53.85035705566406],[142.5874786376953,53.69085693359375],[142.69583129882812,53.94166564941406],[142.2508544921875,54.30335998535156],[142.603271484375,54.32708740234375],[142.53994750976562,54.23875427246094],[142.70660400390625,54.428749084472656],[142.9875030517578,54.11833190917969],[142.84744262695312,53.809967041015625],[143.22744750976562,53.27583312988281],[143.25917053222656,53.13417053222656],[143.1614227294922,53.33821105957031],[143.01414489746094,53.28413391113281],[143.23663330078125,52.84625244140625],[143.2857208251953,52.95161437988281],[143.30836486816406,52.71875],[143.26919555664062,52.43000030517578],[143.18167114257812,52.33538818359375],[143.27996826171875,52.645416259765625],[143.08413696289062,52.344970703125],[143.10586547851562,51.93244934082031],[143.3241729736328,51.697471618652344],[143.20582580566406,51.51747131347656],[143.3441925048828,51.51660919189453],[143.3217010498047,51.73041534423828],[143.49411010742188,51.303306579589844],[143.37574768066406,51.334999084472656],[143.52911376953125,51.22577667236328],[144.27792358398438,49.258331298828125],[144.69041442871094,48.86000061035156],[144.74624633789062,48.64411163330078],[144.044189453125,49.25538635253906],[143.38914489746094,49.30455780029297],[142.99005126953125,49.13542175292969],[142.52952575683594,47.780860900878906],[142.70877075195312,47.4266357421875],[143.02127075195312,47.25250244140625],[143.1566162109375,46.71455383300781],[143.38125610351562,46.711639404296875],[143.16082763671875,46.86705780029297],[143.47958374023438,46.823272705078125],[143.61627197265625,46.371665954589844],[143.41494750976562,46.022056579589844],[143.3766632080078,46.547027587890625],[142.51158142089844,46.72206115722656],[142.08250427246094,45.89372253417969]]]}},{"type":"Feature","properties":{},"geometry":{"type":"Polygon","coordinates":[[[-71.08833312988281,18.29369354248047],[-71.4258041381836,17.60124969482422],[-71.692138671875,17.767471313476562],[-71.6745834350586,17.97083282470703],[-72.05347442626953,18.233642578125],[-72.82424926757812,18.138694763183594],[-73.65169525146484,18.249557495117188],[-73.88333129882812,18.020416259765625],[-74.48294067382812,18.425003051757812],[-74.42671966552734,18.61455535888672],[-74.21588897705078,18.673721313476562],[-72.89421844482422,18.42205810546875],[-72.35427856445312,18.53192138671875],[-72.322998046875,18.674888610839844],[-72.8219985961914,19.037216186523438],[-72.70349884033203,19.115966796875],[-72.80355834960938,19.218582153320312],[-72.70055389404297,19.455665588378906],[-73.45796966552734,19.688278198242188],[-73.41002655029297,19.841217041015625],[-72.8233642578125,19.952499389648438],[-72.32477569580078,19.70733642578125],[-72.1987533569336,19.787384033203125],[-71.82421875,19.6488037109375],[-71.65499877929688,19.899642944335938],[-71.24925231933594,19.8304443359375],[-71.0151138305664,19.933807373046875],[-70.2883071899414,19.647918701171875],[-69.9625015258789,19.681243896484375],[-69.7441635131836,19.283775329589844],[-69.15294647216797,19.303306579589844],[-69.23002624511719,19.179611206054688],[-69.62252807617188,19.225418090820312],[-69.62833404541016,19.082077026367188],[-68.9183578491211,19.027938842773438],[-68.32544708251953,18.606643676757812],[-68.64502716064453,18.207916259765625],[-68.9574966430664,18.412078857421875],[-69.88172149658203,18.476219177246094],[-70.15838623046875,18.22624969482422],[-70.50755310058594,18.190414428710938],[-70.67166900634766,18.428726196289062],[-70.93499755859375,18.251251220703125],[-71.08833312988281,18.29369354248047]]]}},{"type":"Feature","properties":{},"geometry":{"type":"Polygon","coordinates":[[[-120.33422088623047,71.99810791015625],[-120.36505889892578,71.6965560913086],[-120.63188934326172,71.49208068847656],[-121.34835815429688,71.37769317626953],[-121.67771911621094,71.46336364746094],[-123.10108184814453,71.07902526855469],[-123.9671401977539,71.66564178466797],[-125.27583312988281,71.96683502197266],[-125.99069213867188,71.96600341796875],[-125.69552612304688,72.04566955566406],[-125.78277587890625,72.132080078125],[-125.32894134521484,72.48274993896484],[-124.9111099243164,72.56866455078125],[-125.12483215332031,72.87010955810547],[-124.44036102294922,72.94380950927734],[-124.86846923828125,73.0973892211914],[-123.75174713134766,73.75260925292969],[-124.19158172607422,73.88127899169922],[-124.7341079711914,74.35050201416016],[-121.45122528076172,74.55655670166016],[-119.66458129882812,74.24116516113281],[-119.7911376953125,74.1155014038086],[-119.08272552490234,74.2074966430664],[-119.12625122070312,73.99578094482422],[-118.76000213623047,74.2131118774414],[-117.62544250488281,74.25102996826172],[-115.32241821289062,73.54080963134766],[-115.79411315917969,73.34158325195312],[-119.10285949707031,72.64805603027344],[-119.28902435302734,72.36621856689453],[-119.78685760498047,72.22575378417969],[-120.2336654663086,72.27216339111328],[-120.12186431884766,72.15985870361328],[-120.33422088623047,71.99810791015625]]]}},{"type":"Feature","properties":{},"geometry":{"type":"Polygon","coordinates":[[[80.2574691772461,5.997108459472656],[80.05789184570312,6.190803527832031],[79.8645248413086,6.806640625],[79.69541931152344,8.197502136230469],[79.78333282470703,8.35455322265625],[79.7378921508789,8.012496948242188],[79.82477569580078,7.9704132080078125],[79.91122436523438,8.93499755859375],[80.06710815429688,9.032501220703125],[80.05452728271484,9.390830993652344],[80.18621826171875,9.481666564941406],[80.05371856689453,9.598304748535156],[80.39875030517578,9.486640930175781],[79.90625,9.755859375],[80.20913696289062,9.832084655761719],[80.81038665771484,9.292442321777344],[81.22705841064453,8.651695251464844],[81.1812515258789,8.441665649414062],[81.35458374023438,8.490829467773438],[81.5120849609375,7.8925018310546875],[81.79208374023438,7.583335876464844],[81.88038635253906,7.023307800292969],[81.70378112792969,6.49163818359375],[81.32499694824219,6.1937255859375],[80.59249877929688,5.914558410644531],[80.2574691772461,5.997108459472656]]]}},{"type":"Feature","properties":{},"geometry":{"type":"Polygon","coordinates":[[[146.23043823242188,-43.324195861816406],[146.0,-43.330360412597656],[145.93167114257812,-43.19044494628906],[145.8383026123047,-43.316307067871094],[145.25538635253906,-42.62413787841797],[145.16830444335938,-42.196250915527344],[145.47244262695312,-42.52461242675781],[145.55538940429688,-42.35755920410156],[145.32666015625,-42.15044403076172],[145.22705078125,-42.21833801269531],[145.22625732421875,-42.002471923828125],[144.74374389648438,-41.42169189453125],[144.6029510498047,-41.01249694824219],[144.6837158203125,-40.668365478515625],[145.1149139404297,-40.842918395996094],[145.2591094970703,-40.71208190917969],[145.31333923339844,-40.849609375],[146.25331115722656,-41.17961120605469],[146.532470703125,-41.118751525878906],[146.606689453125,-41.26042175292969],[146.56288146972656,-41.149192810058594],[146.71083068847656,-41.06297302246094],[146.90750122070312,-41.218780517578125],[146.7899932861328,-41.055442810058594],[147.44580078125,-41.00544738769531],[147.6683349609375,-40.82292175292969],[147.8766632080078,-40.88542175292969],[147.9375,-40.741249084472656],[148.0775604248047,-40.77044677734375],[148.34957885742188,-40.996665954589844],[148.24464416503906,-41.19916534423828],[148.3320770263672,-41.26666259765625],[148.21461486816406,-41.32836151123047],[148.35374450683594,-41.28419494628906],[148.23619079589844,-41.464195251464844],[148.36119079589844,-42.19749450683594],[148.29666137695312,-42.28547668457031],[148.30291748046875,-42.130889892578125],[148.1553955078125,-42.07499694824219],[148.20663452148438,-41.950439453125],[148.10208129882812,-42.082557678222656],[148.19705200195312,-42.105743408203125],[147.93211364746094,-42.34166717529297],[148.01791381835938,-42.31585693359375],[148.00704956054688,-42.51249694824219],[147.8778839111328,-42.558387756347656],[147.9612274169922,-42.68169403076172],[147.81121826171875,-42.891693115234375],[147.9729766845703,-42.86919403076172],[148.0062713623047,-43.230865478515625],[147.86080932617188,-43.11128234863281],[147.7816619873047,-43.241302490234375],[147.6254119873047,-43.074195861816406],[147.67086791992188,-42.936279296875],[147.9199676513672,-43.01960754394531],[147.80250549316406,-42.89380645751953],[147.44747924804688,-42.75877380371094],[147.61207580566406,-42.84752655029297],[147.413330078125,-43.04960632324219],[147.48211669921875,-42.91175079345703],[147.19667053222656,-42.72792053222656],[147.34368896484375,-43.05085754394531],[147.26202392578125,-43.02586364746094],[147.2225341796875,-43.283782958984375],[146.95877075195312,-43.160057067871094],[147.09957885742188,-43.29252624511719],[146.9745635986328,-43.328338623046875],[147.05792236328125,-43.35749816894531],[146.91952514648438,-43.41583251953125],[147.00128173828125,-43.481719970703125],[146.86996459960938,-43.64044189453125],[146.5616455078125,-43.47125244140625],[146.03335571289062,-43.571250915527344],[145.92205810546875,-43.38080596923828],[146.23043823242188,-43.324195861816406]]]}},{"type":"Feature","properties":{},"geometry":{"type":"Polygon","coordinates":[[[-91.89372253417969,74.70361328125],[-92.25544738769531,75.07450103759766],[-92.04203033447266,75.09288787841797],[-92.50749969482422,75.21710968017578],[-92.42578125,75.43155670166016],[-92.0050277709961,75.58838653564453],[-92.11438751220703,75.85244750976562],[-92.67647552490234,76.00910949707031],[-93.09085845947266,76.36219024658203],[-95.40291595458984,76.23100280761719],[-94.81072235107422,76.3143310546875],[-96.10658264160156,76.51683044433594],[-95.6141128540039,76.60942077636719],[-96.04530334472656,76.55416870117188],[-96.92991638183594,76.71305847167969],[-96.88600158691406,76.8213882446289],[-96.30488586425781,76.75450134277344],[-96.81974792480469,76.85717010498047],[-96.80122375488281,76.983642578125],[-95.69366455078125,77.06952667236328],[-93.69047546386719,76.9171142578125],[-93.18052673339844,76.7431411743164],[-93.55313873291016,76.38705444335938],[-93.1181411743164,76.62039184570312],[-90.97077941894531,76.65194702148438],[-90.47305297851562,76.4683609008789],[-91.47196960449219,76.4527816772461],[-89.19561004638672,76.23583221435547],[-90.46282958984375,76.17727661132812],[-90.10580444335938,76.13088989257812],[-91.61883544921875,76.2645034790039],[-91.27391815185547,76.20635986328125],[-91.42780303955078,76.14716339111328],[-90.65880584716797,76.11930847167969],[-90.87052917480469,76.0653076171875],[-90.19408416748047,76.06197357177734],[-91.15430450439453,76.017333984375],[-90.94947052001953,75.99849700927734],[-91.20053100585938,75.81716918945312],[-90.79611206054688,75.99825286865234],[-90.44022369384766,75.98194122314453],[-90.55158233642578,75.89561462402344],[-89.93219757080078,76.0068588256836],[-89.65286254882812,75.88700103759766],[-89.77758026123047,75.78905487060547],[-89.14466857910156,75.76516723632812],[-89.23577880859375,75.6201400756836],[-89.7018051147461,75.5501937866211],[-89.18658447265625,75.58210754394531],[-88.93152618408203,75.4288330078125],[-88.76480865478516,75.6846923828125],[-88.24510955810547,75.4703598022461],[-87.73435974121094,75.5761947631836],[-87.5500259399414,75.44683074951172],[-87.25955963134766,75.6159439086914],[-86.3538589477539,75.4207763671875],[-86.55364227294922,75.36080932617188],[-85.54483032226562,75.40433502197266],[-86.150390625,75.51358032226562],[-84.525390625,75.62533569335938],[-84.6906967163086,75.69691467285156],[-84.01200103759766,75.82266998291016],[-81.10147094726562,75.76569366455078],[-81.28816986083984,75.65058135986328],[-79.93191528320312,75.5356674194336],[-80.37108612060547,75.45758056640625],[-79.57158660888672,75.4574203491211],[-79.50822448730469,75.22624969482422],[-80.36849975585938,75.01644134521484],[-80.31383514404297,74.93489074707031],[-79.5947494506836,75.02024841308594],[-79.3486099243164,74.88855743408203],[-79.96822357177734,74.81358337402344],[-80.36972045898438,74.93852996826172],[-80.21163940429688,74.5999984741211],[-81.76486206054688,74.46880340576172],[-82.90652465820312,74.5516128540039],[-83.04558563232422,74.787109375],[-83.5124740600586,74.9030532836914],[-83.31336212158203,74.75849914550781],[-83.59080505371094,74.54191589355469],[-84.90327453613281,74.50008392333984],[-85.0,74.6939468383789],[-85.24372100830078,74.48725128173828],[-85.55269622802734,74.68538665771484],[-85.60283660888672,74.49732971191406],[-86.12855529785156,74.47875213623047],[-86.1804428100586,74.61105346679688],[-86.4486083984375,74.47652435302734],[-86.79802703857422,74.6133041381836],[-86.61338806152344,74.46649932861328],[-87.30821990966797,74.54383087158203],[-87.71558380126953,74.45513916015625],[-88.56160736083984,74.50305938720703],[-88.3115005493164,74.77263641357422],[-88.55085754394531,74.90736389160156],[-88.85710906982422,74.6566390991211],[-89.09741973876953,74.83538818359375],[-89.17886352539062,74.59394073486328],[-89.98114013671875,74.52947235107422],[-91.01577758789062,74.70372009277344],[-90.75641632080078,74.88500213623047],[-91.2342758178711,74.73088836669922],[-91.11741638183594,74.62635803222656],[-91.89372253417969,74.70361328125]]]}},{"type":"Feature","properties":{},"geometry":{"type":"Polygon","coordinates":[[[-66.72416687011719,-55.00250244140625],[-68.26194763183594,-54.79380798339844],[-68.59022521972656,-54.89300537109375],[-68.84764099121094,-54.81672668457031],[-68.7159423828125,-54.91094970703125],[-69.06827545166016,-54.95216369628906],[-69.65005493164062,-54.83294677734375],[-69.71002960205078,-54.689605712890625],[-69.69591522216797,-54.820892333984375],[-69.78338623046875,-54.718780517578125],[-69.7741928100586,-54.82086181640625],[-69.9250259399414,-54.83457946777344],[-69.92013549804688,-54.65458679199219],[-69.96002960205078,-54.838775634765625],[-70.3108901977539,-54.84752655029297],[-70.22174835205078,-54.682891845703125],[-70.33505249023438,-54.842918395996094],[-70.78005981445312,-54.84208679199219],[-70.4725570678711,-54.66669464111328],[-70.86003112792969,-54.762115478515625],[-70.74246978759766,-54.688331604003906],[-70.9117202758789,-54.66297149658203],[-71.02008056640625,-54.776275634765625],[-70.90091705322266,-54.61500549316406],[-71.18333435058594,-54.69794464111328],[-71.29753112792969,-54.64666748046875],[-71.12252807617188,-54.61669921875],[-71.33838653564453,-54.50958251953125],[-71.47003173828125,-54.69127655029297],[-71.49005889892578,-54.583778381347656],[-71.95916748046875,-54.62419128417969],[-71.86589050292969,-54.60166931152344],[-71.99163818359375,-54.4471435546875],[-71.6300277709961,-54.57624816894531],[-71.7608871459961,-54.49169921875],[-71.5108871459961,-54.548362731933594],[-71.86746978759766,-54.432525634765625],[-71.53669738769531,-54.50877380371094],[-71.43086242675781,-54.48919677734375],[-71.60922241210938,-54.39672088623047],[-71.37169647216797,-54.462921142578125],[-71.34503173828125,-54.373748779296875],[-70.92497253417969,-54.51622009277344],[-70.81666564941406,-54.32377624511719],[-70.56588745117188,-54.34916687011719],[-70.70841979980469,-54.541221618652344],[-70.5433349609375,-54.39630126953125],[-70.11919403076172,-54.567527770996094],[-70.51342010498047,-54.300445556640625],[-70.8691635131836,-54.25419616699219],[-70.92835998535156,-54.117919921875],[-70.1050033569336,-54.427947998046875],[-70.02422332763672,-54.364166259765625],[-70.18250274658203,-54.29753112792969],[-69.97846984863281,-54.26289367675781],[-69.81602478027344,-54.434165954589844],[-69.90430450439453,-54.50419616699219],[-69.79428100585938,-54.45416259765625],[-69.84930419921875,-54.28080749511719],[-69.5250244140625,-54.43797302246094],[-69.55097198486328,-54.335052490234375],[-69.45502471923828,-54.341278076171875],[-69.19924926757812,-54.44755554199219],[-69.49085998535156,-54.67505645751953],[-69.34841918945312,-54.713836669921875],[-69.26750183105469,-54.53758239746094],[-69.13422393798828,-54.598419189453125],[-69.13255310058594,-54.45002746582031],[-68.96355438232422,-54.47589111328125],[-70.07255554199219,-54.06500244140625],[-70.16255950927734,-53.774139404296875],[-69.37503051757812,-53.531280517578125],[-69.38005828857422,-53.365447998046875],[-70.2066421508789,-53.48374938964844],[-70.43419647216797,-53.380859375],[-70.34249877929688,-53.306640625],[-70.44583129882812,-53.301666259765625],[-70.42255401611328,-53.022552490234375],[-70.25003051757812,-53.069610595703125],[-70.08755493164062,-52.938446044921875],[-70.42082977294922,-52.77677917480469],[-70.13177490234375,-52.73883056640625],[-69.91166687011719,-52.85377502441406],[-69.42835998535156,-52.46949768066406],[-69.14324951171875,-52.70050048828125],[-68.7584457397461,-52.55528259277344],[-68.20408630371094,-53.141693115234375],[-68.35649871826172,-53.01960754394531],[-68.5508041381836,-53.250030517578125],[-68.15074920654297,-53.328338623046875],[-67.70580291748047,-53.774192810058594],[-67.76752471923828,-53.831695556640625],[-67.68413543701172,-53.782501220703125],[-67.30083465576172,-54.07086181640625],[-66.15174865722656,-54.572967529296875],[-65.11419677734375,-54.641693115234375],[-65.3866958618164,-54.91791534423828],[-66.72416687011719,-55.00250244140625]]]}},{"type":"Feature","properties":{},"geometry":{"type":"Polygon","coordinates":[[[58.25738525390625,73.99958038330078],[57.73002624511719,74.04624938964844],[57.497467041015625,74.19288635253906],[57.55608367919922,74.08080291748047],[57.188720703125,74.07830810546875],[57.53863525390625,74.06747436523438],[57.875030517578125,73.76538848876953],[56.59368896484375,73.88080596923828],[57.30238342285156,73.81119537353516],[57.5987548828125,73.6316146850586],[57.20741271972656,73.55791473388672],[56.37628173828125,73.73919677734375],[57.20121765136719,73.49244689941406],[56.86488342285156,73.31205749511719],[56.66608428955078,73.35749816894531],[56.694915771484375,73.24539184570312],[56.08988952636719,73.27371978759766],[55.89250183105469,73.43621826171875],[55.94255065917969,73.3012466430664],[54.947471618652344,73.44288635253906],[54.073692321777344,73.34664154052734],[54.73980712890625,73.64375305175781],[55.84630584716797,73.64666748046875],[55.1173095703125,73.69872283935547],[55.384918212890625,73.78119659423828],[54.20747375488281,73.59619140625],[53.692527770996094,73.79208374023438],[54.664886474609375,73.96041870117188],[55.029945373535156,73.90374755859375],[54.55860900878906,74.0],[55.034889221191406,74.15702819824219],[56.39125061035156,74.00833129882812],[55.12611389160156,74.22669219970703],[55.83622741699219,74.26411437988281],[55.3050537109375,74.34708404541016],[55.3824462890625,74.41036224365234],[56.26105499267578,74.45500183105469],[55.58616638183594,74.53916931152344],[55.79743957519531,74.66619110107422],[56.96363830566406,74.66999816894531],[55.85630798339844,74.77996826171875],[56.79863739013672,74.93580627441406],[55.86247253417969,74.95957946777344],[56.008392333984375,75.18330383300781],[56.35502624511719,75.16166687011719],[56.45991516113281,75.04208374023438],[56.955055236816406,75.22914123535156],[56.75505065917969,75.30249786376953],[56.92652893066406,75.35708618164062],[57.86980438232422,75.31121826171875],[57.59822082519531,75.48833465576172],[58.29817199707031,75.5824966430664],[58.031524658203125,75.64833068847656],[58.893333435058594,75.85292053222656],[60.31663513183594,75.97041320800781],[59.94172668457031,76.0257797241211],[60.219970703125,76.10952758789062],[60.77986145019531,76.10375213623047],[60.434776306152344,75.99663543701172],[60.783447265625,75.97705841064453],[61.13160705566406,76.0766372680664],[60.90827941894531,76.1441421508789],[61.12641906738281,76.28791809082031],[62.41319274902344,76.2629165649414],[62.46669006347656,76.16622161865234],[62.736724853515625,76.2695541381836],[64.77986145019531,76.32958221435547],[64.96663665771484,76.46375274658203],[65.97491455078125,76.49502563476562],[65.84813690185547,76.67411041259766],[67.65658569335938,77.0062484741211],[68.60669708251953,76.95539093017578],[69.17163848876953,76.68235778808594],[68.405029296875,76.21247100830078],[63.759918212890625,75.61372375488281],[63.66650390625,75.7046127319336],[62.986610412597656,75.61455535888672],[61.72163391113281,75.36663818359375],[61.456634521484375,75.20619201660156],[61.316612243652344,75.30708312988281],[60.78175354003906,75.01750183105469],[60.56324768066406,75.09122467041016],[60.01127624511719,74.98247528076172],[60.67131042480469,74.92082977294922],[60.18119812011719,74.86247253417969],[60.30744934082031,74.74455261230469],[59.64744567871094,74.71624755859375],[59.828643798828125,74.66327667236328],[59.75999450683594,74.57041931152344],[59.07122039794922,74.72416687011719],[59.27619934082031,74.6183090209961],[59.15492248535156,74.41874694824219],[58.21868896484375,74.5433349609375],[58.61119079589844,74.44747161865234],[58.748779296875,74.21330261230469],[58.27363586425781,74.1933364868164],[58.54875183105469,74.12083435058594],[58.329917907714844,74.0745849609375],[58.111167907714844,74.14502716064453],[58.25738525390625,73.99958038330078]]]}},{"type":"Feature","properties":{},"geometry":{"type":"Polygon","coordinates":[[[-81.0,63.437530517578125],[-82.07447052001953,63.68330383300781],[-82.49411010742188,63.6572265625],[-82.36458587646484,63.892417907714844],[-83.14277648925781,63.967140197753906],[-83.00419616699219,64.18133544921875],[-83.52811431884766,64.10163879394531],[-83.66603088378906,64.00616455078125],[-83.60563659667969,63.76878356933594],[-84.2842788696289,63.62080383300781],[-84.58213806152344,63.29016876220703],[-85.2110595703125,63.10675048828125],[-85.61552429199219,63.17877960205078],[-85.6798095703125,63.713279724121094],[-86.92283630371094,63.547088623046875],[-87.16505432128906,63.575469970703125],[-87.20930480957031,63.71513366699219],[-86.1788330078125,64.08875274658203],[-86.39530944824219,64.58505249023438],[-86.12838745117188,64.91989135742188],[-85.99502563476562,65.71119689941406],[-85.59494018554688,65.91336059570312],[-85.17652893066406,65.80158233642578],[-85.02508544921875,65.61196899414062],[-85.27094268798828,65.52394104003906],[-85.00530242919922,65.42224884033203],[-84.91022491455078,65.21446990966797],[-84.50894165039062,65.47908020019531],[-84.13922119140625,65.33914184570312],[-84.11477661132812,65.2020263671875],[-83.39402770996094,65.1385269165039],[-83.20114135742188,64.93277740478516],[-81.82524871826172,64.54853057861328],[-81.58863830566406,64.12699890136719],[-81.98783111572266,63.97880554199219],[-81.39488983154297,64.08411407470703],[-80.92972564697266,63.96864318847656],[-80.92111206054688,64.12239074707031],[-80.47205352783203,63.89405822753906],[-80.65355682373047,63.869834899902344],[-80.13541412353516,63.77516174316406],[-81.0,63.437530517578125]]]}},{"type":"Feature","properties":{},"geometry":{"type":"Polygon","coordinates":[[[-115.55982971191406,74.99461364746094],[-116.24238586425781,75.06147003173828],[-116.00358581542969,75.12619018554688],[-116.29238891601562,75.10655975341797],[-116.2171401977539,75.21416473388672],[-116.69080352783203,75.1177749633789],[-117.66380310058594,75.25211334228516],[-117.2459716796875,75.47477722167969],[-116.00902557373047,75.48805236816406],[-115.0074691772461,75.69924926757812],[-117.21739196777344,75.58149719238281],[-116.80469512939453,75.80386352539062],[-114.78233337402344,75.89749908447266],[-116.73091888427734,75.90508270263672],[-116.44550323486328,75.97652435302734],[-116.6141357421875,76.12149810791016],[-116.21622467041016,76.19752502441406],[-114.62750244140625,76.17013549804688],[-115.89905548095703,76.29042053222656],[-114.89580535888672,76.52149963378906],[-114.1659164428711,76.47672271728516],[-113.9818344116211,76.19589233398438],[-112.97383117675781,76.2735824584961],[-112.40047454833984,76.1808090209961],[-112.40274810791016,76.04550170898438],[-111.68311309814453,75.9189682006836],[-112.22396850585938,75.81655883789062],[-111.43655395507812,75.84691619873047],[-111.60530853271484,75.81536102294922],[-111.22416687011719,75.5167465209961],[-108.88536071777344,75.4804458618164],[-109.0516357421875,75.5564193725586],[-108.8397216796875,75.5647201538086],[-108.80113983154297,75.70252990722656],[-110.04988861083984,75.89886474609375],[-109.22933197021484,76.0240249633789],[-109.26180267333984,76.10552978515625],[-110.41525268554688,76.35505676269531],[-109.7598876953125,76.48480224609375],[-109.10761260986328,76.82611083984375],[-108.3822250366211,76.7248306274414],[-108.71363830566406,76.63866424560547],[-108.57250213623047,76.41764068603516],[-108.03636169433594,76.27508544921875],[-108.48219299316406,76.0395278930664],[-107.60266876220703,76.00252532958984],[-108.0,75.78752899169922],[-107.03360748291016,75.90130615234375],[-106.84083557128906,75.6504135131836],[-106.86225128173828,75.77386474609375],[-106.56664276123047,75.80494689941406],[-106.87557983398438,75.83930969238281],[-106.86944580078125,75.97547149658203],[-106.56964111328125,76.069580078125],[-105.42491912841797,75.85394287109375],[-105.36438751220703,75.64997100830078],[-105.71125030517578,75.49949645996094],[-105.61697387695312,75.36380767822266],[-106.0,75.05255889892578],[-107.20053100585938,74.91349792480469],[-107.65621948242188,74.97628021240234],[-107.75414276123047,75.10011291503906],[-107.9310302734375,74.93119049072266],[-108.3546371459961,74.91844177246094],[-108.79850006103516,75.073974609375],[-112.35769653320312,74.42433166503906],[-113.52391815185547,74.4292221069336],[-114.42655944824219,74.69580841064453],[-112.94080352783203,74.97188568115234],[-111.58599853515625,75.00947570800781],[-110.91075134277344,75.22958374023438],[-112.39038848876953,75.12752532958984],[-112.2852783203125,75.2084732055664],[-112.64922332763672,75.28600311279297],[-112.76219177246094,75.12566375732422],[-113.9173355102539,75.05241394042969],[-113.63758087158203,75.19303131103516],[-113.91786193847656,75.18013763427734],[-113.8060302734375,75.32516479492188],[-113.30230712890625,75.42144775390625],[-113.87313842773438,75.37744140625],[-114.03011322021484,75.47480773925781],[-114.15880584716797,75.22355651855469],[-114.60836029052734,75.2804183959961],[-114.2744140625,75.1729965209961],[-114.4522476196289,75.06144714355469],[-115.08702850341797,74.9717788696289],[-115.23149871826172,75.18644714355469],[-115.6631088256836,75.1374740600586],[-115.55982971191406,74.99461364746094]]]}},{"type":"Feature","properties":{},"geometry":{"type":"Polygon","coordinates":[[[-94.19702911376953,78.99808502197266],[-93.40608215332031,79.1624984741211],[-90.3332748413086,79.2437515258789],[-92.29685974121094,79.2060317993164],[-92.59991455078125,79.29946899414062],[-91.12566375732422,79.39321899414062],[-92.13733673095703,79.3413314819336],[-92.61536407470703,79.38238525390625],[-92.2530288696289,79.45144653320312],[-93.13102722167969,79.4858627319336],[-92.99444580078125,79.38591766357422],[-93.37947082519531,79.33702850341797],[-93.33819580078125,79.45269775390625],[-94.27530670166016,79.2679443359375],[-93.866943359375,79.39700317382812],[-94.40491485595703,79.43144226074219],[-95.14569091796875,79.2738037109375],[-95.24888610839844,79.40569305419922],[-95.77188873291016,79.40916442871094],[-95.76885986328125,79.5376968383789],[-94.58291625976562,79.62777709960938],[-94.3316421508789,79.76936340332031],[-95.73741912841797,79.63417053222656],[-96.63410949707031,79.87977600097656],[-96.13578033447266,79.90744018554688],[-96.59508514404297,79.96438598632812],[-96.30555725097656,80.04838562011719],[-96.62505340576172,80.04305267333984],[-96.67825317382812,80.14630889892578],[-94.38966369628906,79.97933197021484],[-94.78863525390625,80.0871353149414],[-94.07611083984375,80.18297576904297],[-95.33946990966797,80.1183090209961],[-95.70372009277344,80.17208099365234],[-95.21211242675781,80.24394226074219],[-95.9247817993164,80.19308471679688],[-96.61961364746094,80.35091400146484],[-95.2320556640625,80.37486267089844],[-96.04808044433594,80.48705291748047],[-95.97010803222656,80.58244323730469],[-93.76660919189453,80.52024841308594],[-94.60230255126953,80.6386947631836],[-93.83352661132812,80.70510864257812],[-95.50199890136719,80.81324768066406],[-94.87249755859375,81.0590591430664],[-94.34835815429688,80.96199798583984],[-93.8062744140625,81.02989196777344],[-94.24541473388672,81.11266326904297],[-93.10436248779297,81.08992004394531],[-93.17988586425781,81.21258544921875],[-94.36033630371094,81.25089263916016],[-93.49263763427734,81.37969207763672],[-91.8050537109375,81.1630859375],[-90.55661010742188,80.63986206054688],[-90.74858093261719,80.56136322021484],[-89.0689697265625,80.48341369628906],[-89.11558532714844,80.21830749511719],[-88.3411636352539,80.07772064208984],[-88.62149810791016,80.38372039794922],[-87.61494445800781,80.40641784667969],[-87.56160736083984,80.17536163330078],[-88.25858306884766,80.15355682373047],[-87.2534408569336,80.07888793945312],[-87.00761413574219,79.94261169433594],[-87.4818344116211,79.83238983154297],[-86.9356689453125,79.91941833496094],[-87.435302734375,79.53227996826172],[-86.36094665527344,79.65219116210938],[-86.03416442871094,79.43897247314453],[-85.70391845703125,79.61958312988281],[-84.87960815429688,79.26875305175781],[-86.68878173828125,78.95777893066406],[-86.98860931396484,79.05525207519531],[-86.97135925292969,78.8862533569336],[-87.61319732666016,78.64205932617188],[-87.99791717529297,78.80841827392578],[-87.73483276367188,79.09317016601562],[-88.15975189208984,78.99508666992188],[-88.10505676269531,78.68077850341797],[-88.38175201416016,78.66044616699219],[-87.88524627685547,78.55897521972656],[-88.19522094726562,78.45255279541016],[-88.8046646118164,78.60591888427734],[-88.5449447631836,78.39974975585938],[-88.86255645751953,78.14655303955078],[-89.96219635009766,78.61264038085938],[-90.06060791015625,78.48686218261719],[-89.47628021240234,78.14900207519531],[-90.25894165039062,78.33489227294922],[-90.7645263671875,78.3235855102539],[-90.30980682373047,78.27471923828125],[-90.3441390991211,78.142333984375],[-92.0550537109375,78.2033920288086],[-92.17377471923828,78.32194519042969],[-92.98747253417969,78.47538757324219],[-91.66024780273438,78.56800079345703],[-93.29533386230469,78.58135986328125],[-93.82258605957031,78.77105712890625],[-93.0247802734375,78.76296997070312],[-93.89727783203125,78.83296966552734],[-94.19702911376953,78.99808502197266]]]}},{"type":"Feature","properties":{},"geometry":{"type":"Polygon","coordinates":[[[15.438224792480469,77.0],[14.451553344726562,77.1675033569336],[13.9149169921875,77.524169921875],[16.099945068359375,77.45955657958984],[14.738388061523438,77.65333557128906],[17.129974365234375,77.77291870117188],[16.751632690429688,77.87833404541016],[16.9915771484375,77.92916870117188],[13.9498291015625,77.71624755859375],[13.598358154296875,78.0566635131836],[13.976669311523438,78.10539245605469],[14.293304443359375,77.96044158935547],[14.216499328613281,78.10955810546875],[14.993415832519531,78.09872436523438],[15.768280029296875,78.22997283935547],[15.756668090820312,78.3370590209961],[16.846633911132812,78.33125305175781],[17.398391723632812,78.42938995361328],[16.288253784179688,78.45333099365234],[16.92163848876953,78.64913940429688],[16.569969177246094,78.71622467041016],[16.258193969726562,78.5466079711914],[15.423309326171875,78.4578857421875],[15.13153076171875,78.5999755859375],[15.498191833496094,78.66744232177734],[15.346527099609375,78.85041809082031],[15.003166198730469,78.5945816040039],[14.750030517578125,78.75538635253906],[14.374969482421875,78.70085906982422],[14.624778747558594,78.54582977294922],[14.258140563964844,78.48750305175781],[14.798385620117188,78.37916564941406],[14.216583251953125,78.41869354248047],[14.113250732421875,78.25208282470703],[13.0,78.2046127319336],[12.918167114257812,78.36497497558594],[12.371498107910156,78.49250030517578],[13.318328857421875,78.5683364868164],[12.406639099121094,78.54621887207031],[11.471725463867188,78.72994232177734],[11.981582641601562,78.83247375488281],[11.353279113769531,78.97205352783203],[12.56494140625,78.90911102294922],[11.664833068847656,79.06419372558594],[12.211524963378906,79.19080352783203],[12.178108215332031,79.29914093017578],[11.829780578613281,79.21377563476562],[11.546607971191406,79.32622528076172],[11.671669006347656,79.15580749511719],[11.186363220214844,79.1120834350586],[10.664718627929688,79.54663848876953],[11.498306274414062,79.6300277709961],[11.198135375976562,79.77749633789062],[11.623336791992188,79.82624816894531],[12.299858093261719,79.6504135131836],[12.209892272949219,79.837890625],[12.623275756835938,79.7612533569336],[13.806472778320312,79.87702941894531],[13.733306884765625,79.68621826171875],[12.348136901855469,79.57997131347656],[13.476692199707031,79.57205963134766],[13.20172119140625,79.46083068847656],[13.566719055175781,79.47875213623047],[14.043220520019531,79.26372528076172],[13.824974060058594,79.52996826171875],[14.726531982421875,79.78878021240234],[15.298164367675781,79.60327911376953],[15.65496826171875,79.09666442871094],[15.833251953125,79.1637191772461],[16.526611328125,78.90538787841797],[15.614776611328125,79.79419708251953],[16.134857177734375,79.85997009277344],[15.934921264648438,79.95417022705078],[16.269805908203125,80.05872344970703],[16.743331909179688,79.88038635253906],[17.396560668945312,79.9262466430664],[18.018356323242188,79.73497009277344],[17.574920654296875,79.5466079711914],[17.671661376953125,79.36077880859375],[18.28302764892578,79.62122344970703],[18.874969482421875,79.43830871582031],[18.58819580078125,79.24913787841797],[18.904861450195312,79.16080474853516],[19.806716918945312,79.14705657958984],[19.919891357421875,78.99458312988281],[21.513336181640625,78.83125305175781],[21.376556396484375,78.66627502441406],[19.543411254882812,78.60708618164062],[19.7947998046875,78.41997528076172],[19.028167724609375,78.42250061035156],[19.031585693359375,78.0958023071289],[18.371780395507812,78.02996826171875],[18.291549682617188,77.52749633789062],[17.601608276367188,77.45166778564453],[17.284835815429688,76.93753051757812],[16.891639709472656,76.79247283935547],[17.164886474609375,76.71583557128906],[16.989883422851562,76.59622192382812],[16.286636352539062,76.56038665771484],[16.318275451660156,76.7058334350586],[15.501663208007812,76.87247467041016],[16.37835693359375,77.0],[15.438224792480469,77.0]]]}},{"type":"Feature","properties":{},"geometry":{"type":"Polygon","coordinates":[[[-50.75764465332031,-1.076904296875],[-50.68333435058594,-0.6479415893554688],[-50.54960632324219,-0.6725006103515625],[-50.59002685546875,-0.50372314453125],[-50.73127746582031,-0.5208587646484375],[-50.66877746582031,-0.29755401611328125],[-50.449195861816406,-0.156280517578125],[-50.36669921875,-0.26461029052734375],[-50.339195251464844,-0.09625244140625],[-49.63169860839844,-0.24541473388671875],[-49.18922424316406,-0.1329193115234375],[-48.38958740234375,-0.28253173828125],[-48.509613037109375,-0.8816680908203125],[-48.75917053222656,-1.1829147338867188],[-48.920440673828125,-1.1341934204101562],[-48.83416748046875,-1.2637481689453125],[-48.98710632324219,-1.2533645629882812],[-48.83622741699219,-1.44586181640625],[-49.05836486816406,-1.5496368408203125],[-49.15419006347656,-1.4120864868164062],[-49.08544921875,-1.5717239379882812],[-49.26499938964844,-1.4904708862304688],[-49.27002716064453,-1.6221084594726562],[-49.5250244140625,-1.50958251953125],[-49.54627990722656,-1.7216949462890625],[-49.693359375,-1.7912521362304688],[-49.747528076171875,-1.6170806884765625],[-49.80836486816406,-1.8237762451171875],[-50.0677490234375,-1.7166671752929688],[-50.58955383300781,-1.79180908203125],[-50.80340576171875,-1.44036865234375],[-50.805755615234375,-1.1085891723632812],[-50.559043884277344,-1.1839752197265625],[-50.620941162109375,-1.1250152587890625],[-50.479835510253906,-1.0408172607421875],[-50.75764465332031,-1.076904296875]]]}},{"type":"Feature","properties":{},"geometry":{"type":"Polygon","coordinates":[[[130.66885375976562,30.999114990234375],[130.80288696289062,31.334976196289062],[130.59121704101562,31.588272094726562],[130.7675323486328,31.565383911132812],[130.79830932617188,31.6995849609375],[130.6412811279297,31.732444763183594],[130.51461791992188,31.499969482421875],[130.6695556640625,31.267471313476562],[130.5874786376953,31.15538787841797],[130.21664428710938,31.247055053710938],[130.10621643066406,31.411697387695312],[130.31585693359375,31.4437255859375],[130.17457580566406,32.10499572753906],[130.3395538330078,32.12083435058594],[130.6620635986328,32.633331298828125],[130.4512176513672,32.62327575683594],[130.6387481689453,32.69830322265625],[130.5445556640625,32.90666198730469],[130.362060546875,33.21083068847656],[130.1933135986328,33.204559326171875],[130.11795043945312,33.12913513183594],[130.22625732421875,32.95497131347656],[130.08792114257812,32.859161376953125],[130.33999633789062,32.85786437988281],[130.35047912597656,32.67333221435547],[130.1675262451172,32.58958435058594],[130.20628356933594,32.753334045410156],[130.08331298828125,32.79374694824219],[129.73831176757812,32.56788635253906],[129.8687744140625,32.747467041015625],[129.63204956054688,32.92497253417969],[129.67581176757812,33.097084045410156],[129.82374572753906,32.98164367675781],[129.78997802734375,32.867027282714844],[130.00961303710938,32.84663391113281],[129.92416381835938,33.032081604003906],[129.55291748046875,33.21746826171875],[129.56039428710938,33.331634521484375],[129.67330932617188,33.400390625],[129.86331176757812,33.281219482421875],[129.84832763671875,33.557891845703125],[130.0341033935547,33.45121765136719],[130.20919799804688,33.66874694824219],[130.39752197265625,33.60038757324219],[130.42913818359375,33.68791198730469],[130.28875732421875,33.689971923828125],[130.52499389648438,33.890411376953125],[131.00331115722656,33.96455383300781],[130.95794677734375,33.828277587890625],[131.0999755859375,33.61958312988281],[131.350830078125,33.527862548828125],[131.66580200195312,33.669525146484375],[131.73956298828125,33.470001220703125],[131.50872802734375,33.27583312988281],[131.9024658203125,33.26875305175781],[131.7961883544922,33.12249755859375],[132.01791381835938,33.059112548828125],[131.87533569335938,32.95661163330078],[132.0862274169922,32.93083190917969],[131.67791748046875,32.58332824707031],[131.73291015625,32.49241638183594],[131.4020538330078,31.919998168945312],[131.48956298828125,31.783279418945312],[131.34957885742188,31.364944458007812],[131.07666015625,31.46125030517578],[131.0006103515625,31.358169555664062],[131.13038635253906,31.276687622070312],[130.66885375976562,30.999114990234375]]]}},{"type":"Feature","properties":{},"geometry":{"type":"Polygon","coordinates":[[[120.97205352783203,22.563331604003906],[120.8558349609375,21.900390625],[120.70539093017578,21.937469482421875],[120.63119506835938,22.306640625],[120.32583618164062,22.53955078125],[120.1812515258789,23.040023803710938],[120.02960968017578,23.0758056640625],[120.16122436523438,23.3316650390625],[120.12875366210938,23.632469177246094],[120.36541748046875,23.829193115234375],[120.26457977294922,23.84583282470703],[120.32211303710938,23.987472534179688],[121.02960968017578,25.026641845703125],[121.57250213623047,25.300445556640625],[121.99958038330078,25.0074462890625],[121.82453155517578,24.854995727539062],[121.85541534423828,24.481643676757812],[121.61119079589844,24.087493896484375],[121.40621948242188,23.124969482421875],[120.97205352783203,22.563331604003906]]]}},{"type":"Feature","properties":{},"geometry":{"type":"Polygon","coordinates":[[[151.05294799804688,-6.0016937255859375],[150.79168701171875,-6.0120849609375],[150.4033660888672,-6.271247863769531],[149.60667419433594,-6.292915344238281],[149.3741455078125,-6.063751220703125],[149.03663635253906,-6.163749694824219],[149.032470703125,-6.017112731933594],[148.3641357421875,-5.752113342285156],[148.31707763671875,-5.567527770996094],[148.41250610351562,-5.4463043212890625],[148.54830932617188,-5.53961181640625],[148.98333740234375,-5.4596099853515625],[149.26080322265625,-5.5904693603515625],[149.66082763671875,-5.449638366699219],[149.67247009277344,-5.542945861816406],[149.8708953857422,-5.521308898925781],[150.09165954589844,-4.9979400634765625],[150.19297790527344,-5.057525634765625],[150.01710510253906,-5.287528991699219],[150.09336853027344,-5.5187530517578125],[150.89669799804688,-5.488777160644531],[151.34832763671875,-4.912086486816406],[151.58413696289062,-4.967918395996094],[151.68621826171875,-4.8683319091796875],[151.48956298828125,-4.212501525878906],[151.8333282470703,-4.219581604003906],[151.9467010498047,-4.3429412841796875],[152.16830444335938,-4.134613037109375],[152.1641082763672,-4.3021087646484375],[152.40463256835938,-4.3383331298828125],[152.32205200195312,-4.8550262451171875],[151.94871520996094,-5.005058288574219],[152.1195526123047,-5.3983612060546875],[151.81333923339844,-5.5904693603515625],[151.47003173828125,-5.522941589355469],[151.50872802734375,-5.6800537109375],[151.05294799804688,-6.0016937255859375]]]}},{"type":"Feature","properties":{},"geometry":{"type":"Polygon","coordinates":[[[-84.82855224609375,71.27239227294922],[-87.01258087158203,71.0025863647461],[-87.75655364990234,71.1373062133789],[-87.83480834960938,71.26325225830078],[-89.66033172607422,71.30599975585938],[-89.99991607666016,71.45427703857422],[-89.77347564697266,71.76713562011719],[-90.11688995361328,71.9330825805664],[-90.02616882324219,72.06610870361328],[-89.56739044189453,72.17422485351562],[-89.9004135131836,72.19344329833984],[-89.92733001708984,72.42327880859375],[-89.73069763183594,72.62039184570312],[-89.46888732910156,72.6626968383789],[-89.56771850585938,72.79474639892578],[-89.2369155883789,72.78297424316406],[-89.41200256347656,72.83438873291016],[-89.14922332763672,73.18299865722656],[-88.60702514648438,73.28044128417969],[-88.84977722167969,73.33769226074219],[-88.008056640625,73.65094757080078],[-86.55783081054688,73.85724639892578],[-85.2205810546875,73.81961059570312],[-84.8316421508789,73.74372100830078],[-85.92202758789062,73.36544036865234],[-86.74844360351562,72.72624969482422],[-86.2342758178711,72.41596984863281],[-86.45899963378906,72.20549774169922],[-86.35038757324219,71.96524810791016],[-85.48513793945312,71.51983642578125],[-84.91752624511719,71.4231948852539],[-84.82855224609375,71.27239227294922]]]}},{"type":"Feature","properties":{},"geometry":{"type":"Polygon","coordinates":[[[109.45502471923828,18.283775329589844],[108.68460845947266,18.508331298828125],[108.6312255859375,19.268333435058594],[109.30377960205078,19.69080352783203],[109.27586364746094,19.7886962890625],[109.16374969482422,19.711639404296875],[109.25997161865234,19.902915954589844],[109.53500366210938,19.837890625],[109.71080780029297,20.01458740234375],[109.9933090209961,19.89624786376953],[110.37080383300781,20.091217041015625],[110.6125259399414,19.916221618652344],[110.57041931152344,20.094970703125],[110.68499755859375,20.164581298828125],[110.93205261230469,20.018310546875],[111.04203033447266,19.639968872070312],[110.85580444335938,19.522857666015625],[110.79125213623047,19.607498168945312],[110.4117202758789,18.661224365234375],[110.19586181640625,18.617919921875],[110.04747009277344,18.383750915527344],[109.75250244140625,18.404556274414062],[109.7262191772461,18.21416473388672],[109.57247161865234,18.160385131835938],[109.56747436523438,18.258697509765625],[109.4808349609375,18.188720703125],[109.45502471923828,18.283775329589844]]]}},{"type":"Feature","properties":{},"geometry":{"type":"Polygon","coordinates":[[[-96.47280883789062,71.89861297607422],[-97.4852523803711,71.6137466430664],[-98.18241882324219,71.64561462402344],[-98.36397552490234,71.74444580078125],[-98.21986389160156,71.8953628540039],[-98.49730682373047,71.72953033447266],[-98.03736114501953,71.54141998291016],[-98.1784439086914,71.42407989501953],[-98.68961334228516,71.27935791015625],[-99.2138900756836,71.35186004638672],[-99.64744567871094,71.76941680908203],[-100.59880828857422,72.17972564697266],[-100.92044067382812,72.16444396972656],[-101.2103042602539,72.34783172607422],[-101.4504165649414,72.2401351928711],[-101.78155517578125,72.29780578613281],[-101.89986419677734,72.48152923583984],[-102.68624877929688,72.6929702758789],[-102.52130889892578,73.02275085449219],[-102.2284164428711,73.09278106689453],[-101.50438690185547,72.92163848876953],[-101.26744079589844,72.71330261230469],[-100.1657485961914,72.7873306274414],[-100.46424865722656,73.02283477783203],[-100.29183197021484,73.0308609008789],[-100.290771484375,72.90031433105469],[-100.02008056640625,72.94241333007812],[-100.23760986328125,73.14363861083984],[-100.5086669921875,73.08130645751953],[-100.52266693115234,73.23239135742188],[-99.7750244140625,73.21089172363281],[-100.39208221435547,73.40569305419922],[-100.34016418457031,73.32096862792969],[-100.95713806152344,73.27669525146484],[-101.62244415283203,73.49571990966797],[-100.8997802734375,73.60624694824219],[-100.42505645751953,73.40741729736328],[-100.53922271728516,73.60810852050781],[-101.12527465820312,73.73280334472656],[-100.8588638305664,73.84038543701172],[-100.03780364990234,73.76947021484375],[-99.8348617553711,73.88197326660156],[-100.26736450195312,73.91564178466797],[-99.83916473388672,73.94705963134766],[-99.16588592529297,73.68907928466797],[-97.75880432128906,73.9167251586914],[-97.84466552734375,73.86658477783203],[-97.194580078125,73.8578872680664],[-96.95794677734375,73.74849700927734],[-97.17805480957031,73.56261444091797],[-97.70686340332031,73.54044342041016],[-97.19538879394531,73.47563934326172],[-97.16297149658203,73.35900115966797],[-97.67424774169922,73.32069396972656],[-98.48894500732422,73.0090560913086],[-98.41525268554688,72.8725814819336],[-98.05867004394531,73.03438568115234],[-97.28083038330078,72.96941375732422],[-97.41783142089844,72.86602783203125],[-97.00355529785156,72.74183654785156],[-97.172607421875,72.59950256347656],[-96.52210998535156,72.75597381591797],[-96.26983642578125,72.41444396972656],[-96.84805297851562,72.32147216796875],[-96.52716827392578,72.28097534179688],[-96.45597076416016,72.11189270019531],[-96.86016845703125,72.04016876220703],[-96.46416473388672,72.04533386230469],[-96.7398910522461,71.91911315917969],[-96.47280883789062,71.89861297607422]]]}},{"type":"Feature","properties":{},"geometry":{"type":"Polygon","coordinates":[[[53.99749755859375,70.7370834350586],[53.343666076660156,70.86247253417969],[53.74116516113281,70.81666564941406],[53.52869415283203,71.07830810546875],[54.35124969482422,71.125],[53.536224365234375,71.20330810546875],[53.286109924316406,71.43914031982422],[53.501251220703125,71.5433578491211],[53.15486145019531,71.4120864868164],[53.01244354248047,71.51041412353516],[52.95243835449219,71.37544250488281],[52.517364501953125,71.68291473388672],[52.462501525878906,71.46875],[52.280029296875,71.56791687011719],[52.29753112792969,71.462890625],[51.91002655029297,71.45539093017578],[51.60374450683594,71.52916717529297],[51.40618896484375,71.8324966430664],[51.78486633300781,72.14791870117188],[52.441162109375,72.05419158935547],[52.43360900878906,72.274169921875],[52.62858581542969,72.24080657958984],[52.548828125,72.35916900634766],[52.732421875,72.32289123535156],[52.818748474121094,72.42747497558594],[52.69377899169922,72.47413635253906],[52.89738464355469,72.56121826171875],[52.663726806640625,72.62000274658203],[53.658668518066406,72.64167022705078],[52.36363983154297,72.71497344970703],[52.912384033203125,72.91291809082031],[53.61119079589844,72.88916778564453],[53.073638916015625,72.93333435058594],[53.38105773925781,73.01164245605469],[53.1961669921875,73.1500244140625],[53.86247253417969,73.29541778564453],[54.51991271972656,73.27705383300781],[54.45616149902344,73.34416961669922],[54.90486145019531,73.42871856689453],[56.34236145019531,73.23705291748047],[56.51875305175781,73.15086364746094],[55.77119445800781,73.06666564941406],[56.38752746582031,73.04205322265625],[56.27491760253906,72.99461364746094],[55.503807067871094,72.9433364868164],[56.23858642578125,72.95330810546875],[56.094970703125,72.78375244140625],[55.44122314453125,72.8066635131836],[55.90374755859375,72.65499877929688],[55.63130187988281,72.68083190917969],[55.598609924316406,72.52249908447266],[55.08111572265625,72.57746887207031],[55.563751220703125,72.46746826171875],[55.138671875,72.44583129882812],[55.473724365234375,72.43746948242188],[55.30366516113281,72.27749633789062],[55.58880615234375,72.17996978759766],[55.34368896484375,72.07247161865234],[55.443634033203125,71.93583679199219],[55.186195373535156,71.8991928100586],[55.52130126953125,71.88916778564453],[55.70869445800781,71.55750274658203],[56.2286376953125,71.19583129882812],[57.61113739013672,70.7125015258789],[57.41108703613281,70.73416900634766],[57.43244934082031,70.58955383300781],[56.761192321777344,70.67414093017578],[57.32249450683594,70.54458618164062],[56.61000061035156,70.61705780029297],[56.55247497558594,70.73622131347656],[56.22247314453125,70.73869323730469],[56.22369384765625,70.63166809082031],[56.65374755859375,70.56414031982422],[55.80497741699219,70.67461395263672],[56.02002716064453,70.55374908447266],[55.41996765136719,70.73958587646484],[55.30122375488281,70.70166778564453],[55.483612060546875,70.63749694824219],[55.28486633300781,70.68538665771484],[55.164886474609375,70.54621887207031],[54.535003662109375,70.80622100830078],[53.99749755859375,70.7370834350586]]]}},{"type":"Feature","properties":{},"geometry":{"type":"Polygon","coordinates":[[[-125.48336029052734,48.91791534423828],[-125.91380310058594,49.13993835449219],[-125.7308349609375,49.07621765136719],[-125.59874725341797,49.20661163330078],[-125.7874984741211,49.13958740234375],[-125.76752471923828,49.367919921875],[-125.97169494628906,49.227081298828125],[-125.89749908447266,49.4195556640625],[-126.0270004272461,49.321533203125],[-126.03485870361328,49.455055236816406],[-126.21717071533203,49.40080261230469],[-126.29591369628906,49.511749267578125],[-126.2594985961914,49.348052978515625],[-126.40533447265625,49.47425079345703],[-126.54669189453125,49.38221740722656],[-126.568359375,49.57988739013672],[-126.23302459716797,49.65022277832031],[-126.49949645996094,49.68513488769531],[-126.44110870361328,49.79283142089844],[-126.59080505371094,49.69408416748047],[-126.65149688720703,49.898223876953125],[-126.85230255126953,49.97088623046875],[-126.91144561767578,49.868194580078125],[-126.94280242919922,49.986724853515625],[-126.9419174194336,49.859893798828125],[-127.17033386230469,49.869171142578125],[-127.26197052001953,49.96516418457031],[-127.07749938964844,50.024139404296875],[-127.19583129882812,50.022499084472656],[-127.09500122070312,50.14625549316406],[-127.30916595458984,50.193328857421875],[-127.34666442871094,50.019554138183594],[-127.51422119140625,50.12164306640625],[-127.43499755859375,50.18708801269531],[-127.91752624511719,50.114166259765625],[-127.729248046875,50.24082946777344],[-127.8641357421875,50.28997039794922],[-127.72252655029297,50.295806884765625],[-127.97750091552734,50.32499694824219],[-127.93916320800781,50.46417236328125],[-127.5816650390625,50.48955535888672],[-127.43333435058594,50.337921142578125],[-127.6108627319336,50.52583312988281],[-127.41925048828125,50.605804443359375],[-128.01121520996094,50.65313720703125],[-127.55921936035156,50.554168701171875],[-128.00460815429688,50.53886413574219],[-128.04833984375,50.44230651855469],[-128.4323272705078,50.78547668457031],[-127.90335845947266,50.87455749511719],[-126.8683853149414,50.52958679199219],[-125.44505310058594,50.335418701171875],[-125.38916778564453,50.127532958984375],[-124.85961151123047,49.70747375488281],[-124.9796371459961,49.682472229003906],[-124.79005432128906,49.46211242675781],[-123.77166748046875,49.128753662109375],[-123.7580795288086,48.98741149902344],[-123.85800170898438,49.021636962890625],[-123.58799743652344,48.84242248535156],[-123.54808044433594,48.509918212890625],[-123.43841552734375,48.69952392578125],[-123.26555633544922,48.452415466308594],[-123.65428161621094,48.312835693359375],[-125.21871948242188,48.78916931152344],[-124.85710906982422,49.005027770996094],[-124.82669067382812,49.25535583496094],[-124.91413879394531,48.984527587890625],[-125.18669128417969,48.99041748046875],[-125.19747161865234,49.09955596923828],[-125.21260833740234,48.9437255859375],[-125.32213592529297,49.01249694824219],[-125.22195434570312,49.04051208496094],[-125.36091613769531,49.04541778564453],[-125.48336029052734,48.91791534423828]]]}},{"type":"Feature","properties":{},"geometry":{"type":"Polygon","coordinates":[[[124.47419738769531,-10.123779296875],[123.45458221435547,-10.360031127929688],[123.76288604736328,-10.056671142578125],[123.57544708251953,-10.022529602050781],[123.66625213623047,-9.629196166992188],[123.98835754394531,-9.34375],[124.97330474853516,-8.953781127929688],[125.12335968017578,-8.647918701171875],[125.85247039794922,-8.481277465820312],[126.5691909790039,-8.489608764648438],[126.96336364746094,-8.332916259765625],[127.3012466430664,-8.400863647460938],[127.01667022705078,-8.692108154296875],[126.5899429321289,-8.810417175292969],[126.4808349609375,-8.956275939941406],[125.3758316040039,-9.27874755859375],[124.47419738769531,-10.123779296875]]]}},{"type":"Feature","properties":{},"geometry":{"type":"Polygon","coordinates":[[[15.133308410644531,36.66539001464844],[14.495803833007812,36.7862548828125],[14.255805969238281,37.061248779296875],[13.749969482421875,37.14872741699219],[13.164138793945312,37.49455261230469],[12.658332824707031,37.56538391113281],[12.421249389648438,37.79997253417969],[12.488754272460938,38.018333435058594],[12.732475280761719,38.19207763671875],[12.895835876464844,38.025421142578125],[13.314163208007812,38.22627258300781],[13.709999084472656,37.97874450683594],[14.313278198242188,38.00958251953125],[14.914169311523438,38.1937255859375],[15.104164123535156,38.122894287109375],[15.232444763183594,38.272857666015625],[15.650802612304688,38.27125549316406],[15.085418701171875,37.486663818359375],[15.338722229003906,37.00416564941406],[15.114608764648438,36.85166931152344],[15.133308410644531,36.66539001464844]]]}},{"type":"Feature","properties":{},"geometry":{"type":"Polygon","coordinates":[[[-94.04644775390625,71.9895248413086],[-95.1806640625,71.97088623046875],[-95.19022369384766,72.10861206054688],[-94.76097106933594,72.16183471679688],[-95.1600570678711,72.13427734375],[-95.11438751220703,72.46453094482422],[-95.67033386230469,72.8050537109375],[-95.6578598022461,73.11338806152344],[-95.48377990722656,73.1352767944336],[-95.70069122314453,73.68888854980469],[-95.30266571044922,73.77972412109375],[-94.6026382446289,73.67066955566406],[-95.28530883789062,73.87905883789062],[-95.29086303710938,73.9931411743164],[-93.48741912841797,74.1784439086914],[-92.5965805053711,74.11430358886719],[-92.32653045654297,73.9449691772461],[-91.54103088378906,74.03116607666016],[-90.1868896484375,73.91519165039062],[-90.76344299316406,73.55883026123047],[-90.97441864013672,73.55388641357422],[-91.26116943359375,73.26100158691406],[-91.66727447509766,73.2265853881836],[-91.33769226074219,73.20686340332031],[-92.09952545166016,72.74072265625],[-94.29286193847656,72.77413940429688],[-93.75955963134766,72.7485580444336],[-93.45191955566406,72.4411392211914],[-94.22252655029297,72.052001953125],[-94.02894592285156,72.0705795288086],[-94.04644775390625,71.9895248413086]]]}},{"type":"Feature","properties":{},"geometry":{"type":"Polygon","coordinates":[[[8.451225280761719,38.99744415283203],[8.349555969238281,39.07496643066406],[8.483749389648438,39.08330535888672],[8.379585266113281,39.45661163330078],[8.442054748535156,39.758331298828125],[8.562469482421875,39.69288635253906],[8.572860717773438,39.82330322265625],[8.394554138183594,39.907470703125],[8.482940673828125,40.27497100830078],[8.315414428710938,40.60664367675781],[8.150421142578125,40.57910919189453],[8.176223754882812,40.93830871582031],[8.568328857421875,40.832916259765625],[9.230804443359375,41.25958251953125],[9.440834045410156,41.08708190917969],[9.525833129882812,41.15455627441406],[9.503280639648438,41.007080078125],[9.665390014648438,40.99664306640625],[9.498748779296875,40.91749572753906],[9.730392456054688,40.845001220703125],[9.662078857421875,40.788307189941406],[9.83203125,40.52830505371094],[9.625389099121094,40.250831604003906],[9.732887268066406,40.08917236328125],[9.634498596191406,39.29741668701172],[9.52569580078125,39.09449768066406],[9.012443542480469,39.268638610839844],[9.022857666015625,38.98500061035156],[8.8558349609375,38.875389099121094],[8.6383056640625,38.86455535888672],[8.508331298828125,39.085418701171875],[8.451225280761719,38.99744415283203]]]}},{"type":"Feature","properties":{},"geometry":{"type":"Polygon","coordinates":[[[137.9937744140625,74.84503173828125],[136.95489501953125,75.2574691772461],[136.99661254882812,75.35791778564453],[137.4850616455078,75.35336303710938],[137.20152282714844,75.37750244140625],[137.28494262695312,75.619140625],[137.03819274902344,75.59163665771484],[137.1932830810547,75.525390625],[136.98828125,75.58499908447266],[137.24143981933594,75.75917053222656],[137.7481689453125,75.73999786376953],[137.49481201171875,75.75080871582031],[137.53152465820312,75.95244598388672],[138.52992248535156,76.15625],[138.56321716308594,76.02786254882812],[138.78318786621094,76.20205688476562],[139.1833038330078,76.21038818359375],[139.27169799804688,76.07997131347656],[140.0017852783203,75.94833374023438],[139.8448028564453,75.8741683959961],[140.54510498046875,75.77163696289062],[140.57000732421875,75.59539031982422],[141.16143798828125,75.6374740600586],[140.89825439453125,75.74666595458984],[141.02169799804688,76.02999877929688],[141.73822021484375,75.99749755859375],[141.37997436523438,76.1762466430664],[142.7298583984375,75.82955932617188],[143.8699188232422,75.82624816894531],[145.40835571289062,75.49160766601562],[144.88827514648438,75.46666717529297],[144.9749755859375,75.26830291748047],[144.3900604248047,75.04452514648438],[143.4031982421875,75.04374694824219],[142.52810668945312,75.33833312988281],[143.06161499023438,75.65750122070312],[142.4032745361328,75.73371887207031],[142.00494384765625,75.6624755859375],[142.2949676513672,75.64250183105469],[141.9917449951172,75.61833190917969],[142.19827270507812,75.59083557128906],[142.2582550048828,75.2883071899414],[142.74664306640625,75.069580078125],[143.58985900878906,75.00372314453125],[143.58738708496094,74.8937759399414],[142.41494750976562,74.79955291748047],[141.8687286376953,74.94583129882812],[142.387451171875,74.91455841064453],[142.24838256835938,75.01000213623047],[141.87661743164062,75.00458526611328],[139.9948272705078,74.79286193847656],[139.71743774414062,74.995361328125],[139.4738311767578,74.92082977294922],[139.69639587402344,74.8499755859375],[139.16746520996094,74.6320571899414],[137.9937744140625,74.84503173828125]]]}},{"type":"Feature","properties":{},"geometry":{"type":"Polygon","coordinates":[[[132.99868774414062,32.983306884765625],[133.02163696289062,32.72206115722656],[132.6308135986328,32.76122283935547],[132.71958923339844,32.9266357421875],[132.49163818359375,32.89703369140625],[132.48291015625,33.04750061035156],[132.37710571289062,33.02333068847656],[132.50457763671875,33.121612548828125],[132.39328002929688,33.20625305175781],[132.5596160888672,33.22163391113281],[132.370361328125,33.31913757324219],[132.42291259765625,33.46330261230469],[132.01788330078125,33.34666442871094],[132.6524658203125,33.697052001953125],[132.94000244140625,34.14378356933594],[133.13169860839844,33.91041564941406],[133.54417419433594,33.98625183105469],[133.64874267578125,34.1300048828125],[133.55535888671875,34.26246643066406],[133.6883544921875,34.215362548828125],[133.89500427246094,34.383750915527344],[134.58914184570312,34.24041748046875],[134.5303955078125,34.10247039794922],[134.70460510253906,33.932472229003906],[134.62869262695312,33.850830078125],[134.7503662109375,33.834999084472656],[134.31243896484375,33.577110290527344],[134.17752075195312,33.24455261230469],[133.91494750976562,33.496246337890625],[133.57496643066406,33.49542236328125],[133.29122924804688,33.40583801269531],[133.22457885742188,33.154144287109375],[132.99868774414062,32.983306884765625]]]}},{"type":"Feature","properties":{},"geometry":{"type":"Polygon","coordinates":[[[127.882080078125,0.02500152587890625],[128.44332885742188,-0.9137496948242188],[128.01663208007812,-0.6937789916992188],[127.6570816040039,-0.22252655029296875],[127.72955322265625,0.30997467041015625],[127.52371978759766,0.5558319091796875],[127.63541412353516,0.8525009155273438],[127.39541625976562,1.0449447631835938],[127.56708526611328,1.7549972534179688],[127.94999694824219,2.227081298828125],[128.06625366210938,2.1724700927734375],[127.83625030517578,1.8541641235351562],[128.02127075195312,1.7024688720703125],[128.01622009277344,1.3108367919921875],[127.62960815429688,0.9174423217773438],[127.875,0.8204193115234375],[127.9762191772461,1.0832748413085938],[128.19454956054688,1.1699752807617188],[128.08705139160156,1.25250244140625],[128.1883544921875,1.3853912353515625],[128.72000122070312,1.5787811279296875],[128.700439453125,1.0666656494140625],[128.188720703125,0.7874984741210938],[128.67913818359375,0.5595550537109375],[128.668701171875,0.3407745361328125],[128.91871643066406,0.20163726806640625],[127.92414093017578,0.46125030517578125],[127.882080078125,0.02500152587890625]]]}},{"type":"Feature","properties":{},"geometry":{"type":"Polygon","coordinates":[[[127.83039093017578,-3.1566696166992188],[128.16668701171875,-2.8487777709960938],[129.04086303710938,-2.7879409790039062],[129.12503051757812,-2.9637527465820312],[129.52577209472656,-2.7687759399414062],[130.01585388183594,-3.0020828247070312],[130.33583068847656,-2.96875],[130.59213256835938,-3.1433639526367188],[130.66085815429688,-3.3995819091796875],[130.83041381835938,-3.450836181640625],[130.85044860839844,-3.8633575439453125],[130.00582885742188,-3.485443115234375],[129.9066619873047,-3.3296127319335938],[129.51666259765625,-3.2912521362304688],[129.52667236328125,-3.4654693603515625],[128.93077087402344,-3.3462753295898438],[128.88580322265625,-3.1963043212890625],[128.6683349609375,-3.4312515258789062],[128.4491729736328,-3.4521102905273438],[128.2649688720703,-3.197113037109375],[128.17288208007812,-3.2275543212890625],[128.17752075195312,-3.0562515258789062],[127.91000366210938,-3.56622314453125],[127.83039093017578,-3.1566696166992188]]]}},{"type":"Feature","properties":{},"geometry":{"type":"Polygon","coordinates":[[[167.0,-22.343170166015625],[166.7383270263672,-22.388778686523438],[166.494140625,-22.227081298828125],[166.4324951171875,-22.308746337890625],[166.42333984375,-22.17041778564453],[166.11207580566406,-22.09166717529297],[166.0633544921875,-21.89044189453125],[165.9981689453125,-21.971275329589844],[165.74652099609375,-21.728805541992188],[165.2782440185547,-21.5745849609375],[165.11166381835938,-21.35791778564453],[164.94419860839844,-21.361282348632812],[164.7962188720703,-21.06085968017578],[164.3687744140625,-20.768356323242188],[164.1558837890625,-20.316253662109375],[163.99624633789062,-20.25177764892578],[163.99783325195312,-20.079940795898438],[164.25,-20.292083740234375],[164.5124969482422,-20.30877685546875],[164.93496704101562,-20.70294189453125],[165.24249267578125,-20.777084350585938],[165.62493896484375,-21.273773193359375],[166.92919921875,-22.08625030517578],[167.0,-22.343170166015625]]]}},{"type":"Feature","properties":{},"geometry":{"type":"Polygon","coordinates":[[[-99.40744018554688,74.9901351928711],[-100.36697387695312,75.02458190917969],[-100.54119110107422,75.19802856445312],[-99.96541595458984,75.24008178710938],[-100.77928161621094,75.35505676269531],[-99.65902709960938,75.51080322265625],[-100.30024719238281,75.52266693115234],[-99.80302429199219,75.54547119140625],[-100.03819274902344,75.55669403076172],[-99.62989044189453,75.6913070678711],[-102.60433197021484,75.49991607666016],[-102.86033630371094,75.62886047363281],[-102.04374694824219,75.6991958618164],[-102.35649871826172,75.78121948242188],[-102.1541976928711,75.88233184814453],[-101.29350280761719,75.74888610839844],[-100.91741943359375,75.81266784667969],[-101.3602523803711,75.77705383300781],[-101.61044311523438,75.92727661132812],[-101.28878021240234,76.01061248779297],[-101.90985870361328,76.070556640625],[-101.35391998291016,76.25113677978516],[-102.17082977294922,76.23572540283203],[-101.89672088623047,76.44774627685547],[-101.28752899169922,76.41677856445312],[-101.13153076171875,76.24097442626953],[-100.60580444335938,76.1385269165039],[-100.7030029296875,76.08983612060547],[-100.37205505371094,76.1187515258789],[-100.59789276123047,76.07919311523438],[-99.91380310058594,75.87342071533203],[-99.45527648925781,75.96849822998047],[-99.87921905517578,75.94058227539062],[-100.23419189453125,76.1316146850586],[-99.41058349609375,76.15991973876953],[-100.44022369384766,76.21780395507812],[-99.82508087158203,76.28158569335938],[-100.98505401611328,76.50316619873047],[-99.65780639648438,76.63202667236328],[-99.0562515258789,76.39197540283203],[-99.12699890136719,76.46019744873047],[-98.83171844482422,76.43157958984375],[-99.06900024414062,76.57772064208984],[-98.55596923828125,76.58427429199219],[-98.45092010498047,76.65458679199219],[-98.86502838134766,76.67050170898438],[-98.492919921875,76.68472290039062],[-97.66510772705078,76.48764038085938],[-97.54755401611328,75.87000274658203],[-97.93560791015625,75.73419189453125],[-97.37202453613281,75.69027709960938],[-97.26327514648438,75.39808654785156],[-97.70172119140625,75.56819152832031],[-97.73872375488281,75.46138763427734],[-98.06324768066406,75.49224853515625],[-97.7861099243164,75.43049621582031],[-98.13336181640625,75.3068618774414],[-97.88391876220703,75.32688903808594],[-98.00830841064453,75.28138732910156],[-97.55867004394531,75.15802764892578],[-97.84564208984375,75.10874938964844],[-98.07308197021484,75.22602844238281],[-97.97313690185547,75.0238037109375],[-99.34547424316406,74.9878921508789],[-99.3369140625,75.08333587646484],[-99.40744018554688,74.9901351928711]]]}},{"type":"Feature","properties":{},"geometry":{"type":"Polygon","coordinates":[[[-117.0,77.43869018554688],[-116.3995590209961,77.5593032836914],[-115.35099792480469,77.31419372558594],[-116.39722442626953,77.15352630615234],[-115.71282958984375,76.94852447509766],[-116.36861419677734,76.93516540527344],[-115.866943359375,76.69847106933594],[-117.03780364990234,76.54558563232422],[-117.06838989257812,76.30633544921875],[-117.52302551269531,76.27444458007812],[-118.05535888671875,76.41366577148438],[-117.8385009765625,76.82930755615234],[-118.46186065673828,76.72605895996094],[-118.31744384765625,76.55883026123047],[-118.92516326904297,76.52635955810547],[-118.5376968383789,76.33580780029297],[-118.94894409179688,76.27224731445312],[-119.04521942138672,76.09210968017578],[-119.45491790771484,76.35055541992188],[-119.7056655883789,76.34700012207031],[-119.53236389160156,76.12117004394531],[-119.81852722167969,76.11219024658203],[-119.46941375732422,76.01074981689453],[-119.75824737548828,75.87635803222656],[-120.46363830566406,75.82994079589844],[-120.38277435302734,75.97330474853516],[-120.66114044189453,76.00605773925781],[-120.85405731201172,76.21333312988281],[-120.92047119140625,75.9520263671875],[-121.28514099121094,75.90691375732422],[-121.85285949707031,76.04894256591797],[-122.58135986328125,75.93861389160156],[-122.70852661132812,76.01930236816406],[-122.4419174194336,76.11688995361328],[-122.72660827636719,76.11861419677734],[-122.49674987792969,76.15450286865234],[-123.02877807617188,76.08899688720703],[-122.32083129882812,76.42158508300781],[-121.49036407470703,76.44697570800781],[-121.20094299316406,76.69061279296875],[-120.37410736083984,76.80738830566406],[-119.21333312988281,77.31130981445312],[-117.86763763427734,77.39167022705078],[-116.98760986328125,77.29474639892578],[-117.1493911743164,77.36555480957031],[-116.60600280761719,77.3911361694336],[-117.0,77.43869018554688]]]}},{"type":"Feature","properties":{},"geometry":{"type":"Polygon","coordinates":[[[116.99958038330078,-9.095085144042969],[116.72955322265625,-9.010025024414062],[116.8245849609375,-8.819190979003906],[116.7479476928711,-8.65753173828125],[117.11669158935547,-8.366279602050781],[117.39502716064453,-8.47711181640625],[117.56747436523438,-8.409584045410156],[117.586669921875,-8.511276245117188],[117.60913848876953,-8.429580688476562],[117.80750274658203,-8.729583740234375],[118.27458190917969,-8.655891418457031],[117.6895523071289,-8.2366943359375],[117.9258041381836,-8.081275939941406],[118.14252471923828,-8.1370849609375],[118.27586364746094,-8.369613647460938],[118.45999908447266,-8.250473022460938],[118.64252471923828,-8.295387268066406],[118.65249633789062,-8.547920227050781],[118.7582778930664,-8.312942504882812],[118.9949722290039,-8.310440063476562],[119.03205871582031,-8.647552490234375],[119.1969985961914,-8.610885620117188],[119.14002990722656,-8.757972717285156],[118.68374633789062,-8.75],[118.92913818359375,-8.842918395996094],[118.4566650390625,-8.886276245117188],[118.40291595458984,-8.675804138183594],[118.12833404541016,-8.882942199707031],[116.99958038330078,-9.095085144042969]]]}},{"type":"Feature","properties":{},"geometry":{"type":"Polygon","coordinates":[[[96.89655303955078,78.9870834350586],[94.66822052001953,79.09750366210938],[94.3816909790039,79.4566421508789],[93.70508575439453,79.461669921875],[93.88655853271484,79.62786102294922],[93.44327545166016,79.44791412353516],[92.86150360107422,79.5574722290039],[94.6866683959961,79.79205322265625],[94.29830932617188,79.97416687011719],[95.00505828857422,80.11125183105469],[95.31478118896484,80.03622436523438],[97.67986297607422,80.16625213623047],[98.15252685546875,80.04080963134766],[97.663330078125,79.84541320800781],[98.46321868896484,79.80455780029297],[98.77508544921875,80.07202911376953],[99.34757995605469,80.03913879394531],[99.142333984375,80.01164245605469],[100.11157989501953,79.80322265625],[99.83161163330078,79.26164245605469],[99.17816925048828,79.27333068847656],[99.95488739013672,79.05916595458984],[100.00482940673828,78.90916442871094],[99.54328155517578,78.7945556640625],[98.43653106689453,78.75372314453125],[97.53311157226562,78.80371856689453],[96.89655303955078,78.9870834350586]]]}},{"type":"Feature","properties":{},"geometry":{"type":"Polygon","coordinates":[[[26.817527770996094,80.15083312988281],[26.996665954589844,79.86038970947266],[25.731414794921875,79.62083435058594],[25.75994873046875,79.43294525146484],[23.656639099121094,79.1812515258789],[22.819747924804688,79.23369598388672],[22.839805603027344,79.370361328125],[20.970054626464844,79.3445816040039],[19.683364868164062,79.60869598388672],[21.116722106933594,79.52791595458984],[20.461532592773438,79.66497039794922],[21.520004272460938,79.68458557128906],[21.711669921875,79.80252838134766],[18.74658203125,79.71121978759766],[18.09503173828125,79.90166473388672],[18.92749786376953,80.0433578491211],[17.737640380859375,80.1258316040039],[19.569915771484375,80.13619232177734],[18.992660522460938,80.33335876464844],[19.81224822998047,80.20410919189453],[19.624893188476562,80.50541687011719],[20.407333374023438,80.40496826171875],[20.859771728515625,80.19628143310547],[21.8221435546875,80.26083374023438],[21.6024169921875,80.11000061035156],[22.077247619628906,80.10997009277344],[22.260025024414062,79.97122192382812],[22.32733154296875,80.39663696289062],[22.764747619628906,80.31124877929688],[22.7947998046875,80.50455474853516],[23.33258056640625,80.42082977294922],[23.074722290039062,80.10372161865234],[23.64752197265625,80.12163543701172],[23.739837646484375,80.27872467041016],[24.3524169921875,80.26921844482422],[24.12474822998047,80.34711456298828],[24.592330932617188,80.31419372558594],[24.4298095703125,80.2437744140625],[24.830169677734375,80.34627532958984],[24.772613525390625,80.24166870117188],[26.817527770996094,80.15083312988281]]]}},{"type":"Feature","properties":{},"geometry":{"type":"Polygon","coordinates":[[[123.0,-8.337921142578125],[122.78874969482422,-8.424163818359375],[122.8233642578125,-8.602142333984375],[121.65080261230469,-8.913780212402344],[121.38417053222656,-8.801277160644531],[121.30500030517578,-8.928779602050781],[120.9875259399414,-8.960472106933594],[120.82333374023438,-8.822113037109375],[120.13666534423828,-8.765419006347656],[119.92327880859375,-8.872108459472656],[119.80033111572266,-8.738388061523438],[119.8582534790039,-8.427947998046875],[120.11582946777344,-8.434585571289062],[120.42330932617188,-8.228775024414062],[121.5058364868164,-8.623779296875],[121.61582946777344,-8.470413208007812],[122.01333618164062,-8.430442810058594],[122.23413848876953,-8.62628173828125],[122.47166442871094,-8.607887268066406],[122.48750305175781,-8.470413208007812],[122.89707946777344,-8.27752685546875],[122.8941650390625,-8.17791748046875],[122.73130798339844,-8.226669311523438],[122.86582946777344,-8.068778991699219],[123.0,-8.337921142578125]]]}},{"type":"Feature","properties":{},"geometry":{"type":"Polygon","coordinates":[[[-96.54194641113281,68.45166778564453],[-99.22222137451172,68.97613525390625],[-99.02008056640625,68.87297058105469],[-99.1667251586914,68.82819366455078],[-99.4066390991211,68.89641571044922],[-99.50541687011719,69.09053039550781],[-99.26205444335938,69.16605377197266],[-99.1727523803711,69.05955505371094],[-99.2219467163086,69.15283203125],[-98.35214233398438,69.30408477783203],[-98.5868911743164,69.4469985961914],[-98.38075256347656,69.4516372680664],[-98.53069305419922,69.59327697753906],[-97.97066497802734,69.43621826171875],[-98.34227752685547,69.61257934570312],[-97.95935821533203,69.904052734375],[-97.3804702758789,69.75599670410156],[-97.37652587890625,69.57807922363281],[-97.25677490234375,69.70800018310547],[-96.26019287109375,69.34850311279297],[-96.15613555908203,69.04105377197266],[-95.98902893066406,69.22552490234375],[-95.8260269165039,68.88253021240234],[-95.1554183959961,68.87055969238281],[-95.5185546875,68.67483520507812],[-95.5290298461914,68.76483154296875],[-95.75475311279297,68.75939178466797],[-95.82978057861328,68.60502624511719],[-96.54194641113281,68.45166778564453]]]}},{"type":"Feature","properties":{},"geometry":{"type":"Polygon","coordinates":[[[123.56541442871094,10.795829772949219],[123.1137466430664,9.547447204589844],[123.31124877929688,9.302497863769531],[123.20169067382812,9.096221923828125],[123.0124740600586,9.040390014648438],[122.85124969482422,9.349166870117188],[122.47875213623047,9.565834045410156],[122.37541961669922,9.839164733886719],[122.45169067382812,9.979530334472656],[122.85205841064453,10.074974060058594],[122.79291534423828,10.522529602050781],[122.9620590209961,10.8941650390625],[123.19416809082031,11.004531860351562],[123.50917053222656,10.937080383300781],[123.56541442871094,10.795829772949219]]]}},{"type":"Feature","properties":{},"geometry":{"type":"Polygon","coordinates":[[[125.0,11.268722534179688],[124.99539184570312,11.433303833007812],[124.81625366210938,11.51580810546875],[125.04291534423828,11.751640319824219],[124.88417053222656,11.753753662109375],[124.38705444335938,12.197502136230469],[124.27913665771484,12.584579467773438],[124.64252471923828,12.50372314453125],[125.14497375488281,12.585418701171875],[125.3387222290039,12.408332824707031],[125.29125213623047,12.29327392578125],[125.5129165649414,12.195808410644531],[125.4312515258789,11.606636047363281],[125.6312255859375,11.359169006347656],[125.53289031982422,11.197471618652344],[125.66002655029297,11.202919006347656],[125.75875091552734,11.019142150878906],[125.65750122070312,11.143722534179688],[125.23169708251953,11.087059020996094],[125.12833404541016,11.296249389648438],[125.0,11.268722534179688]]]}},{"type":"Feature","properties":{},"geometry":{"type":"Polygon","coordinates":[[[138.5042266845703,-8.359611511230469],[137.61538696289062,-8.388389587402344],[138.16744995117188,-7.533775329589844],[138.66993713378906,-7.373748779296875],[139.08741760253906,-7.597869873046875],[138.955810546875,-8.051254272460938],[138.5042266845703,-8.359611511230469]]]}},{"type":"Feature","properties":{},"geometry":{"type":"Polygon","coordinates":[[[106.59955596923828,-2.8608322143554688],[106.739501953125,-3.0860595703125],[106.51188659667969,-3.1149444580078125],[106.41913604736328,-2.9720840454101562],[105.94667053222656,-2.8095855712890625],[105.7582778930664,-2.139556884765625],[105.12911224365234,-2.0871353149414062],[105.11955261230469,-1.9583358764648438],[105.41627502441406,-1.7758331298828125],[105.34163665771484,-1.6471099853515625],[105.600830078125,-1.528778076171875],[105.71955871582031,-1.6449966430664062],[105.65213775634766,-1.7491683959960938],[105.8074722290039,-1.8138046264648438],[105.69914245605469,-1.526275634765625],[106.04374694824219,-1.6000289916992188],[106.29122161865234,-2.4150009155273438],[106.8445816040039,-2.5725021362304688],[106.59955596923828,-2.8608322143554688]]]}},{"type":"Feature","properties":{},"geometry":{"type":"Polygon","coordinates":[[[117.99996948242188,8.883720397949219],[117.17377471923828,8.34246826171875],[117.626220703125,9.049140930175781],[118.0695571899414,9.288307189941406],[118.76080322265625,10.135414123535156],[118.8086929321289,10.034194946289062],[118.9949722290039,10.418724060058594],[119.2570571899414,10.488304138183594],[119.34371948242188,10.735000610351562],[119.21910858154297,10.9554443359375],[119.47205352783203,10.726669311523438],[119.3012466430664,11.009170532226562],[119.32330322265625,11.107940673828125],[119.41458129882812,11.039169311523438],[119.5008316040039,11.418777465820312],[119.5687484741211,11.007499694824219],[119.48452758789062,10.880805969238281],[119.71710968017578,10.51080322265625],[119.29080963134766,10.287887573242188],[119.20083618164062,10.053726196289062],[118.7508316040039,9.928726196289062],[118.75538635253906,9.666694641113281],[118.53619384765625,9.354995727539062],[118.12413787841797,9.146247863769531],[117.99996948242188,8.883720397949219]]]}},{"type":"Feature","properties":{},"geometry":{"type":"Polygon","coordinates":[[[122.20330810546875,10.637054443359375],[121.9070816040039,10.447525024414062],[121.9203872680664,10.764190673828125],[122.09874725341797,11.703330993652344],[121.84333038330078,11.762054443359375],[121.8832778930664,11.902084350585938],[122.37830352783203,11.739555358886719],[122.5749740600586,11.50372314453125],[122.8266372680664,11.612052917480469],[122.9312515258789,11.516670227050781],[122.86746978759766,11.421249389648438],[123.15210723876953,11.5999755859375],[123.12708282470703,11.171638488769531],[122.72000122070312,10.951225280761719],[122.73705291748047,10.7957763671875],[122.57913970947266,10.687858581542969],[122.20330810546875,10.637054443359375]]]}},{"type":"Feature","properties":{},"geometry":{"type":"Polygon","coordinates":[[[-99.0,77.90467071533203],[-100.27022552490234,77.81561279296875],[-101.0155029296875,78.19635772705078],[-102.61127471923828,78.2425308227539],[-102.77444458007812,78.39646911621094],[-104.43608093261719,78.266357421875],[-104.96683502197266,78.52972412109375],[-103.54486083984375,78.49705505371094],[-103.38330841064453,78.61885833740234],[-104.02967071533203,78.6294174194336],[-103.29902648925781,78.73497009277344],[-104.19589233398438,78.76988983154297],[-103.8248062133789,78.89824676513672],[-104.10472106933594,78.9822769165039],[-104.98625183105469,78.7967529296875],[-104.6850814819336,79.025390625],[-105.60935974121094,79.03136444091797],[-105.45169067382812,79.33672332763672],[-103.72577667236328,79.36405944824219],[-102.86213684082031,79.2347183227539],[-102.56202697753906,78.867919921875],[-102.38241577148438,79.0179443359375],[-101.85444641113281,79.08997344970703],[-100.96177673339844,78.9403305053711],[-101.20114135742188,78.8042221069336],[-100.35655975341797,78.83430480957031],[-99.8746109008789,78.70314025878906],[-100.03775024414062,78.63533020019531],[-99.48088836669922,78.58699798583984],[-99.79755401611328,78.30535888671875],[-98.91583251953125,78.064697265625],[-99.0,77.90467071533203]]]}},{"type":"Feature","properties":{},"geometry":{"type":"Polygon","coordinates":[[[101.54322052001953,78.21880340576172],[99.58655548095703,77.9195556640625],[99.3781967163086,78.02080535888672],[100.58474731445312,78.60247039794922],[100.32483673095703,78.61580657958984],[100.63483428955078,78.7874755859375],[101.23194122314453,78.73844146728516],[100.8048324584961,78.84249877929688],[100.99827575683594,78.99835968017578],[101.62847137451172,78.9576644897461],[101.06169128417969,79.04003143310547],[101.83660888671875,79.35708618164062],[102.31986236572266,79.1812515258789],[102.47624969482422,79.41449737548828],[103.19483184814453,79.28827667236328],[102.46778106689453,78.81241607666016],[102.7979965209961,78.82994079589844],[102.99461364746094,79.04582977294922],[103.88655853271484,79.1703872680664],[104.68305969238281,78.75277709960938],[104.96646881103516,78.85194396972656],[105.31519317626953,78.79158020019531],[105.4713363647461,78.49241638183594],[104.88314056396484,78.2911376953125],[102.86344146728516,78.12789154052734],[101.54322052001953,78.21880340576172]]]}},{"type":"Feature","properties":{},"geometry":{"type":"Polygon","coordinates":[[[-79.99555969238281,72.86560821533203],[-80.14833068847656,73.23119354248047],[-80.88036346435547,73.3368911743164],[-80.86174774169922,73.47908020019531],[-80.67461395263672,73.48416900634766],[-80.87464141845703,73.55052947998047],[-80.8121109008789,73.75430297851562],[-77.40980529785156,73.55358123779297],[-76.70469665527344,73.32599639892578],[-76.60152435302734,73.14064025878906],[-76.24983215332031,73.09300231933594],[-76.3219985961914,72.97472381591797],[-76.05438995361328,72.86111450195312],[-78.22049713134766,72.90105438232422],[-79.33555603027344,72.73855590820312],[-79.99555969238281,72.86560821533203]]]}},{"type":"Feature","properties":{},"geometry":{"type":"Polygon","coordinates":[[[-77.0,17.84375],[-77.13253021240234,17.89208221435547],[-77.17669677734375,17.70538330078125],[-77.41339111328125,17.864608764648438],[-77.74002838134766,17.853744506835938],[-78.05752563476562,18.20538330078125],[-78.3558578491211,18.23955535888672],[-78.34547424316406,18.357467651367188],[-77.85169219970703,18.52544403076172],[-76.89836120605469,18.412948608398438],[-76.33836364746094,18.156219482421875],[-76.18458557128906,17.916671752929688],[-76.53083038330078,17.849578857421875],[-76.84416961669922,17.999557495117188],[-77.0,17.84375]]]}},{"type":"Feature","properties":{},"geometry":{"type":"Polygon","coordinates":[[[120.1624984741211,-10.239585876464844],[119.6633071899414,-9.77630615234375],[119.09583282470703,-9.714614868164062],[118.9445571899414,-9.515029907226562],[119.2941665649414,-9.356307983398438],[119.80330657958984,-9.394638061523438],[119.94164276123047,-9.274612426757812],[120.2508316040039,-9.646308898925781],[120.45833587646484,-9.629585266113281],[120.82624816894531,-10.029190063476562],[120.45246887207031,-10.317947387695312],[120.1624984741211,-10.239585876464844]]]}},{"type":"Feature","properties":{},"geometry":{"type":"Polygon","coordinates":[[[-59.84630584716797,45.99833679199219],[-60.42253112792969,45.642059326171875],[-61.29252624511719,45.547889709472656],[-61.554473876953125,46.04005432128906],[-60.61830139160156,47.03302764892578],[-60.413307189941406,47.039276123046875],[-60.5155029296875,46.9046630859375],[-60.3074951171875,46.86253356933594],[-60.35028076171875,46.61408233642578],[-60.621002197265625,46.206939697265625],[-60.414947509765625,46.2933349609375],[-60.901222229003906,46.085777282714844],[-60.991302490234375,45.99583435058594],[-60.750335693359375,46.075775146484375],[-60.80207824707031,45.959999084472656],[-61.0,45.92872619628906],[-60.911224365234375,45.86830139160156],[-61.163726806640625,45.71080780029297],[-60.740081787109375,45.688720703125],[-60.73919677734375,45.799583435058594],[-60.37567138671875,46.02227783203125],[-60.79624938964844,45.95832824707031],[-60.31919860839844,46.210777282714844],[-60.6658935546875,46.0721435546875],[-60.291412353515625,46.34233093261719],[-60.20319366455078,46.24993896484375],[-60.310890197753906,46.148582458496094],[-60.12513732910156,46.268310546875],[-59.817138671875,46.18241882324219],[-59.96739196777344,46.03572082519531],[-59.84630584716797,45.99833679199219]]]}},{"type":"Feature","properties":{},"geometry":{"type":"Polygon","coordinates":[[[178.5928955078125,-17.645004272460938],[178.57418823242188,-18.150421142578125],[177.89833068847656,-18.277114868164062],[177.34413146972656,-18.123779296875],[177.24624633789062,-17.958358764648438],[177.52163696289062,-17.507080078125],[178.1832733154297,-17.310440063476562],[178.25503540039062,-17.483779907226562],[178.5928955078125,-17.645004272460938]]]}},{"type":"Feature","properties":{},"geometry":{"type":"Polygon","coordinates":[[[-155.6753387451172,18.913055419921875],[-155.9109649658203,19.0850830078125],[-155.8893280029297,19.34649658203125],[-156.06460571289062,19.729637145996094],[-155.83116149902344,19.983665466308594],[-155.8533935546875,20.272781372070312],[-155.21014404296875,19.974998474121094],[-154.80575561523438,19.519134521484375],[-155.5056610107422,19.136611938476562],[-155.6753387451172,18.913055419921875]]]}},{"type":"Feature","properties":{},"geometry":{"type":"Polygon","coordinates":[[[120.76041412353516,12.99664306640625],[120.4574966430664,13.418746948242188],[120.3062515258789,13.423309326171875],[120.34416961669922,13.507919311523438],[120.99082946777344,13.524559020996094],[121.55622100830078,13.122474670410156],[121.47455596923828,12.773307800292969],[121.55622100830078,12.606666564941406],[121.3941650390625,12.287078857421875],[121.11042022705078,12.248306274414062],[120.7929458618164,12.727447509765625],[120.76041412353516,12.99664306640625]]]}},{"type":"Feature","properties":{},"geometry":{"type":"Polygon","coordinates":[[[-75.12958526611328,68.23855590820312],[-75.04230499267578,67.59764099121094],[-75.38102722167969,67.35289001464844],[-75.91899871826172,67.24591827392578],[-76.98905944824219,67.24569702148438],[-77.27972412109375,67.73178100585938],[-76.67285919189453,68.25444030761719],[-75.8939437866211,68.34527587890625],[-75.12958526611328,68.23855590820312]]]}},{"type":"Feature","properties":{},"geometry":{"type":"Polygon","coordinates":[[[-154.1383819580078,56.99949645996094],[-153.97799682617188,57.12152862548828],[-154.4809112548828,57.11750030517578],[-154.10983276367188,57.11308288574219],[-154.31027221679688,56.84416198730469],[-154.27516174316406,56.95594787597656],[-154.5242156982422,56.99424743652344],[-154.58424377441406,57.25164031982422],[-154.794189453125,57.28913879394531],[-154.51675415039062,57.57958221435547],[-154.0283966064453,57.65460968017578],[-153.97021484375,57.56041717529297],[-154.10252380371094,57.52667236328125],[-153.93202209472656,57.53705596923828],[-153.63377380371094,57.27427673339844],[-153.85032653808594,57.57600402832031],[-153.67849731445312,57.534889221191406],[-153.88031005859375,57.64213562011719],[-153.5663299560547,57.60008239746094],[-153.90835571289062,57.701446533203125],[-153.8521728515625,57.87168884277344],[-153.62002563476562,57.88227844238281],[-153.50196838378906,57.62550354003906],[-153.49342346191406,57.77605438232422],[-153.3130340576172,57.718528747558594],[-153.47874450683594,57.8441162109375],[-153.0437469482422,57.819557189941406],[-153.29571533203125,57.99913787841797],[-152.7342987060547,57.81758117675781],[-152.6157989501953,57.924278259277344],[-152.3203582763672,57.83111572265625],[-152.568603515625,57.702362060546875],[-152.39324951171875,57.68824768066406],[-152.45506286621094,57.59588623046875],[-152.1538543701172,57.6219482421875],[-152.32760620117188,57.426025390625],[-152.9532470703125,57.52141571044922],[-153.04974365234375,57.43072509765625],[-152.60000610351562,57.388916015625],[-152.81460571289062,57.26244354248047],[-153.156494140625,57.35997009277344],[-152.9453887939453,57.24944305419922],[-153.54263305664062,57.177947998046875],[-153.49411010742188,57.066749572753906],[-153.70880126953125,57.06758117675781],[-153.55377197265625,56.9705810546875],[-153.97177124023438,56.74494934082031],[-154.14642333984375,56.75071716308594],[-153.7581329345703,56.99510955810547],[-153.97055053710938,56.95941162109375],[-153.73849487304688,57.139305114746094],[-154.1383819580078,56.99949645996094]]]}},{"type":"Feature","properties":{},"geometry":{"type":"Polygon","coordinates":[[[32.998199462890625,34.56785583496094],[32.40074920654297,34.75288391113281],[32.282501220703125,35.10541534423828],[32.85160827636719,35.147918701171875],[32.919944763183594,35.40455627441406],[33.64672088623047,35.35871887207031],[34.59416198730469,35.69708251953125],[33.90631103515625,35.258277893066406],[34.089141845703125,34.954612731933594],[33.68489074707031,34.97444152832031],[33.60322570800781,34.81444549560547],[33.06988525390625,34.68780517578125],[32.998199462890625,34.56785583496094]]]}},{"type":"Feature","properties":{},"geometry":{"type":"Polygon","coordinates":[[[-132.0005340576172,52.88041687011719],[-131.65756225585938,52.80833435058594],[-131.88421630859375,52.75917053222656],[-131.0449981689453,52.162078857421875],[-131.1933135986328,52.118751525878906],[-131.2899932861328,52.237060546875],[-131.2659149169922,52.11830139160156],[-131.5775604248047,52.34333801269531],[-131.517578125,52.4124755859375],[-132.1082000732422,52.72633361816406],[-131.9199676513672,52.712890625],[-131.9725799560547,52.79502868652344],[-132.0861358642578,52.85850524902344],[-132.1136932373047,52.740753173828125],[-132.3586883544922,52.94474792480469],[-132.11224365234375,52.98847198486328],[-132.58255004882812,53.0816650390625],[-132.35589599609375,53.14580535888672],[-132.59259033203125,53.19244384765625],[-132.50672912597656,53.28289031982422],[-132.7225341796875,53.25331115722656],[-132.5583953857422,53.33038330078125],[-132.77085876464844,53.32661437988281],[-132.42086791992188,53.336639404296875],[-132.9941864013672,53.562469482421875],[-132.8191680908203,53.60166931152344],[-133.1266632080078,53.776695251464844],[-133.08969116210938,54.18333435058594],[-132.58583068847656,54.12077331542969],[-132.67335510253906,53.94538879394531],[-132.43496704101562,54.101226806640625],[-132.18020629882812,54.01725769042969],[-132.1564483642578,53.849761962890625],[-132.67425537109375,53.67913818359375],[-132.35418701171875,53.67413330078125],[-132.48666381835938,53.56452941894531],[-132.13919067382812,53.69830322265625],[-132.2191925048828,53.771636962890625],[-132.092529296875,53.90167236328125],[-132.19918823242188,54.05085754394531],[-131.64891052246094,54.177947998046875],[-131.88560485839844,53.768310546875],[-131.97177124023438,53.27680969238281],[-132.32916259765625,53.22663879394531],[-132.0850067138672,53.14872741699219],[-131.81675720214844,53.26074981689453],[-131.64199829101562,53.10661315917969],[-131.61566162109375,53.02838897705078],[-132.0308380126953,53.05413818359375],[-131.8941650390625,52.91082763671875],[-132.0005340576172,52.88041687011719]]]}},{"type":"Feature","properties":{},"geometry":{"type":"Polygon","coordinates":[[[93.71174621582031,79.9991683959961],[92.15472412109375,80.15535736083984],[93.00733184814453,80.149169921875],[92.31480407714844,80.24624633789062],[91.46238708496094,80.25830841064453],[92.74739074707031,80.36077880859375],[92.0074462890625,80.4175033569336],[92.93244171142578,80.47164154052734],[92.83258056640625,80.59994506835938],[93.4225845336914,80.76750183105469],[92.5425796508789,80.72833251953125],[93.1425552368164,80.95586395263672],[94.07003021240234,80.9445571899414],[93.57228088378906,80.9816665649414],[95.51782989501953,81.20844268798828],[95.13739013671875,81.25255584716797],[96.04724884033203,81.21830749511719],[95.70283508300781,81.1909408569336],[98.19225311279297,80.65164184570312],[97.13727569580078,80.5633316040039],[97.3048095703125,80.22041320800781],[94.59005737304688,80.1371078491211],[93.71174621582031,79.9991683959961]]]}},{"type":"Feature","properties":{},"geometry":{"type":"Polygon","coordinates":[[[-73.87252807617188,-43.44794464111328],[-74.44877624511719,-43.27333068847656],[-74.12088775634766,-42.63041687011719],[-74.20380401611328,-42.27000427246094],[-74.00716400146484,-42.068359375],[-74.06092071533203,-41.801307678222656],[-73.90919494628906,-41.7679443359375],[-73.99541473388672,-41.87168884277344],[-73.76591491699219,-41.917137145996094],[-73.55005645751953,-41.798805236816406],[-73.3629150390625,-42.34088897705078],[-73.66666412353516,-42.38713836669922],[-73.58460998535156,-42.533355712890625],[-73.7953872680664,-42.600830078125],[-73.48705291748047,-42.80339050292969],[-73.48583221435547,-42.901275634765625],[-73.66378021240234,-42.891693115234375],[-73.48883056640625,-43.14836120605469],[-73.73249816894531,-43.10127258300781],[-73.67050170898438,-43.31666564941406],[-73.87171936035156,-43.283782958984375],[-73.87252807617188,-43.44794464111328]]]}},{"type":"Feature","properties":{},"geometry":{"type":"Polygon","coordinates":[[[9.219192504882812,41.36455535888672],[8.786224365234375,41.55577850341797],[8.913360595703125,41.69041442871094],[8.658775329589844,41.74078369140625],[8.802864074707031,41.8941650390625],[8.607887268066406,41.893333435058594],[8.747085571289062,42.04827880859375],[8.557861328125,42.14580535888672],[8.539138793945312,42.237060546875],[8.692863464355469,42.265838623046875],[8.541191101074219,42.36830139160156],[8.72247314453125,42.58375549316406],[9.123252868652344,42.7320556640625],[9.299140930175781,42.67622375488281],[9.430030822753906,43.019554138183594],[9.553726196289062,42.119972229003906],[9.219192504882812,41.36455535888672]]]}},{"type":"Feature","properties":{},"geometry":{"type":"Polygon","coordinates":[[[-66.0,17.977081298828125],[-67.19669342041016,17.929580688476562],[-67.15544128417969,18.202468872070312],[-67.27210998535156,18.361663818359375],[-67.10002899169922,18.512916564941406],[-65.61833190917969,18.388717651367188],[-65.59124755859375,18.2249755859375],[-66.0,17.977081298828125]]]}},{"type":"Feature","properties":{},"geometry":{"type":"Polygon","coordinates":[[[155.20628356933594,-6.310028076171875],[154.73211669921875,-5.92169189453125],[154.70919799804688,-5.408775329589844],[155.06582641601562,-5.54296875],[155.4537811279297,-6.146720886230469],[155.81961059570312,-6.3633575439453125],[155.9495849609375,-6.7650299072265625],[155.51832580566406,-6.8429718017578125],[155.15957641601562,-6.5316925048828125],[155.20628356933594,-6.310028076171875]]]}},{"type":"Feature","properties":{},"geometry":{"type":"Polygon","coordinates":[[[-51.85258483886719,69.64497375488281],[-53.56169128417969,69.23294067382812],[-54.277587890625,69.43083190917969],[-53.38160705566406,69.444580078125],[-53.59086608886719,69.46666717529297],[-53.34761047363281,69.58002471923828],[-53.788330078125,69.45455932617188],[-53.7484130859375,69.5254135131836],[-54.004249572753906,69.49166870117188],[-53.963470458984375,69.61458587646484],[-54.81172180175781,69.60292053222656],[-54.92344665527344,69.74710845947266],[-54.37255859375,69.67086029052734],[-54.93424987792969,69.82830810546875],[-54.855918884277344,69.94249725341797],[-54.230865478515625,69.91500091552734],[-54.7713623046875,70.04166412353516],[-54.82391357421875,70.22003173828125],[-54.3675537109375,70.33125305175781],[-53.31011199951172,70.2078857421875],[-52.73994445800781,69.92869567871094],[-51.98252868652344,69.79830932617188],[-51.85258483886719,69.64497375488281]]]}},{"type":"Feature","properties":{},"geometry":{"type":"Polygon","coordinates":[[[125.99835968017578,-3.289581298828125],[126.09085845947266,-3.1062774658203125],[126.20580291748047,-3.1846084594726562],[126.79499816894531,-3.061248779296875],[127.10458374023438,-3.22833251953125],[127.07247161865234,-3.3746414184570312],[127.25794219970703,-3.37249755859375],[127.25291442871094,-3.5908355712890625],[126.68083190917969,-3.8429183959960938],[126.18083190917969,-3.612945556640625],[125.99835968017578,-3.289581298828125]]]}},{"type":"Feature","properties":{},"geometry":{"type":"Polygon","coordinates":[[[24.74541473388672,34.99913787841797],[24.3848876953125,35.19366455078125],[23.585777282714844,35.232025146484375],[23.595413208007812,35.62664031982422],[23.654937744140625,35.49955749511719],[23.73828125,35.69622039794922],[23.801666259765625,35.53788757324219],[24.175750732421875,35.58869934082031],[24.06285858154297,35.49158477783203],[24.298248291015625,35.35449981689453],[24.971664428710938,35.432029724121094],[25.432472229003906,35.2945556640625],[25.770828247070312,35.34039306640625],[25.70874786376953,35.17497253417969],[25.80669403076172,35.11041259765625],[26.312911987304688,35.31663513183594],[26.140777587890625,35.0006103515625],[24.74541473388672,34.99913787841797]]]}},{"type":"Feature","properties":{},"geometry":{"type":"Polygon","coordinates":[[[-61.69963836669922,49.08497619628906],[-63.587501525878906,49.38622283935547],[-63.829193115234375,49.63789367675781],[-64.52130889892578,49.88166809082031],[-64.15252685546875,49.952056884765625],[-62.69916534423828,49.66041564941406],[-61.83332824707031,49.31455993652344],[-61.69963836669922,49.08497619628906]]]}},{"type":"Feature","properties":{},"geometry":{"type":"Polygon","coordinates":[[[-180.0,71.5147933959961],[-178.64889526367188,71.5774154663086],[-177.40631103515625,71.2441635131836],[-177.87744140625,71.02288818359375],[-179.50010681152344,70.8637466430664],[-180.0,70.96207427978516],[-180.0,71.5147933959961]]]}},{"type":"Feature","properties":{},"geometry":{"type":"Polygon","coordinates":[[[180.0,70.96207427978516],[178.7987823486328,70.77830505371094],[178.66116333007812,71.0758056640625],[180.0,71.5147933959961],[180.0,70.96207427978516]]]}},{"type":"Feature","properties":{},"geometry":{"type":"Polygon","coordinates":[[[12.169998168945312,54.992889404296875],[11.890830993652344,54.92161560058594],[12.167442321777344,54.83332824707031],[11.971664428710938,54.55705261230469],[11.705863952636719,54.92997741699219],[11.887527465820312,54.99830627441406],[11.614082336425781,55.08161163330078],[11.82330322265625,55.04286193847656],[11.715751647949219,55.11497497558594],[11.810836791992188,55.14830780029297],[11.259078979492188,55.201690673828125],[11.090805053710938,55.347503662109375],[11.215835571289062,55.39830780029297],[11.077499389648438,55.51586151123047],[11.145858764648438,55.59669494628906],[10.929191589355469,55.668304443359375],[11.102470397949219,55.67500305175781],[10.865829467773438,55.74577331542969],[11.264999389648438,55.73121643066406],[11.504135131835938,55.853302001953125],[11.276695251464844,56.0120849609375],[11.77996826171875,55.978721618652344],[11.614166259765625,55.78416442871094],[11.772445678710938,55.744972229003906],[11.652420043945312,55.720855712890625],[11.835861206054688,55.68330383300781],[11.943275451660156,55.93455505371094],[12.051979064941406,55.763511657714844],[11.929107666015625,55.65330505371094],[12.083335876464844,55.651222229003906],[12.0191650390625,55.96083068847656],[11.842445373535156,55.96833801269531],[12.309974670410156,56.13038635253906],[12.624114990234375,56.03919219970703],[12.519081115722656,55.92250061035156],[12.550804138183594,55.643310546875],[12.682525634765625,55.58833312988281],[12.249053955078125,55.54499816894531],[12.199165344238281,55.44413757324219],[12.457473754882812,55.282470703125],[12.025833129882812,55.15666198730469],[12.187469482421875,55.11077880859375],[12.169998168945312,54.992889404296875]]]}},{"type":"Feature","properties":{},"geometry":{"type":"Polygon","coordinates":[[[134.26913452148438,-6.180442810058594],[134.39874267578125,-5.785858154296875],[134.19207763671875,-5.711692810058594],[134.356689453125,-5.70794677734375],[134.4812469482422,-5.420829772949219],[134.61085510253906,-5.424613952636719],[134.75711059570312,-5.892524719238281],[134.5762481689453,-5.945030212402344],[134.76708984375,-6.093360900878906],[134.7362823486328,-6.2491912841796875],[134.52377319335938,-6.348358154296875],[134.61131286621094,-6.502471923828125],[134.46871948242188,-6.494194030761719],[134.4779510498047,-6.662498474121094],[134.18417358398438,-6.941307067871094],[134.03707885742188,-6.7758636474609375],[134.1012725830078,-6.453361511230469],[134.21868896484375,-6.522529602050781],[134.07455444335938,-6.168357849121094],[134.2225341796875,-6.238746643066406],[134.1087188720703,-6.044197082519531],[134.21664428710938,-6.021278381347656],[134.26913452148438,-6.180442810058594]]]}},{"type":"Feature","properties":{},"geometry":{"type":"Polygon","coordinates":[[[-96.22672271728516,74.91055297851562],[-96.61685943603516,75.0],[-96.4415283203125,75.20730590820312],[-95.82450103759766,75.38030242919922],[-96.12066650390625,75.417724609375],[-95.6965560913086,75.41019439697266],[-95.79083251953125,75.50802612304688],[-95.29644775390625,75.6092758178711],[-94.50155639648438,75.61994171142578],[-93.47891998291016,75.26399993896484],[-93.48452758789062,74.67516326904297],[-95.0780258178711,74.68233489990234],[-95.27146911621094,74.80699920654297],[-95.89691925048828,74.82772064208984],[-96.07221984863281,75.03074645996094],[-96.22672271728516,74.91055297851562]]]}},{"type":"Feature","properties":{},"geometry":{"type":"Polygon","coordinates":[[[152.8183135986328,-3.8646087646484375],[153.1187744140625,-4.377555847167969],[152.87750244140625,-4.8538055419921875],[152.67630004882812,-4.555030822753906],[152.68458557128906,-4.181694030761719],[152.34375,-3.64666748046875],[151.09666442871094,-2.8445816040039062],[150.72003173828125,-2.7545547485351562],[150.89041137695312,-2.6833648681640625],[150.79458618164062,-2.557525634765625],[152.0475616455078,-3.242889404296875],[152.55332946777344,-3.81378173828125],[152.8183135986328,-3.8646087646484375]]]}},{"type":"Feature","properties":{},"geometry":{"type":"Polygon","coordinates":[[[124.47753143310547,10.864524841308594],[124.31160736083984,11.565391540527344],[124.58499908447266,11.305389404296875],[124.97875213623047,11.399169921875],[125.00041961669922,10.72247314453125],[125.18460845947266,10.591636657714844],[125.26619720458984,10.315834045410156],[125.12333679199219,10.162918090820312],[124.9679183959961,10.376640319824219],[125.02580261230469,10.004554748535156],[124.7562484741211,10.156639099121094],[124.8012466430664,10.663330078125],[124.6878890991211,10.929191589355469],[124.56163787841797,11.01544189453125],[124.47753143310547,10.864524841308594]]]}},{"type":"Feature","properties":{},"geometry":{"type":"Polygon","coordinates":[[[-132.40005493164062,55.0828857421875],[-132.4199676513672,54.906219482421875],[-132.6158905029297,54.967498779296875],[-132.47755432128906,55.053306579589844],[-132.6359100341797,55.059165954589844],[-132.6558837890625,55.268280029296875],[-132.5449981689453,55.277915954589844],[-132.67088317871094,55.2750244140625],[-132.6684112548828,55.13789367675781],[-132.82508850097656,55.28044128417969],[-133.0163116455078,55.202415466308594],[-132.92166137695312,55.27955627441406],[-133.24472045898438,55.289695739746094],[-133.21644592285156,55.38511657714844],[-132.8825225830078,55.35417175292969],[-133.14999389648438,55.462249755859375],[-133.11317443847656,55.61247253417969],[-132.93588256835938,55.62750244140625],[-133.4066162109375,55.61497497558594],[-133.1373291015625,55.880889892578125],[-133.26693725585938,55.913665771484375],[-133.27252197265625,56.15333557128906],[-133.64085388183594,56.21247100830078],[-133.6195068359375,56.3594970703125],[-133.1758270263672,56.32746887207031],[-133.03924560546875,56.18494415283203],[-133.09922790527344,56.048362731933594],[-132.73585510253906,55.9832763671875],[-132.47085571289062,55.78497314453125],[-132.4558563232422,55.68086242675781],[-132.59249877929688,55.69667053222656],[-132.14413452148438,55.47083282470703],[-132.5283966064453,55.60624694824219],[-132.74249267578125,55.35913848876953],[-132.41172790527344,55.51622009277344],[-132.2808837890625,55.44413757324219],[-132.47592163085938,55.42333221435547],[-132.47091674804688,55.31581115722656],[-132.45755004882812,55.41667175292969],[-132.36007690429688,55.32708740234375],[-132.2734375,55.4195556640625],[-132.0941619873047,55.2691650390625],[-132.47091674804688,55.25910949707031],[-132.29092407226562,55.241668701171875],[-132.35418701171875,55.13249969482422],[-131.99583435058594,55.263275146484375],[-132.104248046875,55.12080383300781],[-131.9925537109375,55.11083221435547],[-132.1783905029297,55.126251220703125],[-132.0858612060547,55.038330078125],[-132.3125762939453,54.982444763183594],[-131.9808349609375,55.03752899169922],[-132.07249450683594,54.94996643066406],[-131.97193908691406,54.90055847167969],[-132.112548828125,54.899139404296875],[-131.95474243164062,54.79136657714844],[-132.0183563232422,54.69122314453125],[-132.30755615234375,54.71580505371094],[-132.2324676513672,54.8016357421875],[-132.34754943847656,54.796661376953125],[-132.40005493164062,55.0828857421875]]]}},{"type":"Feature","properties":{},"geometry":{"type":"Polygon","coordinates":[[[68.99964141845703,-49.71742248535156],[68.74580383300781,-49.67835998535156],[68.90247344970703,-49.45503234863281],[68.80913543701172,-49.348358154296875],[68.92913818359375,-49.32416534423828],[68.75914001464844,-49.20503234863281],[68.92747497558594,-49.14335632324219],[68.73413848876953,-49.06916809082031],[68.89205932617188,-48.99583435058594],[68.78541564941406,-48.845855712890625],[68.95244598388672,-48.662078857421875],[69.08203125,-48.718360900878906],[68.96833038330078,-48.76875305175781],[69.12875366210938,-48.731666564941406],[68.89997100830078,-48.90044403076172],[69.18541717529297,-48.77919006347656],[69.00035858154297,-48.98252868652344],[69.05997467041016,-49.121246337890625],[69.10077667236328,-48.991302490234375],[69.22660827636719,-49.13377380371094],[69.62702941894531,-48.97505187988281],[69.5741958618164,-49.094970703125],[69.6624984741211,-49.10502624511719],[69.34083557128906,-49.11083221435547],[69.54911041259766,-49.24419403076172],[69.40666961669922,-49.2762451171875],[69.70999908447266,-49.316253662109375],[70.05999755859375,-49.116249084472656],[70.52908325195312,-49.10333251953125],[70.54247283935547,-49.301666259765625],[70.3074722290039,-49.386695861816406],[70.44828033447266,-49.44041442871094],[69.6125259399414,-49.38336181640625],[69.94664001464844,-49.596282958984375],[70.30911254882812,-49.55335998535156],[70.1441650390625,-49.63255310058594],[70.22666931152344,-49.70294189453125],[69.86335754394531,-49.711273193359375],[69.6716079711914,-49.482086181640625],[69.68746948242188,-49.66252899169922],[69.44164276123047,-49.6429443359375],[69.2899169921875,-49.46875],[69.31327819824219,-49.582916259765625],[69.10747528076172,-49.481689453125],[69.22419738769531,-49.58250427246094],[69.11080932617188,-49.514190673828125],[69.1875,-49.591644287109375],[69.07250213623047,-49.54083251953125],[68.99964141845703,-49.71742248535156]]]}},{"type":"Feature","properties":{},"geometry":{"type":"Polygon","coordinates":[[[-58.65669250488281,-52.1429443359375],[-59.13505554199219,-51.983001708984375],[-59.315887451171875,-52.01416778564453],[-59.13421630859375,-52.0374755859375],[-59.065887451171875,-52.10749816894531],[-59.17091369628906,-52.14502716064453],[-59.022499084472656,-52.14502716064453],[-59.10255432128906,-52.199195861816406],[-59.01166534423828,-52.25877380371094],[-59.454193115234375,-52.128334045410156],[-59.4324951171875,-52.242523193359375],[-59.32752990722656,-52.211692810058594],[-59.36006164550781,-52.36041259765625],[-59.73588562011719,-52.12669372558594],[-59.55250549316406,-52.06919860839844],[-59.647552490234375,-51.965087890625],[-59.51591491699219,-51.971778869628906],[-59.614227294921875,-51.95008850097656],[-59.46586608886719,-51.9276123046875],[-59.498390197753906,-51.836334228515625],[-59.080078125,-51.683860778808594],[-58.98088836669922,-51.79756164550781],[-58.97758483886719,-51.67083740234375],[-59.177581787109375,-51.585052490234375],[-58.93022155761719,-51.520477294921875],[-59.14250183105469,-51.465087890625],[-58.864166259765625,-51.37335968017578],[-58.96919250488281,-51.23506164550781],[-58.37255859375,-51.33252716064453],[-58.344139099121094,-51.46089172363281],[-58.500030517578125,-51.38127899169922],[-58.58921813964844,-51.44000244140625],[-58.274192810058594,-51.55589294433594],[-58.27342224121094,-51.662078857421875],[-58.1441650390625,-51.6116943359375],[-58.20002746582031,-51.525421142578125],[-58.37755584716797,-51.51416778564453],[-58.280860900878906,-51.391693115234375],[-57.8975830078125,-51.380859375],[-57.73753356933594,-51.51588439941406],[-58.16255187988281,-51.54583740234375],[-57.71086120605469,-51.68418884277344],[-58.29496765136719,-51.747894287109375],[-58.1058349609375,-51.78916931152344],[-58.39166259765625,-51.9012451171875],[-58.95002746582031,-51.78877258300781],[-59.01586151123047,-51.85761260986328],[-58.58250427246094,-52.0108642578125],[-58.65669250488281,-52.1429443359375]]]}},{"type":"Feature","properties":{},"geometry":{"type":"Polygon","coordinates":[[[-74.87249755859375,-50.000831604003906],[-74.60749816894531,-49.95336151123047],[-74.88249969482422,-49.968360900878906],[-74.88583374023438,-49.8675537109375],[-74.76505279541016,-49.88627624511719],[-74.6058578491211,-49.79756164550781],[-74.81005859375,-49.8570556640625],[-74.7125015258789,-49.72917175292969],[-74.83333587646484,-49.82208251953125],[-74.91416931152344,-49.68418884277344],[-74.68083190917969,-49.63916778564453],[-74.880859375,-49.55005645751953],[-74.70755767822266,-49.526695251464844],[-74.5608901977539,-49.315032958984375],[-74.80752563476562,-49.36250305175781],[-74.729248046875,-49.42585754394531],[-74.8683090209961,-49.51958465576172],[-74.87255859375,-49.40580749511719],[-74.94171905517578,-49.555419921875],[-74.95922088623047,-49.4300537109375],[-74.97672271728516,-49.60624694824219],[-75.09919738769531,-49.545860290527344],[-74.96927642822266,-49.62086486816406],[-75.01586151123047,-49.720855712890625],[-74.92585754394531,-49.639190673828125],[-75.05672454833984,-49.915443420410156],[-75.25419616699219,-49.6741943359375],[-75.14419555664062,-49.59422302246094],[-75.29252624511719,-49.62419128417969],[-75.14091491699219,-49.52166748046875],[-75.39585876464844,-49.51005554199219],[-75.31758117675781,-49.40583801269531],[-75.4191665649414,-49.46421813964844],[-75.46755981445312,-49.2991943359375],[-75.33586120605469,-49.27833557128906],[-75.3908920288086,-49.324195861816406],[-75.11505889892578,-49.49871826171875],[-75.2074966430664,-49.43583679199219],[-74.96919250488281,-49.41416931152344],[-75.21833038330078,-49.430442810058594],[-75.32255554199219,-49.28419494628906],[-75.04164123535156,-49.36714172363281],[-75.18585968017578,-49.274169921875],[-74.9858627319336,-49.30918884277344],[-75.09005737304688,-49.193748474121094],[-74.87252807617188,-49.386695861816406],[-74.74752807617188,-49.10499572753906],[-74.92925262451172,-49.00749969482422],[-74.7425537109375,-49.038330078125],[-75.0163345336914,-48.91419219970703],[-74.84005737304688,-48.819610595703125],[-75.00991821289062,-48.89369201660156],[-75.05630493164062,-48.84083557128906],[-74.80838775634766,-48.68708801269531],[-74.77339172363281,-48.83544921875],[-74.72166442871094,-48.670387268066406],[-74.61460876464844,-48.72917175292969],[-74.66422271728516,-48.878753662109375],[-74.50128173828125,-48.72666931152344],[-74.58875274658203,-48.95672607421875],[-74.44294738769531,-48.95832824707031],[-74.54924774169922,-49.02836608886719],[-74.41255950927734,-49.320892333984375],[-74.55924987792969,-49.518310546875],[-74.45252990722656,-49.61500549316406],[-74.58080291748047,-49.68333435058594],[-74.43252563476562,-49.63502502441406],[-74.3874740600586,-49.770057678222656],[-74.54916381835938,-49.7366943359375],[-74.38922119140625,-49.84925079345703],[-74.48997497558594,-49.98461151123047],[-74.6258316040039,-49.88336181640625],[-74.5074691772461,-49.98919677734375],[-74.62000274658203,-50.063751220703125],[-74.87249755859375,-50.000831604003906]]]}},{"type":"Feature","properties":{},"geometry":{"type":"Polygon","coordinates":[[[149.0350799560547,74.74038696289062],[146.11488342285156,75.23419189453125],[146.48321533203125,75.5862808227539],[146.95008850097656,75.32208251953125],[147.6298828125,75.4378890991211],[148.54994201660156,75.37541961669922],[148.47483825683594,75.22827911376953],[148.69332885742188,75.18875122070312],[149.3899383544922,75.26122283935547],[150.98507690429688,75.1308364868164],[150.61996459960938,74.876220703125],[149.0350799560547,74.74038696289062]]]}},{"type":"Feature","properties":{},"geometry":{"type":"Polygon","coordinates":[[[-62.49419403076172,45.98124694824219],[-63.04466247558594,46.0550537109375],[-62.87675476074219,46.144744873046875],[-63.12733459472656,46.20769500732422],[-63.02308654785156,46.301612854003906],[-63.294525146484375,46.20488739013672],[-63.142669677734375,46.208251953125],[-63.22474670410156,46.13166809082031],[-63.65492248535156,46.22247314453125],[-63.81394958496094,46.319976806640625],[-63.748809814453125,46.3939208984375],[-64.13874816894531,46.402442932128906],[-64.0783920288086,46.64958190917969],[-64.38752746582031,46.615386962890625],[-64.40294647216797,46.72410583496094],[-64.0,47.05830383300781],[-63.97533416748047,46.88041687011719],[-64.11547088623047,46.77082824707031],[-63.83233642578125,46.579803466796875],[-63.95835876464844,46.47007751464844],[-63.71949768066406,46.4390869140625],[-63.66880798339844,46.570892333984375],[-62.98408508300781,46.36027526855469],[-61.972557067871094,46.45341491699219],[-62.3697509765625,46.354942321777344],[-62.49021911621094,46.27061462402344],[-62.41377258300781,46.213111877441406],[-62.61833190917969,46.23814392089844],[-62.469085693359375,46.146278381347656],[-62.57366943359375,46.02880859375],[-62.49419403076172,45.98124694824219]]]}},{"type":"Feature","properties":{},"geometry":{"type":"Polygon","coordinates":[[[130.9991455078125,-11.355445861816406],[131.0433349609375,-11.508750915527344],[131.14669799804688,-11.247970581054688],[131.2516632080078,-11.467971801757812],[131.27499389648438,-11.18878173828125],[131.54205322265625,-11.455886840820312],[130.961669921875,-11.937110900878906],[130.48707580566406,-11.654190063476562],[130.367919921875,-11.165054321289062],[130.82505798339844,-11.553749084472656],[130.7012481689453,-11.384193420410156],[130.9991455078125,-11.355445861816406]]]}},{"type":"Feature","properties":{},"geometry":{"type":"Polygon","coordinates":[[[180.0,-16.173828125],[179.4779510498047,-16.706695556640625],[179.5666046142578,-16.767974853515625],[179.92919921875,-16.4696044921875],[179.82958984375,-16.672531127929688],[179.93499755859375,-16.76544189453125],[179.30999755859375,-16.822113037109375],[179.36795043945312,-16.738327026367188],[179.2058563232422,-16.6995849609375],[179.0749969482422,-16.9071044921875],[178.87750244140625,-16.8604736328125],[178.73663330078125,-17.019638061523438],[178.62628173828125,-16.819168090820312],[178.49708557128906,-16.81505584716797],[178.53997802734375,-16.64044189453125],[178.69744873046875,-16.67627716064453],[178.95166015625,-16.46044158935547],[180.0,-16.173828125]]]}},{"type":"Feature","properties":{},"geometry":{"type":"Polygon","coordinates":[[[-83.48369598388672,62.87516784667969],[-82.26078033447266,62.99311065673828],[-81.86627960205078,62.91410827636719],[-81.9566650390625,62.711082458496094],[-83.1344985961914,62.16761016845703],[-83.42430877685547,62.24885559082031],[-83.72296905517578,62.13636016845703],[-83.95219421386719,62.464942932128906],[-83.48369598388672,62.87516784667969]]]}},{"type":"Feature","properties":{},"geometry":{"type":"Polygon","coordinates":[[[115.0,-8.174583435058594],[115.18499755859375,-8.061279296875],[115.71121978759766,-8.399192810058594],[115.10830688476562,-8.846275329589844],[115.14005279541016,-8.668746948242188],[114.9000244140625,-8.458747863769531],[114.58002471923828,-8.399581909179688],[114.4312515258789,-8.104995727539062],[115.0,-8.174583435058594]]]}},{"type":"Feature","properties":{},"geometry":{"type":"Polygon","coordinates":[[[-135.0,57.54875183105469],[-134.875,57.4637451171875],[-135.840087890625,57.77122497558594],[-135.54913330078125,57.47997283935547],[-135.84506225585938,57.38871765136719],[-136.03594970703125,57.518333435058594],[-135.8125762939453,57.44413757324219],[-136.00088500976562,57.544166564941406],[-135.91749572753906,57.58330535888672],[-136.42425537109375,57.82160949707031],[-136.26585388183594,57.89666748046875],[-136.3568115234375,58.00202941894531],[-136.0258026123047,57.84166717529297],[-136.4359130859375,58.08660888671875],[-136.2708282470703,58.10166931152344],[-136.35916137695312,58.22247314453125],[-136.10838317871094,58.06455993652344],[-136.16502380371094,58.221282958984375],[-135.96665954589844,58.174583435058594],[-135.79835510253906,58.288726806640625],[-135.5408935546875,58.100830078125],[-135.834228515625,57.9891357421875],[-135.67507934570312,57.94535827636719],[-135.41343688964844,58.147056579589844],[-134.9524688720703,58.03997039794922],[-134.93666076660156,57.84791564941406],[-135.22586059570312,57.94914245605469],[-134.95916748046875,57.81666564941406],[-135.07008361816406,57.77461242675781],[-135.90249633789062,58.00164031982422],[-135.32586669921875,57.747528076171875],[-135.45838928222656,57.73455810546875],[-134.93418884277344,57.75917053222656],[-134.83917236328125,57.4808349609375],[-135.0,57.54875183105469]]]}},{"type":"Feature","properties":{},"geometry":{"type":"Polygon","coordinates":[[[159.99586486816406,-9.428726196289062],[160.38082885742188,-9.419586181640625],[160.83038330078125,-9.8616943359375],[160.625,-9.947135925292969],[159.82086181640625,-9.802139282226562],[159.58541870117188,-9.524192810058594],[159.6858673095703,-9.249610900878906],[159.99586486816406,-9.428726196289062]]]}},{"type":"Feature","properties":{},"geometry":{"type":"Polygon","coordinates":[[[-95.09972381591797,77.95297241210938],[-97.12930297851562,77.80583190917969],[-97.00824737548828,77.91691589355469],[-97.79367065429688,78.03336334228516],[-96.8481674194336,78.10791778564453],[-97.95188903808594,78.22205352783203],[-98.41938781738281,78.5058364868164],[-98.03658294677734,78.5433349609375],[-98.39389038085938,78.72166442871094],[-98.15411376953125,78.8173599243164],[-96.54902648925781,78.68355560302734],[-96.17771911621094,78.63014221191406],[-96.30036163330078,78.52716827392578],[-94.86660766601562,78.38666534423828],[-95.43644714355469,78.2328872680664],[-94.89466857910156,78.10935974121094],[-95.09972381591797,77.95297241210938]]]}},{"type":"Feature","properties":{},"geometry":{"type":"Polygon","coordinates":[[[143.59616088867188,73.21749877929688],[140.71005249023438,73.42375183105469],[139.79354858398438,73.40411376953125],[140.90249633789062,73.59708404541016],[141.10244750976562,73.84622192382812],[142.0700225830078,73.90869140625],[143.5238037109375,73.46330261230469],[143.59616088867188,73.21749877929688]]]}},{"type":"Feature","properties":{},"geometry":{"type":"Polygon","coordinates":[[[-110.0,77.92013549804688],[-110.91422271728516,77.864501953125],[-110.0361099243164,77.74771881103516],[-110.13761138916016,77.5320816040039],[-110.87947082519531,77.4080810546875],[-112.03755950927734,77.3296127319336],[-113.19783020019531,77.5243911743164],[-113.16847229003906,77.9253921508789],[-109.55341339111328,78.07814025878906],[-110.0,77.92013549804688]]]}},{"type":"Feature","properties":{},"geometry":{"type":"Polygon","coordinates":[[[24.0,77.62374877929688],[24.131553649902344,77.56916809082031],[22.676559448242188,77.23711395263672],[22.791526794433594,77.46330261230469],[22.4832763671875,77.6145248413086],[20.879859924316406,77.438720703125],[21.56505584716797,77.913330078125],[20.834884643554688,78.1133041381836],[22.856689453125,78.25375366210938],[23.621612548828125,77.8633041381836],[24.344833374023438,77.82917022705078],[24.0,77.62374877929688]]]}},{"type":"Feature","properties":{},"geometry":{"type":"Polygon","coordinates":[[[48.994972229003906,68.72872161865234],[48.24491882324219,68.79875183105469],[48.23246765136719,69.08999633789062],[48.59991455078125,69.40955352783203],[49.24488830566406,69.50541687011719],[50.1466064453125,69.26039123535156],[50.31744384765625,69.10160827636719],[48.994972229003906,68.72872161865234]]]}},{"type":"Feature","properties":{},"geometry":{"type":"Polygon","coordinates":[[[-73.3125,-53.16749572753906],[-72.68250274658203,-53.26416778564453],[-72.84239196777344,-53.19911193847656],[-72.72908020019531,-53.13580322265625],[-72.97257995605469,-53.114166259765625],[-72.90657806396484,-52.923675537109375],[-72.99258422851562,-52.86839294433594],[-72.67166900634766,-52.7296142578125],[-72.57252502441406,-52.780029296875],[-72.6949691772461,-52.909584045410156],[-72.57011413574219,-52.81544494628906],[-72.40166473388672,-52.908782958984375],[-72.13842010498047,-52.64375305175781],[-71.48792266845703,-52.672210693359375],[-71.41094207763672,-52.84422302246094],[-72.01660919189453,-53.138641357421875],[-72.348388671875,-53.066139221191406],[-72.47074890136719,-53.12168884277344],[-72.219970703125,-53.21705627441406],[-72.62252807617188,-53.19502258300781],[-72.4041976928711,-53.263275146484375],[-72.54669189453125,-53.37877655029297],[-72.68924713134766,-53.32414245605469],[-72.39005279541016,-53.533721923828125],[-73.3125,-53.16749572753906]]]}},{"type":"Feature","properties":{},"geometry":{"type":"Polygon","coordinates":[[[-169.38172912597656,63.150360107421875],[-169.7683868408203,62.954559326171875],[-169.97166442871094,63.142059326171875],[-170.8550262451172,63.412078857421875],[-171.4450225830078,63.30705261230469],[-171.85430908203125,63.486663818359375],[-171.7442169189453,63.78413391113281],[-171.37925720214844,63.6300048828125],[-171.49163818359375,63.59539031982422],[-170.3433837890625,63.6937255859375],[-170.02671813964844,63.478721618652344],[-168.696533203125,63.300140380859375],[-168.86241149902344,63.145668029785156],[-169.38172912597656,63.150360107421875]]]}},{"type":"Feature","properties":{},"geometry":{"type":"Polygon","coordinates":[[[-61.00199890136719,10.134857177734375],[-61.160804748535156,10.071975708007812],[-61.933692932128906,10.049919128417969],[-61.46038818359375,10.295745849609375],[-61.498695373535156,10.635749816894531],[-61.67243957519531,10.710304260253906],[-60.94085693359375,10.84124755859375],[-61.041221618652344,10.675697326660156],[-61.00199890136719,10.134857177734375]]]}},{"type":"Feature","properties":{},"geometry":{"type":"Polygon","coordinates":[[[-91.05960845947266,-1.0008316040039062],[-91.40086364746094,-1.0187759399414062],[-91.5121078491211,-0.9041976928710938],[-91.07291412353516,-0.61419677734375],[-91.3871078491211,-0.2591705322265625],[-91.42211151123047,-0.02916717529296875],[-91.59541320800781,-0.00919342041015625],[-91.36166381835938,0.165863037109375],[-90.7820816040039,-0.7566909790039062],[-91.05960845947266,-1.0008316040039062]]]}},{"type":"Feature","properties":{},"geometry":{"type":"Polygon","coordinates":[[[116.0,-8.74627685546875],[116.03038787841797,-8.443359375],[116.26580810546875,-8.247917175292969],[116.71871948242188,-8.349166870117188],[116.48291778564453,-8.817558288574219],[116.57416534423828,-8.899559020996094],[116.42166900634766,-8.842109680175781],[116.37833404541016,-8.963722229003906],[115.8312759399414,-8.822525024414062],[116.0,-8.74627685546875]]]}},{"type":"Feature","properties":{},"geometry":{"type":"Polygon","coordinates":[[[107.99455261230469,-3.2508087158203125],[107.86003112792969,-3.0545806884765625],[107.5945816040039,-3.22247314453125],[107.6137466430664,-2.9083633422851562],[107.52625274658203,-2.9283599853515625],[107.65750122070312,-2.5571136474609375],[107.9891357421875,-2.5729141235351562],[108.2687759399414,-2.7567214965820312],[108.20205688476562,-3.1408309936523438],[107.99455261230469,-3.2508087158203125]]]}},{"type":"Feature","properties":{},"geometry":{"type":"Polygon","coordinates":[[[-59.97169494628906,-52.00291442871094],[-60.33338928222656,-51.992942810058594],[-60.264190673828125,-52.093360900878906],[-60.581695556640625,-52.126251220703125],[-60.48753356933594,-52.18086242675781],[-60.61341857910156,-52.26044464111328],[-60.67338562011719,-52.12791442871094],[-60.830055236816406,-52.09794616699219],[-60.71424865722656,-52.177528381347656],[-60.798362731933594,-52.18958282470703],[-61.066749572753906,-52.007110595703125],[-60.5050048828125,-52.02458190917969],[-60.39422607421875,-51.92669677734375],[-60.497467041015625,-51.93169403076172],[-60.44671630859375,-51.77793884277344],[-60.35839080810547,-51.874610900878906],[-60.17924499511719,-51.75166320800781],[-60.31672668457031,-51.697113037109375],[-60.538330078125,-51.807945251464844],[-60.64672088623047,-51.6671142578125],[-60.22833251953125,-51.656280517578125],[-60.019248962402344,-51.731719970703125],[-60.49421691894531,-51.54002380371094],[-60.37919616699219,-51.48750305175781],[-60.663360595703125,-51.34130859375],[-60.12669372558594,-51.506248474121094],[-59.970855712890625,-51.475921630859375],[-60.097557067871094,-51.43922424316406],[-60.00666809082031,-51.381248474121094],[-59.486663818359375,-51.396331787109375],[-59.60419464111328,-51.44671630859375],[-59.521636962890625,-51.47966766357422],[-59.37413787841797,-51.43424987792969],[-59.47589111328125,-51.40672302246094],[-59.41502380371094,-51.339637756347656],[-59.18916320800781,-51.400917053222656],[-59.97169494628906,-52.00291442871094]]]}},{"type":"Feature","properties":{},"geometry":{"type":"Polygon","coordinates":[[[-105.0467529296875,72.99480438232422],[-105.31697082519531,72.96172332763672],[-105.30872344970703,72.85869598388672],[-106.07852935791016,73.28402709960938],[-107.0094985961914,73.4708023071289],[-106.55733489990234,73.70819091796875],[-105.29816436767578,73.76908111572266],[-104.49949645996094,73.59288787841797],[-104.52405548095703,73.33572387695312],[-105.0467529296875,72.99480438232422]]]}},{"type":"Feature","properties":{},"geometry":{"type":"Polygon","coordinates":[[[122.81622314453125,-5.217498779296875],[122.86455535888672,-4.5250244140625],[123.08080291748047,-4.366249084472656],[123.21538543701172,-4.854225158691406],[123.11166381835938,-4.685417175292969],[123.03372192382812,-4.739997863769531],[122.9253921508789,-5.172554016113281],[123.04252624511719,-5.1304473876953125],[123.22705841064453,-5.2841949462890625],[122.87875366210938,-5.4524688720703125],[122.81747436523438,-5.6987762451171875],[122.72166442871094,-5.622108459472656],[122.65499877929688,-5.707969665527344],[122.56121826171875,-5.503334045410156],[122.81622314453125,-5.217498779296875]]]}},{"type":"Feature","properties":{},"geometry":{"type":"Polygon","coordinates":[[[112.72164154052734,-7.173774719238281],[112.86833190917969,-6.89044189453125],[113.90252685546875,-6.862945556640625],[114.12513732910156,-6.9785308837890625],[113.91997528076172,-7.015472412109375],[113.89002990722656,-7.13458251953125],[113.60497283935547,-7.126304626464844],[113.51416778564453,-7.256278991699219],[112.72164154052734,-7.173774719238281]]]}},{"type":"Feature","properties":{},"geometry":{"type":"Polygon","coordinates":[[[123.61624908447266,9.999137878417969],[123.30083465576172,9.417892456054688],[123.37041473388672,9.994171142578125],[124.06246948242188,11.287055969238281],[124.01869201660156,10.381637573242188],[123.61624908447266,9.999137878417969]]]}},{"type":"Feature","properties":{},"geometry":{"type":"Polygon","coordinates":[[[137.46669006347656,-36.075416564941406],[136.70330810546875,-36.063751220703125],[136.53628540039062,-35.88671875],[136.58792114257812,-35.752471923828125],[137.62750244140625,-35.563720703125],[137.58041381835938,-35.72666931152344],[137.78500366210938,-35.727943420410156],[137.75997924804688,-35.844581604003906],[137.90916442871094,-35.71875],[138.12957763671875,-35.80497741699219],[138.04330444335938,-35.90625],[137.65496826171875,-35.88958740234375],[137.46669006347656,-36.075416564941406]]]}},{"type":"Feature","properties":{},"geometry":{"type":"Polygon","coordinates":[[[-134.11502075195312,57.507080078125],[-133.8825225830078,57.350830078125],[-134.20008850097656,57.39710998535156],[-134.11253356933594,57.247467041015625],[-134.23497009277344,57.17124938964844],[-134.300048828125,57.25538635253906],[-134.28416442871094,57.14080810546875],[-134.6199951171875,57.01538848876953],[-134.6508331298828,57.23750305175781],[-134.44749450683594,57.306671142578125],[-134.58255004882812,57.39997100830078],[-134.3225555419922,57.33747100830078],[-134.56585693359375,57.47663879394531],[-134.33253479003906,57.591644287109375],[-134.58502197265625,57.506248474121094],[-134.6808319091797,57.611663818359375],[-134.81256103515625,58.04411315917969],[-134.7291717529297,58.1766357421875],[-134.788330078125,58.09791564941406],[-134.95838928222656,58.41041564941406],[-134.6967010498047,58.15956115722656],[-134.1792755126953,58.15736389160156],[-133.80593872070312,57.606666564941406],[-134.32015991210938,58.09783172607422],[-134.3108673095703,57.83332824707031],[-133.8559112548828,57.46080780029297],[-134.11502075195312,57.507080078125]]]}},{"type":"Feature","properties":{},"geometry":{"type":"Polygon","coordinates":[[[-70.00499725341797,-55.111305236816406],[-69.5733871459961,-55.031280517578125],[-69.5500259399414,-55.162109375],[-69.538330078125,-55.0262451171875],[-68.45861053466797,-54.93299865722656],[-68.3342514038086,-55.076690673828125],[-68.44674682617188,-55.02464294433594],[-68.60008239746094,-55.15625],[-69.08247375488281,-55.06585693359375],[-68.26919555664062,-55.21833801269531],[-68.19171905517578,-55.292945861816406],[-68.7375259399414,-55.2750244140625],[-68.1358871459961,-55.38666534423828],[-68.18419647216797,-55.474998474121094],[-68.03083038330078,-55.4808349609375],[-68.12916564941406,-55.527496337890625],[-67.9808578491211,-55.67500305175781],[-68.09166717529297,-55.718780517578125],[-68.5516357421875,-55.40544128417969],[-68.90252685546875,-55.49000549316406],[-68.97755432128906,-55.415000915527344],[-68.72750091552734,-55.380859375],[-68.97916412353516,-55.3917236328125],[-68.79338836669922,-55.18047332763672],[-69.50428009033203,-55.23919677734375],[-69.1175308227539,-55.44916534423828],[-69.33677673339844,-55.480445861816406],[-69.36502838134766,-55.38966369628906],[-69.40169525146484,-55.51458740234375],[-69.51252746582031,-55.399192810058594],[-69.38417053222656,-55.36589050292969],[-69.78919219970703,-55.310890197753906],[-69.48916625976562,-55.17253112792969],[-69.85169219970703,-55.27210998535156],[-70.00499725341797,-55.111305236816406]]]}},{"type":"Feature","properties":{},"geometry":{"type":"Polygon","coordinates":[[[-165.67630004882812,60.293418884277344],[-165.58444213867188,59.90519714355469],[-166.28335571289062,59.849082946777344],[-166.07977294921875,59.776084899902344],[-166.192138671875,59.74861145019531],[-167.3361053466797,60.065338134765625],[-167.4637451171875,60.21247100830078],[-166.8538818359375,60.20472717285156],[-166.1499481201172,60.44305419921875],[-166.08457946777344,60.324668884277344],[-165.67630004882812,60.293418884277344]]]}},{"type":"Feature","properties":{},"geometry":{"type":"Polygon","coordinates":[[[-135.0062713623047,56.75688934326172],[-135.21603393554688,56.67211151123047],[-135.05227661132812,56.815528869628906],[-135.27272033691406,56.73522186279297],[-135.10691833496094,56.829193115234375],[-135.30870056152344,56.77738952636719],[-135.39642333984375,56.88661193847656],[-135.3302764892578,56.8480224609375],[-135.1365203857422,56.92266845703125],[-135.40158081054688,56.952720642089844],[-135.12158203125,56.9854736328125],[-135.40419006347656,57.09832763671875],[-135.2808837890625,57.16413879394531],[-135.4258575439453,57.162498474121094],[-135.34754943847656,57.258331298828125],[-135.55502319335938,57.232887268066406],[-135.6959228515625,57.355804443359375],[-135.48585510253906,57.35497283935547],[-135.63414001464844,57.399139404296875],[-135.4366912841797,57.56208801269531],[-135.29588317871094,57.51080322265625],[-135.3992156982422,57.43330383300781],[-135.1999969482422,57.482887268066406],[-134.91419982910156,57.3316650390625],[-135.0808563232422,57.34080505371094],[-134.95428466796875,57.32746887207031],[-135.01425170898438,57.26080322265625],[-134.8426055908203,57.24913787841797],[-134.69761657714844,56.84832763671875],[-134.79913330078125,56.872467041015625],[-134.63583374023438,56.74085998535156],[-134.7525634765625,56.709136962890625],[-134.61595153808594,56.66747283935547],[-134.63424682617188,56.54083251953125],[-134.6783905029297,56.632057189941406],[-134.76089477539062,56.54164123535156],[-134.63580322265625,56.47413635253906],[-134.75416564941406,56.439971923828125],[-134.63258361816406,56.404144287109375],[-134.75425720214844,56.29083251953125],[-134.63421630859375,56.32830810546875],[-134.67010498046875,56.16038513183594],[-135.061279296875,56.53047180175781],[-134.97996520996094,56.72624969482422],[-135.14193725585938,56.61505126953125],[-135.0062713623047,56.75688934326172]]]}},{"type":"Feature","properties":{},"geometry":{"type":"Polygon","coordinates":[[[-164.0016326904297,54.628753662109375],[-164.646728515625,54.38871765136719],[-164.94918823242188,54.54164123535156],[-164.4866943359375,54.92127990722656],[-163.78208923339844,55.05735778808594],[-163.4540557861328,55.04199981689453],[-163.54100036621094,55.02874755859375],[-163.37416076660156,54.788307189941406],[-163.04750061035156,54.68914031982422],[-163.36996459960938,54.75041198730469],[-163.58839416503906,54.61041259765625],[-164.0016326904297,54.628753662109375]]]}},{"type":"Feature","properties":{},"geometry":{"type":"Polygon","coordinates":[[[97.68699645996094,0.5657501220703125],[97.05958557128906,1.4116668701171875],[97.34666442871094,1.54205322265625],[97.91046905517578,1.0332794189453125],[97.86180877685547,0.602996826171875],[97.68699645996094,0.5657501220703125]]]}},{"type":"Feature","properties":{},"geometry":{"type":"Polygon","coordinates":[[[166.76416015625,-15.661277770996094],[166.60833740234375,-14.636245727539062],[166.8058319091797,-15.180389404296875],[167.07960510253906,-14.946670532226562],[167.2454376220703,-15.529190063476562],[166.76416015625,-15.661277770996094]]]}},{"type":"Feature","properties":{},"geometry":{"type":"Polygon","coordinates":[[[-51.914337158203125,-1.4840774536132812],[-51.48692321777344,-0.5981521606445312],[-51.349334716796875,-0.53155517578125],[-51.381317138671875,-0.6544723510742188],[-51.30680847167969,-0.5201187133789062],[-51.152496337890625,-0.6324691772460938],[-51.2730712890625,-1.0270309448242188],[-51.914337158203125,-1.4840774536132812]]]}},{"type":"Feature","properties":{},"geometry":{"type":"Polygon","coordinates":[[[161.38543701171875,-9.630027770996094],[160.76956176757812,-9.025863647460938],[160.72125244140625,-8.553359985351562],[160.55667114257812,-8.334609985351562],[160.74330139160156,-8.317947387695312],[161.00291442871094,-8.631690979003906],[160.92625427246094,-8.8050537109375],[161.2612762451172,-9.155807495117188],[161.38543701171875,-9.630027770996094]]]}},{"type":"Feature","properties":{},"geometry":{"type":"Polygon","coordinates":[[[-25.293746948242188,70.65496826171875],[-28.146331787109375,70.47166442871094],[-27.92766571044922,70.64707946777344],[-27.079940795898438,70.89458465576172],[-25.721275329589844,71.09083557128906],[-25.738800048828125,70.98750305175781],[-25.408775329589844,70.9316635131836],[-25.49138641357422,70.78250122070312],[-25.293746948242188,70.65496826171875]]]}},{"type":"Feature","properties":{},"geometry":{"type":"Polygon","coordinates":[[[98.899169921875,-0.9070816040039062],[99.29122161865234,-1.6283340454101562],[99.28494262695312,-1.7496109008789062],[99.19791412353516,-1.6374740600585938],[99.23999786376953,-1.792083740234375],[98.87580871582031,-1.6779708862304688],[98.59955596923828,-1.223388671875],[98.68330383300781,-0.9587783813476562],[98.899169921875,-0.9070816040039062]]]}},{"type":"Feature","properties":{},"geometry":{"type":"Polygon","coordinates":[[[-73.0,-54.09043884277344],[-72.76752471923828,-54.076690673828125],[-72.96414184570312,-54.01835632324219],[-72.76083374023438,-54.033355712890625],[-72.8858871459961,-53.95752716064453],[-72.66580963134766,-53.8616943359375],[-73.06163787841797,-53.802947998046875],[-73.1100845336914,-54.03541564941406],[-73.35919189453125,-53.97166442871094],[-73.25252532958984,-53.91999816894531],[-73.30583190917969,-53.73249816894531],[-73.66921997070312,-53.685028076171875],[-73.54502868652344,-53.57714080810547],[-73.22003173828125,-53.669639587402344],[-73.44422149658203,-53.462501525878906],[-73.04166412353516,-53.5504150390625],[-73.16919708251953,-53.40247344970703],[-73.04164123535156,-53.38041687011719],[-72.85839080810547,-53.67205810546875],[-72.86157989501953,-53.45288848876953],[-72.68669128417969,-53.68211364746094],[-72.6617202758789,-53.52708435058594],[-72.1457748413086,-53.79249572753906],[-72.48422241210938,-53.813331604003906],[-72.34574890136719,-53.85247039794922],[-72.3683853149414,-54.06047058105469],[-72.47174835205078,-53.96452331542969],[-72.54497528076172,-54.10374450683594],[-72.61174774169922,-54.015411376953125],[-72.7033920288086,-54.11128234863281],[-73.0,-54.09043884277344]]]}},{"type":"Feature","properties":{},"geometry":{"type":"Polygon","coordinates":[[[159.0,-8.071273803710938],[158.4187469482422,-7.516693115234375],[159.41000366210938,-7.987113952636719],[159.86038208007812,-8.347503662109375],[159.74789428710938,-8.406639099121094],[159.9053955078125,-8.571670532226562],[159.0,-8.071273803710938]]]}},{"type":"Feature","properties":{},"geometry":{"type":"Polygon","coordinates":[[[124.0,9.603721618652344],[123.78291320800781,9.7957763671875],[124.1433334350586,10.151252746582031],[124.54708099365234,10.040000915527344],[124.5691909790039,9.733718872070312],[124.0,9.603721618652344]]]}},{"type":"Feature","properties":{},"geometry":{"type":"Polygon","coordinates":[[[24.558334350585938,37.979522705078125],[24.202865600585938,38.08580780029297],[24.0516357421875,38.392913818359375],[23.647476196289062,38.400421142578125],[23.32080078125,38.76289367675781],[22.847854614257812,38.86663818359375],[23.316604614257812,39.0386962890625],[23.589996337890625,38.7645263671875],[24.15583038330078,38.65289306640625],[24.260391235351562,38.21083068847656],[24.59375,38.15333557128906],[24.558334350585938,37.979522705078125]]]}},{"type":"Feature","properties":{},"geometry":{"type":"Polygon","coordinates":[[[3.2316665649414062,39.36122131347656],[2.7891387939453125,39.3629150390625],[2.6699752807617188,39.56291198730469],[2.5224685668945312,39.45625305175781],[2.3478851318359375,39.594970703125],[3.2149429321289062,39.9637451171875],[3.0803909301757812,39.90167236328125],[3.204559326171875,39.89080810546875],[3.1383056640625,39.78038787841797],[3.4787521362304688,39.716644287109375],[3.2316665649414062,39.36122131347656]]]}},{"type":"Feature","properties":{},"geometry":{"type":"Polygon","coordinates":[[[53.99833679199219,12.325386047363281],[53.55497741699219,12.342086791992188],[53.306251525878906,12.539970397949219],[53.502471923828125,12.711250305175781],[54.542083740234375,12.555809020996094],[53.99833679199219,12.325386047363281]]]}},{"type":"Feature","properties":{},"geometry":{"type":"Polygon","coordinates":[[[-35.785858154296875,-54.76166534423828],[-36.0792236328125,-54.772552490234375],[-35.924163818359375,-54.85169219970703],[-36.11003112792969,-54.88624572753906],[-36.45252990722656,-54.5250244140625],[-36.811668395996094,-54.457916259765625],[-36.86500549316406,-54.34625244140625],[-37.41413879394531,-54.27002716064453],[-37.23838806152344,-54.14460754394531],[-37.67333221435547,-54.17627716064453],[-37.734161376953125,-54.10166931152344],[-37.611724853515625,-54.040443420410156],[-38.022499084472656,-54.00999450683594],[-37.401641845703125,-53.98041534423828],[-37.45916748046875,-54.05918884277344],[-36.623390197753906,-54.12211608886719],[-36.702606201171875,-54.18171691894531],[-36.48252868652344,-54.193359375],[-36.67253112792969,-54.287498474121094],[-36.48339080810547,-54.23374938964844],[-36.504249572753906,-54.36250305175781],[-36.339996337890625,-54.36711120605469],[-36.40083312988281,-54.24922180175781],[-36.29167175292969,-54.262115478515625],[-36.00086212158203,-54.49919128417969],[-36.070831298828125,-54.563385009765625],[-35.88421630859375,-54.53839111328125],[-35.94258117675781,-54.690032958984375],[-35.785858154296875,-54.76166534423828]]]}},{"type":"Feature","properties":{},"geometry":{"type":"Polygon","coordinates":[[[-77.73380279541016,24.457504272460938],[-78.03502655029297,24.23455810546875],[-78.1812744140625,24.39997100830078],[-78.12333679199219,24.527084350585938],[-78.20833587646484,24.430389404296875],[-78.46463775634766,24.596633911132812],[-78.32755279541016,24.712112426757812],[-78.26457977294922,24.599166870117188],[-78.30838775634766,24.772109985351562],[-78.18794250488281,24.720779418945312],[-78.29463958740234,24.783309936523438],[-78.13372039794922,25.005828857421875],[-78.22003173828125,25.20538330078125],[-78.02583312988281,25.180419921875],[-77.75630950927734,24.687530517578125],[-77.73380279541016,24.457504272460938]]]}},{"type":"Feature","properties":{},"geometry":{"type":"Polygon","coordinates":[[[-22.537612915039062,72.13705444335938],[-24.358917236328125,72.58836364746094],[-24.526443481445312,72.83914184570312],[-23.152557373046875,72.83122253417969],[-21.93621826171875,72.48500061035156],[-21.990028381347656,72.38705444335938],[-22.7562255859375,72.43585968017578],[-22.026382446289062,72.26496887207031],[-22.146331787109375,72.14583587646484],[-22.537612915039062,72.13705444335938]]]}},{"type":"Feature","properties":{},"geometry":{"type":"Polygon","coordinates":[[[60.51166534423828,69.72039031982422],[59.57655334472656,69.71622467041016],[59.61830139160156,69.84124755859375],[58.91667175292969,69.95622253417969],[59.04650115966797,69.85791778564453],[58.378639221191406,70.23332977294922],[58.81611633300781,70.2074966430664],[58.47877502441406,70.32244110107422],[59.04502868652344,70.47039031982422],[60.44905090332031,69.93585968017578],[60.51166534423828,69.72039031982422]]]}},{"type":"Feature","properties":{},"geometry":{"type":"Polygon","coordinates":[[[162.0,-10.797080993652344],[161.49838256835938,-10.582084655761719],[161.48291015625,-10.369224548339844],[161.2608642578125,-10.327110290527344],[161.26541137695312,-10.197502136230469],[162.07249450683594,-10.467140197753906],[162.26878356933594,-10.819190979003906],[162.39707946777344,-10.835029602050781],[162.0,-10.797080993652344]]]}},{"type":"Feature","properties":{},"geometry":{"type":"Polygon","coordinates":[[[131.1312713623047,-8.001663208007812],[131.2279510498047,-7.489997863769531],[131.54086303710938,-7.13458251953125],[131.71080017089844,-7.139640808105469],[131.626220703125,-7.6441650390625],[131.2949676513672,-8.03125],[131.28921508789062,-7.923774719238281],[131.1312713623047,-8.001663208007812]]]}},{"type":"Feature","properties":{},"geometry":{"type":"Polygon","coordinates":[[[124.06830596923828,11.72210693359375],[123.72247314453125,11.931251525878906],[123.53497314453125,12.21539306640625],[123.15791320800781,11.907501220703125],[123.29708099365234,12.214942932128906],[123.23416900634766,12.603775024414062],[123.37625122070312,12.544166564941406],[123.32577514648438,12.43536376953125],[123.44000244140625,12.520362854003906],[123.8945541381836,12.212448120117188],[124.06830596923828,11.72210693359375]]]}},{"type":"Feature","properties":{},"geometry":{"type":"Polygon","coordinates":[[[147.66085815429688,44.99542236328125],[146.856201171875,44.4566650390625],[146.9441680908203,44.63452911376953],[147.1812286376953,44.69081115722656],[147.10157775878906,44.816192626953125],[147.85330200195312,45.21214294433594],[147.9091339111328,45.43205261230469],[148.17503356933594,45.259552001953125],[148.6558380126953,45.53877258300781],[148.88577270507812,45.52125549316406],[148.8408966064453,45.334556579589844],[148.31333923339844,45.22039031982422],[147.90493774414062,44.95957946777344],[147.66085815429688,44.99542236328125]]]}},{"type":"Feature","properties":{},"geometry":{"type":"Polygon","coordinates":[[[-79.72152709960938,61.59580993652344],[-80.2647476196289,61.877471923828125],[-80.19921875,62.16166687011719],[-79.92185974121094,62.382781982421875],[-79.60155487060547,62.420166015625],[-79.27938842773438,62.25538635253906],[-79.30735778808594,62.020057678222656],[-79.72152709960938,61.59580993652344]]]}},{"type":"Feature","properties":{},"geometry":{"type":"Polygon","coordinates":[[[131.0,-0.34461212158203125],[130.6941680908203,-0.07711029052734375],[130.61375427246094,-0.1458587646484375],[130.91705322265625,-0.31500244140625],[130.87753295898438,-0.4312744140625],[130.72413635253906,-0.4463043212890625],[130.67503356933594,-0.29538726806640625],[130.53750610351562,-0.43544769287109375],[130.5183563232422,-0.2504425048828125],[130.2078857421875,-0.21172332763671875],[130.44207763671875,-0.19916534423828125],[130.28163146972656,-0.09458160400390625],[130.79080200195312,-0.0079193115234375],[131.2962188720703,-0.1650543212890625],[131.24996948242188,-0.38541412353515625],[131.0,-0.34461212158203125]]]}},{"type":"Feature","properties":{},"geometry":{"type":"Polygon","coordinates":[[[-74.00066375732422,40.6973876953125],[-73.48505401611328,40.94789123535156],[-73.19664001464844,40.887054443359375],[-72.23066711425781,41.160919189453125],[-72.62210845947266,40.93083190917969],[-72.49041748046875,40.869110107421875],[-72.63333129882812,40.799560546875],[-73.93916320800781,40.544586181640625],[-73.74461364746094,40.63417053222656],[-74.00575256347656,40.57177734375],[-74.00066375732422,40.6973876953125]]]}},{"type":"Feature","properties":{},"geometry":{"type":"Polygon","coordinates":[[[156.99667358398438,-7.2795562744140625],[156.4078826904297,-6.738334655761719],[156.44003295898438,-6.597114562988281],[157.00997924804688,-6.88458251953125],[157.1758270263672,-7.1654205322265625],[157.56460571289062,-7.375],[156.99667358398438,-7.2795562744140625]]]}},{"type":"Feature","properties":{},"geometry":{"type":"Polygon","coordinates":[[[18.128280639648438,56.908721923828125],[18.302444458007812,57.10247039794922],[18.19085693359375,57.07080078125],[18.09241485595703,57.25999450683594],[18.19580078125,57.389137268066406],[18.107444763183594,57.53666687011719],[18.701637268066406,57.92205810546875],[18.799911499023438,57.82788848876953],[19.014999389648438,57.922889709472656],[19.104110717773438,57.81663513183594],[18.808334350585938,57.74211120605469],[18.767471313476562,57.62077331542969],[18.765830993652344,57.469139099121094],[18.922470092773438,57.40330505371094],[18.128280639648438,56.908721923828125]]]}},{"type":"Feature","properties":{},"geometry":{"type":"Polygon","coordinates":[[[9.706703186035156,55.505516052246094],[10.318305969238281,55.62200164794922],[10.562553405761719,55.51824951171875],[10.471664428710938,55.438690185546875],[10.624137878417969,55.48994445800781],[10.620887756347656,55.62330627441406],[10.750885009765625,55.48077392578125],[10.540802001953125,55.44325256347656],[10.857475280761719,55.29414367675781],[10.747444152832031,55.298248291015625],[10.745834350585938,55.0675048828125],[10.074974060058594,55.07536315917969],[10.1741943359375,55.12828063964844],[9.977447509765625,55.132476806640625],[9.706703186035156,55.505516052246094]]]}},{"type":"Feature","properties":{},"geometry":{"type":"Polygon","coordinates":[[[-82.0377197265625,52.99983215332031],[-81.81600189208984,53.17236328125],[-81.11902618408203,53.19535827636719],[-80.7629165649414,52.92585754394531],[-80.69480895996094,52.68536376953125],[-82.0377197265625,52.99983215332031]]]}},{"type":"Feature","properties":{},"geometry":{"type":"Polygon","coordinates":[[[-130.93031311035156,55.580413818359375],[-131.1617431640625,55.19627380371094],[-131.3292236328125,55.24330139160156],[-131.24008178710938,55.409584045410156],[-131.467529296875,55.27916717529297],[-131.27915954589844,55.43830871582031],[-131.36338806152344,55.6512451171875],[-131.4100341796875,55.34625244140625],[-131.4667510986328,55.51622009277344],[-131.53338623046875,55.29289245605469],[-131.83258056640625,55.44830322265625],[-131.6258544921875,55.592498779296875],[-131.7242431640625,55.74827575683594],[-131.4942169189453,55.7874755859375],[-131.71421813964844,55.83836364746094],[-131.26341247558594,55.973724365234375],[-130.93031311035156,55.580413818359375]]]}},{"type":"Feature","properties":{},"geometry":{"type":"Polygon","coordinates":[[[122.73835754394531,-4.6421356201171875],[122.59913635253906,-5.437141418457031],[122.5433349609375,-5.261253356933594],[122.47083282470703,-5.403778076171875],[122.27960968017578,-5.392555236816406],[122.40791320800781,-5.0733642578125],[122.37288665771484,-4.7408905029296875],[122.73835754394531,-4.6421356201171875]]]}},{"type":"Feature","properties":{},"geometry":{"type":"Polygon","coordinates":[[[124.39208221435547,-2.0025558471679688],[124.36205291748047,-1.7033309936523438],[124.52996826171875,-1.6254425048828125],[125.32041931152344,-1.7875289916992188],[125.3133316040039,-1.8938064575195312],[124.39208221435547,-2.0025558471679688]]]}},{"type":"Feature","properties":{},"geometry":{"type":"Polygon","coordinates":[[[-133.72921752929688,56.88996887207031],[-134.03585815429688,57.061668395996094],[-133.89169311523438,57.09869384765625],[-132.994140625,56.93922424316406],[-133.00674438476562,56.603721618652344],[-133.3284454345703,56.892059326171875],[-133.25921630859375,56.643310546875],[-133.10252380371094,56.61830139160156],[-133.14913940429688,56.464996337890625],[-133.657470703125,56.43580627441406],[-133.6875762939453,56.8558349609375],[-133.8683624267578,56.84539031982422],[-133.72921752929688,56.88996887207031]]]}},{"type":"Feature","properties":{},"geometry":{"type":"Polygon","coordinates":[[[-113.02141571044922,78.27755737304688],[-113.22563934326172,78.41061401367188],[-110.71221923828125,78.76155853271484],[-109.22469329833984,78.48219299316406],[-109.39447021484375,78.31269073486328],[-110.3592529296875,78.27525329589844],[-111.15547180175781,78.39252471923828],[-111.44344329833984,78.2695541381836],[-112.16594696044922,78.3727798461914],[-113.02141571044922,78.27755737304688]]]}},{"type":"Feature","properties":{},"geometry":{"type":"Polygon","coordinates":[[[-167.0,53.479026794433594],[-167.49671936035156,53.25641632080078],[-167.85516357421875,53.31024932861328],[-166.9486083984375,53.51316833496094],[-167.16700744628906,53.60296630859375],[-167.0010223388672,53.62324523925781],[-167.03919982910156,53.70960998535156],[-166.790771484375,53.62816619873047],[-166.8367156982422,53.70863342285156],[-166.70260620117188,53.72169494628906],[-167.16159057617188,53.83860778808594],[-167.0150604248047,53.964752197265625],[-166.6266326904297,54.00819396972656],[-166.60850524902344,53.82910919189453],[-166.2716064453125,53.984466552734375],[-166.240966796875,53.87852478027344],[-166.6215057373047,53.738861083984375],[-166.34230041503906,53.787811279296875],[-166.2755889892578,53.685279846191406],[-166.54522705078125,53.65110778808594],[-166.5780487060547,53.530303955078125],[-166.66514587402344,53.598052978515625],[-166.6627197265625,53.483642578125],[-166.7980499267578,53.55760955810547],[-166.7519989013672,53.44102478027344],[-167.0,53.479026794433594]]]}},{"type":"Feature","properties":{},"geometry":{"type":"Polygon","coordinates":[[[46.99005126953125,80.17375183105469],[46.75236511230469,80.31580352783203],[48.004722595214844,80.30122375488281],[47.597389221191406,80.39663696289062],[48.28241729736328,80.41497039794922],[47.46983337402344,80.46788787841797],[49.19219970703125,80.52246856689453],[49.66752624511719,80.67497253417969],[48.982444763183594,80.78083038330078],[50.144744873046875,80.9437484741211],[50.427337646484375,80.92666625976562],[50.084808349609375,80.85292053222656],[50.859779357910156,80.95038604736328],[50.98936462402344,80.85610961914062],[50.202415466308594,80.7508316040039],[51.80738830566406,80.71580505371094],[49.66481018066406,80.4812240600586],[49.56011199951172,80.34872436523438],[48.747467041015625,80.37503051757812],[48.49761199951172,80.29164123535156],[49.0872802734375,80.17082977294922],[48.43482971191406,80.18702697753906],[48.33988952636719,80.07286071777344],[47.687530517578125,80.05083465576172],[48.152305603027344,80.19247436523438],[47.92497253417969,80.24708557128906],[46.99005126953125,80.17375183105469]]]}},{"type":"Feature","properties":{},"geometry":{"type":"Polygon","coordinates":[[[22.0,57.94358825683594],[22.222503662109375,58.138336181640625],[21.830833435058594,58.28083801269531],[22.022445678710938,58.36419677734375],[21.83660888671875,58.49786376953125],[22.09991455078125,58.41624450683594],[22.565025329589844,58.63786315917969],[23.300827026367188,58.4749755859375],[22.729995727539062,58.21202850341797],[22.288299560546875,58.198692321777344],[22.20416259765625,57.981666564941406],[22.0,57.94358825683594]]]}},{"type":"Feature","properties":{},"geometry":{"type":"Polygon","coordinates":[[[-129.00047302246094,52.69731140136719],[-129.1368865966797,52.87266540527344],[-129.03677368164062,52.85411071777344],[-128.903076171875,53.02958679199219],[-129.09103393554688,52.901527404785156],[-129.20196533203125,52.96172332763672],[-129.09939575195312,53.189918518066406],[-128.8949737548828,53.16258239746094],[-129.0400848388672,53.30952453613281],[-128.57652282714844,53.096168518066406],[-128.6325225830078,52.64250183105469],[-128.54421997070312,52.67500305175781],[-128.4991912841797,52.43083190917969],[-128.82928466796875,52.514137268066406],[-128.6308135986328,52.60913848876953],[-128.78921508789062,52.645782470703125],[-128.66082763671875,52.96916198730469],[-128.79501342773438,52.67993927001953],[-129.00047302246094,52.69731140136719]]]}},{"type":"Feature","properties":{},"geometry":{"type":"Polygon","coordinates":[[[125.81121826171875,-8.001663208007812],[125.97166442871094,-7.652946472167969],[126.18914031982422,-7.726219177246094],[126.6308364868164,-7.559608459472656],[126.84539031982422,-7.740028381347656],[126.56246948242188,-7.816276550292969],[126.4691390991211,-7.973777770996094],[126.06830596923828,-7.887947082519531],[125.81121826171875,-8.001663208007812]]]}},{"type":"Feature","properties":{},"geometry":{"type":"Polygon","coordinates":[[[136.15167236328125,-1.2171401977539062],[135.8154754638672,-1.1291656494140625],[135.73744201660156,-0.7829437255859375],[135.6466064453125,-0.8962478637695312],[135.475830078125,-0.7420806884765625],[135.544189453125,-0.884613037109375],[135.362060546875,-0.6350021362304688],[135.87167358398438,-0.7087478637695312],[136.18080139160156,-1.0620803833007812],[136.3812255859375,-1.1000289916992188],[136.15167236328125,-1.2171401977539062]]]}},{"type":"Feature","properties":{},"geometry":{"type":"Polygon","coordinates":[[[127.62999725341797,-1.3270797729492188],[128.14910888671875,-1.686279296875],[127.55496978759766,-1.7387466430664062],[127.37877655029297,-1.62255859375],[127.40460968017578,-1.4175033569335938],[127.62999725341797,-1.3270797729492188]]]}},{"type":"Feature","properties":{},"geometry":{"type":"Polygon","coordinates":[[[55.26580810546875,-21.001220703125],[55.42413330078125,-20.862945556640625],[55.67083740234375,-20.912139892578125],[55.84124755859375,-21.149192810058594],[55.807891845703125,-21.334197998046875],[55.344970703125,-21.269577026367188],[55.26580810546875,-21.001220703125]]]}},{"type":"Feature","properties":{},"geometry":{"type":"Polygon","coordinates":[[[-68.1925277709961,-55.000831604003906],[-68.39441680908203,-54.94422149658203],[-67.3050308227539,-54.9254150390625],[-67.05085754394531,-55.15422058105469],[-67.24996948242188,-55.313804626464844],[-67.5167465209961,-55.172088623046875],[-67.61499786376953,-55.2738037109375],[-68.04669189453125,-55.2354736328125],[-68.1925277709961,-55.000831604003906]]]}},{"type":"Feature","properties":{},"geometry":{"type":"Polygon","coordinates":[[[-22.849945068359375,73.15705871582031],[-24.429946899414062,73.02207946777344],[-25.758804321289062,73.1933364868164],[-25.285110473632812,73.3995590209961],[-24.609939575195312,73.42961120605469],[-23.2088623046875,73.23413848876953],[-24.82763671875,73.2953872680664],[-22.849945068359375,73.15705871582031]]]}},{"type":"Feature","properties":{},"geometry":{"type":"Polygon","coordinates":[[[123.1633071899414,-1.305419921875],[122.88417053222656,-1.6087799072265625],[122.79125213623047,-1.4766387939453125],[122.90583038330078,-1.1854476928710938],[123.1883316040039,-1.1596145629882812],[123.24082946777344,-1.3995819091796875],[123.37163543701172,-1.2221145629882812],[123.55713653564453,-1.2833633422851562],[123.4574966430664,-1.5196075439453125],[123.25794219970703,-1.4450302124023438],[123.24585723876953,-1.6479415893554688],[123.10375213623047,-1.600830078125],[123.1633071899414,-1.305419921875]]]}},{"type":"Feature","properties":{},"geometry":{"type":"Polygon","coordinates":[[[136.32330322265625,-14.247108459472656],[136.40628051757812,-13.830024719238281],[136.72579956054688,-13.650421142578125],[136.72413635253906,-13.843780517578125],[136.92625427246094,-13.810028076171875],[136.70372009277344,-14.17169189453125],[136.91497802734375,-14.141281127929688],[136.94961547851562,-14.305000305175781],[136.32330322265625,-14.247108459472656]]]}},{"type":"Feature","properties":{},"geometry":{"type":"Polygon","coordinates":[[[136.2624969482422,-1.9129180908203125],[135.40625,-1.5999984741210938],[136.89955139160156,-1.7874984741210938],[136.2624969482422,-1.9129180908203125]]]}},{"type":"Feature","properties":{},"geometry":{"type":"Polygon","coordinates":[[[-95.47183227539062,77.81578063964844],[-93.09302520751953,77.66464233398438],[-93.564697265625,77.44227600097656],[-95.84494018554688,77.46485900878906],[-96.33047485351562,77.60444641113281],[-95.47183227539062,77.81578063964844]]]}},{"type":"Feature","properties":{},"geometry":{"type":"Polygon","coordinates":[[[128.26622009277344,1.9991683959960938],[128.18960571289062,2.2841644287109375],[128.5683135986328,2.6412506103515625],[128.688720703125,2.4683074951171875],[128.56875610351562,2.1116409301757812],[128.26622009277344,1.9991683959960938]]]}},{"type":"Feature","properties":{},"geometry":{"type":"Polygon","coordinates":[[[14.989974975585938,68.30455780029297],[15.400749206542969,68.46666717529297],[15.20672607421875,68.57624816894531],[15.630859375,68.6191635131836],[15.455780029296875,68.72833251953125],[15.715858459472656,68.6949691772461],[15.460746765136719,68.7641372680664],[15.67578125,68.81494140625],[15.618247985839844,68.95375061035156],[15.915779113769531,68.95661163330078],[15.774887084960938,68.73542022705078],[16.014137268066406,68.782470703125],[15.731582641601562,68.53377532958984],[16.277442932128906,68.74246978759766],[16.09246826171875,68.82164001464844],[16.349105834960938,68.83499908447266],[16.263389587402344,68.92121887207031],[16.59832763671875,68.83955383300781],[16.518218994140625,68.56458282470703],[16.096725463867188,68.5562515258789],[16.009109497070312,68.41080474853516],[15.77996826171875,68.45872497558594],[15.626640319824219,68.305419921875],[15.325691223144531,68.35832977294922],[15.5399169921875,68.51705932617188],[14.989974975585938,68.30455780029297]]]}},{"type":"Feature","properties":{},"geometry":{"type":"Polygon","coordinates":[[[-83.0,21.465415954589844],[-83.19291687011719,21.62830352783203],[-82.95874786376953,21.597503662109375],[-83.09378051757812,21.783309936523438],[-82.94791412353516,21.930801391601562],[-82.69086456298828,21.884552001953125],[-82.52874755859375,21.571670532226562],[-83.0,21.465415954589844]]]}},{"type":"Feature","properties":{},"geometry":{"type":"Polygon","coordinates":[[[-164.70460510253906,60.294166564941406],[-165.14505004882812,60.45111083984375],[-164.9733123779297,60.539886474609375],[-165.42300415039062,60.55583190917969],[-164.9798583984375,60.71155548095703],[-164.94732666015625,60.92561340332031],[-164.26739501953125,60.791526794433594],[-164.2020263671875,60.678863525390625],[-164.52685546875,60.55072021484375],[-164.70460510253906,60.294166564941406]]]}},{"type":"Feature","properties":{},"geometry":{"type":"Polygon","coordinates":[[[-6.815864562988281,57.901641845703125],[-7.114250183105469,57.9891357421875],[-6.937553405761719,58.050804138183594],[-7.135917663574219,58.124168395996094],[-7.0491943359375,58.233306884765625],[-6.7167205810546875,58.170387268066406],[-6.8058624267578125,58.30413818359375],[-6.253364562988281,58.51544189453125],[-6.162559509277344,58.34330749511719],[-6.375885009765625,58.224998474121094],[-6.135833740234375,58.2550048828125],[-6.580833435058594,58.089996337890625],[-6.37591552734375,58.089996337890625],[-6.580833435058594,58.00413513183594],[-6.467559814453125,57.93830871582031],[-6.6592254638671875,57.92247009277344],[-6.668357849121094,58.049583435058594],[-6.755859375,58.0050048828125],[-6.664222717285156,57.88166809082031],[-6.968360900878906,57.727081298828125],[-7.132530212402344,57.836639404296875],[-6.815864562988281,57.901641845703125]]]}},{"type":"Feature","properties":{},"geometry":{"type":"Polygon","coordinates":[[[-50.0,-0.06041717529296875],[-50.349693298339844,0.0375823974609375],[-50.39733123779297,0.22066497802734375],[-49.65171813964844,0.35121917724609375],[-49.64044189453125,0.22164154052734375],[-50.0,-0.06041717529296875]]]}},{"type":"Feature","properties":{},"geometry":{"type":"Polygon","coordinates":[[[125.14128112792969,-8.319999694824219],[124.42244720458984,-8.464614868164062],[124.337890625,-8.423332214355469],[124.5604476928711,-8.224197387695312],[124.40374755859375,-8.280860900878906],[124.52413940429688,-8.122108459472656],[125.0875015258789,-8.148780822753906],[125.14128112792969,-8.319999694824219]]]}},{"type":"Feature","properties":{},"geometry":{"type":"Polygon","coordinates":[[[116.09085845947266,-4.087944030761719],[116.03619384765625,-3.4866409301757812],[116.28414154052734,-3.2145843505859375],[116.30705261230469,-3.9124984741210938],[116.09085845947266,-4.087944030761719]]]}},{"type":"Feature","properties":{},"geometry":{"type":"Polygon","coordinates":[[[-72.7929458618164,-44.67583465576172],[-73.27583312988281,-44.9312744140625],[-73.40125274658203,-44.81585693359375],[-73.1679458618164,-44.80836486816406],[-73.36666870117188,-44.80125427246094],[-73.46380615234375,-44.640838623046875],[-73.10172271728516,-44.574615478515625],[-73.25458526611328,-44.437530517578125],[-72.98416900634766,-44.36375427246094],[-72.9925308227539,-44.57377624511719],[-72.87503051757812,-44.428802490234375],[-72.69210815429688,-44.530029296875],[-72.8116683959961,-44.64710998535156],[-72.97505950927734,-44.57963562011719],[-72.7929458618164,-44.67583465576172]]]}},{"type":"Feature","properties":{},"geometry":{"type":"Polygon","coordinates":[[[61.089752197265625,80.35871887207031],[59.35730743408203,80.475830078125],[59.672393798828125,80.79083251953125],[62.039833068847656,80.85871887207031],[62.19728088378906,80.66252899169922],[61.089752197265625,80.35871887207031]]]}},{"type":"Feature","properties":{},"geometry":{"type":"Polygon","coordinates":[[[130.47125244140625,-2.0116653442382812],[130.1157989501953,-2.0596084594726562],[129.7129364013672,-1.8799972534179688],[130.34750366210938,-1.6712799072265625],[130.45538330078125,-1.8316650390625],[130.32958984375,-1.9208602905273438],[130.47125244140625,-2.0116653442382812]]]}},{"type":"Feature","properties":{},"geometry":{"type":"Polygon","coordinates":[[[157.39581298828125,-8.00128173828125],[157.57757568359375,-8.000419616699219],[157.87913513183594,-8.5804443359375],[157.80416870117188,-8.635444641113281],[157.56541442871094,-8.425857543945312],[157.54586791992188,-8.254608154296875],[157.2095489501953,-8.317558288574219],[157.39581298828125,-8.00128173828125]]]}},{"type":"Feature","properties":{},"geometry":{"type":"Polygon","coordinates":[[[167.20672607421875,-15.889610290527344],[167.75961303710938,-16.344192504882812],[167.75582885742188,-16.55377197265625],[167.40628051757812,-16.536666870117188],[167.37290954589844,-16.193328857421875],[167.13372802734375,-16.09002685546875],[167.20672607421875,-15.889610290527344]]]}},{"type":"Feature","properties":{},"geometry":{"type":"Polygon","coordinates":[[[-16.692474365234375,27.998748779296875],[-16.91297149658203,28.359161376953125],[-16.133331298828125,28.58038330078125],[-16.422470092773438,28.144577026367188],[-16.692474365234375,27.998748779296875]]]}},{"type":"Feature","properties":{},"geometry":{"type":"Polygon","coordinates":[[[156.17247009277344,50.508331298828125],[155.40496826171875,50.00538635253906],[155.22410583496094,50.05000305175781],[155.20913696289062,50.29167175292969],[155.6524658203125,50.379974365234375],[156.04830932617188,50.76788330078125],[156.1591339111328,50.741668701171875],[156.17247009277344,50.508331298828125]]]}},{"type":"Feature","properties":{},"geometry":{"type":"Polygon","coordinates":[[[169.24749755859375,69.57499694824219],[168.9982147216797,69.56541442871094],[167.7949676513672,69.8004150390625],[168.1532440185547,69.9812240600586],[169.44488525390625,69.86042022705078],[169.24749755859375,69.57499694824219]]]}},{"type":"Feature","properties":{},"geometry":{"type":"Polygon","coordinates":[[[-134.00088500976562,56.651641845703125],[-133.88668823242188,56.811279296875],[-133.73089599609375,56.77747344970703],[-133.6941680908203,56.600807189941406],[-133.94175720214844,56.617889404296875],[-133.8476104736328,56.57499694824219],[-133.9858856201172,56.50666809082031],[-133.83253479003906,56.32416534423828],[-133.9858856201172,56.36663818359375],[-133.88255310058594,56.22666931152344],[-133.97084045410156,56.08335876464844],[-134.0700225830078,56.32038879394531],[-134.0975341796875,56.17500305175781],[-134.19593811035156,56.18827819824219],[-134.1383819580078,56.00208282470703],[-134.2808837890625,56.25830078125],[-134.1675262451172,56.32746887207031],[-134.294189453125,56.353302001953125],[-134.18496704101562,56.44872283935547],[-134.05252075195312,56.34330749511719],[-134.03582763671875,56.500831604003906],[-134.32093811035156,56.55497741699219],[-134.08082580566406,56.643333435058594],[-134.27674865722656,56.62205505371094],[-134.20755004882812,56.675804138183594],[-134.39920043945312,56.72083282470703],[-134.4125518798828,56.853302001953125],[-134.1141357421875,56.84330749511719],[-134.271728515625,56.937889099121094],[-133.9459228515625,56.80577850341797],[-134.00088500976562,56.651641845703125]]]}},{"type":"Feature","properties":{},"geometry":{"type":"Polygon","coordinates":[[[71.68616485595703,73.16997528076172],[70.10755920410156,73.0820541381836],[70.15364074707031,73.0133056640625],[69.9748306274414,73.01294708251953],[70.03485870361328,73.39544677734375],[70.842529296875,73.4895248413086],[71.27239227294922,73.43038940429688],[71.31610870361328,73.27749633789062],[71.42747497558594,73.34041595458984],[71.68616485595703,73.16997528076172]]]}},{"type":"Feature","properties":{},"geometry":{"type":"Polygon","coordinates":[[[163.9091339111328,58.989166259765625],[163.71743774414062,58.99749755859375],[164.58328247070312,59.23872375488281],[164.73411560058594,59.0374755859375],[164.63658142089844,58.87042236328125],[164.15835571289062,58.81291198730469],[163.47666931152344,58.4495849609375],[163.4024658203125,58.551666259765625],[163.56581115722656,58.57746887207031],[163.9091339111328,58.989166259765625]]]}},{"type":"Feature","properties":{},"geometry":{"type":"Polygon","coordinates":[[[8.419525146484375,3.3557815551757812],[8.690803527832031,3.7737197875976562],[8.918693542480469,3.7458038330078125],[8.678306579589844,3.2087249755859375],[8.419525146484375,3.3557815551757812]]]}},{"type":"Feature","properties":{},"geometry":{"type":"Polygon","coordinates":[[[147.0,-2.2020797729492188],[146.6782989501953,-2.12628173828125],[146.55252075195312,-2.2554473876953125],[146.50625610351562,-2.1558074951171875],[146.6374969482422,-1.9703903198242188],[147.436279296875,-2.0224990844726562],[147.0,-2.2020797729492188]]]}},{"type":"Feature","properties":{},"geometry":{"type":"Polygon","coordinates":[[[-156.00057983398438,20.698165893554688],[-156.41566467285156,20.58575439453125],[-156.68435668945312,20.98133087158203],[-156.24281311035156,20.940528869628906],[-156.00057983398438,20.698165893554688]]]}},{"type":"Feature","properties":{},"geometry":{"type":"Polygon","coordinates":[[[111.99005889892578,74.35874938964844],[112.05750274658203,74.55291748046875],[113.49869537353516,74.39167022705078],[112.85749816894531,74.07791900634766],[111.6050796508789,74.26622009277344],[111.59002685546875,74.3546142578125],[111.99005889892578,74.35874938964844]]]}},{"type":"Feature","properties":{},"geometry":{"type":"Polygon","coordinates":[[[-152.87197875976562,57.998443603515625],[-153.2234649658203,58.1639404296875],[-152.85092163085938,58.155860900878906],[-153.1065216064453,58.25921630859375],[-152.7191619873047,58.26244354248047],[-152.88174438476562,58.412078857421875],[-152.49330139160156,58.466217041015625],[-152.4233856201172,58.30207824707031],[-152.35671997070312,58.424560546875],[-152.1267852783203,58.39872741699219],[-152.1383819580078,58.21708679199219],[-151.9815216064453,58.35160827636719],[-152.08338928222656,58.15208435058594],[-152.25338745117188,58.272056579589844],[-152.36924743652344,58.190834045410156],[-152.2709503173828,58.12580871582031],[-152.54666137695312,58.08372497558594],[-152.57174682617188,58.21788787841797],[-152.62416076660156,58.07746887207031],[-152.87197875976562,57.998443603515625]]]}},{"type":"Feature","properties":{},"geometry":{"type":"Polygon","coordinates":[[[138.2274932861328,55.03497314453125],[137.71002197265625,54.615386962890625],[137.48497009277344,54.86872100830078],[137.2358856201172,54.76161193847656],[137.63328552246094,55.19622039794922],[138.2274932861328,55.03497314453125]]]}},{"type":"Feature","properties":{},"geometry":{"type":"Polygon","coordinates":[[[57.54124450683594,-20.000831604003906],[57.670387268066406,-20.011688232421875],[57.78125,-20.293365478515625],[57.66664123535156,-20.4796142578125],[57.404945373535156,-20.515411376953125],[57.29618835449219,-20.463333129882812],[57.54124450683594,-20.000831604003906]]]}},{"type":"Feature","properties":{},"geometry":{"type":"Polygon","coordinates":[[[127.2828598022461,-0.4775543212890625],[127.31664276123047,-0.33127593994140625],[127.44667053222656,-0.42458343505859375],[127.56497192382812,-0.319610595703125],[127.69041442871094,-0.46419525146484375],[127.59208679199219,-0.6291656494140625],[127.9004135131836,-0.7958297729492188],[127.46833038330078,-0.8354415893554688],[127.47208404541016,-0.6400527954101562],[127.2828598022461,-0.4775543212890625]]]}},{"type":"Feature","properties":{},"geometry":{"type":"Polygon","coordinates":[[[-80.0,55.899078369140625],[-79.53863525390625,56.2667236328125],[-79.45083618164062,56.561279296875],[-79.41146850585938,56.44233703613281],[-79.6451644897461,56.0863037109375],[-79.40733337402344,56.21122741699219],[-79.25294494628906,56.630615234375],[-78.92236328125,56.428443908691406],[-78.87958526611328,56.30694580078125],[-79.20508575439453,55.86033630371094],[-78.94010925292969,56.39152526855469],[-79.28133392333984,55.849884033203125],[-79.13197326660156,56.239227294921875],[-79.49269104003906,55.85905456542969],[-79.61499786376953,55.90852355957031],[-79.77855682373047,55.776222229003906],[-79.51080322265625,56.13285827636719],[-79.86035919189453,55.82836151123047],[-79.82180786132812,55.922889709472656],[-80.0,55.899078369140625]]]}},{"type":"Feature","properties":{},"geometry":{"type":"Polygon","coordinates":[[[126.16124725341797,33.29083251953125],[126.3125,33.47041320800781],[126.6441421508789,33.55535888671875],[126.94628143310547,33.4566650390625],[126.60327911376953,33.2379150390625],[126.27085876464844,33.194580078125],[126.16124725341797,33.29083251953125]]]}},{"type":"Feature","properties":{},"geometry":{"type":"Polygon","coordinates":[[[-167.85992431640625,53.373748779296875],[-169.1192169189453,52.82249450683594],[-168.86488342285156,52.94169616699219],[-168.6944122314453,53.228721618652344],[-168.3501739501953,53.2598876953125],[-168.43869018554688,53.33146667480469],[-168.34510803222656,53.48072052001953],[-167.79428100585938,53.52141571044922],[-167.85992431640625,53.373748779296875]]]}},{"type":"Feature","properties":{},"geometry":{"type":"Polygon","coordinates":[[[-22.962493896484375,72.84455871582031],[-24.527610778808594,72.88872528076172],[-24.568771362304688,72.98169708251953],[-22.484970092773438,73.00955963134766],[-21.906280517578125,72.92082977294922],[-22.18878173828125,72.81246948242188],[-21.86383056640625,72.7191390991211],[-22.605194091796875,72.68541717529297],[-22.962493896484375,72.84455871582031]]]}},{"type":"Feature","properties":{},"geometry":{"type":"Polygon","coordinates":[[[62.98991394042969,80.68538665771484],[62.67219543457031,80.8375244140625],[64.08222198486328,80.96499633789062],[64.39505767822266,81.182861328125],[65.00475311279297,81.1729736328125],[65.3874740600586,81.0191650390625],[65.2074203491211,80.8399429321289],[64.15008544921875,80.65872192382812],[62.98991394042969,80.68538665771484]]]}},{"type":"Feature","properties":{},"geometry":{"type":"Polygon","coordinates":[[[95.80166625976562,2.9329147338867188],[96.4499740600586,2.4803924560546875],[96.495361328125,2.369140625],[96.3183364868164,2.357025146484375],[95.69122314453125,2.7749710083007812],[95.80166625976562,2.9329147338867188]]]}},{"type":"Feature","properties":{},"geometry":{"type":"Polygon","coordinates":[[[-74.25714111328125,68.06388854980469],[-73.40357971191406,67.97721862792969],[-73.4312744140625,67.75824737548828],[-74.40922546386719,67.7750244140625],[-74.78580474853516,68.00186157226562],[-74.35072326660156,68.18675231933594],[-74.25714111328125,68.06388854980469]]]}},{"type":"Feature","properties":{},"geometry":{"type":"Polygon","coordinates":[[[-172.8346710205078,-13.5191650390625],[-172.3726043701172,-13.43878173828125],[-172.18630981445312,-13.670082092285156],[-172.24681091308594,-13.804695129394531],[-172.55674743652344,-13.802947998046875],[-172.8346710205078,-13.5191650390625]]]}},{"type":"Feature","properties":{},"geometry":{"type":"Polygon","coordinates":[[[130.01121520996094,-11.780059814453125],[130.0675048828125,-11.67047119140625],[130.2937469482422,-11.724998474121094],[130.13958740234375,-11.477500915527344],[130.33331298828125,-11.317138671875],[130.4329376220703,-11.73919677734375],[130.6370849609375,-11.755828857421875],[130.01121520996094,-11.780059814453125]]]}},{"type":"Feature","properties":{},"geometry":{"type":"Polygon","coordinates":[[[168.2225341796875,-47.09880065917969],[167.70333862304688,-47.152915954589844],[167.456298828125,-47.28172302246094],[167.71624755859375,-47.046661376953125],[167.78916931152344,-46.683746337890625],[168.16455078125,-46.894195556640625],[167.99749755859375,-46.867919921875],[167.919189453125,-46.96794128417969],[168.20289611816406,-46.924163818359375],[168.2225341796875,-47.09880065917969]]]}},{"type":"Feature","properties":{},"geometry":{"type":"Polygon","coordinates":[[[93.0,79.68791961669922],[91.71319580078125,79.6253890991211],[91.24988555908203,79.68455505371094],[91.17972564697266,79.73705291748047],[92.3249740600586,79.75166320800781],[91.1564712524414,79.83374786376953],[90.97489166259766,80.06294250488281],[93.79308319091797,79.92124938964844],[93.0,79.68791961669922]]]}},{"type":"Feature","properties":{},"geometry":{"type":"Polygon","coordinates":[[[-6.164222717285156,57.298309326171875],[-5.647529602050781,57.25077819824219],[-6.0167236328125,57.019554138183594],[-5.839195251464844,57.188331604003906],[-6.321693420410156,57.161224365234375],[-6.480857849121094,57.29164123535156],[-6.3092193603515625,57.30083465576172],[-6.399192810058594,57.36000061035156],[-6.789222717285156,57.42161560058594],[-6.72003173828125,57.51371765136719],[-6.582496643066406,57.42413330078125],[-6.6375274658203125,57.60749816894531],[-6.31341552734375,57.457054138183594],[-6.427497863769531,57.64580535888672],[-6.297584533691406,57.70830535888672],[-6.135887145996094,57.589195251464844],[-6.164222717285156,57.298309326171875]]]}},{"type":"Feature","properties":{},"geometry":{"type":"Polygon","coordinates":[[[152.94375610351562,-25.586692810058594],[152.98878479003906,-25.222503662109375],[153.23458862304688,-24.960891723632812],[153.11544799804688,-24.81255340576172],[153.26580810546875,-24.69708251953125],[153.35791015625,-25.009994506835938],[153.06910705566406,-25.79711151123047],[152.94375610351562,-25.586692810058594]]]}},{"type":"Feature","properties":{},"geometry":{"type":"Polygon","coordinates":[[[-14.004165649414062,28.207077026367188],[-14.503776550292969,28.064163208007812],[-14.217109680175781,28.214996337890625],[-14.013778686523438,28.709136962890625],[-13.885002136230469,28.75457763671875],[-13.84625244140625,28.397476196289062],[-14.004165649414062,28.207077026367188]]]}},{"type":"Feature","properties":{},"geometry":{"type":"Polygon","coordinates":[[[26.527496337890625,38.97455596923828],[26.083724975585938,39.0758056640625],[26.283309936523438,39.1937255859375],[26.06580352783203,39.08625030517578],[25.856216430664062,39.2550048828125],[26.368331909179688,39.37788391113281],[26.616249084472656,39.018310546875],[26.476669311523438,39.117889404296875],[26.527496337890625,38.97455596923828]]]}},{"type":"Feature","properties":{},"geometry":{"type":"Polygon","coordinates":[[[108.22164154052734,4.24041748046875],[108.38874816894531,3.8024444580078125],[108.30083465576172,3.6653594970703125],[108.15744018554688,3.6378860473632812],[108.09283447265625,3.6991424560546875],[108.18997192382812,3.7911911010742188],[108.27497100830078,3.7186965942382812],[108.23535919189453,3.8191146850585938],[108.06407928466797,3.8420562744140625],[107.96460723876953,4.0149688720703125],[108.22164154052734,4.24041748046875]]]}},{"type":"Feature","properties":{},"geometry":{"type":"Polygon","coordinates":[[[130.99928283691406,-1.2891921997070312],[130.85586547851562,-1.349609375],[130.63916015625,-0.96624755859375],[131.03335571289062,-0.917083740234375],[130.99928283691406,-1.2891921997070312]]]}},{"type":"Feature","properties":{},"geometry":{"type":"Polygon","coordinates":[[[102.48330688476562,1.142913818359375],[103.04621887207031,0.8241653442382812],[103.02666473388672,0.6870269775390625],[102.40621948242188,0.860809326171875],[102.48330688476562,1.142913818359375]]]}},{"type":"Feature","properties":{},"geometry":{"type":"Polygon","coordinates":[[[17.961639404296875,69.52124786376953],[18.05255889892578,69.36853790283203],[17.8524169921875,69.22914123535156],[17.986587524414062,69.18291473388672],[17.468215942382812,69.20291900634766],[17.144943237304688,69.01203155517578],[16.783355712890625,69.0562515258789],[17.20733642578125,69.19667053222656],[16.88744354248047,69.19994354248047],[17.17578125,69.28669738769531],[16.895721435546875,69.3133316040039],[17.184188842773438,69.350830078125],[16.86663818359375,69.37791442871094],[17.490753173828125,69.42749786376953],[17.306716918945312,69.54122161865234],[17.677444458007812,69.46663665771484],[17.476638793945312,69.60038757324219],[17.669944763183594,69.48208618164062],[17.619857788085938,69.59869384765625],[17.879837036132812,69.57872009277344],[17.814163208007812,69.45580291748047],[17.961639404296875,69.52124786376953]]]}},{"type":"Feature","properties":{},"geometry":{"type":"Polygon","coordinates":[[[-157.64907836914062,21.31055450439453],[-158.1116180419922,21.300140380859375],[-158.28271484375,21.57708740234375],[-157.9842987060547,21.714691162109375],[-157.64907836914062,21.31055450439453]]]}},{"type":"Feature","properties":{},"geometry":{"type":"Polygon","coordinates":[[[39.29414367675781,-5.725440979003906],[39.407081604003906,-6.198333740234375],[39.53375244140625,-6.1891632080078125],[39.510772705078125,-6.4796142578125],[39.18205261230469,-6.1641693115234375],[39.29414367675781,-5.725440979003906]]]}},{"type":"Feature","properties":{},"geometry":{"type":"Polygon","coordinates":[[[-117.47675323486328,76.04841613769531],[-118.5677490234375,75.50174713134766],[-119.40855407714844,75.60861206054688],[-118.71041870117188,75.89064025878906],[-117.65953063964844,76.1280288696289],[-117.47675323486328,76.04841613769531]]]}},{"type":"Feature","properties":{},"geometry":{"type":"Polygon","coordinates":[[[-73.14714050292969,20.998306274414062],[-73.6500244140625,20.91205596923828],[-73.70375061035156,21.017501831054688],[-73.39086151123047,21.235443115234375],[-73.16997528076172,21.164581298828125],[-73.0175552368164,21.33869171142578],[-73.14714050292969,20.998306274414062]]]}},{"type":"Feature","properties":{},"geometry":{"type":"Polygon","coordinates":[[[-15.37127685546875,27.998306274414062],[-15.574974060058594,27.732025146484375],[-15.828720092773438,27.909194946289062],[-15.683387756347656,28.167938232421875],[-15.406723022460938,28.174560546875],[-15.37127685546875,27.998306274414062]]]}},{"type":"Feature","properties":{},"geometry":{"type":"Polygon","coordinates":[[[-70.68338775634766,-54.193748474121094],[-70.9041976928711,-53.88336181640625],[-70.61083221435547,-53.875030517578125],[-70.7092514038086,-53.70416259765625],[-70.45500183105469,-53.56800079345703],[-70.3159408569336,-54.02002716064453],[-70.65758514404297,-53.96746826171875],[-70.5108642578125,-54.155860900878906],[-70.20088958740234,-54.24169921875],[-70.68338775634766,-54.193748474121094]]]}},{"type":"Feature","properties":{},"geometry":{"type":"Polygon","coordinates":[[[-22.003860473632812,74.25666809082031],[-21.10595703125,74.44181823730469],[-20.52996826171875,74.40621948242188],[-20.101417541503906,74.18746948242188],[-21.280059814453125,74.08455657958984],[-22.003860473632812,74.25666809082031]]]}},{"type":"Feature","properties":{},"geometry":{"type":"Polygon","coordinates":[[[101.7691421508789,1.9995574951171875],[101.70916748046875,1.7520523071289062],[101.45122528076172,1.7324752807617188],[101.413330078125,2.0478897094726562],[101.65583038330078,2.132080078125],[101.7691421508789,1.9995574951171875]]]}},{"type":"Feature","properties":{},"geometry":{"type":"Polygon","coordinates":[[[145.39707946777344,43.8316650390625],[146.12661743164062,44.508750915527344],[146.57913208007812,44.45703125],[145.9357452392578,44.14707946777344],[145.43167114257812,43.717918395996094],[145.39707946777344,43.8316650390625]]]}},{"type":"Feature","properties":{},"geometry":{"type":"Polygon","coordinates":[[[92.69369506835938,12.604110717773438],[92.97872161865234,12.48828125],[92.80952453613281,12.456581115722656],[92.88916778564453,12.314498901367188],[92.7078857421875,12.323280334472656],[92.69369506835938,12.604110717773438]]]}},{"type":"Feature","properties":{},"geometry":{"type":"Polygon","coordinates":[[[-129.5034942626953,53.20875549316406],[-130.29246520996094,53.82666778564453],[-130.2084503173828,53.91291809082031],[-129.3359375,53.366607666015625],[-129.4742431640625,53.36830139160156],[-129.5034942626953,53.20875549316406]]]}},{"type":"Feature","properties":{},"geometry":{"type":"Polygon","coordinates":[[[-48.46824645996094,82.6368637084961],[-46.935943603515625,82.6683349609375],[-45.28175354003906,82.39311218261719],[-45.94758605957031,82.22144317626953],[-45.64783477783203,82.06805419921875],[-47.67274475097656,82.3770523071289],[-48.46824645996094,82.6368637084961]]]}},{"type":"Feature","properties":{},"geometry":{"type":"Polygon","coordinates":[[[124.27958679199219,13.999137878417969],[124.41374969482422,13.665802001953125],[124.19000244140625,13.520416259765625],[124.02124786376953,13.664970397949219],[124.12494659423828,14.063751220703125],[124.27958679199219,13.999137878417969]]]}},{"type":"Feature","properties":{},"geometry":{"type":"Polygon","coordinates":[[[-61.59950256347656,15.999137878417969],[-61.74214172363281,16.012420654296875],[-61.798805236816406,16.319053649902344],[-61.546783447265625,16.282859802246094],[-61.46092224121094,16.518692016601562],[-61.16796875,16.249114990234375],[-61.57758331298828,16.240386962890625],[-61.59950256347656,15.999137878417969]]]}},{"type":"Feature","properties":{},"geometry":{"type":"Polygon","coordinates":[[[56.27825164794922,26.963027954101562],[55.99247741699219,26.7320556640625],[55.27044677734375,26.567474365234375],[55.26496887207031,26.658721923828125],[55.7874755859375,26.78705596923828],[55.75166320800781,26.952911376953125],[56.27825164794922,26.963027954101562]]]}},{"type":"Feature","properties":{},"geometry":{"type":"Polygon","coordinates":[[[-159.77220153808594,21.997222900390625],[-159.58335876464844,22.22705078125],[-159.2963104248047,22.149139404296875],[-159.4459228515625,21.868911743164062],[-159.77220153808594,21.997222900390625]]]}},{"type":"Feature","properties":{},"geometry":{"type":"Polygon","coordinates":[[[150.0,45.821250915527344],[149.39208984375,45.578277587890625],[150.2183837890625,46.19041442871094],[150.57171630859375,46.23041534423828],[150.0,45.821250915527344]]]}},{"type":"Feature","properties":{},"geometry":{"type":"Polygon","coordinates":[[[28.087890625,36.05332946777344],[27.750808715820312,35.87705993652344],[27.68541717529297,36.157470703125],[28.223304748535156,36.460418701171875],[28.087890625,36.05332946777344]]]}},{"type":"Feature","properties":{},"geometry":{"type":"Polygon","coordinates":[[[-90.0,77.5445556640625],[-89.64888763427734,77.31194305419922],[-90.35050201416016,77.19766998291016],[-91.16422271728516,77.36653137207031],[-91.248779296875,77.57066345214844],[-90.87633514404297,77.66058349609375],[-90.0,77.5445556640625]]]}},{"type":"Feature","properties":{},"geometry":{"type":"Polygon","coordinates":[[[16.395828247070312,56.603302001953125],[17.119972229003906,57.362060546875],[16.3966064453125,56.194610595703125],[16.395828247070312,56.603302001953125]]]}},{"type":"Feature","properties":{},"geometry":{"type":"Polygon","coordinates":[[[-77.50336456298828,63.196197509765625],[-78.0020523071289,63.112335205078125],[-78.54005432128906,63.43055725097656],[-77.64555358886719,63.42121887207031],[-77.50336456298828,63.196197509765625]]]}},{"type":"Feature","properties":{},"geometry":{"type":"Polygon","coordinates":[[[-74.0008316040039,-53.12086486816406],[-74.33255767822266,-53.11669921875],[-74.72088623046875,-52.746665954589844],[-74.31502532958984,-52.98374938964844],[-74.12672424316406,-52.944610595703125],[-73.62833404541016,-53.18377685546875],[-73.59833526611328,-53.08625030517578],[-73.52738952636719,-53.2554931640625],[-73.43252563476562,-53.250030517578125],[-73.47333526611328,-53.148773193359375],[-73.09416961669922,-53.375831604003906],[-73.59666442871094,-53.347084045410156],[-73.48249816894531,-53.31416320800781],[-73.6058578491211,-53.196693420410156],[-74.09586334228516,-53.07002258300781],[-74.0008316040039,-53.12086486816406]]]}},{"type":"Feature","properties":{},"geometry":{"type":"Polygon","coordinates":[[[148.0883026123047,-40.271278381347656],[147.74794006347656,-39.87750244140625],[147.9383544921875,-39.719581604003906],[148.29788208007812,-39.961692810058594],[148.2096710205078,-40.125831604003906],[148.28750610351562,-40.07878112792969],[148.33544921875,-40.21086120605469],[148.0883026123047,-40.271278381347656]]]}},{"type":"Feature","properties":{},"geometry":{"type":"Polygon","coordinates":[[[92.87410736083984,12.880332946777344],[92.85208129882812,13.399971008300781],[93.038330078125,13.574554443359375],[93.04125213623047,13.057472229003906],[92.8953628540039,13.087471008300781],[92.87410736083984,12.880332946777344]]]}},{"type":"Feature","properties":{},"geometry":{"type":"Polygon","coordinates":[[[150.42294311523438,-9.381668090820312],[150.78163146972656,-9.40625],[150.93621826171875,-9.670829772949219],[150.4499969482422,-9.642890930175781],[150.5220489501953,-9.531692504882812],[150.42294311523438,-9.381668090820312]]]}},{"type":"Feature","properties":{},"geometry":{"type":"Polygon","coordinates":[[[-105.0,77.40780639648438],[-104.34024810791016,77.23794555664062],[-104.72833251953125,77.1151351928711],[-105.43269348144531,77.22211456298828],[-105.96299743652344,77.7655258178711],[-105.19686126708984,77.6308364868164],[-105.0,77.40780639648438]]]}},{"type":"Feature","properties":{},"geometry":{"type":"Polygon","coordinates":[[[20.996688842773438,78.20455932617188],[20.53839111328125,78.3199691772461],[20.594940185546875,78.43250274658203],[20.15833282470703,78.4800033569336],[21.189910888671875,78.63372039794922],[22.124778747558594,78.47666931152344],[22.125083923339844,78.27583312988281],[20.996688842773438,78.20455932617188]]]}},{"type":"Feature","properties":{},"geometry":{"type":"Polygon","coordinates":[[[-75.58955383300781,-48.106666564941406],[-75.32711029052734,-48.03077697753906],[-75.40377807617188,-48.10746765136719],[-75.28958129882812,-48.0941162109375],[-75.35708618164062,-48.17750549316406],[-75.2612533569336,-48.14244079589844],[-75.30880737304688,-48.22833251953125],[-75.1403579711914,-48.388336181640625],[-75.2147216796875,-48.44586181640625],[-75.13430786132812,-48.39714050292969],[-75.05030822753906,-48.56419372558594],[-75.2300796508789,-48.71208190917969],[-75.30952453613281,-48.49169921875],[-75.2195816040039,-48.419166564941406],[-75.32705688476562,-48.410804748535156],[-75.27594757080078,-48.336273193359375],[-75.54497528076172,-48.43133544921875],[-75.36299896240234,-48.288307189941406],[-75.56085968017578,-48.338775634765625],[-75.39380645751953,-48.19664001464844],[-75.52011108398438,-48.24955749511719],[-75.58955383300781,-48.106666564941406]]]}},{"type":"Feature","properties":{},"geometry":{"type":"Polygon","coordinates":[[[92.77246856689453,11.997917175292969],[92.67202758789062,11.647476196289062],[92.7629165649414,11.658363342285156],[92.71746826171875,11.472885131835938],[92.52124786376953,11.843307495117188],[92.57160949707031,11.940391540527344],[92.61536407470703,11.84747314453125],[92.70330810546875,12.239524841308594],[92.77246856689453,11.997917175292969]]]}},{"type":"Feature","properties":{},"geometry":{"type":"Polygon","coordinates":[[[-77.59919738769531,24.209579467773438],[-77.53044128417969,23.796661376953125],[-77.64752960205078,23.801223754882812],[-77.91960906982422,24.138336181640625],[-77.66419219970703,24.300384521484375],[-77.80960845947266,24.01416778564453],[-77.59919738769531,24.209579467773438]]]}},{"type":"Feature","properties":{},"geometry":{"type":"Polygon","coordinates":[[[-71.0,-54.30297088623047],[-71.14585876464844,-54.304168701171875],[-71.1116943359375,-54.4012451171875],[-71.35005950927734,-54.319610595703125],[-71.16919708251953,-54.24336242675781],[-71.37419128417969,-54.259193420410156],[-71.3949966430664,-54.1129150390625],[-71.51758575439453,-54.13005065917969],[-71.51830291748047,-54.28630065917969],[-71.52005767822266,-54.18377685546875],[-71.70252990722656,-54.151695251464844],[-71.56253051757812,-54.085052490234375],[-71.60758209228516,-53.943328857421875],[-71.43922424316406,-53.94749450683594],[-71.39672088623047,-54.09210968017578],[-71.39083099365234,-53.97416687011719],[-71.26586151123047,-54.000831604003906],[-71.2100830078125,-54.183746337890625],[-70.99588775634766,-54.08833312988281],[-71.0,-54.30297088623047]]]}},{"type":"Feature","properties":{},"geometry":{"type":"Polygon","coordinates":[[[123.20625305175781,-8.531669616699219],[123.46710968017578,-8.345863342285156],[123.34541320800781,-8.308364868164062],[123.40836334228516,-8.256278991699219],[123.55997467041016,-8.247055053710938],[123.5550308227539,-8.373779296875],[123.60663604736328,-8.222946166992188],[123.9245834350586,-8.247528076171875],[123.5500259399414,-8.577110290527344],[123.20625305175781,-8.531669616699219]]]}},{"type":"Feature","properties":{},"geometry":{"type":"Polygon","coordinates":[[[10.998252868652344,54.822052001953125],[11.175003051757812,54.96038818359375],[11.618247985839844,54.81121826171875],[11.656639099121094,54.90205383300781],[11.860832214355469,54.68414306640625],[11.506584167480469,54.59288787841797],[10.998252868652344,54.822052001953125]]]}},{"type":"Feature","properties":{},"geometry":{"type":"Polygon","coordinates":[[[-18.78502655029297,74.99786376953125],[-18.948272705078125,75.33580780029297],[-18.516860961914062,75.3812255859375],[-18.300079345703125,75.2762222290039],[-18.049972534179688,75.43205261230469],[-17.824966430664062,75.3125],[-18.215110778808594,75.22083282470703],[-17.793472290039062,75.08625030517578],[-17.376724243164062,75.16041564941406],[-17.365081787109375,75.02583312988281],[-17.622390747070312,74.93238830566406],[-17.896774291992188,75.03375244140625],[-18.78502655029297,74.99786376953125]]]}},{"type":"Feature","properties":{},"geometry":{"type":"Polygon","coordinates":[[[121.7937240600586,6.633331298828125],[122.0,6.743721008300781],[122.32622528076172,6.616668701171875],[121.95580291748047,6.409584045410156],[121.7937240600586,6.633331298828125]]]}},{"type":"Feature","properties":{},"geometry":{"type":"Polygon","coordinates":[[[-71.87425231933594,-54.2366943359375],[-72.15252685546875,-54.13166809082031],[-72.02252960205078,-54.09669494628906],[-72.25252532958984,-54.07499694824219],[-72.28255462646484,-53.918365478515625],[-71.64752960205078,-53.921661376953125],[-71.7808609008789,-54.01171875],[-71.61585998535156,-54.09169006347656],[-71.74835968017578,-54.1729736328125],[-71.9425277709961,-54.04002380371094],[-71.72416687011719,-54.23835754394531],[-71.89419555664062,-54.28916931152344],[-71.79838562011719,-54.34541320800781],[-71.96927642822266,-54.334197998046875],[-71.87425231933594,-54.2366943359375]]]}},{"type":"Feature","properties":{},"geometry":{"type":"Polygon","coordinates":[[[123.4054183959961,-10.685890197753906],[122.84416961669922,-10.93878173828125],[122.80374908447266,-10.798332214355469],[123.41958618164062,-10.471725463867188],[123.4054183959961,-10.685890197753906]]]}},{"type":"Feature","properties":{},"geometry":{"type":"Polygon","coordinates":[[[150.0,-2.5112533569335938],[150.19500732421875,-2.3595809936523438],[150.4412841796875,-2.4808578491210938],[150.45208740234375,-2.6483612060546875],[150.17086791992188,-2.68377685546875],[150.0,-2.5112533569335938]]]}},{"type":"Feature","properties":{},"geometry":{"type":"Polygon","coordinates":[[[166.38485717773438,54.999359130859375],[166.65415954589844,54.8699951171875],[166.66329956054688,54.69538879394531],[165.72410583496094,55.288307189941406],[166.25335693359375,55.31791687011719],[166.38485717773438,54.999359130859375]]]}},{"type":"Feature","properties":{},"geometry":{"type":"Polygon","coordinates":[[[125.32705688476562,-1.8566970825195312],[126.35124969482422,-1.8133621215820312],[125.91999816894531,-1.9371109008789062],[125.4183349609375,-1.9537506103515625],[125.32705688476562,-1.8566970825195312]]]}},{"type":"Feature","properties":{},"geometry":{"type":"Polygon","coordinates":[[[-112.5873031616211,28.874053955078125],[-112.46424865722656,29.188331604003906],[-112.27433013916016,29.242584228515625],[-112.2566909790039,28.764862060546875],[-112.5873031616211,28.874053955078125]]]}},{"type":"Feature","properties":{},"geometry":{"type":"Polygon","coordinates":[[[104.5958023071289,0.8070526123046875],[104.22122192382812,1.0933074951171875],[104.59002685546875,1.2320556640625],[104.5958023071289,0.8070526123046875]]]}},{"type":"Feature","properties":{},"geometry":{"type":"Polygon","coordinates":[[[128.27711486816406,26.674911499023438],[127.8320541381836,26.429168701171875],[127.92544555664062,26.300804138183594],[127.81208038330078,26.298309326171875],[127.8312759399414,26.165863037109375],[127.66000366210938,26.0804443359375],[127.7129135131836,26.440826416015625],[127.98542022705078,26.577438354492188],[127.876220703125,26.711639404296875],[128.12750244140625,26.657974243164062],[128.26414489746094,26.875473022460938],[128.27711486816406,26.674911499023438]]]}},{"type":"Feature","properties":{},"geometry":{"type":"Polygon","coordinates":[[[-77.40416717529297,25.997055053710938],[-77.19208526611328,26.149139404296875],[-77.22797393798828,26.530860900878906],[-77.13041687011719,26.541641235351562],[-77.34422302246094,26.608749389648438],[-77.5875244140625,26.922889709472656],[-77.02210998535156,26.555801391601562],[-77.1812515258789,25.855804443359375],[-77.40416717529297,25.997055053710938]]]}},{"type":"Feature","properties":{},"geometry":{"type":"Polygon","coordinates":[[[-86.84024810791016,67.99563598632812],[-86.97435760498047,68.09955596923828],[-86.64833068847656,68.30247497558594],[-86.40938568115234,68.20380401611328],[-86.34188842773438,67.9496078491211],[-86.56678009033203,67.72441864013672],[-86.88722229003906,67.82975006103516],[-86.84024810791016,67.99563598632812]]]}},{"type":"Feature","properties":{},"geometry":{"type":"Polygon","coordinates":[[[-103.58405303955078,75.16694641113281],[-104.43277740478516,75.03392028808594],[-104.91180419921875,75.12702941894531],[-104.49669647216797,75.41458129882812],[-104.21927642822266,75.4447250366211],[-103.80171966552734,75.36569213867188],[-103.58405303955078,75.16694641113281]]]}},{"type":"Feature","properties":{},"geometry":{"type":"Polygon","coordinates":[[[167.26043701171875,-20.904998779296875],[167.39163208007812,-21.1812744140625],[167.13668823242188,-21.073776245117188],[167.012939453125,-20.91583251953125],[167.1829376220703,-20.808334350585938],[167.0437469482422,-20.726669311523438],[167.30332946777344,-20.723777770996094],[167.26043701171875,-20.904998779296875]]]}},{"type":"Feature","properties":{},"geometry":{"type":"Polygon","coordinates":[[[-171.44468688964844,-14.022529602050781],[-172.0955352783203,-13.866722106933594],[-171.85171508789062,-13.789642333984375],[-171.44468688964844,-14.022529602050781]]]}},{"type":"Feature","properties":{},"geometry":{"type":"Polygon","coordinates":[[[-61.003143310546875,14.549278259277344],[-61.158355712890625,14.645469665527344],[-61.211944580078125,14.860107421875],[-60.87947082519531,14.774246215820312],[-60.84452819824219,14.40716552734375],[-61.0860595703125,14.464164733886719],[-61.003143310546875,14.549278259277344]]]}},{"type":"Feature","properties":{},"geometry":{"type":"Polygon","coordinates":[[[102.48124694824219,0.9449996948242188],[102.27625274658203,1.0],[102.21247100830078,1.42205810546875],[102.48711395263672,1.2383041381835938],[102.48124694824219,0.9449996948242188]]]}},{"type":"Feature","properties":{},"geometry":{"type":"Polygon","coordinates":[[[-102.66752624511719,76.11663818359375],[-104.4622802734375,76.12369537353516],[-104.28394317626953,76.23069763183594],[-102.65286254882812,76.29822540283203],[-102.66752624511719,76.11663818359375]]]}},{"type":"Feature","properties":{},"geometry":{"type":"Polygon","coordinates":[[[-79.41603088378906,68.92314147949219],[-78.60094451904297,69.26777648925781],[-78.71772003173828,69.3455810546875],[-78.21202850341797,69.29521942138672],[-78.46849822998047,69.22975158691406],[-78.81397247314453,68.91494750976562],[-79.25421905517578,68.8375244140625],[-79.41603088378906,68.92314147949219]]]}},{"type":"Feature","properties":{},"geometry":{"type":"Polygon","coordinates":[[[-75.38922119140625,-50.03502655029297],[-74.92089080810547,-50.10505676269531],[-75.06913757324219,-50.19671630859375],[-74.84008026123047,-50.107940673828125],[-74.80583190917969,-50.22589111328125],[-74.94511413574219,-50.21044921875],[-75.20092010498047,-50.44916534423828],[-75.33000183105469,-50.44041442871094],[-75.18083190917969,-50.298362731933594],[-75.44086456298828,-50.380027770996094],[-75.3941650390625,-50.16752624511719],[-75.19338989257812,-50.270416259765625],[-75.08258056640625,-50.138336181640625],[-75.38922119140625,-50.03502655029297]]]}},{"type":"Feature","properties":{},"geometry":{"type":"Polygon","coordinates":[[[144.13125610351562,-40.00086212158203],[143.88204956054688,-40.11833190917969],[143.84625244140625,-39.714996337890625],[143.94918823242188,-39.580474853515625],[144.11294555664062,-39.671661376953125],[144.13125610351562,-40.00086212158203]]]}},{"type":"Feature","properties":{},"geometry":{"type":"Polygon","coordinates":[[[76.95989227294922,72.26622009277344],[77.62747192382812,72.60458374023438],[78.34375,72.48332977294922],[77.80249786376953,72.28461456298828],[76.95989227294922,72.26622009277344]]]}},{"type":"Feature","properties":{},"geometry":{"type":"Polygon","coordinates":[[[44.97505187988281,80.58708190917969],[47.414833068847656,80.8578872680664],[48.46986389160156,80.79875183105469],[48.75752258300781,80.65580749511719],[47.624969482421875,80.7703857421875],[47.402557373046875,80.586669921875],[46.23011016845703,80.44205474853516],[46.06480407714844,80.55535888671875],[44.97505187988281,80.58708190917969]]]}},{"type":"Feature","properties":{},"geometry":{"type":"Polygon","coordinates":[[[-175.0050506591797,52.02874755859375],[-174.2358856201172,52.24580383300781],[-174.45758056640625,52.31080627441406],[-174.32508850097656,52.381195068359375],[-174.00592041015625,52.360809326171875],[-174.20091247558594,52.21916198730469],[-174.1000518798828,52.10041809082031],[-175.0050506591797,52.02874755859375]]]}},{"type":"Feature","properties":{},"geometry":{"type":"Polygon","coordinates":[[[-104.02616882324219,76.66974639892578],[-104.02194213867188,76.58088684082031],[-102.99183654785156,76.44930267333984],[-103.5141372680664,76.31363677978516],[-104.38285827636719,76.33483123779297],[-104.03925323486328,76.35536193847656],[-104.46800231933594,76.39430236816406],[-104.66222381591797,76.60099792480469],[-104.02616882324219,76.66974639892578]]]}},{"type":"Feature","properties":{},"geometry":{"type":"Polygon","coordinates":[[[-75.0,-48.580413818359375],[-74.83924865722656,-48.39544677734375],[-74.75291442871094,-48.55918884277344],[-74.81463623046875,-48.2991943359375],[-74.72174835205078,-48.137115478515625],[-74.5804443359375,-48.3941650390625],[-74.68797302246094,-48.42919921875],[-74.4695816040039,-48.651695251464844],[-75.0,-48.580413818359375]]]}},{"type":"Feature","properties":{},"geometry":{"type":"Polygon","coordinates":[[[-129.76431274414062,53.165000915527344],[-130.00196838378906,53.213775634765625],[-130.56419372558594,53.62249755859375],[-129.934326171875,53.415748596191406],[-129.76431274414062,53.165000915527344]]]}},{"type":"Feature","properties":{},"geometry":{"type":"Polygon","coordinates":[[[-149.621826171875,-17.575027465820312],[-149.3413848876953,-17.54541778564453],[-149.14013671875,-17.86750030517578],[-149.32472229003906,-17.728775024414062],[-149.57716369628906,-17.742942810058594],[-149.621826171875,-17.575027465820312]]]}},{"type":"Feature","properties":{},"geometry":{"type":"Polygon","coordinates":[[[121.14871978759766,31.785003662109375],[121.3508071899414,31.842086791992188],[121.88036346435547,31.493301391601562],[121.59666442871094,31.521278381347656],[121.14871978759766,31.785003662109375]]]}},{"type":"Feature","properties":{},"geometry":{"type":"Polygon","coordinates":[[[-64.83505249023438,61.307945251464844],[-65.4558334350586,61.569976806640625],[-65.45502471923828,61.642913818359375],[-64.6225814819336,61.592498779296875],[-64.83505249023438,61.307945251464844]]]}},{"type":"Feature","properties":{},"geometry":{"type":"Polygon","coordinates":[[[22.037445068359375,58.929168701171875],[22.661666870117188,59.08622741699219],[23.070724487304688,58.837501525878906],[22.485031127929688,58.70121765136719],[22.40416717529297,58.88417053222656],[22.037445068359375,58.929168701171875]]]}},{"type":"Feature","properties":{},"geometry":{"type":"Polygon","coordinates":[[[43.21955871582031,-11.735031127929688],[43.2620849609375,-11.410858154296875],[43.37580871582031,-11.367080688476562],[43.507080078125,-11.89666748046875],[43.21955871582031,-11.735031127929688]]]}},{"type":"Feature","properties":{},"geometry":{"type":"Polygon","coordinates":[[[-1.3875808715820312,59.88993835449219],[-1.30755615234375,60.23497009277344],[-1.4633865356445312,60.147056579589844],[-1.704193115234375,60.29083251953125],[-1.2641677856445312,60.35247039794922],[-1.6374969482421875,60.485809326171875],[-1.31005859375,60.64208221435547],[-1.38092041015625,60.39830780029297],[-1.0475540161132812,60.440834045410156],[-1.1842193603515625,60.35169219970703],[-1.0976104736328125,60.26166534423828],[-1.230804443359375,60.2308349609375],[-1.1308364868164062,60.14997100830078],[-1.2733612060546875,59.8511962890625],[-1.3875808715820312,59.88993835449219]]]}},{"type":"Feature","properties":{},"geometry":{"type":"Polygon","coordinates":[[[139.14541625976562,-16.635025024414062],[139.54246520996094,-16.391250610351562],[139.7078857421875,-16.522499084472656],[139.5516357421875,-16.46880340576172],[139.31161499023438,-16.733779907226562],[139.14541625976562,-16.635025024414062]]]}},{"type":"Feature","properties":{},"geometry":{"type":"Polygon","coordinates":[[[-84.0,65.75641632080078],[-84.44058227539062,66.14266967773438],[-83.67363739013672,65.93433380126953],[-83.78144073486328,65.80699920654297],[-83.51577758789062,65.69905853271484],[-83.17180633544922,65.70713806152344],[-83.79850006103516,65.64167022705078],[-83.6626968383789,65.74994659423828],[-84.0,65.75641632080078]]]}},{"type":"Feature","properties":{},"geometry":{"type":"Polygon","coordinates":[[[-23.52166748046875,14.896224975585938],[-23.793777465820312,15.065834045410156],[-23.75335693359375,15.336219787597656],[-23.43958282470703,14.994110107421875],[-23.52166748046875,14.896224975585938]]]}}]}